customer_id,first_name,last_name,city,country,customer_segment,registration_date
1,Mónica,Martins,Setúbal,PT,second_trimester,2021-08-25
2,Mónica,Silva,Valencia,ES,third_trimester,2021-06-22
3,Lucia,Sánchez,Barcelona,ES,first_trimester,2021-11-30
4,Mariana,Fernández,Évora,PT,first_trimester,2022-07-16
5,Cristina,Rodrigues,Aveiro,PT,postpartum,2022-09-01
6,Beatriz,Santos,Coimbra,PT,second_trimester,2021-03-15
7,Rosa,Martins,Zaragoza,ES,postpartum,2022-02-21
8,Patricia,Fernández,Porto,PT,postpartum,2021-10-23
9,Sara,Pereira,Barcelona,ES,third_trimester,2022-03-15
10,Vera,Sánchez,Lisboa,PT,first_trimester,2021-12-18
11,Nuria,Sánchez,Setúbal,PT,first_trimester,2021-03-24
12,Sofia,Martins,Leiria,PT,second_trimester,2021-08-20
13,Teresa,Monteiro,Setúbal,PT,third_trimester,2021-01-12
14,Carla,García,Évora,PT,third_trimester,2022-05-14
15,Beatriz,López,Zaragoza,ES,first_trimester,2021-10-24
16,Rosa,Monteiro,Bilbao,ES,second_trimester,2021-07-18
17,Sofia,González,Alicante,ES,first_trimester,2022-07-10
18,Lucia,Costa,Évora,PT,second_trimester,2021-06-02
19,Susana,Rodrigues,Aveiro,PT,second_trimester,2021-04-19
20,Inês,Martins,Alicante,ES,third_trimester,2021-09-07
21,Carla,Costa,Lisboa,PT,first_trimester,2021-01-07
22,Rita,Ferreira,Setúbal,PT,postpartum,2022-10-29
23,Carmen,Sánchez,Leiria,PT,second_trimester,2021-11-22
24,Ana,Rodrigues,Alicante,ES,third_trimester,2021-07-21
25,Elena,González,Málaga,ES,second_trimester,2022-12-30
26,Mariana,García,Faro,PT,postpartum,2021-06-26
27,Diana,García,Barcelona,ES,third_trimester,2022-06-08
28,Nuria,Fernández,Braga,PT,second_trimester,2022-09-27
29,Rosa,Pereira,Zaragoza,ES,third_trimester,2021-07-20
30,Mariana,Sánchez,Coimbra,PT,second_trimester,2022-06-26
31,Carla,Almeida,Aveiro,PT,third_trimester,2021-05-03
32,Patricia,Oliveira,Bilbao,ES,second_trimester,2021-04-21
33,Marta,Santos,Madrid,ES,third_trimester,2021-10-27
34,Isabel,Martins,Alicante,ES,second_trimester,2021-01-29
35,Teresa,Sánchez,Funchal,PT,third_trimester,2022-10-27
36,Paula,García,Málaga,ES,postpartum,2021-11-30
37,Diana,Monteiro,Bilbao,ES,second_trimester,2021-03-02
38,Inês,García,Leiria,PT,third_trimester,2021-01-23
39,Teresa,Sánchez,Zaragoza,ES,second_trimester,2021-02-09
40,Laura,López,Porto,PT,first_trimester,2022-09-05
41,Laura,López,Évora,PT,first_trimester,2022-06-07
42,Maria,Costa,Évora,PT,postpartum,2021-10-02
43,Beatriz,Sousa,Leiria,PT,third_trimester,2021-05-11
44,Sara,Silva,Sevilla,ES,postpartum,2021-02-06
45,Patricia,Jesus,Madrid,ES,third_trimester,2022-07-14
46,Cristina,Martins,Faro,PT,second_trimester,2021-12-08
47,Carmen,Martínez,Aveiro,PT,postpartum,2022-02-15
48,Carla,García,Leiria,PT,second_trimester,2022-01-26
49,Susana,Sánchez,Alicante,ES,postpartum,2022-07-28
50,Diana,Costa,Aveiro,PT,second_trimester,2022-02-04
51,Laura,Silva,Lisboa,PT,third_trimester,2022-11-27
52,Sara,Ferreira,Madrid,ES,second_trimester,2021-10-14
53,Raquel,García,Porto,PT,second_trimester,2021-07-08
54,Laura,López,Madrid,ES,postpartum,2022-11-21
55,Laura,Rodrigues,Faro,PT,first_trimester,2022-08-15
56,Patricia,González,Barcelona,ES,second_trimester,2022-01-28
57,Marta,Monteiro,Zaragoza,ES,postpartum,2022-06-20
58,Sara,López,Coimbra,PT,postpartum,2022-10-07
59,Mónica,Jesus,Sevilla,ES,second_trimester,2021-12-30
60,Diana,Carvalho,Sevilla,ES,first_trimester,2022-01-12
61,Vera,Almeida,Madrid,ES,second_trimester,2022-08-20
62,Mónica,Ferreira,Faro,PT,third_trimester,2022-07-25
63,Joana,Almeida,Lisboa,PT,second_trimester,2022-05-31
64,Marta,Monteiro,Porto,PT,third_trimester,2021-05-16
65,Sara,Santos,Bilbao,ES,second_trimester,2021-06-28
66,Filipa,Jesus,Aveiro,PT,postpartum,2021-07-11
67,Teresa,Pereira,Bilbao,ES,postpartum,2021-06-30
68,Elena,Martínez,Faro,PT,second_trimester,2021-08-23
69,Vera,Pereira,Aveiro,PT,first_trimester,2021-06-18
70,Mariana,Costa,Sevilla,ES,first_trimester,2021-02-04
71,Nuria,Santos,Leiria,PT,second_trimester,2022-12-13
72,Marta,Jesus,Bilbao,ES,postpartum,2022-07-29
73,Maria,Oliveira,Porto,PT,third_trimester,2021-12-29
74,Lucia,González,Málaga,ES,third_trimester,2021-06-04
75,Sofia,Sousa,Braga,PT,first_trimester,2021-08-15
76,Marta,López,Aveiro,PT,postpartum,2021-09-11
77,Raquel,Oliveira,Braga,PT,second_trimester,2022-06-07
78,Laura,Oliveira,Sevilla,ES,postpartum,2021-06-08
79,Beatriz,Martins,Faro,PT,second_trimester,2021-11-21
80,Carmen,Pereira,Faro,PT,third_trimester,2021-11-12
81,Filipa,Santos,Funchal,PT,third_trimester,2021-02-14
82,Susana,González,Évora,PT,postpartum,2021-05-09
83,Beatriz,Ramos,Bilbao,ES,postpartum,2022-12-20
84,Lucia,López,Aveiro,PT,second_trimester,2022-04-29
85,Carmen,Ferreira,Braga,PT,second_trimester,2021-11-11
86,Joana,Sousa,Leiria,PT,third_trimester,2022-06-12
87,Carmen,Rodrigues,Porto,PT,postpartum,2021-01-20
88,Maria,Monteiro,Funchal,PT,third_trimester,2022-04-22
89,Catarina,Martínez,Faro,PT,second_trimester,2021-11-29
90,Isabel,Almeida,Zaragoza,ES,second_trimester,2022-04-04
91,Nuria,González,Zaragoza,ES,first_trimester,2021-07-13
92,Paula,Carvalho,Bilbao,ES,second_trimester,2021-03-01
93,Lucia,Monteiro,Évora,PT,first_trimester,2021-11-12
94,Teresa,Santos,Funchal,PT,second_trimester,2021-04-17
95,Marta,López,Sevilla,ES,third_trimester,2021-11-15
96,Susana,Rodrigues,Leiria,PT,postpartum,2021-03-24
97,Teresa,Santos,Setúbal,PT,postpartum,2021-10-10
98,Filipa,Carvalho,Bilbao,ES,postpartum,2021-03-24
99,Raquel,Fernández,Lisboa,PT,postpartum,2021-07-23
100,Marta,Oliveira,Porto,PT,first_trimester,2021-06-12
101,Ana,Ferreira,Valencia,ES,third_trimester,2022-04-17
102,Catarina,Ramos,Valencia,ES,second_trimester,2022-10-28
103,Cristina,Sousa,Setúbal,PT,postpartum,2021-02-16
104,Mariana,Monteiro,Coimbra,PT,second_trimester,2022-07-27
105,Patricia,Ferreira,Leiria,PT,third_trimester,2022-12-11
106,Carla,Oliveira,Bilbao,ES,second_trimester,2022-07-02
107,Susana,Sánchez,Lisboa,PT,first_trimester,2021-04-02
108,Carmen,Sánchez,Évora,PT,second_trimester,2022-06-07
109,Carla,Oliveira,Málaga,ES,postpartum,2022-06-22
110,Marta,Oliveira,Setúbal,PT,second_trimester,2021-11-22
111,Mónica,Ramos,Alicante,ES,postpartum,2021-01-19
112,Claudia,Jesus,Leiria,PT,third_trimester,2021-09-07
113,Carmen,Costa,Málaga,ES,postpartum,2022-09-27
114,Catarina,Sánchez,Faro,PT,second_trimester,2021-04-02
115,Diana,López,Barcelona,ES,second_trimester,2022-01-31
116,Sara,Costa,Leiria,PT,second_trimester,2022-09-05
117,Rosa,Santos,Funchal,PT,third_trimester,2021-04-03
118,Mariana,Ramos,Madrid,ES,first_trimester,2021-02-26
119,Catarina,Santos,Barcelona,ES,third_trimester,2022-02-27
120,Beatriz,Ramos,Bilbao,ES,postpartum,2021-02-11
121,Susana,Silva,Setúbal,PT,first_trimester,2021-01-14
122,Rosa,Fernández,Alicante,ES,second_trimester,2021-05-02
123,Ana,Sousa,Braga,PT,postpartum,2022-10-30
124,Susana,Almeida,Braga,PT,second_trimester,2021-06-01
125,Elena,Silva,Leiria,PT,second_trimester,2022-05-14
126,Mariana,Fernández,Porto,PT,postpartum,2021-10-23
127,Marta,Rodrigues,Valencia,ES,second_trimester,2021-02-10
128,Claudia,González,Barcelona,ES,postpartum,2021-05-24
129,Nuria,Pereira,Lisboa,PT,second_trimester,2022-12-08
130,Inês,Sánchez,Leiria,PT,second_trimester,2022-08-21
131,Mónica,Fernández,Coimbra,PT,postpartum,2021-11-06
132,Raquel,Monteiro,Barcelona,ES,first_trimester,2021-03-05
133,Inês,García,Évora,PT,first_trimester,2021-06-17
134,Patricia,Sánchez,Braga,PT,postpartum,2021-05-06
135,Raquel,Sánchez,Málaga,ES,second_trimester,2021-04-30
136,Carla,González,Valencia,ES,third_trimester,2021-06-15
137,Beatriz,Monteiro,Coimbra,PT,third_trimester,2022-07-24
138,Sofia,Costa,Lisboa,PT,first_trimester,2021-11-16
139,Beatriz,López,Leiria,PT,third_trimester,2022-11-18
140,Filipa,Monteiro,Funchal,PT,second_trimester,2021-02-19
141,Cristina,Pereira,Barcelona,ES,second_trimester,2021-01-21
142,Elena,Martínez,Braga,PT,second_trimester,2022-10-18
143,Carmen,Sousa,Barcelona,ES,postpartum,2021-03-20
144,Diana,Oliveira,Coimbra,PT,second_trimester,2021-01-06
145,Sara,García,Barcelona,ES,third_trimester,2021-06-22
146,Filipa,Sousa,Lisboa,PT,second_trimester,2022-12-15
147,Sofia,Jesus,Leiria,PT,second_trimester,2021-07-18
148,Laura,López,Évora,PT,postpartum,2022-01-11
149,Cristina,Jesus,Sevilla,ES,first_trimester,2021-07-25
150,Nuria,López,Málaga,ES,second_trimester,2022-11-09
151,Mónica,Fernández,Funchal,PT,third_trimester,2022-03-23
152,Rita,Ferreira,Braga,PT,second_trimester,2021-04-04
153,Elena,Almeida,Barcelona,ES,third_trimester,2021-11-12
154,Maria,Monteiro,Zaragoza,ES,third_trimester,2021-07-01
155,Joana,Monteiro,Aveiro,PT,postpartum,2022-04-15
156,Sara,Carvalho,Zaragoza,ES,second_trimester,2021-05-21
157,Susana,Martins,Leiria,PT,second_trimester,2022-05-19
158,Cristina,Rodrigues,Funchal,PT,first_trimester,2021-05-26
159,Claudia,Rodrigues,Barcelona,ES,first_trimester,2021-07-16
160,Joana,Costa,Lisboa,PT,second_trimester,2021-11-18
161,Ana,Fernández,Évora,PT,first_trimester,2022-09-25
162,Carla,Sánchez,Zaragoza,ES,postpartum,2021-02-10
163,Catarina,Santos,Lisboa,PT,postpartum,2021-12-21
164,Nuria,Jesus,Alicante,ES,third_trimester,2021-01-01
165,Carla,Oliveira,Faro,PT,second_trimester,2021-06-08
166,Rosa,Carvalho,Évora,PT,second_trimester,2022-11-14
167,Joana,Jesus,Leiria,PT,third_trimester,2022-11-10
168,Maria,López,Porto,PT,third_trimester,2021-05-01
169,Mariana,Oliveira,Évora,PT,second_trimester,2022-01-13
170,Marta,Jesus,Sevilla,ES,postpartum,2021-03-21
171,Inês,Costa,Madrid,ES,third_trimester,2021-07-31
172,Carmen,Jesus,Barcelona,ES,first_trimester,2022-10-14
173,Rita,Pereira,Évora,PT,third_trimester,2021-06-11
174,Isabel,Sousa,Madrid,ES,first_trimester,2022-04-09
175,Laura,Santos,Alicante,ES,first_trimester,2022-12-06
176,Carla,Ferreira,Barcelona,ES,third_trimester,2022-08-26
177,Sofia,Monteiro,Madrid,ES,third_trimester,2021-02-02
178,Susana,Sousa,Faro,PT,second_trimester,2021-03-26
179,Patricia,Martins,Leiria,PT,postpartum,2021-02-28
180,Mónica,Martínez,Málaga,ES,postpartum,2022-08-01
181,Beatriz,Ferreira,Lisboa,PT,second_trimester,2022-11-18
182,Rosa,Costa,Valencia,ES,postpartum,2021-07-19
183,Maria,Martins,Funchal,PT,first_trimester,2021-04-15
184,Carla,Costa,Coimbra,PT,second_trimester,2022-03-14
185,Catarina,Ramos,Porto,PT,first_trimester,2021-12-31
186,Filipa,Ferreira,Madrid,ES,second_trimester,2021-06-03
187,Claudia,Carvalho,Valencia,ES,second_trimester,2021-06-05
188,Carmen,González,Faro,PT,third_trimester,2022-04-03
189,Mónica,Martins,Málaga,ES,postpartum,2022-01-02
190,Claudia,Monteiro,Coimbra,PT,second_trimester,2022-05-04
191,Rosa,Sánchez,Bilbao,ES,second_trimester,2022-09-17
192,Nuria,López,Porto,PT,third_trimester,2021-01-12
193,Claudia,Jesus,Leiria,PT,postpartum,2021-07-20
194,Carla,Costa,Évora,PT,second_trimester,2022-09-25
195,Vera,Martínez,Lisboa,PT,first_trimester,2022-05-27
196,Elena,Almeida,Leiria,PT,second_trimester,2021-12-13
197,Marta,López,Porto,PT,second_trimester,2022-09-12
198,Nuria,Jesus,Madrid,ES,postpartum,2022-08-31
199,Catarina,Ferreira,Alicante,ES,second_trimester,2022-11-01
200,Mariana,Fernández,Leiria,PT,first_trimester,2021-03-19
201,Marta,Sánchez,Braga,PT,second_trimester,2021-06-03
202,Patricia,Monteiro,Valencia,ES,second_trimester,2021-09-18
203,Mónica,Ramos,Funchal,PT,second_trimester,2021-06-27
204,Sofia,Ramos,Málaga,ES,second_trimester,2021-01-16
205,Carmen,Santos,Bilbao,ES,first_trimester,2022-11-22
206,Rita,Rodrigues,Málaga,ES,third_trimester,2021-05-25
207,Cristina,Sousa,Lisboa,PT,second_trimester,2021-05-18
208,Mónica,López,Faro,PT,third_trimester,2021-04-01
209,Rosa,Monteiro,Setúbal,PT,third_trimester,2021-01-26
210,Raquel,Sousa,Málaga,ES,first_trimester,2022-12-24
211,Elena,Almeida,Évora,PT,second_trimester,2021-01-03
212,Elena,Costa,Setúbal,PT,third_trimester,2021-04-21
213,Maria,Ramos,Coimbra,PT,second_trimester,2021-02-26
214,Carla,Carvalho,Valencia,ES,second_trimester,2022-04-11
215,Elena,Costa,Barcelona,ES,first_trimester,2022-06-25
216,Sofia,Jesus,Braga,PT,first_trimester,2021-12-22
217,Marta,Martínez,Alicante,ES,first_trimester,2021-05-07
218,Elena,González,Braga,PT,third_trimester,2022-06-27
219,Nuria,López,Setúbal,PT,second_trimester,2022-11-05
220,Laura,Ferreira,Setúbal,PT,third_trimester,2021-10-25
221,Patricia,Almeida,Porto,PT,postpartum,2021-12-02
222,Lucia,López,Porto,PT,second_trimester,2022-10-07
223,Marta,Martínez,Sevilla,ES,second_trimester,2021-06-03
224,Mónica,Oliveira,Porto,PT,first_trimester,2021-09-20
225,Sara,González,Faro,PT,first_trimester,2021-05-26
226,Diana,Fernández,Aveiro,PT,third_trimester,2022-09-07
227,Rita,Sousa,Braga,PT,third_trimester,2022-11-03
228,Rosa,Monteiro,Sevilla,ES,first_trimester,2021-12-20
229,Sara,Pereira,Coimbra,PT,third_trimester,2021-04-01
230,Marta,González,Barcelona,ES,first_trimester,2021-04-22
231,Teresa,Rodrigues,Málaga,ES,second_trimester,2022-06-01
232,Catarina,Pereira,Leiria,PT,third_trimester,2021-05-09
233,Teresa,Costa,Braga,PT,second_trimester,2022-02-27
234,Laura,Sánchez,Aveiro,PT,postpartum,2022-12-11
235,Rosa,Santos,Barcelona,ES,third_trimester,2022-11-03
236,Filipa,Sánchez,Leiria,PT,first_trimester,2021-10-31
237,Marta,González,Aveiro,PT,first_trimester,2022-02-11
238,Teresa,González,Lisboa,PT,postpartum,2021-01-28
239,Beatriz,Jesus,Porto,PT,postpartum,2022-01-15
240,Elena,Martins,Porto,PT,postpartum,2022-12-18
241,Maria,García,Évora,PT,third_trimester,2022-02-06
242,Catarina,García,Bilbao,ES,third_trimester,2022-03-19
243,Elena,Ramos,Madrid,ES,second_trimester,2022-07-11
244,Sara,Sousa,Porto,PT,second_trimester,2021-03-16
245,Isabel,Ramos,Barcelona,ES,postpartum,2022-12-06
246,Mónica,Santos,Faro,PT,third_trimester,2021-03-02
247,Patricia,Martínez,Faro,PT,third_trimester,2021-12-21
248,Maria,González,Lisboa,PT,postpartum,2021-01-10
249,Cristina,Jesus,Lisboa,PT,postpartum,2022-06-16
250,Joana,Costa,Barcelona,ES,third_trimester,2022-02-26
251,Raquel,González,Málaga,ES,second_trimester,2021-09-20
252,Elena,García,Barcelona,ES,first_trimester,2021-08-19
253,Rita,Pereira,Évora,PT,second_trimester,2022-06-08
254,Ana,Pereira,Aveiro,PT,first_trimester,2021-04-02
255,Vera,Pereira,Sevilla,ES,first_trimester,2022-04-09
256,Ana,Rodrigues,Évora,PT,first_trimester,2022-12-17
257,Claudia,Martins,Madrid,ES,second_trimester,2022-11-04
258,Inês,García,Madrid,ES,second_trimester,2022-05-07
259,Teresa,González,Bilbao,ES,second_trimester,2021-07-07
260,Beatriz,Jesus,Évora,PT,postpartum,2022-10-31
261,Carmen,López,Bilbao,ES,postpartum,2021-06-02
262,Carmen,Fernández,Funchal,PT,third_trimester,2021-03-19
263,Sofia,López,Bilbao,ES,second_trimester,2022-06-20
264,Patricia,Ramos,Valencia,ES,third_trimester,2021-03-06
265,Rosa,Sánchez,Aveiro,PT,second_trimester,2021-11-20
266,Susana,Monteiro,Sevilla,ES,postpartum,2022-05-15
267,Sara,Oliveira,Málaga,ES,second_trimester,2022-01-17
268,Lucia,García,Bilbao,ES,second_trimester,2021-02-04
269,Lucia,Rodrigues,Porto,PT,third_trimester,2021-11-07
270,Raquel,Ferreira,Porto,PT,second_trimester,2022-10-10
271,Nuria,Sánchez,Aveiro,PT,third_trimester,2021-04-25
272,Elena,Sousa,Aveiro,PT,second_trimester,2021-05-13
273,Raquel,Costa,Évora,PT,first_trimester,2022-03-28
274,Rosa,Martins,Coimbra,PT,first_trimester,2022-01-22
275,Elena,Martins,Madrid,ES,first_trimester,2022-01-29
276,Marta,Almeida,Málaga,ES,second_trimester,2022-09-07
277,Diana,Ferreira,Valencia,ES,first_trimester,2021-05-20
278,Lucia,Almeida,Leiria,PT,second_trimester,2021-07-13
279,Susana,Almeida,Sevilla,ES,third_trimester,2022-09-14
280,Catarina,Jesus,Porto,PT,third_trimester,2021-11-24
281,Lucia,Martins,Valencia,ES,third_trimester,2022-01-30
282,Isabel,Oliveira,Aveiro,PT,second_trimester,2021-10-24
283,Patricia,Almeida,Leiria,PT,third_trimester,2022-09-03
284,Joana,Costa,Coimbra,PT,second_trimester,2021-10-11
285,Patricia,Rodrigues,Lisboa,PT,postpartum,2021-06-11
286,Sofia,Pereira,Sevilla,ES,third_trimester,2021-01-27
287,Beatriz,Rodrigues,Aveiro,PT,third_trimester,2021-09-12
288,Cristina,López,Bilbao,ES,third_trimester,2022-08-07
289,Marta,Pereira,Valencia,ES,second_trimester,2021-04-24
290,Beatriz,Almeida,Zaragoza,ES,first_trimester,2022-05-09
291,Carmen,Costa,Barcelona,ES,second_trimester,2021-09-24
292,Carla,Rodrigues,Funchal,PT,second_trimester,2021-08-27
293,Marta,Santos,Valencia,ES,third_trimester,2022-10-11
294,Cristina,Rodrigues,Madrid,ES,first_trimester,2022-02-13
295,Nuria,Sousa,Sevilla,ES,third_trimester,2022-01-03
296,Ana,Ramos,Braga,PT,third_trimester,2021-12-20
297,Vera,Martínez,Zaragoza,ES,second_trimester,2021-09-25
298,Cristina,Santos,Bilbao,ES,third_trimester,2022-03-10
299,Joana,López,Faro,PT,second_trimester,2022-08-21
300,Raquel,Silva,Aveiro,PT,postpartum,2022-02-15
301,Claudia,Ramos,Aveiro,PT,third_trimester,2022-05-31
302,Isabel,Sousa,Barcelona,ES,second_trimester,2022-11-19
303,Beatriz,López,Funchal,PT,second_trimester,2022-06-09
304,Patricia,Ferreira,Lisboa,PT,second_trimester,2021-10-08
305,Elena,Santos,Barcelona,ES,second_trimester,2022-11-21
306,Lucia,Fernández,Bilbao,ES,postpartum,2022-10-19
307,Catarina,Silva,Málaga,ES,second_trimester,2021-06-30
308,Isabel,Martins,Valencia,ES,second_trimester,2022-03-07
309,Sofia,Sousa,Lisboa,PT,third_trimester,2022-04-21
310,Elena,García,Leiria,PT,third_trimester,2022-08-13
311,Ana,López,Porto,PT,postpartum,2022-08-20
312,Vera,Jesus,Leiria,PT,second_trimester,2021-11-30
313,Catarina,Ferreira,Alicante,ES,second_trimester,2022-08-03
314,Mariana,Oliveira,Funchal,PT,postpartum,2022-10-18
315,Raquel,Jesus,Aveiro,PT,second_trimester,2022-09-24
316,Marta,Oliveira,Málaga,ES,first_trimester,2022-01-16
317,Ana,Carvalho,Porto,PT,second_trimester,2022-02-22
318,Inês,García,Málaga,ES,second_trimester,2021-08-12
319,Mónica,Martínez,Sevilla,ES,second_trimester,2021-07-23
320,Carmen,Sánchez,Aveiro,PT,second_trimester,2021-04-07
321,Catarina,Martínez,Madrid,ES,second_trimester,2021-02-01
322,Beatriz,Almeida,Barcelona,ES,second_trimester,2021-08-14
323,Sofia,Ramos,Leiria,PT,third_trimester,2022-05-13
324,Paula,Sousa,Leiria,PT,third_trimester,2022-05-10
325,Maria,Almeida,Aveiro,PT,third_trimester,2022-08-14
326,Maria,Martínez,Lisboa,PT,third_trimester,2021-08-10
327,Teresa,Martins,Coimbra,PT,second_trimester,2021-06-28
328,Mariana,Fernández,Évora,PT,second_trimester,2021-06-09
329,Marta,Sánchez,Setúbal,PT,third_trimester,2021-11-16
330,Rita,Costa,Zaragoza,ES,third_trimester,2022-10-11
331,Cristina,Silva,Porto,PT,third_trimester,2021-09-04
332,Diana,Sousa,Aveiro,PT,first_trimester,2021-06-13
333,Carmen,Monteiro,Zaragoza,ES,second_trimester,2022-06-02
334,Laura,Jesus,Sevilla,ES,third_trimester,2021-05-05
335,Mariana,Jesus,Sevilla,ES,third_trimester,2022-06-23
336,Carla,Jesus,Bilbao,ES,first_trimester,2022-06-14
337,Filipa,Oliveira,Évora,PT,postpartum,2021-11-25
338,Ana,Carvalho,Faro,PT,first_trimester,2021-02-16
339,Carla,Martínez,Sevilla,ES,second_trimester,2022-02-02
340,Claudia,Pereira,Málaga,ES,first_trimester,2021-08-28
341,Catarina,Sousa,Zaragoza,ES,second_trimester,2022-08-12
342,Nuria,Silva,Bilbao,ES,third_trimester,2021-02-09
343,Raquel,Sousa,Bilbao,ES,postpartum,2021-07-20
344,Maria,Rodrigues,Zaragoza,ES,second_trimester,2022-09-13
345,Beatriz,Sánchez,Lisboa,PT,second_trimester,2021-03-19
346,Patricia,Almeida,Barcelona,ES,first_trimester,2021-05-18
347,Sofia,Almeida,Funchal,PT,second_trimester,2021-06-10
348,Beatriz,Oliveira,Lisboa,PT,third_trimester,2021-08-20
349,Ana,Pereira,Sevilla,ES,postpartum,2022-01-07
350,Vera,García,Barcelona,ES,postpartum,2022-06-03
351,Nuria,Santos,Málaga,ES,first_trimester,2022-06-30
352,Joana,Martins,Porto,PT,first_trimester,2022-05-09
353,Rosa,Costa,Porto,PT,second_trimester,2022-11-02
354,Elena,Ramos,Coimbra,PT,postpartum,2022-05-05
355,Carla,Jesus,Braga,PT,postpartum,2021-03-30
356,Catarina,Martínez,Coimbra,PT,second_trimester,2022-01-06
357,Cristina,Carvalho,Madrid,ES,first_trimester,2022-10-26
358,Diana,Martins,Évora,PT,first_trimester,2022-06-21
359,Carla,Sousa,Madrid,ES,second_trimester,2022-12-01
360,Maria,Sánchez,Madrid,ES,postpartum,2021-08-18
361,Joana,Santos,Aveiro,PT,second_trimester,2021-03-02
362,Rita,Martins,Leiria,PT,second_trimester,2021-05-12
363,Vera,Pereira,Valencia,ES,postpartum,2021-05-31
364,Lucia,López,Lisboa,PT,first_trimester,2022-11-15
365,Sofia,Monteiro,Coimbra,PT,second_trimester,2021-12-03
366,Carla,Martins,Leiria,PT,third_trimester,2022-10-17
367,Cristina,Carvalho,Aveiro,PT,first_trimester,2021-12-18
368,Rita,Almeida,Sevilla,ES,third_trimester,2021-07-11
369,Joana,García,Zaragoza,ES,first_trimester,2021-12-19
370,Rosa,Fernández,Sevilla,ES,second_trimester,2022-04-19
371,Isabel,García,Alicante,ES,first_trimester,2022-03-26
372,Inês,Fernández,Funchal,PT,second_trimester,2022-02-18
373,Carla,Oliveira,Leiria,PT,first_trimester,2022-06-12
374,Laura,Almeida,Leiria,PT,third_trimester,2021-04-04
375,Carmen,Jesus,Lisboa,PT,second_trimester,2022-07-07
376,Ana,Almeida,Aveiro,PT,first_trimester,2021-02-22
377,Claudia,Sánchez,Porto,PT,second_trimester,2022-10-07
378,Cristina,García,Sevilla,ES,second_trimester,2021-03-09
379,Paula,Fernández,Madrid,ES,second_trimester,2022-05-10
380,Isabel,Monteiro,Évora,PT,postpartum,2022-11-28
381,Marta,González,Coimbra,PT,first_trimester,2022-04-28
382,Diana,García,Valencia,ES,first_trimester,2022-04-15
383,Mónica,Carvalho,Porto,PT,second_trimester,2021-09-16
384,Filipa,Santos,Madrid,ES,second_trimester,2021-09-15
385,Claudia,Sánchez,Coimbra,PT,third_trimester,2021-12-10
386,Rita,Martínez,Coimbra,PT,third_trimester,2022-05-22
387,Patricia,Rodrigues,Bilbao,ES,second_trimester,2022-10-28
388,Beatriz,Rodrigues,Valencia,ES,second_trimester,2021-10-14
389,Beatriz,García,Coimbra,PT,second_trimester,2022-01-25
390,Carla,Santos,Évora,PT,second_trimester,2021-05-02
391,Teresa,Carvalho,Alicante,ES,third_trimester,2021-06-26
392,Laura,Jesus,Zaragoza,ES,third_trimester,2022-08-20
393,Rosa,Pereira,Lisboa,PT,first_trimester,2021-01-30
394,Inês,Ramos,Funchal,PT,second_trimester,2022-08-14
395,Paula,García,Alicante,ES,second_trimester,2022-11-01
396,Diana,Fernández,Alicante,ES,first_trimester,2022-07-27
397,Sofia,Ramos,Alicante,ES,first_trimester,2021-02-27
398,Sara,Costa,Setúbal,PT,second_trimester,2021-12-22
399,Paula,Monteiro,Lisboa,PT,second_trimester,2021-07-19
400,Diana,Sánchez,Bilbao,ES,second_trimester,2021-10-22
401,Mónica,González,Bilbao,ES,second_trimester,2022-07-23
402,Mariana,Ferreira,Évora,PT,second_trimester,2021-06-26
403,Joana,Sousa,Lisboa,PT,first_trimester,2022-03-31
404,Carla,Almeida,Bilbao,ES,second_trimester,2022-10-01
405,Teresa,Santos,Sevilla,ES,first_trimester,2021-11-12
406,Rita,González,Barcelona,ES,first_trimester,2022-01-18
407,Teresa,Silva,Lisboa,PT,first_trimester,2022-11-05
408,Cristina,Monteiro,Faro,PT,second_trimester,2021-08-22
409,Rosa,García,Bilbao,ES,third_trimester,2021-08-23
410,Carla,Jesus,Leiria,PT,second_trimester,2021-02-18
411,Beatriz,Ferreira,Barcelona,ES,third_trimester,2022-06-13
412,Lucia,Pereira,Funchal,PT,first_trimester,2022-07-30
413,Carmen,Martins,Sevilla,ES,third_trimester,2021-03-24
414,Ana,Sánchez,Málaga,ES,second_trimester,2021-03-02
415,Marta,Monteiro,Leiria,PT,third_trimester,2022-11-21
416,Rita,Sousa,Funchal,PT,first_trimester,2022-07-12
417,Carla,Ferreira,Valencia,ES,first_trimester,2022-06-22
418,Diana,Ferreira,Bilbao,ES,third_trimester,2021-07-13
419,Ana,Ramos,Braga,PT,first_trimester,2021-11-20
420,Isabel,Martínez,Valencia,ES,second_trimester,2022-10-12
421,Beatriz,Ramos,Porto,PT,first_trimester,2021-08-18
422,Laura,Jesus,Alicante,ES,first_trimester,2021-12-31
423,Teresa,López,Valencia,ES,postpartum,2021-12-01
424,Laura,López,Aveiro,PT,second_trimester,2022-07-02
425,Inês,García,Coimbra,PT,second_trimester,2021-08-26
426,Diana,Almeida,Málaga,ES,third_trimester,2022-03-09
427,Rita,Silva,Zaragoza,ES,third_trimester,2021-12-22
428,Beatriz,Carvalho,Bilbao,ES,postpartum,2021-07-12
429,Carla,Rodrigues,Barcelona,ES,first_trimester,2021-09-27
430,Beatriz,Rodrigues,Valencia,ES,second_trimester,2021-08-03
431,Diana,Sánchez,Zaragoza,ES,second_trimester,2021-11-30
432,Elena,Costa,Funchal,PT,first_trimester,2022-03-23
433,Isabel,Martínez,Leiria,PT,postpartum,2022-02-05
434,Inês,Almeida,Málaga,ES,second_trimester,2022-09-20
435,Marta,Sousa,Madrid,ES,postpartum,2021-02-23
436,Rita,Martínez,Leiria,PT,third_trimester,2021-04-15
437,Claudia,Rodrigues,Sevilla,ES,second_trimester,2022-07-24
438,Susana,Rodrigues,Leiria,PT,first_trimester,2021-02-04
439,Elena,Monteiro,Faro,PT,third_trimester,2021-11-18
440,Mónica,González,Leiria,PT,third_trimester,2021-07-05
441,Catarina,Silva,Faro,PT,second_trimester,2021-07-07
442,Beatriz,González,Porto,PT,second_trimester,2022-06-28
443,Carla,Pereira,Porto,PT,first_trimester,2022-10-16
444,Patricia,López,Lisboa,PT,postpartum,2021-02-22
445,Carmen,Silva,Zaragoza,ES,second_trimester,2021-02-06
446,Sara,Almeida,Aveiro,PT,postpartum,2022-02-02
447,Diana,Silva,Madrid,ES,third_trimester,2021-02-26
448,Laura,Fernández,Zaragoza,ES,postpartum,2022-10-16
449,Rosa,Pereira,Zaragoza,ES,postpartum,2022-04-06
450,Sofia,Fernández,Funchal,PT,second_trimester,2022-10-30
451,Mariana,González,Lisboa,PT,second_trimester,2021-04-21
452,Cristina,Sánchez,Porto,PT,second_trimester,2021-02-18
453,Patricia,González,Málaga,ES,third_trimester,2021-06-29
454,Susana,García,Málaga,ES,third_trimester,2022-04-28
455,Sofia,Martínez,Zaragoza,ES,second_trimester,2021-05-18
456,Vera,Fernández,Coimbra,PT,second_trimester,2021-07-16
457,Carmen,Fernández,Málaga,ES,first_trimester,2021-12-24
458,Claudia,Carvalho,Valencia,ES,second_trimester,2022-05-09
459,Claudia,Pereira,Braga,PT,postpartum,2021-12-29
460,Carla,Silva,Sevilla,ES,second_trimester,2021-05-24
461,Catarina,Jesus,Zaragoza,ES,second_trimester,2021-12-17
462,Mariana,García,Aveiro,PT,first_trimester,2022-05-22
463,Marta,Ferreira,Málaga,ES,second_trimester,2021-03-30
464,Carmen,Martins,Málaga,ES,postpartum,2021-03-07
465,Elena,Silva,Málaga,ES,postpartum,2022-05-17
466,Cristina,Sánchez,Setúbal,PT,first_trimester,2021-11-06
467,Catarina,Fernández,Lisboa,PT,second_trimester,2022-10-16
468,Rita,Costa,Valencia,ES,second_trimester,2021-04-20
469,Vera,Almeida,Bilbao,ES,second_trimester,2022-12-10
470,Joana,Carvalho,Setúbal,PT,third_trimester,2021-07-05
471,Patricia,García,Alicante,ES,third_trimester,2021-08-07
472,Carla,Ramos,Braga,PT,third_trimester,2022-05-19
473,Mariana,González,Leiria,PT,third_trimester,2022-06-20
474,Joana,García,Lisboa,PT,postpartum,2021-12-02
475,Ana,Pereira,Leiria,PT,third_trimester,2021-06-16
476,Ana,Sánchez,Braga,PT,postpartum,2022-07-05
477,Beatriz,Fernández,Bilbao,ES,second_trimester,2021-05-03
478,Mónica,Fernández,Funchal,PT,first_trimester,2021-07-15
479,Raquel,Carvalho,Lisboa,PT,postpartum,2022-12-20
480,Lucia,Sánchez,Madrid,ES,second_trimester,2021-01-30
481,Catarina,Rodrigues,Madrid,ES,second_trimester,2022-04-21
482,Diana,Sánchez,Lisboa,PT,second_trimester,2021-08-14
483,Carmen,Ferreira,Valencia,ES,second_trimester,2021-01-10
484,Vera,López,Lisboa,PT,postpartum,2021-11-17
485,Cristina,Rodrigues,Alicante,ES,postpartum,2022-12-01
486,Teresa,Monteiro,Alicante,ES,first_trimester,2021-05-05
487,Teresa,Martins,Coimbra,PT,second_trimester,2022-09-13
488,Catarina,Santos,Barcelona,ES,postpartum,2021-07-21
489,Carla,Silva,Lisboa,PT,first_trimester,2021-08-27
490,Mónica,Monteiro,Coimbra,PT,second_trimester,2021-12-27
491,Teresa,Carvalho,Barcelona,ES,second_trimester,2022-07-27
492,Rosa,Ferreira,Barcelona,ES,third_trimester,2022-06-16
493,Marta,Sánchez,Bilbao,ES,second_trimester,2022-04-13
494,Ana,Rodrigues,Alicante,ES,second_trimester,2021-04-19
495,Diana,Silva,Porto,PT,third_trimester,2021-10-15
496,Cristina,Oliveira,Lisboa,PT,third_trimester,2022-07-01
497,Sofia,Carvalho,Porto,PT,second_trimester,2022-08-29
498,Beatriz,López,Madrid,ES,first_trimester,2021-12-06
499,Carla,Martínez,Braga,PT,third_trimester,2022-01-21
500,Cristina,García,Aveiro,PT,postpartum,2021-08-02
501,Maria,Carvalho,Coimbra,PT,second_trimester,2022-06-20
502,Paula,Pereira,Coimbra,PT,third_trimester,2022-06-29
503,Filipa,Jesus,Lisboa,PT,second_trimester,2022-06-10
504,Cristina,Silva,Lisboa,PT,second_trimester,2021-06-12
505,Claudia,Monteiro,Madrid,ES,first_trimester,2021-02-04
506,Sofia,Costa,Bilbao,ES,third_trimester,2021-06-02
507,Ana,González,Porto,PT,postpartum,2022-02-28
508,Isabel,Oliveira,Madrid,ES,second_trimester,2022-07-18
509,Diana,Oliveira,Faro,PT,second_trimester,2021-05-11
510,Patricia,Costa,Funchal,PT,first_trimester,2021-08-22
511,Sofia,Ferreira,Madrid,ES,second_trimester,2021-03-09
512,Filipa,Monteiro,Barcelona,ES,first_trimester,2022-10-12
513,Mónica,Santos,Málaga,ES,postpartum,2021-01-30
514,Paula,Monteiro,Zaragoza,ES,first_trimester,2021-02-02
515,Carmen,Sánchez,Madrid,ES,second_trimester,2022-10-15
516,Patricia,Pereira,Lisboa,PT,second_trimester,2021-05-01
517,Joana,Fernández,Zaragoza,ES,third_trimester,2021-02-22
518,Joana,López,Bilbao,ES,second_trimester,2021-05-19
519,Mónica,Costa,Zaragoza,ES,second_trimester,2021-01-29
520,Claudia,Santos,Leiria,PT,postpartum,2021-07-22
521,Carmen,González,Aveiro,PT,second_trimester,2022-07-16
522,Ana,Costa,Lisboa,PT,first_trimester,2022-02-26
523,Sofia,González,Alicante,ES,third_trimester,2022-01-22
524,Elena,Almeida,Faro,PT,third_trimester,2021-07-18
525,Laura,Ferreira,Sevilla,ES,third_trimester,2022-06-23
526,Carmen,Sánchez,Coimbra,PT,second_trimester,2021-12-04
527,Rosa,Martínez,Alicante,ES,first_trimester,2021-03-14
528,Inês,Carvalho,Funchal,PT,first_trimester,2022-02-09
529,Rita,Sousa,Setúbal,PT,first_trimester,2021-06-23
530,Cristina,López,Valencia,ES,third_trimester,2021-04-14
531,Rita,Sánchez,Zaragoza,ES,postpartum,2021-01-04
532,Patricia,Carvalho,Aveiro,PT,first_trimester,2021-11-04
533,Maria,Sánchez,Bilbao,ES,third_trimester,2021-10-09
534,Teresa,Martins,Málaga,ES,first_trimester,2021-06-02
535,Mónica,Carvalho,Alicante,ES,second_trimester,2021-04-08
536,Cristina,Santos,Leiria,PT,third_trimester,2021-02-03
537,Filipa,Oliveira,Lisboa,PT,third_trimester,2022-05-18
538,Nuria,Oliveira,Barcelona,ES,first_trimester,2022-12-03
539,Vera,Fernández,Sevilla,ES,postpartum,2021-03-06
540,Rita,Carvalho,Madrid,ES,third_trimester,2022-01-21
541,Rita,Silva,Setúbal,PT,second_trimester,2021-12-10
542,Marta,Martínez,Braga,PT,second_trimester,2021-09-06
543,Inês,García,Sevilla,ES,second_trimester,2022-04-07
544,Rosa,López,Setúbal,PT,third_trimester,2021-10-19
545,Inês,Sousa,Valencia,ES,postpartum,2021-06-10
546,Catarina,García,Évora,PT,second_trimester,2021-04-18
547,Filipa,Sousa,Setúbal,PT,first_trimester,2021-03-31
548,Lucia,Ferreira,Barcelona,ES,second_trimester,2022-09-16
549,Ana,Costa,Porto,PT,postpartum,2021-03-17
550,Nuria,Almeida,Barcelona,ES,second_trimester,2022-02-18
551,Paula,García,Valencia,ES,first_trimester,2021-11-26
552,Claudia,Ramos,Porto,PT,third_trimester,2021-10-14
553,Isabel,Silva,Braga,PT,third_trimester,2022-01-21
554,Rosa,Jesus,Málaga,ES,second_trimester,2021-10-07
555,Mónica,González,Zaragoza,ES,third_trimester,2021-04-07
556,Marta,López,Sevilla,ES,first_trimester,2021-12-27
557,Teresa,Martins,Valencia,ES,second_trimester,2021-07-02
558,Carmen,Martins,Funchal,PT,postpartum,2021-10-27
559,Mariana,García,Funchal,PT,second_trimester,2021-07-31
560,Nuria,Pereira,Bilbao,ES,second_trimester,2021-05-22
561,Marta,Jesus,Alicante,ES,postpartum,2022-07-21
562,Nuria,Sánchez,Coimbra,PT,second_trimester,2022-02-01
563,Carla,Fernández,Leiria,PT,second_trimester,2021-10-31
564,Rita,Ferreira,Alicante,ES,second_trimester,2021-03-18
565,Paula,Sánchez,Madrid,ES,second_trimester,2021-12-18
566,Rita,Ferreira,Sevilla,ES,postpartum,2021-11-19
567,Joana,Ramos,Valencia,ES,third_trimester,2021-10-19
568,Carmen,García,Lisboa,PT,postpartum,2021-07-16
569,Vera,González,Aveiro,PT,second_trimester,2022-08-05
570,Ana,Almeida,Funchal,PT,third_trimester,2021-02-05
571,Raquel,Oliveira,Lisboa,PT,second_trimester,2021-03-25
572,Vera,Carvalho,Madrid,ES,second_trimester,2021-01-28
573,Isabel,Martins,Madrid,ES,first_trimester,2022-09-23
574,Teresa,González,Málaga,ES,second_trimester,2021-08-25
575,Cristina,Oliveira,Aveiro,PT,second_trimester,2021-09-14
576,Patricia,Almeida,Madrid,ES,postpartum,2022-10-20
577,Mariana,Carvalho,Zaragoza,ES,second_trimester,2022-12-26
578,Isabel,Oliveira,Braga,PT,third_trimester,2021-02-27
579,Marta,Fernández,Barcelona,ES,third_trimester,2022-10-05
580,Marta,Pereira,Alicante,ES,third_trimester,2021-07-10
581,Paula,Carvalho,Leiria,PT,second_trimester,2021-07-20
582,Sofia,Fernández,Évora,PT,first_trimester,2021-07-09
583,Mariana,López,Bilbao,ES,third_trimester,2022-07-07
584,Susana,Martins,Alicante,ES,second_trimester,2022-07-05
585,Sofia,Martins,Zaragoza,ES,first_trimester,2022-07-27
586,Elena,Santos,Barcelona,ES,first_trimester,2022-10-29
587,Inês,Monteiro,Coimbra,PT,third_trimester,2021-06-02
588,Patricia,Ramos,Coimbra,PT,second_trimester,2021-09-10
589,Diana,Martínez,Sevilla,ES,postpartum,2021-01-29
590,Vera,Martins,Porto,PT,third_trimester,2022-01-17
591,Mariana,Sousa,Évora,PT,postpartum,2022-06-12
592,Raquel,Carvalho,Málaga,ES,second_trimester,2021-10-27
593,Marta,Oliveira,Porto,PT,second_trimester,2022-07-21
594,Joana,Martínez,Valencia,ES,second_trimester,2022-10-01
595,Lucia,Rodrigues,Madrid,ES,second_trimester,2021-09-10
596,Laura,Silva,Málaga,ES,third_trimester,2022-10-11
597,Lucia,Carvalho,Funchal,PT,third_trimester,2021-12-11
598,Teresa,Silva,Valencia,ES,second_trimester,2022-04-22
599,Teresa,Rodrigues,Évora,PT,first_trimester,2021-12-17
600,Joana,Costa,Aveiro,PT,first_trimester,2021-10-17
601,Patricia,Ramos,Leiria,PT,second_trimester,2021-09-01
602,Maria,Jesus,Faro,PT,third_trimester,2022-06-07
603,Mariana,Almeida,Sevilla,ES,second_trimester,2022-01-24
604,Claudia,Carvalho,Lisboa,PT,second_trimester,2022-05-14
605,Rita,López,Alicante,ES,second_trimester,2021-06-17
606,Mónica,Ferreira,Sevilla,ES,second_trimester,2021-04-09
607,Raquel,Fernández,Barcelona,ES,postpartum,2021-03-24
608,Inês,Rodrigues,Leiria,PT,first_trimester,2021-02-04
609,Joana,Monteiro,Leiria,PT,second_trimester,2022-06-26
610,Rita,Pereira,Valencia,ES,third_trimester,2022-04-30
611,Rita,Sánchez,Porto,PT,postpartum,2022-08-27
612,Inês,López,Valencia,ES,postpartum,2022-12-21
613,Filipa,García,Barcelona,ES,third_trimester,2021-06-20
614,Rita,Costa,Coimbra,PT,third_trimester,2022-08-01
615,Claudia,Sousa,Zaragoza,ES,third_trimester,2021-10-23
616,Patricia,Costa,Barcelona,ES,first_trimester,2021-09-30
617,Isabel,Carvalho,Porto,PT,third_trimester,2022-07-25
618,Mónica,Carvalho,Coimbra,PT,second_trimester,2022-11-20
619,Rosa,Sánchez,Valencia,ES,postpartum,2021-04-03
620,Filipa,Almeida,Évora,PT,first_trimester,2021-11-04
621,Cristina,Silva,Sevilla,ES,third_trimester,2021-03-20
622,Vera,Oliveira,Lisboa,PT,second_trimester,2021-06-25
623,Diana,González,Bilbao,ES,second_trimester,2021-01-30
624,Mariana,García,Lisboa,PT,second_trimester,2021-06-13
625,Teresa,Sousa,Faro,PT,second_trimester,2021-09-02
626,Patricia,Sánchez,Aveiro,PT,third_trimester,2021-06-01
627,Elena,Oliveira,Braga,PT,postpartum,2022-02-26
628,Carla,Martínez,Lisboa,PT,first_trimester,2021-10-24
629,Mariana,Ramos,Évora,PT,third_trimester,2021-08-11
630,Patricia,Sánchez,Coimbra,PT,first_trimester,2022-02-12
631,Joana,Sousa,Zaragoza,ES,postpartum,2022-12-16
632,Sofia,González,Lisboa,PT,first_trimester,2021-03-13
633,Isabel,Oliveira,Sevilla,ES,second_trimester,2022-12-14
634,Cristina,Costa,Coimbra,PT,first_trimester,2022-08-05
635,Mónica,Santos,Faro,PT,third_trimester,2021-08-28
636,Sofia,Ferreira,Coimbra,PT,third_trimester,2022-05-03
637,Carla,Ramos,Sevilla,ES,second_trimester,2022-06-07
638,Sara,Rodrigues,Madrid,ES,second_trimester,2021-07-03
639,Susana,García,Braga,PT,first_trimester,2021-12-30
640,Claudia,Jesus,Bilbao,ES,first_trimester,2021-09-24
641,Cristina,Sousa,Zaragoza,ES,second_trimester,2021-12-28
642,Patricia,Jesus,Zaragoza,ES,first_trimester,2022-01-08
643,Claudia,Carvalho,Évora,PT,third_trimester,2022-12-14
644,Cristina,Sousa,Zaragoza,ES,postpartum,2021-04-04
645,Inês,Costa,Setúbal,PT,third_trimester,2021-11-15
646,Sara,Santos,Barcelona,ES,third_trimester,2022-03-27
647,Rita,González,Zaragoza,ES,first_trimester,2021-07-09
648,Laura,Sánchez,Braga,PT,second_trimester,2021-05-11
649,Carmen,Monteiro,Braga,PT,second_trimester,2021-07-17
650,Susana,García,Coimbra,PT,first_trimester,2022-09-25
651,Rosa,Costa,Málaga,ES,second_trimester,2021-05-31
652,Joana,Pereira,Alicante,ES,second_trimester,2022-05-30
653,Rosa,López,Barcelona,ES,third_trimester,2022-03-29
654,Elena,Almeida,Porto,PT,third_trimester,2022-11-18
655,Carmen,Sánchez,Bilbao,ES,first_trimester,2021-04-30
656,Catarina,García,Alicante,ES,second_trimester,2021-02-02
657,Elena,Ramos,Madrid,ES,second_trimester,2022-08-29
658,Laura,Fernández,Madrid,ES,second_trimester,2022-09-01
659,Mónica,Sánchez,Coimbra,PT,first_trimester,2021-04-26
660,Teresa,Oliveira,Madrid,ES,third_trimester,2022-05-29
661,Ana,Ramos,Bilbao,ES,second_trimester,2021-03-24
662,Paula,Santos,Barcelona,ES,second_trimester,2022-02-28
663,Laura,Monteiro,Aveiro,PT,third_trimester,2021-04-28
664,Teresa,García,Sevilla,ES,second_trimester,2021-07-08
665,Marta,López,Málaga,ES,postpartum,2021-03-07
666,Claudia,Pereira,Málaga,ES,second_trimester,2021-05-09
667,Beatriz,Sousa,Évora,PT,third_trimester,2022-08-13
668,Raquel,Oliveira,Évora,PT,second_trimester,2021-11-28
669,Susana,Silva,Coimbra,PT,postpartum,2021-01-02
670,Teresa,Ramos,Aveiro,PT,third_trimester,2021-11-27
671,Beatriz,Ramos,Málaga,ES,third_trimester,2021-04-20
672,Carla,Pereira,Alicante,ES,first_trimester,2021-11-02
673,Ana,López,Bilbao,ES,third_trimester,2021-08-14
674,Mónica,Martínez,Braga,PT,second_trimester,2021-07-14
675,Isabel,López,Madrid,ES,second_trimester,2022-05-04
676,Ana,Martínez,Aveiro,PT,second_trimester,2022-03-06
677,Isabel,Almeida,Braga,PT,second_trimester,2021-07-23
678,Diana,Ferreira,Alicante,ES,postpartum,2021-04-14
679,Sara,Almeida,Faro,PT,third_trimester,2022-12-04
680,Marta,González,Alicante,ES,postpartum,2021-07-04
681,Claudia,García,Coimbra,PT,first_trimester,2021-01-17
682,Carla,Silva,Barcelona,ES,third_trimester,2022-05-30
683,Carmen,Jesus,Alicante,ES,postpartum,2021-01-03
684,Marta,Martins,Zaragoza,ES,first_trimester,2022-07-14
685,Cristina,Martins,Madrid,ES,second_trimester,2021-03-05
686,Raquel,Santos,Sevilla,ES,second_trimester,2021-05-16
687,Sofia,García,Braga,PT,second_trimester,2021-01-17
688,Cristina,Oliveira,Lisboa,PT,third_trimester,2022-12-11
689,Joana,Carvalho,Barcelona,ES,second_trimester,2021-07-30
690,Lucia,Sánchez,Zaragoza,ES,postpartum,2021-02-05
691,Beatriz,López,Valencia,ES,second_trimester,2021-11-30
692,Marta,Sousa,Alicante,ES,third_trimester,2022-04-28
693,Joana,Martins,Funchal,PT,postpartum,2021-10-13
694,Filipa,Costa,Funchal,PT,first_trimester,2022-02-11
695,Joana,Ramos,Porto,PT,postpartum,2021-07-28
696,Paula,Fernández,Alicante,ES,second_trimester,2022-05-08
697,Rosa,García,Lisboa,PT,second_trimester,2022-08-10
698,Isabel,Sousa,Coimbra,PT,third_trimester,2022-05-12
699,Filipa,Ramos,Valencia,ES,second_trimester,2021-05-05
700,Beatriz,Fernández,Funchal,PT,postpartum,2021-12-23
701,Maria,Martínez,Braga,PT,postpartum,2021-05-08
702,Lucia,Costa,Funchal,PT,first_trimester,2021-08-29
703,Filipa,Pereira,Lisboa,PT,third_trimester,2022-07-15
704,Filipa,Costa,Braga,PT,postpartum,2022-07-21
705,Carmen,López,Setúbal,PT,first_trimester,2021-10-22
706,Isabel,Sousa,Aveiro,PT,second_trimester,2021-10-21
707,Filipa,Sousa,Coimbra,PT,second_trimester,2022-05-17
708,Maria,Carvalho,Aveiro,PT,postpartum,2021-11-06
709,Rosa,Silva,Sevilla,ES,first_trimester,2022-01-09
710,Raquel,Santos,Funchal,PT,postpartum,2022-09-12
711,Isabel,Sousa,Faro,PT,postpartum,2022-05-17
712,Sofia,Fernández,Alicante,ES,third_trimester,2022-12-16
713,Isabel,López,Setúbal,PT,second_trimester,2022-03-19
714,Mónica,Costa,Alicante,ES,first_trimester,2021-12-29
715,Elena,García,Valencia,ES,postpartum,2021-06-06
716,Diana,Pereira,Coimbra,PT,second_trimester,2021-03-23
717,Sofia,Carvalho,Faro,PT,first_trimester,2022-10-05
718,Rosa,Sousa,Valencia,ES,third_trimester,2022-11-11
719,Rosa,Carvalho,Leiria,PT,first_trimester,2021-07-04
720,Marta,Sánchez,Leiria,PT,third_trimester,2021-06-06
721,Vera,Ramos,Lisboa,PT,second_trimester,2021-10-19
722,Rita,Costa,Bilbao,ES,first_trimester,2021-08-19
723,Lucia,Santos,Leiria,PT,first_trimester,2022-04-26
724,Sara,Ramos,Braga,PT,second_trimester,2021-02-16
725,Catarina,Silva,Faro,PT,third_trimester,2022-04-04
726,Rita,Fernández,Alicante,ES,third_trimester,2022-09-23
727,Claudia,Ferreira,Leiria,PT,postpartum,2022-06-08
728,Teresa,Costa,Funchal,PT,third_trimester,2021-01-24
729,Lucia,Silva,Málaga,ES,postpartum,2022-05-27
730,Raquel,Fernández,Zaragoza,ES,first_trimester,2021-10-22
731,Raquel,Martins,Madrid,ES,postpartum,2022-01-08
732,Sara,López,Setúbal,PT,second_trimester,2021-02-28
733,Isabel,Santos,Braga,PT,first_trimester,2021-07-25
734,Beatriz,Ferreira,Madrid,ES,first_trimester,2022-07-10
735,Rita,Almeida,Málaga,ES,postpartum,2021-05-24
736,Catarina,Sánchez,Évora,PT,first_trimester,2021-06-05
737,Diana,Ramos,Barcelona,ES,third_trimester,2022-01-17
738,Joana,Martínez,Funchal,PT,first_trimester,2021-01-20
739,Rita,García,Évora,PT,third_trimester,2021-07-12
740,Rosa,Martins,Leiria,PT,third_trimester,2021-03-23
741,Cristina,Carvalho,Aveiro,PT,first_trimester,2021-04-30
742,Sofia,Costa,Lisboa,PT,second_trimester,2021-05-15
743,Raquel,Sánchez,Alicante,ES,first_trimester,2021-09-18
744,Cristina,Carvalho,Aveiro,PT,second_trimester,2021-04-03
745,Sara,Ramos,Faro,PT,second_trimester,2022-02-08
746,Claudia,López,Évora,PT,second_trimester,2021-04-24
747,Ana,Silva,Sevilla,ES,first_trimester,2021-09-10
748,Claudia,Ferreira,Bilbao,ES,first_trimester,2021-08-18
749,Sara,Oliveira,Barcelona,ES,second_trimester,2021-04-03
750,Mónica,Silva,Setúbal,PT,second_trimester,2022-01-26
751,Paula,Monteiro,Évora,PT,second_trimester,2022-06-10
752,Joana,Almeida,Funchal,PT,third_trimester,2022-08-06
753,Diana,Santos,Alicante,ES,first_trimester,2021-06-26
754,Paula,Sousa,Setúbal,PT,second_trimester,2022-01-09
755,Mónica,García,Aveiro,PT,second_trimester,2021-04-16
756,Filipa,Rodrigues,Leiria,PT,postpartum,2022-02-24
757,Elena,Martínez,Zaragoza,ES,second_trimester,2022-08-25
758,Vera,Monteiro,Valencia,ES,third_trimester,2022-04-19
759,Marta,Fernández,Leiria,PT,first_trimester,2021-03-13
760,Carmen,Martínez,Lisboa,PT,postpartum,2021-09-01
761,Isabel,Sánchez,Sevilla,ES,third_trimester,2022-10-30
762,Isabel,Pereira,Alicante,ES,first_trimester,2022-05-25
763,Mónica,García,Évora,PT,third_trimester,2021-05-08
764,Ana,García,Funchal,PT,first_trimester,2021-02-07
765,Nuria,Carvalho,Aveiro,PT,first_trimester,2021-01-15
766,Vera,Martins,Aveiro,PT,postpartum,2021-11-09
767,Patricia,García,Lisboa,PT,third_trimester,2021-03-03
768,Susana,Costa,Funchal,PT,third_trimester,2022-09-22
769,Vera,Martínez,Faro,PT,postpartum,2022-03-10
770,Carmen,Pereira,Évora,PT,first_trimester,2021-03-21
771,Paula,Ramos,Alicante,ES,first_trimester,2022-03-21
772,Lucia,González,Sevilla,ES,second_trimester,2021-09-25
773,Sara,López,Bilbao,ES,second_trimester,2022-11-10
774,Carla,Ramos,Madrid,ES,second_trimester,2022-12-22
775,Marta,Oliveira,Zaragoza,ES,postpartum,2021-01-04
776,Nuria,Sousa,Évora,PT,third_trimester,2022-02-15
777,Elena,Almeida,Setúbal,PT,second_trimester,2022-04-11
778,Vera,Almeida,Coimbra,PT,third_trimester,2021-11-07
779,Raquel,Silva,Funchal,PT,third_trimester,2021-02-28
780,Sara,López,Valencia,ES,third_trimester,2022-05-17
781,Lucia,Martínez,Valencia,ES,postpartum,2021-11-29
782,Ana,Carvalho,Alicante,ES,second_trimester,2022-03-06
783,Lucia,López,Lisboa,PT,second_trimester,2021-08-05
784,Nuria,González,Sevilla,ES,third_trimester,2021-02-04
785,Patricia,Sánchez,Lisboa,PT,second_trimester,2022-04-05
786,Ana,Oliveira,Aveiro,PT,second_trimester,2021-03-28
787,Carmen,Martínez,Faro,PT,first_trimester,2021-02-08
788,Vera,Sousa,Valencia,ES,third_trimester,2021-01-29
789,Laura,Sousa,Funchal,PT,second_trimester,2022-01-25
790,Claudia,Rodrigues,Barcelona,ES,second_trimester,2021-09-26
791,Cristina,Ramos,Leiria,PT,third_trimester,2022-02-14
792,Carmen,García,Leiria,PT,postpartum,2022-09-10
793,Nuria,Santos,Funchal,PT,first_trimester,2021-11-10
794,Inês,Santos,Aveiro,PT,third_trimester,2022-02-22
795,Rosa,Martins,Bilbao,ES,second_trimester,2021-01-30
796,Vera,Martínez,Évora,PT,third_trimester,2022-11-19
797,Teresa,Sánchez,Alicante,ES,first_trimester,2022-08-16
798,Lucia,González,Valencia,ES,first_trimester,2021-07-21
799,Beatriz,Fernández,Málaga,ES,third_trimester,2022-07-03
800,Lucia,González,Bilbao,ES,postpartum,2022-06-09
801,Carmen,Monteiro,Valencia,ES,third_trimester,2022-06-29
802,Carmen,Costa,Braga,PT,third_trimester,2021-04-11
803,Rita,Sousa,Aveiro,PT,postpartum,2021-02-21
804,Diana,Pereira,Porto,PT,third_trimester,2021-11-26
805,Mariana,Oliveira,Alicante,ES,second_trimester,2021-08-25
806,Beatriz,López,Évora,PT,third_trimester,2022-08-16
807,Claudia,Silva,Valencia,ES,second_trimester,2021-06-24
808,Sara,García,Bilbao,ES,postpartum,2022-12-21
809,Carmen,Silva,Faro,PT,postpartum,2022-04-25
810,Mónica,Ramos,Lisboa,PT,second_trimester,2022-03-15
811,Raquel,Sousa,Málaga,ES,third_trimester,2022-01-16
812,Claudia,Monteiro,Alicante,ES,second_trimester,2021-12-13
813,Nuria,Oliveira,Braga,PT,second_trimester,2022-12-03
814,Maria,Santos,Évora,PT,second_trimester,2021-02-15
815,Ana,Pereira,Leiria,PT,second_trimester,2021-04-09
816,Maria,Jesus,Faro,PT,third_trimester,2021-06-25
817,Teresa,Ferreira,Zaragoza,ES,second_trimester,2021-09-27
818,Carmen,Pereira,Évora,PT,second_trimester,2021-09-12
819,Patricia,Costa,Coimbra,PT,first_trimester,2022-07-17
820,Sara,López,Braga,PT,second_trimester,2022-08-06
821,Patricia,Santos,Funchal,PT,third_trimester,2021-03-25
822,Carmen,Silva,Madrid,ES,postpartum,2021-01-01
823,Mariana,Oliveira,Aveiro,PT,third_trimester,2022-02-09
824,Ana,Sousa,Bilbao,ES,postpartum,2022-05-11
825,Rosa,Ferreira,Lisboa,PT,first_trimester,2022-10-01
826,Laura,Ferreira,Faro,PT,postpartum,2022-05-17
827,Sofia,Carvalho,Alicante,ES,third_trimester,2021-02-16
828,Catarina,Martins,Faro,PT,first_trimester,2021-11-26
829,Ana,López,Aveiro,PT,third_trimester,2022-03-07
830,Elena,Oliveira,Funchal,PT,first_trimester,2022-01-02
831,Vera,Sánchez,Braga,PT,third_trimester,2022-07-07
832,Elena,García,Porto,PT,third_trimester,2021-01-14
833,Joana,Martínez,Barcelona,ES,second_trimester,2022-05-29
834,Rosa,Martins,Évora,PT,second_trimester,2021-07-16
835,Laura,Ramos,Faro,PT,first_trimester,2022-07-17
836,Vera,González,Valencia,ES,third_trimester,2021-04-05
837,Laura,Fernández,Alicante,ES,second_trimester,2022-08-15
838,Carla,Martins,Setúbal,PT,third_trimester,2021-07-31
839,Mónica,Jesus,Coimbra,PT,second_trimester,2021-02-25
840,Catarina,Sánchez,Zaragoza,ES,second_trimester,2021-01-18
841,Claudia,Sousa,Madrid,ES,third_trimester,2022-08-19
842,Mariana,Pereira,Barcelona,ES,second_trimester,2022-08-22
843,Joana,Sánchez,Bilbao,ES,third_trimester,2022-01-28
844,Sofia,Sánchez,Sevilla,ES,first_trimester,2021-01-14
845,Susana,Martins,Aveiro,PT,third_trimester,2021-12-28
846,Lucia,Almeida,Évora,PT,second_trimester,2021-07-04
847,Elena,Silva,Funchal,PT,postpartum,2021-09-13
848,Patricia,Martins,Valencia,ES,second_trimester,2021-12-26
849,Claudia,Santos,Setúbal,PT,second_trimester,2022-03-26
850,Catarina,Carvalho,Évora,PT,first_trimester,2022-11-19
851,Isabel,Sánchez,Madrid,ES,second_trimester,2021-09-06
852,Beatriz,Oliveira,Barcelona,ES,third_trimester,2021-10-10
853,Susana,Jesus,Aveiro,PT,second_trimester,2022-05-22
854,Ana,Sánchez,Braga,PT,first_trimester,2022-03-18
855,Ana,Jesus,Faro,PT,postpartum,2022-10-02
856,Laura,Oliveira,Zaragoza,ES,first_trimester,2022-01-15
857,Isabel,Santos,Setúbal,PT,third_trimester,2022-01-04
858,Sara,Sousa,Bilbao,ES,first_trimester,2022-07-24
859,Lucia,Fernández,Valencia,ES,second_trimester,2021-12-26
860,Patricia,Carvalho,Valencia,ES,postpartum,2021-08-06
861,Marta,Ramos,Bilbao,ES,postpartum,2022-03-25
862,Marta,Costa,Évora,PT,first_trimester,2021-12-04
863,Paula,Almeida,Sevilla,ES,second_trimester,2021-07-29
864,Susana,Ferreira,Lisboa,PT,second_trimester,2022-05-17
865,Patricia,Pereira,Setúbal,PT,third_trimester,2021-03-12
866,Raquel,Almeida,Lisboa,PT,first_trimester,2022-05-28
867,Sofia,Santos,Faro,PT,postpartum,2021-02-21
868,Maria,Almeida,Funchal,PT,third_trimester,2021-06-05
869,Carla,Ramos,Porto,PT,second_trimester,2022-09-09
870,Diana,Fernández,Málaga,ES,second_trimester,2021-09-16
871,Claudia,Sánchez,Faro,PT,first_trimester,2022-06-14
872,Raquel,López,Funchal,PT,third_trimester,2021-10-05
873,Diana,Pereira,Aveiro,PT,third_trimester,2021-04-21
874,Teresa,Sousa,Funchal,PT,third_trimester,2021-05-18
875,Nuria,Sousa,Leiria,PT,first_trimester,2022-12-24
876,Inês,Almeida,Madrid,ES,third_trimester,2021-12-22
877,Carmen,Sánchez,Málaga,ES,third_trimester,2021-07-26
878,Teresa,Oliveira,Setúbal,PT,postpartum,2021-05-04
879,Carmen,González,Valencia,ES,second_trimester,2021-07-24
880,Sofia,González,Madrid,ES,first_trimester,2022-08-11
881,Inês,Ramos,Aveiro,PT,third_trimester,2022-01-03
882,Paula,Costa,Lisboa,PT,second_trimester,2022-08-31
883,Joana,Martins,Setúbal,PT,first_trimester,2022-11-29
884,Patricia,Costa,Málaga,ES,second_trimester,2022-12-17
885,Catarina,Ferreira,Setúbal,PT,first_trimester,2022-03-21
886,Nuria,Almeida,Madrid,ES,second_trimester,2021-04-14
887,Maria,Almeida,Faro,PT,second_trimester,2022-04-14
888,Marta,López,Porto,PT,postpartum,2022-03-22
889,Paula,Ramos,Zaragoza,ES,second_trimester,2021-02-27
890,Elena,Jesus,Funchal,PT,first_trimester,2021-01-16
891,Marta,García,Málaga,ES,second_trimester,2021-05-17
892,Rita,Sousa,Aveiro,PT,first_trimester,2021-04-17
893,Nuria,Santos,Zaragoza,ES,third_trimester,2021-09-04
894,Beatriz,Monteiro,Setúbal,PT,postpartum,2022-01-04
895,Lucia,García,Barcelona,ES,third_trimester,2022-03-01
896,Susana,González,Barcelona,ES,postpartum,2021-12-29
897,Lucia,Sánchez,Faro,PT,second_trimester,2021-05-31
898,Mariana,Ferreira,Barcelona,ES,postpartum,2022-06-27
899,Elena,López,Porto,PT,second_trimester,2021-09-04
900,Inês,Martins,Leiria,PT,second_trimester,2022-01-08
901,Catarina,López,Évora,PT,second_trimester,2022-06-15
902,Mónica,Fernández,Funchal,PT,second_trimester,2021-09-08
903,Marta,Jesus,Zaragoza,ES,third_trimester,2021-06-16
904,Marta,Martins,Lisboa,PT,second_trimester,2021-06-28
905,Susana,Silva,Porto,PT,postpartum,2021-11-25
906,Diana,Rodrigues,Sevilla,ES,second_trimester,2022-11-17
907,Carmen,Costa,Braga,PT,third_trimester,2021-10-12
908,Patricia,Pereira,Zaragoza,ES,postpartum,2021-11-08
909,Maria,Fernández,Zaragoza,ES,second_trimester,2022-05-18
910,Carmen,Sousa,Braga,PT,third_trimester,2022-11-15
911,Sara,Sousa,Barcelona,ES,first_trimester,2021-05-22
912,Mónica,Ferreira,Lisboa,PT,postpartum,2022-05-06
913,Ana,Martins,Leiria,PT,third_trimester,2022-01-24
914,Joana,Rodrigues,Barcelona,ES,postpartum,2021-09-30
915,Inês,Ferreira,Funchal,PT,third_trimester,2021-10-20
916,Lucia,Silva,Faro,PT,third_trimester,2021-02-11
917,Carmen,Pereira,Aveiro,PT,first_trimester,2022-05-25
918,Raquel,Monteiro,Évora,PT,third_trimester,2022-03-05
919,Teresa,López,Braga,PT,second_trimester,2022-10-30
920,Sofia,Silva,Leiria,PT,second_trimester,2021-08-06
921,Isabel,Monteiro,Setúbal,PT,second_trimester,2022-04-27
922,Laura,Fernández,Madrid,ES,third_trimester,2022-01-17
923,Raquel,Fernández,Valencia,ES,second_trimester,2021-06-06
924,Patricia,Martínez,Leiria,PT,second_trimester,2021-01-02
925,Patricia,Oliveira,Aveiro,PT,first_trimester,2021-06-09
926,Laura,Pereira,Évora,PT,first_trimester,2021-01-13
927,Cristina,Sousa,Barcelona,ES,third_trimester,2022-07-17
928,Teresa,Martins,Funchal,PT,third_trimester,2021-04-29
929,Elena,Ferreira,Setúbal,PT,third_trimester,2021-12-01
930,Beatriz,Jesus,Bilbao,ES,second_trimester,2022-05-17
931,Lucia,García,Bilbao,ES,third_trimester,2021-11-07
932,Rita,Martínez,Funchal,PT,postpartum,2022-05-18
933,Sofia,García,Braga,PT,second_trimester,2021-03-19
934,Ana,Almeida,Funchal,PT,third_trimester,2021-06-27
935,Lucia,Jesus,Bilbao,ES,postpartum,2021-04-18
936,Catarina,Ramos,Évora,PT,first_trimester,2022-04-08
937,Diana,Carvalho,Bilbao,ES,second_trimester,2021-09-05
938,Joana,Pereira,Lisboa,PT,postpartum,2022-12-28
939,Diana,Monteiro,Coimbra,PT,third_trimester,2021-11-12
940,Ana,Almeida,Madrid,ES,second_trimester,2021-01-25
941,Carmen,Jesus,Coimbra,PT,third_trimester,2021-01-11
942,Sofia,Pereira,Madrid,ES,third_trimester,2022-04-17
943,Rosa,Pereira,Funchal,PT,third_trimester,2021-04-06
944,Inês,Monteiro,Valencia,ES,second_trimester,2022-04-02
945,Susana,Sousa,Zaragoza,ES,third_trimester,2021-01-24
946,Inês,Sousa,Sevilla,ES,third_trimester,2021-12-03
947,Rita,Sánchez,Bilbao,ES,second_trimester,2022-09-22
948,Lucia,Sánchez,Madrid,ES,third_trimester,2021-12-14
949,Ana,Costa,Leiria,PT,postpartum,2022-10-16
950,Claudia,Jesus,Faro,PT,first_trimester,2021-04-24
951,Rosa,Ramos,Barcelona,ES,third_trimester,2022-07-29
952,Patricia,Jesus,Évora,PT,third_trimester,2021-10-24
953,Rita,García,Évora,PT,postpartum,2022-04-17
954,Maria,Martins,Bilbao,ES,second_trimester,2022-09-27
955,Ana,Jesus,Faro,PT,third_trimester,2022-09-12
956,Rosa,Costa,Alicante,ES,first_trimester,2021-01-04
957,Carla,Monteiro,Funchal,PT,second_trimester,2022-07-15
958,Carmen,Fernández,Lisboa,PT,third_trimester,2022-03-14
959,Catarina,Costa,Alicante,ES,first_trimester,2022-08-24
960,Raquel,Rodrigues,Bilbao,ES,third_trimester,2022-10-13
961,Mónica,Monteiro,Porto,PT,third_trimester,2021-05-27
962,Filipa,Jesus,Coimbra,PT,second_trimester,2022-06-08
963,Carla,Oliveira,Braga,PT,postpartum,2021-10-28
964,Raquel,Almeida,Faro,PT,third_trimester,2021-05-04
965,Rosa,García,Lisboa,PT,second_trimester,2021-04-20
966,Carmen,Almeida,Alicante,ES,second_trimester,2021-08-11
967,Claudia,Santos,Bilbao,ES,third_trimester,2021-06-21
968,Ana,Silva,Bilbao,ES,second_trimester,2021-08-16
969,Isabel,López,Évora,PT,third_trimester,2021-08-10
970,Mónica,Ramos,Zaragoza,ES,second_trimester,2021-05-26
971,Rita,Santos,Porto,PT,second_trimester,2021-08-30
972,Isabel,Ramos,Leiria,PT,first_trimester,2022-05-07
973,Cristina,Costa,Funchal,PT,second_trimester,2022-06-26
974,Catarina,Sousa,Barcelona,ES,first_trimester,2022-02-21
975,Nuria,Rodrigues,Porto,PT,third_trimester,2022-06-23
976,Elena,Santos,Évora,PT,third_trimester,2021-02-18
977,Maria,Carvalho,Sevilla,ES,third_trimester,2021-12-10
978,Patricia,Carvalho,Málaga,ES,third_trimester,2021-11-17
979,Rosa,Rodrigues,Funchal,PT,third_trimester,2021-08-03
980,Catarina,Almeida,Madrid,ES,first_trimester,2021-12-21
981,Cristina,Martins,Bilbao,ES,second_trimester,2021-11-14
982,Rosa,Carvalho,Funchal,PT,postpartum,2021-05-09
983,Diana,Fernández,Faro,PT,third_trimester,2021-02-09
984,Elena,Fernández,Alicante,ES,first_trimester,2021-08-31
985,Paula,Sousa,Leiria,PT,third_trimester,2021-03-15
986,Vera,Santos,Valencia,ES,first_trimester,2022-03-08
987,Susana,Almeida,Valencia,ES,postpartum,2022-10-14
988,Teresa,Carvalho,Valencia,ES,second_trimester,2022-04-27
989,Catarina,Almeida,Sevilla,ES,first_trimester,2022-09-25
990,Elena,Martínez,Aveiro,PT,second_trimester,2022-03-31
991,Diana,Sánchez,Coimbra,PT,third_trimester,2022-04-15
992,Inês,Santos,Leiria,PT,second_trimester,2022-01-09
993,Patricia,Costa,Madrid,ES,third_trimester,2022-01-20
994,Susana,González,Faro,PT,postpartum,2022-03-21
995,Vera,Carvalho,Zaragoza,ES,third_trimester,2022-10-19
996,Rita,Carvalho,Bilbao,ES,second_trimester,2021-08-10
997,Isabel,Silva,Barcelona,ES,third_trimester,2022-02-27
998,Isabel,Martínez,Málaga,ES,third_trimester,2022-04-24
999,Laura,Almeida,Alicante,ES,second_trimester,2021-11-01
1000,Filipa,Martínez,Coimbra,PT,second_trimester,2021-09-29
1001,Patricia,Pereira,Madrid,ES,second_trimester,2022-06-11
1002,Vera,Ramos,Málaga,ES,second_trimester,2021-12-23
1003,Maria,Silva,Málaga,ES,second_trimester,2022-05-08
1004,Susana,Martínez,Porto,PT,first_trimester,2022-05-30
1005,Joana,Martins,Porto,PT,second_trimester,2022-03-24
1006,Isabel,López,Málaga,ES,second_trimester,2022-06-09
1007,Teresa,Rodrigues,Barcelona,ES,second_trimester,2022-03-15
1008,Inês,García,Sevilla,ES,third_trimester,2021-12-03
1009,Mónica,Rodrigues,Barcelona,ES,second_trimester,2022-05-11
1010,Carmen,Ramos,Málaga,ES,postpartum,2022-09-26
1011,Raquel,Pereira,Zaragoza,ES,postpartum,2022-09-16
1012,Raquel,Martins,Setúbal,PT,second_trimester,2021-07-24
1013,Filipa,Ferreira,Coimbra,PT,third_trimester,2021-11-13
1014,Rita,Almeida,Sevilla,ES,second_trimester,2021-10-28
1015,Diana,Santos,Braga,PT,second_trimester,2022-09-30
1016,Laura,González,Porto,PT,third_trimester,2021-11-06
1017,Maria,Carvalho,Évora,PT,second_trimester,2021-11-17
1018,Marta,Pereira,Braga,PT,postpartum,2022-10-13
1019,Filipa,López,Barcelona,ES,first_trimester,2021-05-05
1020,Raquel,Sánchez,Setúbal,PT,postpartum,2022-05-12
1021,Laura,Carvalho,Barcelona,ES,second_trimester,2022-07-11
1022,Mariana,Sánchez,Setúbal,PT,postpartum,2021-08-11
1023,Isabel,Ramos,Bilbao,ES,postpartum,2022-04-16
1024,Paula,López,Málaga,ES,third_trimester,2022-10-17
1025,Ana,Monteiro,Bilbao,ES,third_trimester,2021-08-18
1026,Carmen,Martins,Málaga,ES,third_trimester,2022-12-06
1027,Nuria,López,Lisboa,PT,second_trimester,2022-05-06
1028,Susana,González,Braga,PT,third_trimester,2021-08-30
1029,Nuria,Silva,Madrid,ES,second_trimester,2022-07-19
1030,Lucia,Fernández,Sevilla,ES,third_trimester,2021-06-06
1031,Mariana,Costa,Funchal,PT,first_trimester,2021-04-05
1032,Joana,García,Barcelona,ES,postpartum,2021-07-04
1033,Paula,Martínez,Valencia,ES,second_trimester,2021-06-22
1034,Claudia,Silva,Lisboa,PT,postpartum,2021-08-11
1035,Beatriz,Jesus,Leiria,PT,second_trimester,2022-11-28
1036,Mariana,Carvalho,Setúbal,PT,third_trimester,2021-10-08
1037,Susana,Ramos,Lisboa,PT,postpartum,2021-01-31
1038,Carla,González,Évora,PT,postpartum,2021-11-11
1039,Diana,Martins,Zaragoza,ES,first_trimester,2021-03-21
1040,Vera,Fernández,Bilbao,ES,first_trimester,2022-05-03
1041,Maria,Ferreira,Évora,PT,postpartum,2022-05-10
1042,Marta,González,Aveiro,PT,second_trimester,2021-02-03
1043,Cristina,Martínez,Funchal,PT,postpartum,2021-02-26
1044,Carla,García,Porto,PT,second_trimester,2022-10-26
1045,Mónica,Martins,Valencia,ES,second_trimester,2021-02-09
1046,Ana,López,Málaga,ES,third_trimester,2021-02-28
1047,Catarina,Rodrigues,Leiria,PT,second_trimester,2021-11-05
1048,Joana,Monteiro,Leiria,PT,second_trimester,2021-12-25
1049,Lucia,González,Funchal,PT,second_trimester,2021-01-28
1050,Paula,Oliveira,Leiria,PT,third_trimester,2021-09-13
1051,Patricia,Santos,Aveiro,PT,second_trimester,2022-05-30
1052,Claudia,Pereira,Lisboa,PT,third_trimester,2021-12-26
1053,Teresa,Ferreira,Setúbal,PT,third_trimester,2022-08-23
1054,Inês,Rodrigues,Aveiro,PT,first_trimester,2021-03-15
1055,Rosa,Oliveira,Barcelona,ES,third_trimester,2021-10-07
1056,Teresa,Silva,Faro,PT,second_trimester,2022-03-16
1057,Isabel,Ferreira,Porto,PT,second_trimester,2022-12-30
1058,Patricia,Ferreira,Alicante,ES,third_trimester,2022-07-22
1059,Isabel,Ferreira,Setúbal,PT,postpartum,2021-09-10
1060,Beatriz,Rodrigues,Madrid,ES,third_trimester,2022-10-15
1061,Maria,Sousa,Braga,PT,second_trimester,2022-11-24
1062,Mónica,Silva,Málaga,ES,second_trimester,2022-01-02
1063,Maria,Fernández,Porto,PT,second_trimester,2021-05-23
1064,Isabel,Jesus,Bilbao,ES,third_trimester,2022-03-22
1065,Inês,Pereira,Sevilla,ES,third_trimester,2021-02-22
1066,Inês,Oliveira,Braga,PT,second_trimester,2021-04-25
1067,Joana,Jesus,Faro,PT,second_trimester,2022-06-29
1068,Inês,Costa,Sevilla,ES,first_trimester,2022-09-11
1069,Elena,Santos,Faro,PT,second_trimester,2022-04-14
1070,Elena,Pereira,Évora,PT,third_trimester,2022-01-01
1071,Catarina,Santos,Alicante,ES,second_trimester,2022-04-01
1072,Mónica,Martínez,Madrid,ES,first_trimester,2021-10-15
1073,Laura,López,Évora,PT,postpartum,2022-03-15
1074,Carmen,Oliveira,Madrid,ES,first_trimester,2021-12-02
1075,Beatriz,Jesus,Aveiro,PT,postpartum,2021-12-03
1076,Isabel,Martins,Lisboa,PT,first_trimester,2021-09-27
1077,Paula,González,Aveiro,PT,third_trimester,2021-11-15
1078,Carla,Almeida,Faro,PT,first_trimester,2021-12-04
1079,Laura,Silva,Braga,PT,second_trimester,2021-09-17
1080,Patricia,Fernández,Aveiro,PT,first_trimester,2021-03-02
1081,Carla,Monteiro,Barcelona,ES,first_trimester,2022-04-04
1082,Sofia,González,Barcelona,ES,second_trimester,2022-03-15
1083,Susana,Almeida,Sevilla,ES,first_trimester,2021-08-06
1084,Teresa,Jesus,Alicante,ES,third_trimester,2021-08-21
1085,Mónica,Almeida,Bilbao,ES,third_trimester,2022-04-12
1086,Beatriz,Jesus,Sevilla,ES,postpartum,2021-08-29
1087,Isabel,Oliveira,Faro,PT,first_trimester,2022-11-19
1088,Sofia,Ferreira,Setúbal,PT,postpartum,2022-08-27
1089,Sara,González,Porto,PT,first_trimester,2022-02-23
1090,Patricia,Jesus,Valencia,ES,postpartum,2021-11-09
1091,Lucia,Fernández,Alicante,ES,third_trimester,2022-08-22
1092,Sofia,Jesus,Málaga,ES,second_trimester,2022-10-23
1093,Laura,Rodrigues,Coimbra,PT,second_trimester,2022-02-01
1094,Teresa,Monteiro,Coimbra,PT,first_trimester,2022-09-19
1095,Rita,López,Funchal,PT,third_trimester,2022-11-18
1096,Rita,Sánchez,Alicante,ES,third_trimester,2021-11-13
1097,Sara,Pereira,Zaragoza,ES,second_trimester,2021-08-05
1098,Lucia,Sánchez,Faro,PT,third_trimester,2022-04-22
1099,Filipa,Santos,Lisboa,PT,third_trimester,2022-12-25
1100,Joana,Oliveira,Braga,PT,third_trimester,2021-04-28
1101,Laura,Costa,Braga,PT,third_trimester,2022-07-22
1102,Rita,Ramos,Coimbra,PT,first_trimester,2021-01-14
1103,Nuria,Jesus,Lisboa,PT,postpartum,2021-05-22
1104,Cristina,Martínez,Faro,PT,third_trimester,2021-06-01
1105,Laura,Jesus,Zaragoza,ES,third_trimester,2022-01-27
1106,Teresa,Pereira,Sevilla,ES,first_trimester,2021-10-17
1107,Marta,Martins,Aveiro,PT,postpartum,2021-09-19
1108,Rita,García,Barcelona,ES,third_trimester,2022-04-23
1109,Claudia,Costa,Barcelona,ES,second_trimester,2021-10-23
1110,Susana,Jesus,Sevilla,ES,second_trimester,2021-11-21
1111,Sara,Sánchez,Barcelona,ES,second_trimester,2022-10-15
1112,Laura,Monteiro,Setúbal,PT,second_trimester,2022-10-13
1113,Diana,Rodrigues,Setúbal,PT,third_trimester,2021-08-21
1114,Mónica,Martínez,Leiria,PT,third_trimester,2022-01-30
1115,Claudia,López,Valencia,ES,first_trimester,2022-01-10
1116,Filipa,Rodrigues,Funchal,PT,second_trimester,2021-06-29
1117,Elena,Martins,Évora,PT,second_trimester,2021-05-13
1118,Sara,Rodrigues,Málaga,ES,second_trimester,2022-02-19
1119,Rita,Almeida,Madrid,ES,first_trimester,2021-06-30
1120,Carmen,Monteiro,Aveiro,PT,second_trimester,2021-06-15
1121,Maria,Martínez,Alicante,ES,postpartum,2021-02-19
1122,Teresa,Martínez,Madrid,ES,first_trimester,2022-12-08
1123,Patricia,Rodrigues,Setúbal,PT,postpartum,2021-02-06
1124,Claudia,Martins,Porto,PT,third_trimester,2022-06-16
1125,Nuria,Martínez,Funchal,PT,first_trimester,2022-11-18
1126,Rosa,Silva,Leiria,PT,second_trimester,2021-06-26
1127,Maria,Martins,Madrid,ES,first_trimester,2022-05-22
1128,Beatriz,Santos,Sevilla,ES,first_trimester,2021-09-23
1129,Carmen,Fernández,Sevilla,ES,second_trimester,2022-09-18
1130,Raquel,Silva,Leiria,PT,third_trimester,2021-05-01
1131,Catarina,García,Évora,PT,first_trimester,2022-04-25
1132,Mariana,Sousa,Leiria,PT,third_trimester,2021-07-10
1133,Carla,Martínez,Braga,PT,second_trimester,2022-07-04
1134,Joana,Jesus,Alicante,ES,third_trimester,2021-02-04
1135,Patricia,Silva,Setúbal,PT,second_trimester,2021-07-10
1136,Diana,Sánchez,Faro,PT,third_trimester,2022-03-13
1137,Claudia,Oliveira,Coimbra,PT,third_trimester,2022-10-11
1138,Cristina,Ferreira,Funchal,PT,third_trimester,2022-12-02
1139,Rosa,Jesus,Sevilla,ES,postpartum,2021-03-04
1140,Filipa,Costa,Alicante,ES,first_trimester,2022-01-07
1141,Paula,Rodrigues,Setúbal,PT,first_trimester,2021-09-06
1142,Claudia,Fernández,Leiria,PT,third_trimester,2022-09-04
1143,Laura,García,Alicante,ES,third_trimester,2021-02-16
1144,Carla,Ferreira,Valencia,ES,postpartum,2022-04-16
1145,Sofia,López,Zaragoza,ES,second_trimester,2022-02-26
1146,Nuria,Carvalho,Coimbra,PT,first_trimester,2021-12-27
1147,Diana,Pereira,Madrid,ES,postpartum,2022-04-24
1148,Rosa,González,Valencia,ES,postpartum,2022-01-18
1149,Filipa,González,Bilbao,ES,postpartum,2022-08-05
1150,Maria,Martins,Madrid,ES,third_trimester,2021-12-13
1151,Rita,Ramos,Évora,PT,third_trimester,2022-02-06
1152,Nuria,Jesus,Málaga,ES,third_trimester,2022-12-16
1153,Elena,Costa,Madrid,ES,third_trimester,2021-07-24
1154,Rita,Santos,Aveiro,PT,second_trimester,2022-02-11
1155,Teresa,Monteiro,Braga,PT,second_trimester,2022-01-05
1156,Nuria,Monteiro,Alicante,ES,postpartum,2022-09-10
1157,Beatriz,Ferreira,Valencia,ES,postpartum,2022-06-28
1158,Carmen,Carvalho,Porto,PT,first_trimester,2022-12-04
1159,Mónica,Ferreira,Braga,PT,first_trimester,2022-03-15
1160,Paula,López,Porto,PT,postpartum,2022-08-22
1161,Ana,Jesus,Lisboa,PT,second_trimester,2022-03-23
1162,Laura,González,Funchal,PT,second_trimester,2022-11-29
1163,Inês,Costa,Madrid,ES,second_trimester,2021-12-28
1164,Elena,Fernández,Aveiro,PT,second_trimester,2022-09-07
1165,Lucia,Monteiro,Leiria,PT,second_trimester,2022-03-29
1166,Claudia,Santos,Málaga,ES,third_trimester,2021-07-20
1167,Raquel,Almeida,Porto,PT,postpartum,2021-12-18
1168,Laura,Pereira,Coimbra,PT,second_trimester,2022-02-26
1169,Cristina,Rodrigues,Porto,PT,postpartum,2022-07-20
1170,Carmen,Sousa,Setúbal,PT,third_trimester,2021-01-19
1171,Patricia,Santos,Braga,PT,third_trimester,2021-08-22
1172,Elena,Fernández,Funchal,PT,first_trimester,2022-10-24
1173,Ana,Costa,Leiria,PT,second_trimester,2022-11-22
1174,Carmen,Carvalho,Zaragoza,ES,second_trimester,2022-04-28
1175,Carla,Monteiro,Faro,PT,third_trimester,2022-10-13
1176,Rita,Fernández,Braga,PT,first_trimester,2021-10-13
1177,Carla,Martínez,Valencia,ES,third_trimester,2021-01-02
1178,Catarina,Jesus,Setúbal,PT,postpartum,2022-02-20
1179,Sara,Pereira,Leiria,PT,postpartum,2021-08-07
1180,Susana,Martins,Madrid,ES,first_trimester,2022-04-28
1181,Sara,González,Valencia,ES,third_trimester,2022-09-03
1182,Laura,Almeida,Leiria,PT,second_trimester,2022-02-16
1183,Mariana,Fernández,Évora,PT,postpartum,2022-02-02
1184,Raquel,Monteiro,Madrid,ES,second_trimester,2021-09-18
1185,Raquel,Sousa,Zaragoza,ES,postpartum,2022-11-06
1186,Raquel,Almeida,Sevilla,ES,third_trimester,2021-01-31
1187,Isabel,Silva,Faro,PT,third_trimester,2022-09-07
1188,Laura,López,Leiria,PT,third_trimester,2021-05-20
1189,Rita,García,Sevilla,ES,first_trimester,2022-11-21
1190,Cristina,Jesus,Barcelona,ES,second_trimester,2022-10-10
1191,Rita,González,Aveiro,PT,third_trimester,2021-12-24
1192,Beatriz,Monteiro,Alicante,ES,postpartum,2022-01-29
1193,Vera,Martins,Setúbal,PT,second_trimester,2022-03-14
1194,Teresa,Oliveira,Faro,PT,first_trimester,2021-07-03
1195,Joana,Oliveira,Barcelona,ES,second_trimester,2021-06-11
1196,Laura,Santos,Leiria,PT,second_trimester,2022-10-28
1197,Laura,Jesus,Bilbao,ES,first_trimester,2021-01-10
1198,Carmen,González,Málaga,ES,second_trimester,2022-12-29
1199,Joana,Martins,Braga,PT,third_trimester,2021-11-18
1200,Carmen,Rodrigues,Funchal,PT,third_trimester,2022-04-18
1201,Isabel,Carvalho,Aveiro,PT,third_trimester,2021-06-04
1202,Inês,Martínez,Alicante,ES,postpartum,2022-06-18
1203,Catarina,Ferreira,Bilbao,ES,second_trimester,2021-09-22
1204,Nuria,Silva,Alicante,ES,third_trimester,2021-01-18
1205,Beatriz,García,Funchal,PT,first_trimester,2021-01-23
1206,Claudia,López,Zaragoza,ES,first_trimester,2021-10-22
1207,Joana,Carvalho,Zaragoza,ES,postpartum,2021-09-26
1208,Lucia,Martínez,Málaga,ES,second_trimester,2022-04-15
1209,Mariana,Oliveira,Málaga,ES,second_trimester,2022-06-26
1210,Carla,Sousa,Évora,PT,third_trimester,2021-07-06
1211,Rosa,Costa,Bilbao,ES,third_trimester,2021-06-07
1212,Rita,Rodrigues,Funchal,PT,first_trimester,2021-09-11
1213,Nuria,Carvalho,Alicante,ES,third_trimester,2021-09-26
1214,Nuria,López,Coimbra,PT,third_trimester,2022-07-07
1215,Lucia,Ferreira,Leiria,PT,second_trimester,2021-08-26
1216,Joana,Carvalho,Leiria,PT,postpartum,2021-02-15
1217,Mariana,Martínez,Barcelona,ES,third_trimester,2022-11-20
1218,Claudia,Jesus,Braga,PT,first_trimester,2021-07-24
1219,Carla,Martins,Alicante,ES,postpartum,2022-02-20
1220,Rita,Jesus,Leiria,PT,third_trimester,2022-05-03
1221,Beatriz,Martins,Lisboa,PT,first_trimester,2021-05-31
1222,Beatriz,Monteiro,Alicante,ES,postpartum,2022-06-24
1223,Paula,Silva,Faro,PT,postpartum,2021-10-12
1224,Mónica,Sánchez,Faro,PT,first_trimester,2021-11-16
1225,Joana,López,Valencia,ES,first_trimester,2022-04-28
1226,Paula,Ferreira,Lisboa,PT,second_trimester,2021-11-09
1227,Teresa,Martins,Évora,PT,second_trimester,2021-12-27
1228,Cristina,González,Alicante,ES,third_trimester,2022-11-20
1229,Susana,López,Valencia,ES,first_trimester,2021-03-22
1230,Rita,Monteiro,Braga,PT,first_trimester,2021-12-04
1231,Laura,López,Faro,PT,second_trimester,2022-03-06
1232,Catarina,Oliveira,Lisboa,PT,postpartum,2021-09-21
1233,Marta,Rodrigues,Bilbao,ES,postpartum,2022-02-28
1234,Diana,Martins,Setúbal,PT,first_trimester,2021-10-03
1235,Susana,González,Sevilla,ES,postpartum,2022-02-03
1236,Rita,Sánchez,Málaga,ES,second_trimester,2021-05-30
1237,Marta,Sánchez,Bilbao,ES,first_trimester,2022-07-12
1238,Isabel,Ferreira,Évora,PT,third_trimester,2021-07-25
1239,Raquel,Oliveira,Aveiro,PT,second_trimester,2021-06-29
1240,Nuria,González,Coimbra,PT,third_trimester,2022-03-26
1241,Sara,Fernández,Barcelona,ES,first_trimester,2021-08-21
1242,Patricia,Rodrigues,Funchal,PT,second_trimester,2021-12-01
1243,Inês,Santos,Aveiro,PT,first_trimester,2021-03-26
1244,Mariana,Almeida,Aveiro,PT,postpartum,2021-02-07
1245,Sara,Costa,Aveiro,PT,postpartum,2022-08-09
1246,Patricia,Ramos,Bilbao,ES,first_trimester,2022-07-24
1247,Patricia,Monteiro,Bilbao,ES,second_trimester,2022-07-18
1248,Maria,Carvalho,Évora,PT,first_trimester,2022-11-21
1249,Catarina,Ferreira,Madrid,ES,first_trimester,2021-02-19
1250,Patricia,Monteiro,Barcelona,ES,second_trimester,2022-06-17
1251,Susana,Sánchez,Leiria,PT,postpartum,2022-09-20
1252,Elena,Ramos,Braga,PT,postpartum,2022-06-09
1253,Joana,Costa,Madrid,ES,first_trimester,2021-04-16
1254,Susana,Martins,Sevilla,ES,first_trimester,2021-10-22
1255,Isabel,Martins,Leiria,PT,third_trimester,2022-11-05
1256,Rita,Ferreira,Braga,PT,third_trimester,2022-07-08
1257,Joana,Almeida,Leiria,PT,second_trimester,2022-12-18
1258,Beatriz,García,Sevilla,ES,second_trimester,2021-02-17
1259,Raquel,Monteiro,Sevilla,ES,second_trimester,2021-12-07
1260,Rita,Carvalho,Leiria,PT,second_trimester,2021-10-05
1261,Inês,Santos,Braga,PT,third_trimester,2021-02-02
1262,Paula,Ramos,Évora,PT,third_trimester,2022-12-25
1263,Carmen,Martins,Madrid,ES,postpartum,2021-08-24
1264,Susana,Pereira,Setúbal,PT,third_trimester,2022-09-02
1265,Filipa,Ramos,Leiria,PT,first_trimester,2022-10-12
1266,Filipa,Silva,Lisboa,PT,first_trimester,2021-02-23
1267,Sofia,García,Zaragoza,ES,second_trimester,2022-02-28
1268,Susana,Ramos,Málaga,ES,postpartum,2021-07-07
1269,Inês,Pereira,Setúbal,PT,second_trimester,2021-03-15
1270,Carmen,Monteiro,Lisboa,PT,third_trimester,2022-08-13
1271,Maria,Sánchez,Coimbra,PT,postpartum,2021-12-28
1272,Beatriz,Santos,Évora,PT,second_trimester,2021-03-27
1273,Carmen,Rodrigues,Funchal,PT,third_trimester,2022-08-31
1274,Mariana,Rodrigues,Funchal,PT,second_trimester,2022-08-27
1275,Raquel,Martínez,Sevilla,ES,postpartum,2021-03-15
1276,Teresa,Jesus,Sevilla,ES,third_trimester,2021-06-23
1277,Vera,Sousa,Faro,PT,postpartum,2021-04-08
1278,Cristina,Jesus,Leiria,PT,first_trimester,2021-06-07
1279,Catarina,López,Sevilla,ES,first_trimester,2022-06-15
1280,Joana,Fernández,Aveiro,PT,first_trimester,2021-07-12
1281,Mariana,López,Coimbra,PT,second_trimester,2021-09-08
1282,Nuria,Sánchez,Valencia,ES,second_trimester,2021-08-03
1283,Ana,Monteiro,Málaga,ES,second_trimester,2021-02-08
1284,Raquel,González,Sevilla,ES,postpartum,2022-12-30
1285,Rita,Silva,Leiria,PT,second_trimester,2021-03-21
1286,Maria,Santos,Faro,PT,second_trimester,2021-01-31
1287,Sofia,Rodrigues,Évora,PT,first_trimester,2021-05-08
1288,Inês,López,Alicante,ES,second_trimester,2022-09-16
1289,Carla,Martins,Aveiro,PT,third_trimester,2022-02-21
1290,Mariana,Ramos,Málaga,ES,postpartum,2021-05-27
1291,Rita,Sousa,Coimbra,PT,third_trimester,2021-10-14
1292,Vera,Pereira,Bilbao,ES,third_trimester,2022-06-27
1293,Nuria,Sánchez,Setúbal,PT,postpartum,2021-11-25
1294,Mónica,Rodrigues,Madrid,ES,third_trimester,2022-11-27
1295,Isabel,Costa,Barcelona,ES,second_trimester,2022-03-20
1296,Joana,Jesus,Braga,PT,first_trimester,2021-08-20
1297,Elena,Sousa,Braga,PT,third_trimester,2021-02-03
1298,Rosa,Rodrigues,Lisboa,PT,first_trimester,2022-10-11
1299,Sofia,Monteiro,Coimbra,PT,second_trimester,2022-07-25
1300,Carla,Rodrigues,Évora,PT,third_trimester,2022-01-02
1301,Raquel,Martínez,Bilbao,ES,postpartum,2022-04-30
1302,Joana,López,Faro,PT,second_trimester,2022-01-21
1303,Inês,Fernández,Porto,PT,first_trimester,2022-09-30
1304,Joana,Sánchez,Bilbao,ES,postpartum,2021-07-08
1305,Carmen,Pereira,Valencia,ES,third_trimester,2022-08-12
1306,Paula,Ferreira,Málaga,ES,postpartum,2021-04-04
1307,Sofia,Rodrigues,Alicante,ES,second_trimester,2022-08-07
1308,Vera,Martins,Lisboa,PT,second_trimester,2022-05-26
1309,Marta,Martínez,Leiria,PT,third_trimester,2021-02-06
1310,Claudia,Sánchez,Porto,PT,second_trimester,2021-09-08
1311,Catarina,Silva,Funchal,PT,third_trimester,2021-04-16
1312,Sara,Martins,Aveiro,PT,postpartum,2021-10-20
1313,Marta,Rodrigues,Barcelona,ES,second_trimester,2021-01-18
1314,Mariana,Carvalho,Porto,PT,third_trimester,2022-08-18
1315,Patricia,Sousa,Setúbal,PT,third_trimester,2021-02-09
1316,Teresa,Jesus,Leiria,PT,second_trimester,2022-01-29
1317,Sofia,Martínez,Madrid,ES,postpartum,2022-11-26
1318,Claudia,Monteiro,Barcelona,ES,second_trimester,2022-12-26
1319,Maria,Martins,Funchal,PT,first_trimester,2022-03-27
1320,Paula,Ramos,Zaragoza,ES,postpartum,2021-05-25
1321,Diana,Jesus,Évora,PT,second_trimester,2021-02-12
1322,Beatriz,García,Alicante,ES,postpartum,2021-05-07
1323,Laura,Ramos,Évora,PT,postpartum,2021-09-02
1324,Patricia,Rodrigues,Faro,PT,third_trimester,2021-04-07
1325,Carmen,Pereira,Barcelona,ES,first_trimester,2021-08-31
1326,Sofia,Almeida,Porto,PT,second_trimester,2021-05-24
1327,Vera,Santos,Porto,PT,second_trimester,2021-10-22
1328,Carla,Ferreira,Sevilla,ES,third_trimester,2021-04-30
1329,Joana,Sousa,Madrid,ES,first_trimester,2021-10-27
1330,Joana,Monteiro,Zaragoza,ES,third_trimester,2021-06-02
1331,Diana,López,Braga,PT,third_trimester,2022-10-04
1332,Sara,Almeida,Setúbal,PT,first_trimester,2022-12-27
1333,Patricia,Pereira,Coimbra,PT,third_trimester,2021-06-28
1334,Claudia,Monteiro,Málaga,ES,postpartum,2022-11-15
1335,Carmen,Fernández,Zaragoza,ES,postpartum,2022-01-07
1336,Sofia,Almeida,Barcelona,ES,first_trimester,2021-11-23
1337,Beatriz,Sánchez,Leiria,PT,second_trimester,2021-01-17
1338,Mariana,Costa,Coimbra,PT,second_trimester,2022-12-22
1339,Paula,López,Madrid,ES,postpartum,2022-05-10
1340,Beatriz,García,Madrid,ES,third_trimester,2022-06-04
1341,Filipa,López,Madrid,ES,first_trimester,2021-06-16
1342,Sofia,Silva,Sevilla,ES,third_trimester,2021-05-14
1343,Cristina,Pereira,Lisboa,PT,first_trimester,2022-05-07
1344,Mónica,Pereira,Faro,PT,first_trimester,2021-09-30
1345,Inês,Ferreira,Sevilla,ES,postpartum,2021-02-07
1346,Lucia,Sánchez,Coimbra,PT,second_trimester,2022-07-07
1347,Joana,Ramos,Coimbra,PT,first_trimester,2022-02-20
1348,Claudia,López,Setúbal,PT,first_trimester,2022-03-05
1349,Rita,Rodrigues,Évora,PT,second_trimester,2021-06-27
1350,Rosa,Sousa,Bilbao,ES,third_trimester,2022-07-18
1351,Rosa,Monteiro,Zaragoza,ES,first_trimester,2022-04-08
1352,Catarina,González,Funchal,PT,postpartum,2022-03-10
1353,Sofia,Oliveira,Funchal,PT,postpartum,2022-10-22
1354,Carmen,Ramos,Porto,PT,first_trimester,2022-10-12
1355,Catarina,Silva,Funchal,PT,third_trimester,2021-09-18
1356,Mónica,Pereira,Aveiro,PT,first_trimester,2022-03-03
1357,Raquel,Sánchez,Valencia,ES,second_trimester,2022-04-05
1358,Vera,García,Lisboa,PT,postpartum,2021-01-25
1359,Raquel,Jesus,Coimbra,PT,first_trimester,2021-04-12
1360,Vera,Silva,Lisboa,PT,postpartum,2022-06-09
1361,Susana,González,Braga,PT,first_trimester,2022-04-16
1362,Teresa,López,Braga,PT,second_trimester,2021-09-03
1363,Elena,Fernández,Barcelona,ES,second_trimester,2022-08-21
1364,Laura,Carvalho,Braga,PT,third_trimester,2021-10-21
1365,Paula,Martínez,Setúbal,PT,third_trimester,2021-11-10
1366,Nuria,García,Valencia,ES,postpartum,2022-03-26
1367,Maria,Oliveira,Bilbao,ES,second_trimester,2021-06-28
1368,Carmen,Sousa,Lisboa,PT,second_trimester,2021-03-16
1369,Nuria,Ferreira,Madrid,ES,third_trimester,2022-03-10
1370,Paula,Sánchez,Setúbal,PT,third_trimester,2021-04-29
1371,Rosa,García,Lisboa,PT,second_trimester,2021-03-10
1372,Filipa,Martins,Valencia,ES,second_trimester,2021-09-28
1373,Nuria,Sánchez,Zaragoza,ES,first_trimester,2022-06-11
1374,Sofia,Pereira,Faro,PT,third_trimester,2022-09-09
1375,Maria,García,Valencia,ES,first_trimester,2022-01-09
1376,Susana,García,Aveiro,PT,second_trimester,2022-03-07
1377,Maria,Pereira,Valencia,ES,first_trimester,2021-03-11
1378,Beatriz,Ramos,Zaragoza,ES,third_trimester,2021-11-23
1379,Raquel,Martins,Málaga,ES,second_trimester,2021-04-21
1380,Beatriz,Jesus,Bilbao,ES,first_trimester,2021-07-21
1381,Isabel,Santos,Faro,PT,postpartum,2022-05-15
1382,Marta,Monteiro,Faro,PT,second_trimester,2022-09-30
1383,Beatriz,Silva,Bilbao,ES,first_trimester,2021-02-28
1384,Mariana,Santos,Coimbra,PT,second_trimester,2021-04-03
1385,Rita,González,Barcelona,ES,postpartum,2022-12-02
1386,Vera,Fernández,Leiria,PT,postpartum,2022-04-01
1387,Claudia,García,Faro,PT,first_trimester,2022-05-30
1388,Elena,Ferreira,Barcelona,ES,second_trimester,2022-02-17
1389,Isabel,Costa,Faro,PT,second_trimester,2022-07-07
1390,Vera,Santos,Évora,PT,third_trimester,2022-09-14
1391,Elena,Martínez,Braga,PT,third_trimester,2022-09-09
1392,Sofia,Sousa,Zaragoza,ES,first_trimester,2022-12-27
1393,Paula,Sousa,Sevilla,ES,third_trimester,2022-01-17
1394,Ana,Pereira,Leiria,PT,first_trimester,2022-08-15
1395,Sofia,Santos,Valencia,ES,third_trimester,2021-06-05
1396,Lucia,Ferreira,Barcelona,ES,third_trimester,2021-11-09
1397,Carmen,Carvalho,Bilbao,ES,postpartum,2022-12-11
1398,Mónica,Monteiro,Aveiro,PT,first_trimester,2022-10-01
1399,Marta,Almeida,Bilbao,ES,second_trimester,2022-03-01
1400,Teresa,Carvalho,Lisboa,PT,third_trimester,2022-08-13
1401,Filipa,Oliveira,Málaga,ES,third_trimester,2022-02-05
1402,Joana,Carvalho,Setúbal,PT,first_trimester,2022-06-25
1403,Joana,Monteiro,Sevilla,ES,first_trimester,2022-06-27
1404,Isabel,Santos,Coimbra,PT,postpartum,2021-11-11
1405,Raquel,González,Coimbra,PT,second_trimester,2022-12-08
1406,Carmen,Sousa,Alicante,ES,third_trimester,2022-12-28
1407,Raquel,Fernández,Faro,PT,third_trimester,2022-09-04
1408,Nuria,Ferreira,Coimbra,PT,second_trimester,2021-09-01
1409,Mónica,Santos,Málaga,ES,second_trimester,2022-05-05
1410,Susana,Oliveira,Leiria,PT,third_trimester,2021-03-24
1411,Mariana,Sousa,Sevilla,ES,third_trimester,2021-03-15
1412,Beatriz,Almeida,Aveiro,PT,first_trimester,2021-12-12
1413,Joana,Rodrigues,Évora,PT,first_trimester,2021-11-10
1414,Teresa,González,Barcelona,ES,first_trimester,2021-06-07
1415,Rita,Monteiro,Lisboa,PT,postpartum,2021-04-23
1416,Inês,López,Faro,PT,third_trimester,2022-08-10
1417,Catarina,Rodrigues,Alicante,ES,second_trimester,2021-09-22
1418,Susana,López,Sevilla,ES,first_trimester,2022-09-04
1419,Sara,Pereira,Zaragoza,ES,postpartum,2021-12-20
1420,Patricia,Ferreira,Valencia,ES,postpartum,2021-10-29
1421,Filipa,Costa,Bilbao,ES,first_trimester,2022-08-23
1422,Carmen,García,Coimbra,PT,second_trimester,2021-02-08
1423,Carmen,Fernández,Alicante,ES,second_trimester,2021-04-28
1424,Joana,Martins,Lisboa,PT,first_trimester,2022-04-26
1425,Laura,Ramos,Madrid,ES,third_trimester,2022-03-01
1426,Laura,Jesus,Leiria,PT,second_trimester,2022-12-25
1427,Ana,Oliveira,Funchal,PT,second_trimester,2022-05-14
1428,Patricia,Sánchez,Aveiro,PT,second_trimester,2021-09-03
1429,Filipa,García,Funchal,PT,first_trimester,2022-09-13
1430,Elena,Pereira,Faro,PT,second_trimester,2021-02-19
1431,Marta,Pereira,Alicante,ES,postpartum,2021-01-29
1432,Mónica,Oliveira,Madrid,ES,first_trimester,2021-03-08
1433,Diana,Ferreira,Lisboa,PT,second_trimester,2022-12-10
1434,Ana,Sánchez,Faro,PT,second_trimester,2021-01-06
1435,Lucia,García,Madrid,ES,second_trimester,2022-01-25
1436,Raquel,García,Madrid,ES,first_trimester,2021-03-14
1437,Sara,Jesus,Setúbal,PT,postpartum,2022-03-22
1438,Rosa,Silva,Évora,PT,third_trimester,2021-02-26
1439,Laura,Santos,Bilbao,ES,third_trimester,2021-10-12
1440,Lucia,Pereira,Alicante,ES,third_trimester,2022-12-21
1441,Sofia,Almeida,Leiria,PT,second_trimester,2021-03-01
1442,Sofia,González,Madrid,ES,second_trimester,2021-12-09
1443,Beatriz,Sánchez,Faro,PT,postpartum,2022-11-28
1444,Filipa,Pereira,Setúbal,PT,third_trimester,2022-01-04
1445,Rita,Martínez,Málaga,ES,second_trimester,2022-05-12
1446,Vera,Sousa,Setúbal,PT,postpartum,2021-01-10
1447,Joana,Santos,Málaga,ES,third_trimester,2022-12-07
1448,Paula,Carvalho,Évora,PT,postpartum,2022-07-31
1449,Raquel,González,Porto,PT,first_trimester,2022-03-24
1450,Ana,Rodrigues,Porto,PT,third_trimester,2022-05-18
1451,Beatriz,Carvalho,Lisboa,PT,third_trimester,2022-04-27
1452,Susana,Costa,Funchal,PT,first_trimester,2022-08-16
1453,Laura,Sousa,Barcelona,ES,second_trimester,2022-10-26
1454,Mariana,Jesus,Aveiro,PT,third_trimester,2022-08-16
1455,Raquel,Jesus,Aveiro,PT,second_trimester,2021-07-03
1456,Filipa,López,Aveiro,PT,postpartum,2022-08-16
1457,Inês,Almeida,Alicante,ES,postpartum,2022-11-26
1458,Sofia,Oliveira,Madrid,ES,third_trimester,2021-02-16
1459,Diana,González,Faro,PT,third_trimester,2022-07-01
1460,Ana,Pereira,Coimbra,PT,third_trimester,2021-01-12
1461,Patricia,Sousa,Sevilla,ES,first_trimester,2022-12-03
1462,Sara,Almeida,Setúbal,PT,second_trimester,2022-03-04
1463,Sofia,Silva,Porto,PT,second_trimester,2022-06-27
1464,Mariana,Costa,Braga,PT,postpartum,2021-05-17
1465,Isabel,García,Sevilla,ES,second_trimester,2022-04-24
1466,Claudia,Fernández,Porto,PT,third_trimester,2021-05-11
1467,Diana,López,Zaragoza,ES,first_trimester,2021-09-25
1468,Ana,Sousa,Setúbal,PT,third_trimester,2022-05-11
1469,Mónica,Rodrigues,Porto,PT,first_trimester,2022-09-19
1470,Inês,Sánchez,Aveiro,PT,postpartum,2021-01-12
1471,Lucia,Pereira,Évora,PT,first_trimester,2021-07-13
1472,Teresa,Silva,Bilbao,ES,postpartum,2021-04-24
1473,Maria,Pereira,Bilbao,ES,second_trimester,2021-08-14
1474,Susana,Ramos,Sevilla,ES,second_trimester,2022-08-01
1475,Sofia,González,Setúbal,PT,third_trimester,2021-11-07
1476,Marta,Oliveira,Barcelona,ES,second_trimester,2022-07-25
1477,Raquel,Monteiro,Funchal,PT,third_trimester,2022-02-07
1478,Isabel,Martins,Porto,PT,second_trimester,2021-06-05
1479,Raquel,Sánchez,Braga,PT,second_trimester,2021-01-12
1480,Diana,Costa,Porto,PT,third_trimester,2021-02-16
1481,Rita,Ramos,Porto,PT,second_trimester,2021-09-03
1482,Isabel,García,Valencia,ES,third_trimester,2022-08-23
1483,Maria,Sánchez,Évora,PT,second_trimester,2021-05-17
1484,Paula,Carvalho,Leiria,PT,second_trimester,2021-07-02
1485,Joana,Rodrigues,Valencia,ES,second_trimester,2021-04-26
1486,Vera,Pereira,Lisboa,PT,first_trimester,2022-12-22
1487,Beatriz,Pereira,Bilbao,ES,postpartum,2022-04-19
1488,Joana,González,Málaga,ES,first_trimester,2022-12-17
1489,Mariana,Sánchez,Coimbra,PT,third_trimester,2022-04-22
1490,Isabel,Ramos,Sevilla,ES,postpartum,2022-06-11
1491,Teresa,Oliveira,Málaga,ES,second_trimester,2022-03-27
1492,Carmen,Ramos,Bilbao,ES,second_trimester,2021-08-12
1493,Cristina,Ramos,Leiria,PT,second_trimester,2021-07-31
1494,Elena,Carvalho,Barcelona,ES,second_trimester,2022-04-11
1495,Sofia,Martínez,Coimbra,PT,postpartum,2022-05-07
1496,Catarina,Martínez,Funchal,PT,second_trimester,2022-10-20
1497,Cristina,Jesus,Aveiro,PT,second_trimester,2021-08-15
1498,Filipa,Ramos,Faro,PT,second_trimester,2022-08-09
1499,Mónica,Ferreira,Aveiro,PT,third_trimester,2021-06-02
1500,Cristina,Monteiro,Leiria,PT,second_trimester,2021-12-24
1501,Claudia,Silva,Aveiro,PT,second_trimester,2021-12-12
1502,Inês,Sousa,Madrid,ES,second_trimester,2021-10-09
1503,Rosa,Ramos,Valencia,ES,second_trimester,2022-10-16
1504,Diana,Sousa,Lisboa,PT,third_trimester,2021-07-10
1505,Marta,Jesus,Faro,PT,postpartum,2021-04-09
1506,Mariana,Pereira,Málaga,ES,first_trimester,2021-05-28
1507,Beatriz,Oliveira,Braga,PT,second_trimester,2022-03-14
1508,Inês,Fernández,Setúbal,PT,second_trimester,2021-02-16
1509,Marta,Jesus,Madrid,ES,second_trimester,2022-08-15
1510,Cristina,Martínez,Madrid,ES,second_trimester,2022-07-12
1511,Carmen,Martins,Barcelona,ES,second_trimester,2021-03-04
1512,Ana,Ramos,Porto,PT,second_trimester,2021-07-28
1513,Mariana,González,Sevilla,ES,second_trimester,2021-01-06
1514,Cristina,Fernández,Zaragoza,ES,postpartum,2022-10-02
1515,Cristina,Sousa,Aveiro,PT,first_trimester,2022-09-22
1516,Catarina,Costa,Coimbra,PT,second_trimester,2021-03-10
1517,Rosa,Martins,Zaragoza,ES,first_trimester,2021-08-03
1518,Isabel,Rodrigues,Faro,PT,second_trimester,2021-04-04
1519,Rita,Martínez,Bilbao,ES,second_trimester,2022-04-12
1520,Catarina,Jesus,Barcelona,ES,first_trimester,2022-06-20
1521,Sara,Carvalho,Braga,PT,second_trimester,2021-04-13
1522,Mariana,Monteiro,Braga,PT,postpartum,2022-07-05
1523,Susana,Martínez,Faro,PT,second_trimester,2022-08-05
1524,Cristina,Sousa,Málaga,ES,first_trimester,2021-11-15
1525,Isabel,García,Funchal,PT,third_trimester,2022-06-27
1526,Filipa,Ferreira,Setúbal,PT,third_trimester,2021-01-16
1527,Maria,Fernández,Alicante,ES,second_trimester,2022-02-20
1528,Laura,Santos,Sevilla,ES,third_trimester,2021-05-07
1529,Beatriz,Fernández,Valencia,ES,third_trimester,2022-11-26
1530,Carla,Almeida,Madrid,ES,second_trimester,2021-12-23
1531,Marta,Oliveira,Coimbra,PT,second_trimester,2021-03-11
1532,Raquel,Ferreira,Évora,PT,third_trimester,2021-04-11
1533,Rosa,Martins,Barcelona,ES,second_trimester,2022-05-05
1534,Cristina,Costa,Setúbal,PT,second_trimester,2022-03-30
1535,Raquel,Silva,Évora,PT,second_trimester,2022-12-13
1536,Susana,Ferreira,Faro,PT,second_trimester,2022-06-08
1537,Rita,Sousa,Setúbal,PT,third_trimester,2021-11-03
1538,Rita,González,Setúbal,PT,first_trimester,2021-04-16
1539,Isabel,Almeida,Braga,PT,third_trimester,2022-02-01
1540,Maria,Oliveira,Lisboa,PT,first_trimester,2022-05-20
1541,Carmen,Carvalho,Málaga,ES,third_trimester,2021-12-25
1542,Sofia,Silva,Aveiro,PT,second_trimester,2022-05-08
1543,Rita,Oliveira,Valencia,ES,second_trimester,2022-07-13
1544,Nuria,Pereira,Madrid,ES,second_trimester,2021-07-29
1545,Rosa,González,Sevilla,ES,second_trimester,2021-05-11
1546,Vera,Sánchez,Lisboa,PT,second_trimester,2021-04-18
1547,Rosa,Monteiro,Sevilla,ES,second_trimester,2022-12-31
1548,Carmen,Carvalho,Faro,PT,third_trimester,2021-09-15
1549,Teresa,Ferreira,Porto,PT,postpartum,2022-02-11
1550,Patricia,González,Braga,PT,second_trimester,2022-01-17
1551,Patricia,Silva,Évora,PT,postpartum,2021-11-25
1552,Ana,González,Évora,PT,postpartum,2022-01-13
1553,Catarina,González,Évora,PT,third_trimester,2021-09-01
1554,Rita,Carvalho,Aveiro,PT,postpartum,2021-06-08
1555,Joana,Ferreira,Évora,PT,second_trimester,2022-06-17
1556,Ana,García,Setúbal,PT,third_trimester,2022-02-11
1557,Nuria,Sánchez,Sevilla,ES,second_trimester,2022-02-03
1558,Filipa,Santos,Madrid,ES,first_trimester,2022-08-04
1559,Mónica,Carvalho,Lisboa,PT,third_trimester,2021-08-15
1560,Catarina,Sánchez,Porto,PT,second_trimester,2021-05-03
1561,Raquel,Sousa,Zaragoza,ES,postpartum,2021-10-16
1562,Mónica,Jesus,Évora,PT,third_trimester,2021-01-29
1563,Sara,Ramos,Madrid,ES,third_trimester,2022-08-17
1564,Filipa,Ferreira,Braga,PT,second_trimester,2021-10-21
1565,Carmen,Costa,Málaga,ES,postpartum,2022-05-13
1566,Rosa,Carvalho,Aveiro,PT,second_trimester,2022-03-24
1567,Diana,Martínez,Alicante,ES,third_trimester,2022-08-08
1568,Teresa,Costa,Málaga,ES,first_trimester,2021-02-23
1569,Diana,González,Funchal,PT,third_trimester,2022-10-21
1570,Laura,Santos,Aveiro,PT,first_trimester,2021-03-22
1571,Joana,García,Lisboa,PT,second_trimester,2022-09-13
1572,Mariana,Ramos,Málaga,ES,postpartum,2022-12-12
1573,Beatriz,Monteiro,Coimbra,PT,first_trimester,2021-01-21
1574,Sofia,Martínez,Évora,PT,second_trimester,2021-11-08
1575,Rosa,Sánchez,Setúbal,PT,postpartum,2022-11-08
1576,Diana,Pereira,Valencia,ES,second_trimester,2021-02-15
1577,Vera,Martins,Málaga,ES,second_trimester,2021-05-06
1578,Diana,González,Sevilla,ES,first_trimester,2022-11-21
1579,Paula,Martínez,Valencia,ES,postpartum,2022-01-14
1580,Mariana,Pereira,Sevilla,ES,second_trimester,2021-04-24
1581,Nuria,Ferreira,Coimbra,PT,third_trimester,2022-12-13
1582,Rita,Sánchez,Braga,PT,postpartum,2021-06-22
1583,Isabel,Ferreira,Coimbra,PT,second_trimester,2021-05-13
1584,Rosa,Carvalho,Évora,PT,second_trimester,2021-08-23
1585,Paula,Sousa,Porto,PT,postpartum,2022-12-15
1586,Rita,García,Barcelona,ES,second_trimester,2022-02-05
1587,Mariana,Silva,Faro,PT,second_trimester,2021-07-05
1588,Sofia,Sánchez,Setúbal,PT,second_trimester,2021-07-10
1589,Vera,Fernández,Sevilla,ES,postpartum,2022-08-28
1590,Lucia,Silva,Funchal,PT,third_trimester,2021-06-01
1591,Carla,Martins,Valencia,ES,second_trimester,2022-01-14
1592,Lucia,González,Évora,PT,second_trimester,2021-09-28
1593,Carla,López,Sevilla,ES,third_trimester,2021-11-02
1594,Isabel,González,Málaga,ES,third_trimester,2021-06-20
1595,Patricia,Almeida,Alicante,ES,postpartum,2022-05-08
1596,Isabel,Santos,Porto,PT,third_trimester,2021-07-18
1597,Lucia,Carvalho,Barcelona,ES,second_trimester,2022-11-21
1598,Susana,Martínez,Valencia,ES,first_trimester,2021-06-15
1599,Vera,Martínez,Málaga,ES,postpartum,2022-03-12
1600,Cristina,Santos,Madrid,ES,second_trimester,2022-08-15
1601,Carmen,Pereira,Barcelona,ES,second_trimester,2021-02-08
1602,Cristina,Sousa,Lisboa,PT,second_trimester,2022-07-20
1603,Carmen,Almeida,Madrid,ES,first_trimester,2022-12-09
1604,Ana,Sánchez,Leiria,PT,second_trimester,2021-03-06
1605,Sara,Ferreira,Évora,PT,third_trimester,2022-01-31
1606,Filipa,González,Lisboa,PT,second_trimester,2021-02-18
1607,Mónica,García,Évora,PT,postpartum,2022-09-25
1608,Maria,Santos,Setúbal,PT,third_trimester,2022-02-23
1609,Carmen,Carvalho,Alicante,ES,second_trimester,2022-11-16
1610,Catarina,Rodrigues,Coimbra,PT,third_trimester,2021-12-11
1611,Vera,Sánchez,Madrid,ES,postpartum,2022-03-22
1612,Patricia,Oliveira,Barcelona,ES,first_trimester,2021-08-08
1613,Catarina,Ramos,Coimbra,PT,third_trimester,2022-01-23
1614,Laura,Almeida,Setúbal,PT,third_trimester,2022-07-08
1615,Maria,Sousa,Porto,PT,second_trimester,2022-10-25
1616,Mónica,Costa,Braga,PT,second_trimester,2021-10-10
1617,Catarina,Jesus,Lisboa,PT,postpartum,2021-12-10
1618,Rita,Almeida,Valencia,ES,second_trimester,2021-09-03
1619,Elena,Jesus,Málaga,ES,first_trimester,2021-11-11
1620,Diana,Sánchez,Sevilla,ES,postpartum,2022-02-12
1621,Patricia,Almeida,Coimbra,PT,third_trimester,2022-06-27
1622,Marta,Carvalho,Sevilla,ES,second_trimester,2022-01-04
1623,Raquel,Jesus,Madrid,ES,third_trimester,2022-10-23
1624,Susana,Ramos,Funchal,PT,third_trimester,2021-12-22
1625,Teresa,Martins,Barcelona,ES,third_trimester,2021-09-21
1626,Laura,Silva,Sevilla,ES,third_trimester,2021-11-17
1627,Raquel,Oliveira,Setúbal,PT,second_trimester,2021-08-16
1628,Mariana,Santos,Alicante,ES,third_trimester,2021-01-19
1629,Lucia,Almeida,Funchal,PT,second_trimester,2021-10-08
1630,Maria,Martins,Setúbal,PT,third_trimester,2021-09-05
1631,Patricia,Rodrigues,Coimbra,PT,second_trimester,2021-05-04
1632,Nuria,Oliveira,Málaga,ES,second_trimester,2021-11-11
1633,Mónica,Ramos,Funchal,PT,third_trimester,2021-09-11
1634,Diana,Pereira,Faro,PT,postpartum,2022-05-03
1635,Lucia,Martínez,Porto,PT,second_trimester,2022-06-24
1636,Carla,Ferreira,Évora,PT,postpartum,2022-03-15
1637,Paula,Oliveira,Valencia,ES,second_trimester,2021-04-15
1638,Raquel,Martínez,Aveiro,PT,postpartum,2021-11-23
1639,Rita,Santos,Porto,PT,postpartum,2021-08-01
1640,Rosa,Jesus,Zaragoza,ES,postpartum,2022-04-11
1641,Mariana,Sousa,Funchal,PT,third_trimester,2022-09-04
1642,Claudia,González,Málaga,ES,third_trimester,2022-10-07
1643,Elena,Pereira,Zaragoza,ES,second_trimester,2022-11-08
1644,Inês,Silva,Leiria,PT,first_trimester,2021-05-17
1645,Carmen,Monteiro,Funchal,PT,second_trimester,2021-12-17
1646,Carla,Pereira,Barcelona,ES,first_trimester,2022-11-09
1647,Nuria,Martins,Faro,PT,second_trimester,2021-08-05
1648,Mariana,Almeida,Madrid,ES,second_trimester,2022-04-21
1649,Cristina,Jesus,Barcelona,ES,second_trimester,2022-09-18
1650,Sara,Jesus,Funchal,PT,third_trimester,2021-10-08
1651,Laura,Santos,Alicante,ES,first_trimester,2021-11-15
1652,Maria,López,Setúbal,PT,third_trimester,2022-05-02
1653,Raquel,Costa,Évora,PT,third_trimester,2022-06-13
1654,Carla,Costa,Zaragoza,ES,second_trimester,2021-06-17
1655,Carmen,Sánchez,Faro,PT,first_trimester,2021-08-21
1656,Carla,Pereira,Barcelona,ES,first_trimester,2022-03-06
1657,Isabel,Jesus,Madrid,ES,first_trimester,2021-12-01
1658,Patricia,Santos,Barcelona,ES,third_trimester,2022-11-18
1659,Patricia,López,Coimbra,PT,postpartum,2021-12-27
1660,Maria,Santos,Bilbao,ES,second_trimester,2022-04-24
1661,Carmen,García,Braga,PT,third_trimester,2022-10-11
1662,Filipa,Sousa,Sevilla,ES,postpartum,2021-09-28
1663,Vera,Silva,Barcelona,ES,third_trimester,2021-09-24
1664,Catarina,García,Valencia,ES,postpartum,2022-07-15
1665,Beatriz,Silva,Lisboa,PT,second_trimester,2021-06-06
1666,Susana,Costa,Leiria,PT,second_trimester,2022-06-15
1667,Beatriz,Santos,Coimbra,PT,third_trimester,2021-07-28
1668,Lucia,Santos,Leiria,PT,second_trimester,2022-07-17
1669,Diana,González,Aveiro,PT,second_trimester,2021-03-20
1670,Susana,Martins,Porto,PT,second_trimester,2022-12-02
1671,Nuria,Sousa,Zaragoza,ES,postpartum,2021-10-15
1672,Mónica,Rodrigues,Zaragoza,ES,third_trimester,2021-06-15
1673,Lucia,Rodrigues,Évora,PT,second_trimester,2022-08-07
1674,Catarina,Fernández,Alicante,ES,second_trimester,2021-02-17
1675,Sofia,Costa,Braga,PT,third_trimester,2022-03-11
1676,Nuria,Santos,Coimbra,PT,second_trimester,2021-09-11
1677,Carmen,Rodrigues,Leiria,PT,second_trimester,2021-04-24
1678,Inês,Monteiro,Faro,PT,first_trimester,2021-03-09
1679,Laura,Monteiro,Málaga,ES,first_trimester,2021-01-26
1680,Rosa,Carvalho,Málaga,ES,second_trimester,2022-12-25
1681,Nuria,Jesus,Zaragoza,ES,postpartum,2021-11-21
1682,Catarina,Monteiro,Aveiro,PT,second_trimester,2021-10-23
1683,Vera,Jesus,Alicante,ES,first_trimester,2021-06-14
1684,Maria,Santos,Málaga,ES,third_trimester,2022-02-09
1685,Nuria,Pereira,Braga,PT,first_trimester,2022-03-09
1686,Diana,Santos,Aveiro,PT,postpartum,2021-05-31
1687,Claudia,Carvalho,Leiria,PT,first_trimester,2021-07-16
1688,Inês,Carvalho,Barcelona,ES,postpartum,2022-02-12
1689,Paula,López,Funchal,PT,second_trimester,2021-08-20
1690,Marta,Costa,Lisboa,PT,second_trimester,2021-08-10
1691,Nuria,Oliveira,Barcelona,ES,first_trimester,2022-09-02
1692,Carla,Fernández,Sevilla,ES,third_trimester,2022-04-29
1693,Sofia,Santos,Alicante,ES,first_trimester,2022-09-20
1694,Rita,Jesus,Valencia,ES,second_trimester,2022-06-16
1695,Teresa,Sousa,Coimbra,PT,third_trimester,2022-07-09
1696,Lucia,Fernández,Bilbao,ES,second_trimester,2021-08-19
1697,Raquel,Oliveira,Leiria,PT,third_trimester,2021-11-29
1698,Claudia,García,Valencia,ES,first_trimester,2021-07-28
1699,Raquel,González,Málaga,ES,second_trimester,2021-10-20
1700,Ana,Ramos,Barcelona,ES,postpartum,2021-08-04
1701,Catarina,García,Braga,PT,second_trimester,2021-01-21
1702,Filipa,Ramos,Málaga,ES,third_trimester,2022-10-04
1703,Mariana,Carvalho,Zaragoza,ES,first_trimester,2021-09-20
1704,Patricia,Carvalho,Lisboa,PT,first_trimester,2021-12-11
1705,Maria,Ferreira,Funchal,PT,postpartum,2022-05-15
1706,Nuria,García,Lisboa,PT,first_trimester,2022-06-29
1707,Rita,Rodrigues,Funchal,PT,first_trimester,2021-01-13
1708,Carla,Rodrigues,Bilbao,ES,second_trimester,2022-03-06
1709,Claudia,García,Aveiro,PT,first_trimester,2021-01-30
1710,Claudia,González,Aveiro,PT,second_trimester,2021-04-15
1711,Elena,Costa,Valencia,ES,second_trimester,2022-05-30
1712,Elena,Ramos,Porto,PT,first_trimester,2022-04-16
1713,Laura,Santos,Lisboa,PT,third_trimester,2021-09-04
1714,Mariana,Almeida,Funchal,PT,second_trimester,2021-06-26
1715,Carla,Sánchez,Bilbao,ES,first_trimester,2022-06-13
1716,Carmen,Pereira,Málaga,ES,second_trimester,2021-07-02
1717,Carla,Jesus,Setúbal,PT,postpartum,2022-01-29
1718,Sofia,Martínez,Lisboa,PT,third_trimester,2021-01-19
1719,Teresa,López,Málaga,ES,second_trimester,2021-04-04
1720,Maria,Carvalho,Évora,PT,second_trimester,2022-11-19
1721,Mónica,Sánchez,Bilbao,ES,second_trimester,2021-05-11
1722,Patricia,González,Málaga,ES,third_trimester,2021-11-24
1723,Paula,Almeida,Setúbal,PT,second_trimester,2021-12-29
1724,Beatriz,Silva,Faro,PT,second_trimester,2022-11-22
1725,Vera,Jesus,Aveiro,PT,postpartum,2022-02-13
1726,Paula,López,Funchal,PT,first_trimester,2022-10-15
1727,Susana,Ramos,Porto,PT,postpartum,2022-02-11
1728,Joana,Sánchez,Faro,PT,first_trimester,2021-04-15
1729,Beatriz,Sánchez,Funchal,PT,second_trimester,2021-11-01
1730,Sofia,Almeida,Leiria,PT,first_trimester,2022-11-30
1731,Paula,Santos,Valencia,ES,second_trimester,2022-08-28
1732,Ana,Rodrigues,Évora,PT,second_trimester,2022-04-25
1733,Mónica,Fernández,Barcelona,ES,third_trimester,2022-05-11
1734,Elena,Monteiro,Barcelona,ES,third_trimester,2022-07-12
1735,Claudia,Rodrigues,Lisboa,PT,second_trimester,2022-08-22
1736,Mónica,Sousa,Faro,PT,postpartum,2022-12-15
1737,Lucia,Rodrigues,Lisboa,PT,third_trimester,2021-01-20
1738,Susana,Fernández,Barcelona,ES,second_trimester,2022-08-10
1739,Patricia,Santos,Braga,PT,postpartum,2022-05-24
1740,Nuria,Martínez,Évora,PT,second_trimester,2021-09-17
1741,Ana,Almeida,Barcelona,ES,postpartum,2021-03-03
1742,Vera,Sánchez,Bilbao,ES,postpartum,2022-12-27
1743,Rosa,Monteiro,Barcelona,ES,third_trimester,2022-03-01
1744,Isabel,García,Málaga,ES,second_trimester,2021-01-07
1745,Claudia,Fernández,Málaga,ES,first_trimester,2021-08-09
1746,Claudia,Carvalho,Málaga,ES,postpartum,2021-01-07
1747,Inês,Sousa,Braga,PT,third_trimester,2022-08-20
1748,Filipa,Pereira,Setúbal,PT,third_trimester,2021-05-09
1749,Rosa,Ferreira,Faro,PT,postpartum,2021-12-25
1750,Vera,Jesus,Lisboa,PT,third_trimester,2022-08-20
1751,Susana,Carvalho,Aveiro,PT,third_trimester,2021-03-26
1752,Patricia,Monteiro,Évora,PT,second_trimester,2022-01-09
1753,Joana,Sánchez,Braga,PT,first_trimester,2022-05-26
1754,Mariana,Jesus,Lisboa,PT,second_trimester,2022-03-02
1755,Inês,Carvalho,Setúbal,PT,second_trimester,2022-01-07
1756,Vera,Martins,Setúbal,PT,first_trimester,2022-10-08
1757,Carmen,Martins,Bilbao,ES,second_trimester,2021-02-02
1758,Carmen,Ramos,Madrid,ES,postpartum,2022-01-21
1759,Sofia,Carvalho,Faro,PT,third_trimester,2021-07-25
1760,Rita,Sánchez,Lisboa,PT,first_trimester,2021-07-05
1761,Carla,Almeida,Funchal,PT,postpartum,2022-05-14
1762,Vera,Fernández,Alicante,ES,second_trimester,2022-05-24
1763,Cristina,Monteiro,Setúbal,PT,third_trimester,2021-04-27
1764,Sofia,Santos,Madrid,ES,first_trimester,2021-11-26
1765,Paula,López,Bilbao,ES,first_trimester,2021-06-18
1766,Catarina,Pereira,Lisboa,PT,third_trimester,2022-01-19
1767,Claudia,Fernández,Barcelona,ES,second_trimester,2021-11-23
1768,Joana,Sánchez,Setúbal,PT,first_trimester,2022-02-12
1769,Vera,Sánchez,Madrid,ES,first_trimester,2021-01-18
1770,Laura,Martins,Valencia,ES,third_trimester,2022-03-26
1771,Carmen,Costa,Porto,PT,first_trimester,2022-11-01
1772,Rosa,López,Évora,PT,second_trimester,2021-06-24
1773,Elena,Carvalho,Lisboa,PT,third_trimester,2022-10-19
1774,Filipa,Carvalho,Zaragoza,ES,second_trimester,2022-06-01
1775,Elena,Silva,Coimbra,PT,postpartum,2022-01-05
1776,Ana,Sousa,Coimbra,PT,third_trimester,2022-07-16
1777,Nuria,Ferreira,Valencia,ES,second_trimester,2022-05-16
1778,Laura,Sousa,Málaga,ES,third_trimester,2022-07-09
1779,Mariana,Carvalho,Aveiro,PT,first_trimester,2022-07-11
1780,Vera,Rodrigues,Valencia,ES,postpartum,2022-02-06
1781,Carmen,Ferreira,Setúbal,PT,third_trimester,2022-04-27
1782,Sofia,Pereira,Setúbal,PT,third_trimester,2021-09-21
1783,Rita,Ferreira,Porto,PT,second_trimester,2021-07-29
1784,Rita,López,Madrid,ES,third_trimester,2022-10-31
1785,Mariana,Silva,Zaragoza,ES,third_trimester,2022-11-12
1786,Rosa,Fernández,Évora,PT,postpartum,2021-06-02
1787,Catarina,Costa,Setúbal,PT,second_trimester,2022-05-20
1788,Cristina,Sousa,Évora,PT,first_trimester,2022-03-04
1789,Mariana,Ferreira,Setúbal,PT,third_trimester,2022-03-19
1790,Claudia,Silva,Málaga,ES,third_trimester,2021-06-28
1791,Maria,Costa,Madrid,ES,first_trimester,2021-04-27
1792,Susana,Jesus,Braga,PT,second_trimester,2022-04-03
1793,Vera,Costa,Aveiro,PT,second_trimester,2021-05-20
1794,Marta,Costa,Setúbal,PT,third_trimester,2022-02-05
1795,Rita,Monteiro,Braga,PT,second_trimester,2022-12-20
1796,Mónica,Fernández,Madrid,ES,second_trimester,2022-10-05
1797,Joana,García,Porto,PT,third_trimester,2022-01-21
1798,Raquel,Ramos,Funchal,PT,first_trimester,2022-08-11
1799,Sara,Silva,Aveiro,PT,first_trimester,2022-02-15
1800,Lucia,Oliveira,Zaragoza,ES,third_trimester,2022-06-17
1801,Beatriz,Almeida,Porto,PT,second_trimester,2021-05-11
1802,Elena,García,Aveiro,PT,third_trimester,2021-12-20
1803,Claudia,Santos,Sevilla,ES,first_trimester,2022-05-26
1804,Vera,Costa,Porto,PT,second_trimester,2022-06-14
1805,Teresa,Fernández,Sevilla,ES,second_trimester,2021-03-22
1806,Rita,Carvalho,Faro,PT,first_trimester,2022-11-16
1807,Ana,Fernández,Braga,PT,third_trimester,2021-05-09
1808,Sara,Rodrigues,Leiria,PT,second_trimester,2022-05-07
1809,Rita,Almeida,Faro,PT,second_trimester,2021-12-27
1810,Carla,López,Faro,PT,second_trimester,2021-12-08
1811,Inês,Ferreira,Faro,PT,third_trimester,2022-05-17
1812,Filipa,Fernández,Málaga,ES,third_trimester,2021-06-13
1813,Carla,Jesus,Alicante,ES,third_trimester,2021-07-30
1814,Filipa,Pereira,Barcelona,ES,postpartum,2021-10-26
1815,Mariana,Carvalho,Madrid,ES,first_trimester,2022-03-19
1816,Patricia,Monteiro,Lisboa,PT,second_trimester,2022-06-05
1817,Beatriz,Sánchez,Alicante,ES,second_trimester,2021-01-10
1818,Vera,Oliveira,Valencia,ES,postpartum,2021-01-23
1819,Diana,Rodrigues,Funchal,PT,postpartum,2021-04-13
1820,Diana,Sousa,Málaga,ES,third_trimester,2022-12-16
1821,Inês,López,Sevilla,ES,third_trimester,2021-06-20
1822,Carla,Pereira,Braga,PT,first_trimester,2021-02-14
1823,Ana,Martínez,Zaragoza,ES,third_trimester,2022-03-26
1824,Paula,Martínez,Porto,PT,second_trimester,2022-10-11
1825,Diana,Monteiro,Valencia,ES,first_trimester,2022-11-07
1826,Isabel,Fernández,Málaga,ES,first_trimester,2022-10-15
1827,Cristina,Almeida,Lisboa,PT,postpartum,2021-07-02
1828,Laura,Ferreira,Barcelona,ES,first_trimester,2022-10-01
1829,Susana,Jesus,Setúbal,PT,postpartum,2021-03-13
1830,Inês,Sousa,Valencia,ES,second_trimester,2022-12-14
1831,Isabel,García,Faro,PT,second_trimester,2022-08-12
1832,Carla,López,Valencia,ES,first_trimester,2021-03-13
1833,Sofia,García,Braga,PT,second_trimester,2021-11-07
1834,Mariana,Santos,Aveiro,PT,first_trimester,2022-08-07
1835,Elena,Pereira,Lisboa,PT,third_trimester,2022-08-28
1836,Susana,López,Braga,PT,second_trimester,2022-11-24
1837,Carmen,García,Évora,PT,third_trimester,2021-10-09
1838,Isabel,Fernández,Alicante,ES,second_trimester,2022-01-05
1839,Marta,Silva,Funchal,PT,third_trimester,2022-11-25
1840,Paula,González,Lisboa,PT,postpartum,2022-05-19
1841,Vera,González,Bilbao,ES,second_trimester,2022-08-30
1842,Claudia,Sousa,Lisboa,PT,first_trimester,2021-02-23
1843,Susana,Carvalho,Faro,PT,first_trimester,2022-05-30
1844,Carmen,López,Aveiro,PT,third_trimester,2021-11-13
1845,Lucia,Jesus,Zaragoza,ES,third_trimester,2022-10-09
1846,Vera,Fernández,Coimbra,PT,postpartum,2022-06-13
1847,Carmen,Ramos,Málaga,ES,postpartum,2021-01-27
1848,Paula,Almeida,Aveiro,PT,second_trimester,2022-09-07
1849,Nuria,García,Bilbao,ES,second_trimester,2022-01-29
1850,Rosa,Oliveira,Madrid,ES,first_trimester,2022-08-14
1851,Claudia,Ramos,Évora,PT,first_trimester,2022-10-18
1852,Mónica,Sousa,Sevilla,ES,third_trimester,2022-12-22
1853,Claudia,González,Porto,PT,second_trimester,2022-09-10
1854,Sara,Silva,Braga,PT,postpartum,2021-09-14
1855,Carla,Carvalho,Funchal,PT,third_trimester,2022-10-02
1856,Rita,González,Madrid,ES,second_trimester,2022-09-18
1857,Joana,Costa,Alicante,ES,first_trimester,2022-07-20
1858,Carla,López,Porto,PT,third_trimester,2022-08-22
1859,Catarina,Almeida,Braga,PT,third_trimester,2021-12-26
1860,Mónica,Sánchez,Funchal,PT,postpartum,2021-04-19
1861,Sofia,Martins,Valencia,ES,third_trimester,2021-07-30
1862,Raquel,López,Valencia,ES,first_trimester,2021-01-08
1863,Marta,Pereira,Zaragoza,ES,first_trimester,2022-12-19
1864,Catarina,García,Leiria,PT,second_trimester,2021-02-16
1865,Marta,Martínez,Funchal,PT,third_trimester,2021-03-31
1866,Laura,Sánchez,Funchal,PT,first_trimester,2022-03-24
1867,Marta,Jesus,Madrid,ES,second_trimester,2022-04-07
1868,Joana,García,Sevilla,ES,second_trimester,2021-03-14
1869,Sara,Sánchez,Porto,PT,postpartum,2021-05-15
1870,Paula,Jesus,Porto,PT,first_trimester,2022-09-19
1871,Elena,Pereira,Porto,PT,postpartum,2021-09-18
1872,Mariana,Costa,Braga,PT,postpartum,2022-09-03
1873,Rosa,González,Lisboa,PT,first_trimester,2022-02-02
1874,Lucia,Ramos,Porto,PT,third_trimester,2022-12-11
1875,Rita,Martins,Barcelona,ES,first_trimester,2021-02-01
1876,Claudia,Costa,Bilbao,ES,third_trimester,2022-12-26
1877,Rosa,Carvalho,Valencia,ES,first_trimester,2021-01-27
1878,Sofia,Santos,Zaragoza,ES,postpartum,2022-01-11
1879,Joana,Almeida,Barcelona,ES,second_trimester,2021-07-11
1880,Beatriz,Fernández,Funchal,PT,first_trimester,2022-05-06
1881,Sara,Martínez,Sevilla,ES,third_trimester,2021-06-03
1882,Filipa,Costa,Setúbal,PT,third_trimester,2021-02-22
1883,Claudia,Sánchez,Alicante,ES,third_trimester,2022-04-12
1884,Sofia,Martins,Madrid,ES,postpartum,2021-02-06
1885,Elena,González,Funchal,PT,postpartum,2022-11-12
1886,Raquel,Santos,Coimbra,PT,first_trimester,2021-02-15
1887,Beatriz,Ramos,Setúbal,PT,third_trimester,2021-12-11
1888,Rita,Jesus,Zaragoza,ES,second_trimester,2022-10-03
1889,Teresa,Fernández,Setúbal,PT,second_trimester,2022-03-02
1890,Ana,Fernández,Zaragoza,ES,third_trimester,2021-02-13
1891,Paula,Jesus,Setúbal,PT,third_trimester,2022-04-16
1892,Catarina,Santos,Braga,PT,second_trimester,2021-12-12
1893,Mónica,Ferreira,Sevilla,ES,postpartum,2022-02-18
1894,Lucia,Sousa,Barcelona,ES,second_trimester,2022-04-24
1895,Catarina,Sousa,Leiria,PT,third_trimester,2022-01-25
1896,Lucia,Ferreira,Évora,PT,second_trimester,2021-04-19
1897,Claudia,Sánchez,Coimbra,PT,third_trimester,2021-10-10
1898,Sara,Silva,Porto,PT,first_trimester,2021-11-13
1899,Marta,Monteiro,Setúbal,PT,third_trimester,2021-03-23
1900,Mariana,Oliveira,Porto,PT,postpartum,2022-12-19
1901,Vera,Fernández,Valencia,ES,third_trimester,2022-11-11
1902,Ana,Martins,Braga,PT,second_trimester,2021-03-27
1903,Patricia,Sánchez,Bilbao,ES,third_trimester,2021-01-13
1904,Sara,Sousa,Porto,PT,postpartum,2022-06-02
1905,Isabel,García,Aveiro,PT,postpartum,2021-09-14
1906,Cristina,López,Braga,PT,second_trimester,2022-03-05
1907,Diana,Martins,Setúbal,PT,first_trimester,2021-08-31
1908,Vera,López,Zaragoza,ES,third_trimester,2022-07-23
1909,Nuria,Martínez,Lisboa,PT,second_trimester,2021-07-19
1910,Claudia,Sousa,Málaga,ES,second_trimester,2022-07-08
1911,Claudia,Costa,Alicante,ES,postpartum,2022-03-25
1912,Lucia,Martins,Setúbal,PT,first_trimester,2021-09-10
1913,Isabel,García,Leiria,PT,second_trimester,2022-01-13
1914,Vera,Oliveira,Barcelona,ES,second_trimester,2021-07-18
1915,Catarina,Carvalho,Porto,PT,second_trimester,2022-02-08
1916,Ana,González,Barcelona,ES,postpartum,2021-03-21
1917,Raquel,Pereira,Lisboa,PT,postpartum,2022-02-10
1918,Ana,Fernández,Aveiro,PT,third_trimester,2021-01-17
1919,Rita,Pereira,Valencia,ES,third_trimester,2021-08-12
1920,Paula,Rodrigues,Sevilla,ES,third_trimester,2021-04-26
1921,Cristina,Pereira,Évora,PT,first_trimester,2021-08-09
1922,Lucia,Sousa,Bilbao,ES,second_trimester,2021-05-07
1923,Ana,Ramos,Madrid,ES,second_trimester,2022-10-30
1924,Elena,López,Valencia,ES,second_trimester,2022-12-07
1925,Cristina,Sánchez,Madrid,ES,postpartum,2022-12-23
1926,Cristina,Sánchez,Leiria,PT,second_trimester,2021-09-08
1927,Raquel,Martínez,Madrid,ES,second_trimester,2021-07-20
1928,Joana,Santos,Alicante,ES,postpartum,2022-11-12
1929,Marta,Martínez,Zaragoza,ES,first_trimester,2021-04-21
1930,Rosa,Monteiro,Madrid,ES,second_trimester,2022-09-27
1931,Inês,García,Valencia,ES,second_trimester,2022-11-07
1932,Isabel,Martins,Aveiro,PT,second_trimester,2022-02-07
1933,Lucia,González,Coimbra,PT,third_trimester,2022-01-20
1934,Diana,Costa,Évora,PT,second_trimester,2022-03-22
1935,Susana,Ramos,Málaga,ES,postpartum,2021-01-29
1936,Claudia,López,Porto,PT,first_trimester,2021-12-01
1937,Mariana,Rodrigues,Sevilla,ES,postpartum,2022-09-26
1938,Patricia,Ramos,Sevilla,ES,postpartum,2021-07-13
1939,Filipa,Martins,Valencia,ES,second_trimester,2022-04-02
1940,Patricia,Fernández,Zaragoza,ES,second_trimester,2022-10-12
1941,Raquel,Fernández,Évora,PT,postpartum,2022-06-06
1942,Vera,Costa,Faro,PT,third_trimester,2021-05-17
1943,Mónica,López,Madrid,ES,second_trimester,2022-02-18
1944,Claudia,Ramos,Málaga,ES,second_trimester,2022-05-06
1945,Sara,López,Évora,PT,postpartum,2021-06-24
1946,Teresa,Pereira,Funchal,PT,first_trimester,2022-07-04
1947,Inês,Ramos,Leiria,PT,second_trimester,2021-07-23
1948,Beatriz,Almeida,Madrid,ES,second_trimester,2022-04-06
1949,Inês,López,Sevilla,ES,second_trimester,2021-07-16
1950,Susana,Santos,Braga,PT,second_trimester,2022-07-09
1951,Claudia,Costa,Porto,PT,third_trimester,2021-06-18
1952,Sofia,González,Alicante,ES,postpartum,2021-08-19
1953,Filipa,Martins,Málaga,ES,second_trimester,2022-07-01
1954,Marta,Jesus,Sevilla,ES,postpartum,2021-06-02
1955,Claudia,Sousa,Porto,PT,second_trimester,2022-02-25
1956,Paula,Carvalho,Bilbao,ES,second_trimester,2022-06-25
1957,Diana,Rodrigues,Lisboa,PT,first_trimester,2021-10-31
1958,Mariana,García,Alicante,ES,third_trimester,2021-10-29
1959,Inês,Jesus,Aveiro,PT,second_trimester,2021-07-25
1960,Lucia,Ferreira,Coimbra,PT,postpartum,2022-09-27
1961,Teresa,García,Madrid,ES,postpartum,2021-12-08
1962,Maria,Monteiro,Aveiro,PT,second_trimester,2021-08-30
1963,Inês,Silva,Évora,PT,third_trimester,2021-04-28
1964,Inês,Oliveira,Málaga,ES,third_trimester,2021-11-27
1965,Marta,Rodrigues,Porto,PT,third_trimester,2022-11-20
1966,Joana,Almeida,Coimbra,PT,third_trimester,2021-03-28
1967,Isabel,Costa,Évora,PT,second_trimester,2022-06-24
1968,Rosa,Sousa,Faro,PT,second_trimester,2021-07-13
1969,Cristina,Martínez,Porto,PT,postpartum,2022-01-26
1970,Inês,Carvalho,Alicante,ES,third_trimester,2022-10-29
1971,Ana,Sánchez,Faro,PT,postpartum,2021-05-27
1972,Beatriz,Rodrigues,Zaragoza,ES,second_trimester,2022-01-09
1973,Joana,Oliveira,Aveiro,PT,second_trimester,2021-11-13
1974,Lucia,Martínez,Porto,PT,second_trimester,2022-08-16
1975,Teresa,Martins,Madrid,ES,first_trimester,2022-10-03
1976,Ana,Fernández,Leiria,PT,third_trimester,2022-09-22
1977,Cristina,Martins,Alicante,ES,second_trimester,2021-12-26
1978,Lucia,Costa,Zaragoza,ES,third_trimester,2022-04-11
1979,Joana,Fernández,Sevilla,ES,third_trimester,2021-07-09
1980,Beatriz,Rodrigues,Aveiro,PT,postpartum,2022-08-03
1981,Elena,Silva,Málaga,ES,second_trimester,2022-02-28
1982,Mariana,García,Barcelona,ES,third_trimester,2022-02-18
1983,Carmen,Sánchez,Coimbra,PT,first_trimester,2021-12-31
1984,Sofia,Carvalho,Faro,PT,second_trimester,2021-06-10
1985,Laura,Pereira,Braga,PT,second_trimester,2021-02-19
1986,Mónica,Almeida,Lisboa,PT,first_trimester,2021-01-24
1987,Cristina,Silva,Barcelona,ES,third_trimester,2021-07-18
1988,Isabel,Sousa,Coimbra,PT,second_trimester,2022-10-06
1989,Cristina,Fernández,Braga,PT,third_trimester,2022-04-17
1990,Catarina,Martins,Madrid,ES,second_trimester,2022-10-22
1991,Maria,Fernández,Valencia,ES,first_trimester,2021-10-30
1992,Joana,Rodrigues,Barcelona,ES,second_trimester,2022-06-08
1993,Vera,Pereira,Braga,PT,second_trimester,2021-12-28
1994,Sara,Monteiro,Coimbra,PT,first_trimester,2022-06-27
1995,Ana,Silva,Málaga,ES,first_trimester,2021-06-22
1996,Nuria,López,Lisboa,PT,third_trimester,2021-06-25
1997,Inês,García,Évora,PT,second_trimester,2022-11-21
1998,Nuria,Sánchez,Funchal,PT,second_trimester,2021-05-12
1999,Mónica,Ramos,Alicante,ES,postpartum,2021-12-10
2000,Inês,Oliveira,Braga,PT,third_trimester,2022-02-09
