rental_id,product_id,customer_id,pricing_rule_id,rental_start_date,rental_end_date,expected_return_date,actual_return_date,rental_duration_days,base_rental_revenue,late_fee,insurance_fee,total_rental_revenue,operational_cost,net_rental_revenue,is_no_return,is_damaged_beyond_repair,is_late,category_id,product_name,brand,original_retail_price,current_depreciated_value,listed_date,rental_eligible_date,condition_grade,category_name,avg_depreciation_rate,rental_demand_tier,city,country,customer_segment,pricing_model,duration_model,experiment_group,condition_on_return,damage_fee,hypothetical_discount_price,total_net_rental_revenue,total_operational_cost,rental_vs_discount_ratio,is_rental_more_profitable,customer_name
1,1,800,12,2024-12-30,2025-01-06,2025-01-12,2025-01-12,7,27.71,19.08,0.83,47.62,4.52,43.1,0,0,1,1,Apple Smartphone X,Apple,408.54,332.11,2024-03-05,2024-12-30,B,Smartphones,0.22,high,Lisboa,PT,student,pct_of_retail,flexible,B,good,49.61,245.12,43.1,4.52,0.1758,0,André Martins
2,2,1592,9,2022-12-08,2022-12-15,2022-12-20,2022-12-20,7,132.67,11.05,3.71,147.43,31.44,115.99,0,0,1,1,Xiaomi Smartphone Ultra,Xiaomi,1508.9,674.17,2022-01-03,2022-10-30,B,Smartphones,0.22,high,Évora,PT,casual,pct_of_retail,30_day,A,damaged,0.0,452.67,846.25,207.4,1.8695,1,André Oliveira
3,2,604,10,2022-12-27,2023-01-10,2023-01-10,,14,226.19,0.0,5.88,232.07,39.58,192.49,1,1,0,1,Xiaomi Smartphone Ultra,Xiaomi,1508.9,674.17,2022-01-03,2022-10-30,B,Smartphones,0.22,high,Málaga,ES,professional,pct_of_retail,30_day,B,,,452.67,846.25,207.4,1.8695,1,Nuno Martínez
4,2,30,10,2023-01-15,2023-02-05,2023-02-05,2023-02-05,21,313.7,0.0,8.16,321.86,57.41,264.45,0,0,0,1,Xiaomi Smartphone Ultra,Xiaomi,1508.9,674.17,2022-01-03,2022-10-30,B,Smartphones,0.22,high,Funchal,PT,professional,pct_of_retail,30_day,B,good,0.0,452.67,846.25,207.4,1.8695,1,Ana Jesus
5,2,1902,1,2023-02-11,2023-02-25,2023-02-25,2023-02-25,14,89.18,0.0,2.23,91.41,17.93,73.48,0,0,0,1,Xiaomi Smartphone Ultra,Xiaomi,1508.9,674.17,2022-01-03,2022-10-30,B,Smartphones,0.22,high,Zaragoza,ES,professional,flat_rate,7_day,A,good,0.0,452.67,846.25,207.4,1.8695,1,Nuno Sousa
6,2,1717,9,2023-03-06,2023-03-20,2023-03-20,2023-03-20,14,232.37,0.0,6.51,238.88,39.04,199.84,0,0,0,1,Xiaomi Smartphone Ultra,Xiaomi,1508.9,674.17,2022-01-03,2022-10-30,B,Smartphones,0.22,high,Coimbra,PT,student,pct_of_retail,30_day,A,excellent,39.92,452.67,846.25,207.4,1.8695,1,Rafael Oliveira
7,2,1628,12,2023-04-01,2023-04-08,2023-04-08,,7,89.78,0.0,2.69,92.47,22.0,70.47,1,1,0,1,Xiaomi Smartphone Ultra,Xiaomi,1508.9,674.17,2022-01-03,2022-10-30,B,Smartphones,0.22,high,Málaga,ES,student,pct_of_retail,flexible,B,,,452.67,846.25,207.4,1.8695,1,Rui González
8,3,531,9,2023-12-16,2023-12-23,2023-12-23,2023-12-23,7,62.14,0.0,1.74,63.88,12.43,51.45,0,0,0,1,Samsung Smartphone Pro,Samsung,737.02,422.18,2023-02-12,2023-12-09,A,Smartphones,0.22,high,Braga,PT,professional,pct_of_retail,30_day,A,excellent,0.0,368.51,93.62,22.49,0.2541,0,Pedro Ferreira
9,3,421,8,2024-01-19,2024-01-26,2024-01-26,2024-01-26,7,50.56,0.0,1.67,52.23,10.06,42.17,0,0,0,1,Samsung Smartphone Pro,Samsung,737.02,422.18,2023-02-12,2023-12-09,A,Smartphones,0.22,high,Valencia,ES,professional,pct_of_retail,7_day,B,excellent,0.0,368.51,93.62,22.49,0.2541,0,Fernando Ferreira
10,4,1790,11,2024-10-08,2024-10-22,2024-10-22,2024-10-22,14,105.23,0.0,4.0,109.23,19.57,89.66,0,0,0,1,Apple Smartphone Ultra,Apple,591.84,433.78,2023-11-20,2024-09-15,A,Smartphones,0.22,high,Alicante,ES,student,pct_of_retail,flexible,A,fair,0.0,355.1,155.53,35.72,0.438,0,Marta González
11,4,193,12,2024-11-04,2024-11-11,2024-11-11,2024-11-11,7,38.61,0.0,1.16,39.77,7.37,32.4,0,0,0,1,Apple Smartphone Ultra,Apple,591.84,433.78,2023-11-20,2024-09-15,A,Smartphones,0.22,high,Lisboa,PT,business,pct_of_retail,flexible,B,good,0.0,355.1,155.53,35.72,0.438,0,Sara Pereira
12,4,191,7,2024-11-19,2024-11-26,2024-11-26,2024-11-26,7,40.28,0.0,1.97,42.25,8.78,33.47,0,0,0,1,Apple Smartphone Ultra,Apple,591.84,433.78,2023-11-20,2024-09-15,A,Smartphones,0.22,high,Sevilla,ES,professional,pct_of_retail,7_day,A,excellent,32.38,355.1,155.53,35.72,0.438,0,Rui Sousa
13,6,836,1,2024-10-26,2024-11-16,2024-11-16,,21,133.77,0.0,3.34,137.11,25.28,111.83,1,1,0,1,Xiaomi Smartphone Lite,Xiaomi,425.74,315.7,2023-11-28,2024-09-23,A,Smartphones,0.22,high,Funchal,PT,professional,flat_rate,7_day,A,,,255.44,188.49,47.91,0.7379,0,Carlos Jesus
14,6,1609,5,2024-11-30,2024-12-07,2024-12-07,2024-12-07,7,66.09,0.0,2.25,68.34,16.46,51.88,0,0,0,1,Xiaomi Smartphone Lite,Xiaomi,425.74,315.7,2023-11-28,2024-09-23,A,Smartphones,0.22,high,Funchal,PT,professional,flat_rate,flexible,A,damaged,0.0,255.44,188.49,47.91,0.7379,0,Pablo Sánchez
15,6,349,7,2024-12-18,2024-12-25,2024-12-25,2024-12-25,7,29.5,0.0,1.45,30.95,6.17,24.78,0,0,0,1,Xiaomi Smartphone Lite,Xiaomi,425.74,315.7,2023-11-28,2024-09-23,A,Smartphones,0.22,high,Valencia,ES,business,pct_of_retail,7_day,A,good,0.0,255.44,188.49,47.91,0.7379,0,Fernando Sousa
16,7,1593,2,2023-03-13,2023-03-20,2023-03-20,2023-03-20,7,30.8,0.0,1.26,32.06,5.48,26.58,0,0,0,1,OnePlus Smartphone SE,OnePlus,330.79,106.83,2022-02-28,2022-12-25,A,Smartphones,0.22,high,Leiria,PT,professional,flat_rate,7_day,B,good,0.0,99.24,26.58,5.48,0.2678,0,Luísa Ferreira
17,8,1496,7,2024-12-23,2024-12-30,2024-12-30,2024-12-30,7,43.62,0.0,2.14,45.76,7.28,38.48,0,0,0,1,Apple Smartphone Pro,Apple,622.98,503.87,2024-02-27,2024-12-23,A,Smartphones,0.22,high,Setúbal,PT,professional,pct_of_retail,7_day,A,excellent,0.0,373.79,38.48,7.28,0.1029,0,João Costa
18,9,1451,4,2022-06-02,2022-07-02,2022-07-02,2022-07-02,30,139.5,0.0,4.05,143.55,28.6,114.95,0,0,0,1,Xiaomi Smartphone Plus,Xiaomi,1130.37,374.06,2021-07-06,2022-05-02,A,Smartphones,0.22,high,Aveiro,PT,business,flat_rate,30_day,B,good,0.0,282.59,1148.07,298.3,4.0627,1,Pedro Oliveira
19,9,847,9,2022-07-14,2022-07-28,2022-08-04,2022-08-04,14,174.08,15.47,4.87,194.42,31.68,162.74,0,0,1,1,Xiaomi Smartphone Plus,Xiaomi,1130.37,374.06,2021-07-06,2022-05-02,A,Smartphones,0.22,high,Braga,PT,student,pct_of_retail,30_day,A,good,8.8,282.59,1148.07,298.3,4.0627,1,Fernando Sánchez
20,9,1823,7,2022-08-11,2022-09-10,2022-09-10,2022-09-10,30,305.2,0.0,14.95,320.15,62.57,257.58,0,0,0,1,Xiaomi Smartphone Plus,Xiaomi,1130.37,374.06,2021-07-06,2022-05-02,A,Smartphones,0.22,high,Madrid,ES,business,pct_of_retail,7_day,A,good,0.0,282.59,1148.07,298.3,4.0627,1,Pablo Santos
21,9,508,11,2022-09-15,2022-09-29,2022-09-29,2022-09-29,14,200.98,0.0,7.64,208.62,45.22,163.4,0,0,0,1,Xiaomi Smartphone Plus,Xiaomi,1130.37,374.06,2021-07-06,2022-05-02,A,Smartphones,0.22,high,Braga,PT,student,pct_of_retail,flexible,A,good,0.0,282.59,1148.07,298.3,4.0627,1,Fernando Oliveira
22,9,1695,9,2022-10-12,2022-10-26,2022-10-26,,14,174.08,0.0,4.87,178.95,41.95,137.0,1,0,0,1,Xiaomi Smartphone Plus,Xiaomi,1130.37,374.06,2021-07-06,2022-05-02,A,Smartphones,0.22,high,Funchal,PT,professional,pct_of_retail,30_day,A,,,282.59,1148.07,298.3,4.0627,1,Rosa Santos
23,9,382,10,2022-11-04,2022-11-11,2022-11-11,2022-11-11,7,87.99,0.0,2.29,90.28,21.12,69.16,0,0,0,1,Xiaomi Smartphone Plus,Xiaomi,1130.37,374.06,2021-07-06,2022-05-02,A,Smartphones,0.22,high,Madrid,ES,professional,pct_of_retail,30_day,B,good,49.85,282.59,1148.07,298.3,4.0627,1,Miguel Jesus
24,9,1071,12,2022-11-17,2022-11-24,2022-11-24,2022-11-24,7,77.02,0.0,2.31,79.33,12.4,66.93,0,0,0,1,Xiaomi Smartphone Plus,Xiaomi,1130.37,374.06,2021-07-06,2022-05-02,A,Smartphones,0.22,high,Coimbra,PT,student,pct_of_retail,flexible,B,fair,0.0,282.59,1148.07,298.3,4.0627,1,Luísa Fernández
25,9,974,11,2022-12-04,2022-12-18,2022-12-18,2022-12-18,14,222.61,0.0,8.46,231.07,54.76,176.31,0,0,0,1,Xiaomi Smartphone Plus,Xiaomi,1130.37,374.06,2021-07-06,2022-05-02,A,Smartphones,0.22,high,Faro,PT,business,pct_of_retail,flexible,A,good,0.0,282.59,1148.07,298.3,4.0627,1,André González
26,10,267,2,2024-03-16,2024-03-23,2024-03-23,2024-03-23,7,30.8,0.0,1.26,32.06,6.65,25.41,0,0,0,1,Apple Smartphone Plus,Apple,507.52,331.59,2023-05-13,2024-03-08,C,Smartphones,0.22,high,Málaga,ES,professional,flat_rate,7_day,B,excellent,0.0,253.76,218.33,54.36,0.8604,0,Beatriz Sousa
27,10,940,12,2024-03-28,2024-04-18,2024-04-18,2024-04-18,21,90.59,0.0,2.72,93.31,18.21,75.1,0,0,0,1,Apple Smartphone Plus,Apple,507.52,331.59,2023-05-13,2024-03-08,C,Smartphones,0.22,high,Funchal,PT,professional,pct_of_retail,flexible,B,excellent,0.0,253.76,218.33,54.36,0.8604,0,Ana López
28,10,1178,9,2024-04-27,2024-05-04,2024-05-04,2024-05-04,7,39.08,0.0,1.09,40.17,8.48,31.69,0,0,0,1,Apple Smartphone Plus,Apple,507.52,331.59,2023-05-13,2024-03-08,C,Smartphones,0.22,high,Porto,PT,business,pct_of_retail,30_day,A,fair,0.0,253.76,218.33,54.36,0.8604,0,Ricardo Silva
29,10,24,4,2024-05-18,2024-05-25,2024-05-25,2024-05-25,7,32.55,0.0,0.94,33.49,6.09,27.4,0,0,0,1,Apple Smartphone Plus,Apple,507.52,331.59,2023-05-13,2024-03-08,C,Smartphones,0.22,high,Málaga,ES,professional,flat_rate,30_day,B,good,0.0,253.76,218.33,54.36,0.8604,0,Diego Sousa
30,10,1709,9,2024-06-03,2024-06-10,2024-06-10,2024-06-10,7,39.08,0.0,1.09,40.17,8.13,32.04,0,0,0,1,Apple Smartphone Plus,Apple,507.52,331.59,2023-05-13,2024-03-08,C,Smartphones,0.22,high,Leiria,PT,professional,pct_of_retail,30_day,A,fair,39.99,253.76,218.33,54.36,0.8604,0,Inês Santos
31,10,1258,4,2024-06-18,2024-06-25,2024-06-25,2024-06-25,7,32.55,0.0,0.94,33.49,6.8,26.69,0,0,0,1,Apple Smartphone Plus,Apple,507.52,331.59,2023-05-13,2024-03-08,C,Smartphones,0.22,high,Coimbra,PT,business,flat_rate,30_day,B,fair,0.0,253.76,218.33,54.36,0.8604,0,Tiago Silva
32,11,10,1,2022-11-25,2022-12-02,2022-12-02,2022-12-02,7,48.07,0.0,1.2,49.27,11.3,37.97,0,0,0,1,Samsung Smartphone Lite,Samsung,420.35,144.71,2022-01-14,2022-11-10,A,Smartphones,0.22,high,Leiria,PT,business,flat_rate,7_day,A,good,6.93,126.11,405.42,110.05,3.2148,1,Filipa Martins
33,11,1851,7,2022-12-13,2022-12-27,2022-12-27,2022-12-27,14,57.97,0.0,2.84,60.81,11.19,49.62,0,0,0,1,Samsung Smartphone Lite,Samsung,420.35,144.71,2022-01-14,2022-11-10,A,Smartphones,0.22,high,Évora,PT,student,pct_of_retail,7_day,A,damaged,0.0,126.11,405.42,110.05,3.2148,1,Nuno Oliveira
34,11,1666,5,2023-01-09,2023-02-08,2023-02-08,2023-02-08,30,255.3,0.0,8.68,263.98,55.14,208.84,0,0,0,1,Samsung Smartphone Lite,Samsung,420.35,144.71,2022-01-14,2022-11-10,A,Smartphones,0.22,high,Madrid,ES,professional,flat_rate,flexible,A,excellent,0.0,126.11,405.42,110.05,3.2148,1,Tiago Silva
35,11,104,12,2023-03-08,2023-03-29,2023-03-29,2023-03-29,21,75.03,0.0,2.25,77.28,18.01,59.27,0,0,0,1,Samsung Smartphone Lite,Samsung,420.35,144.71,2022-01-14,2022-11-10,A,Smartphones,0.22,high,Funchal,PT,student,pct_of_retail,flexible,B,good,0.0,126.11,405.42,110.05,3.2148,1,Pedro Martins
36,11,359,2,2023-04-10,2023-04-24,2023-04-24,2023-04-24,14,61.6,0.0,2.53,64.13,14.41,49.72,0,0,0,1,Samsung Smartphone Lite,Samsung,420.35,144.71,2022-01-14,2022-11-10,A,Smartphones,0.22,high,Bilbao,ES,professional,flat_rate,7_day,B,excellent,0.43,126.11,405.42,110.05,3.2148,1,Tiago Jesus
37,12,737,7,2024-11-10,2024-11-17,2024-11-17,2024-11-17,7,25.02,0.0,1.23,26.25,5.3,20.95,0,0,0,1,OnePlus Smartphone Lite,OnePlus,357.96,259.99,2023-12-26,2024-10-21,B,Smartphones,0.22,high,Málaga,ES,professional,pct_of_retail,7_day,A,fair,0.0,214.78,42.04,9.41,0.1957,0,Lucia Sánchez
38,12,436,12,2024-11-24,2024-12-01,2024-12-01,2024-12-01,7,24.47,0.0,0.73,25.2,4.11,21.09,0,0,0,1,OnePlus Smartphone Lite,OnePlus,357.96,259.99,2023-12-26,2024-10-21,B,Smartphones,0.22,high,Barcelona,ES,professional,pct_of_retail,flexible,B,good,0.0,214.78,42.04,9.41,0.1957,0,Lucia Ferreira
39,13,1020,12,2024-06-26,2024-07-03,2024-07-03,2024-07-03,7,35.18,0.0,1.06,36.24,6.09,30.15,0,0,0,1,OnePlus Smartphone,OnePlus,591.29,403.59,2023-08-19,2024-06-14,B,Smartphones,0.22,high,Aveiro,PT,professional,pct_of_retail,flexible,B,fair,0.0,354.77,320.33,68.91,0.9029,0,Inês González
40,13,549,6,2024-07-10,2024-07-17,2024-07-17,2024-07-17,7,70.49,0.0,1.48,71.97,11.35,60.62,0,0,0,1,OnePlus Smartphone,OnePlus,591.29,403.59,2023-08-19,2024-06-14,B,Smartphones,0.22,high,Leiria,PT,professional,flat_rate,flexible,B,fair,0.0,354.77,320.33,68.91,0.9029,0,Tiago González
41,13,188,3,2024-07-24,2024-08-07,2024-08-07,2024-08-07,14,44.66,0.0,1.12,45.78,8.89,36.89,0,0,0,1,OnePlus Smartphone,OnePlus,591.29,403.59,2023-08-19,2024-06-14,B,Smartphones,0.22,high,Sevilla,ES,business,flat_rate,30_day,A,good,0.0,354.77,320.33,68.91,0.9029,0,Sofia López
42,13,1885,10,2024-09-02,2024-09-23,2024-09-23,2024-09-23,21,122.93,0.0,3.2,126.13,21.76,104.37,0,0,0,1,OnePlus Smartphone,OnePlus,591.29,403.59,2023-08-19,2024-06-14,B,Smartphones,0.22,high,Málaga,ES,student,pct_of_retail,30_day,B,good,0.0,354.77,320.33,68.91,0.9029,0,João Sousa
43,13,1877,11,2024-10-01,2024-10-15,2024-10-15,2024-10-15,14,105.13,0.0,3.99,109.12,20.82,88.3,0,0,0,1,OnePlus Smartphone,OnePlus,591.29,403.59,2023-08-19,2024-06-14,B,Smartphones,0.22,high,Málaga,ES,student,pct_of_retail,flexible,A,good,0.0,354.77,320.33,68.91,0.9029,0,Diogo Martínez
44,14,957,5,2024-08-11,2024-08-25,2024-08-25,2024-08-25,14,119.14,0.0,4.05,123.19,29.55,93.64,0,0,0,1,Xiaomi Smartphone Plus,Xiaomi,156.12,101.62,2023-09-05,2024-07-01,B,Smartphones,0.22,high,Valencia,ES,professional,flat_rate,flexible,A,good,0.0,93.67,263.01,63.94,2.8078,1,Marta Martínez
45,14,55,3,2024-09-08,2024-09-22,2024-09-22,2024-09-22,14,44.66,0.0,1.12,45.78,9.11,36.67,0,0,0,1,Xiaomi Smartphone Plus,Xiaomi,156.12,101.62,2023-09-05,2024-07-01,B,Smartphones,0.22,high,Málaga,ES,professional,flat_rate,30_day,A,excellent,0.0,93.67,263.01,63.94,2.8078,1,Isabel Rodrigues
46,14,341,5,2024-10-21,2024-11-04,2024-11-04,2024-11-04,14,119.14,0.0,4.05,123.19,18.23,104.96,0,0,0,1,Xiaomi Smartphone Plus,Xiaomi,156.12,101.62,2023-09-05,2024-07-01,B,Smartphones,0.22,high,Évora,PT,business,flat_rate,flexible,A,good,0.0,93.67,263.01,63.94,2.8078,1,Luísa Costa
47,14,1236,2,2024-11-13,2024-11-20,2024-11-20,2024-11-20,7,33.42,0.0,1.37,34.79,7.05,27.74,0,0,0,1,Xiaomi Smartphone Plus,Xiaomi,156.12,101.62,2023-09-05,2024-07-01,B,Smartphones,0.22,high,Alicante,ES,business,flat_rate,7_day,B,good,0.0,93.67,263.01,63.94,2.8078,1,Carmen Silva
48,15,1591,8,2024-03-17,2024-04-07,2024-04-07,2024-04-07,21,76.09,0.0,2.51,78.6,16.59,62.01,0,0,0,1,Xiaomi Smartphone Lite,Xiaomi,369.75,247.83,2023-05-22,2024-03-17,C,Smartphones,0.22,high,Coimbra,PT,student,pct_of_retail,7_day,B,good,0.0,184.88,539.8,114.56,2.9197,1,Pedro Ferreira
49,15,927,6,2024-04-18,2024-05-09,2024-05-09,2024-05-09,21,211.47,0.0,4.44,215.91,38.06,177.85,0,0,0,1,Xiaomi Smartphone Lite,Xiaomi,369.75,247.83,2023-05-22,2024-03-17,C,Smartphones,0.22,high,Funchal,PT,business,flat_rate,flexible,B,good,26.47,184.88,539.8,114.56,2.9197,1,Ana Sánchez
50,15,814,6,2024-05-14,2024-06-04,2024-06-04,2024-06-04,21,211.47,0.0,4.44,215.91,32.14,183.77,0,0,0,1,Xiaomi Smartphone Lite,Xiaomi,369.75,247.83,2023-05-22,2024-03-17,C,Smartphones,0.22,high,Málaga,ES,casual,flat_rate,flexible,B,fair,45.9,184.88,539.8,114.56,2.9197,1,Sara Martínez
51,15,1747,6,2024-06-12,2024-06-26,2024-06-26,2024-06-26,14,140.98,0.0,2.96,143.94,27.77,116.17,0,0,0,1,Xiaomi Smartphone Lite,Xiaomi,369.75,247.83,2023-05-22,2024-03-17,C,Smartphones,0.22,high,Porto,PT,casual,flat_rate,flexible,B,fair,0.0,184.88,539.8,114.56,2.9197,1,Carmen Pereira
52,16,1231,10,2024-06-26,2024-07-10,2024-07-10,2024-07-10,14,86.89,0.0,2.26,89.15,16.16,72.99,0,0,0,1,Samsung Smartphone Pro,Samsung,626.89,429.92,2023-07-13,2024-05-08,A,Smartphones,0.22,high,Madrid,ES,professional,pct_of_retail,30_day,B,fair,0.0,376.13,181.27,34.15,0.4819,0,Beatriz Jesus
53,16,1117,12,2024-08-06,2024-08-13,2024-08-13,2024-08-13,7,37.3,0.0,1.12,38.42,7.8,30.62,0,0,0,1,Samsung Smartphone Pro,Samsung,626.89,429.92,2023-07-13,2024-05-08,A,Smartphones,0.22,high,Alicante,ES,business,pct_of_retail,flexible,B,good,0.0,376.13,181.27,34.15,0.4819,0,Elena Jesus
54,16,1801,5,2024-09-20,2024-09-27,2024-10-04,2024-10-04,7,59.57,26.25,2.03,87.85,10.19,77.66,0,0,1,1,Samsung Smartphone Pro,Samsung,626.89,429.92,2023-07-13,2024-05-08,A,Smartphones,0.22,high,Málaga,ES,casual,flat_rate,flexible,A,fair,0.0,376.13,181.27,34.15,0.4819,0,Maria Fernández
55,17,43,10,2023-03-14,2023-04-04,2023-04-04,2023-04-04,21,211.34,0.0,5.49,216.83,33.39,183.44,0,0,0,1,OnePlus Smartphone Max,OnePlus,1016.55,395.3,2022-05-08,2023-03-04,B,Smartphones,0.22,high,Bilbao,ES,professional,pct_of_retail,30_day,B,fair,0.0,304.97,696.04,166.48,2.2823,1,Sara Rodrigues
56,17,1382,12,2023-04-09,2023-04-30,2023-04-30,2023-04-30,21,181.45,0.0,5.44,186.89,37.2,149.69,0,0,0,1,OnePlus Smartphone Max,OnePlus,1016.55,395.3,2022-05-08,2023-03-04,B,Smartphones,0.22,high,Madrid,ES,professional,pct_of_retail,flexible,B,fair,44.48,304.97,696.04,166.48,2.2823,1,Nuno Oliveira
57,17,1117,7,2023-05-11,2023-05-18,2023-05-18,2023-05-18,7,64.04,0.0,3.14,67.18,13.64,53.54,0,0,0,1,OnePlus Smartphone Max,OnePlus,1016.55,395.3,2022-05-08,2023-03-04,B,Smartphones,0.22,high,Alicante,ES,business,pct_of_retail,7_day,A,good,0.0,304.97,696.04,166.48,2.2823,1,Elena Jesus
58,17,976,8,2023-06-01,2023-06-15,2023-06-15,2023-06-15,14,139.47,0.0,4.6,144.07,30.68,113.39,0,0,0,1,OnePlus Smartphone Max,OnePlus,1016.55,395.3,2022-05-08,2023-03-04,B,Smartphones,0.22,high,Coimbra,PT,professional,pct_of_retail,7_day,B,good,0.0,304.97,696.04,166.48,2.2823,1,Luísa Jesus
59,17,632,10,2023-06-22,2023-07-13,2023-07-19,2023-07-19,21,211.34,30.72,5.49,247.55,51.57,195.98,0,0,1,1,OnePlus Smartphone Max,OnePlus,1016.55,395.3,2022-05-08,2023-03-04,B,Smartphones,0.22,high,Bilbao,ES,business,pct_of_retail,30_day,B,damaged,0.0,304.97,696.04,166.48,2.2823,1,Rui Oliveira
60,19,69,5,2024-07-07,2024-07-28,2024-07-28,2024-07-28,21,178.71,0.0,6.08,184.79,34.31,150.48,0,0,0,1,Apple Smartphone SE,Apple,174.12,129.39,2023-09-10,2024-07-06,A,Smartphones,0.22,high,Leiria,PT,business,flat_rate,flexible,A,excellent,0.0,104.47,399.61,97.02,3.8251,1,Tiago García
61,19,1632,3,2024-09-05,2024-09-19,2024-09-19,2024-09-19,14,44.66,0.0,1.12,45.78,10.58,35.2,0,0,0,1,Apple Smartphone SE,Apple,174.12,129.39,2023-09-10,2024-07-06,A,Smartphones,0.22,high,Valencia,ES,business,flat_rate,30_day,A,good,0.0,104.47,399.61,97.02,3.8251,1,Carlos López
62,19,1158,6,2024-10-03,2024-10-24,2024-10-24,2024-10-24,21,211.47,0.0,4.44,215.91,41.66,174.25,0,0,0,1,Apple Smartphone SE,Apple,174.12,129.39,2023-09-10,2024-07-06,A,Smartphones,0.22,high,Setúbal,PT,business,flat_rate,flexible,B,excellent,0.0,104.47,399.61,97.02,3.8251,1,Ana Fernández
63,19,965,3,2024-11-07,2024-11-21,2024-11-21,2024-11-21,14,48.93,0.0,1.22,50.15,10.47,39.68,0,0,0,1,Apple Smartphone SE,Apple,174.12,129.39,2023-09-10,2024-07-06,A,Smartphones,0.22,high,Madrid,ES,student,flat_rate,30_day,A,good,0.0,104.47,399.61,97.02,3.8251,1,Rui García
64,22,1665,7,2024-02-24,2024-03-25,2024-03-27,2024-03-27,30,102.09,4.78,5.0,111.87,18.68,93.19,0,0,1,1,Xiaomi Smartphone,Xiaomi,378.1,224.22,2023-04-13,2024-02-07,B,Smartphones,0.22,high,Faro,PT,professional,pct_of_retail,7_day,A,good,0.0,189.05,399.17,74.73,2.1115,1,Sara Martins
65,22,795,5,2024-04-10,2024-05-10,2024-05-10,2024-05-10,30,255.3,0.0,8.68,263.98,39.06,224.92,0,0,0,1,Xiaomi Smartphone,Xiaomi,378.1,224.22,2023-04-13,2024-02-07,B,Smartphones,0.22,high,Setúbal,PT,professional,flat_rate,flexible,A,good,18.77,189.05,399.17,74.73,2.1115,1,Rafael Fernández
66,22,1599,3,2024-05-15,2024-06-05,2024-06-05,2024-06-05,21,66.99,0.0,1.67,68.66,12.19,56.47,0,0,0,1,Xiaomi Smartphone,Xiaomi,378.1,224.22,2023-04-13,2024-02-07,B,Smartphones,0.22,high,Alicante,ES,professional,flat_rate,30_day,A,damaged,0.0,189.05,399.17,74.73,2.1115,1,Diogo Rodrigues
67,22,1016,8,2024-06-17,2024-06-24,2024-06-25,2024-06-25,7,25.94,2.59,0.86,29.39,4.8,24.59,0,0,1,1,Xiaomi Smartphone,Xiaomi,378.1,224.22,2023-04-13,2024-02-07,B,Smartphones,0.22,high,Lisboa,PT,business,pct_of_retail,7_day,B,excellent,36.1,189.05,399.17,74.73,2.1115,1,André Rodrigues
68,24,562,6,2023-01-02,2023-01-16,2023-01-16,2023-01-16,14,140.98,0.0,2.96,143.94,28.76,115.18,0,0,0,1,Apple Smartphone Plus,Apple,640.45,243.94,2022-03-03,2022-12-28,C,Smartphones,0.22,high,Faro,PT,professional,flat_rate,flexible,B,excellent,0.0,192.14,325.75,78.75,1.6954,1,Beatriz López
69,24,829,10,2023-02-13,2023-02-20,2023-02-20,2023-02-20,7,44.38,0.0,1.15,45.53,9.05,36.48,0,0,0,1,Apple Smartphone Plus,Apple,640.45,243.94,2022-03-03,2022-12-28,C,Smartphones,0.22,high,Braga,PT,business,pct_of_retail,30_day,B,excellent,38.96,192.14,325.75,78.75,1.6954,1,Pablo Rodrigues
70,24,1020,4,2023-03-03,2023-03-10,2023-03-10,2023-03-10,7,32.55,0.0,0.94,33.49,7.81,25.68,0,0,0,1,Apple Smartphone Plus,Apple,640.45,243.94,2022-03-03,2022-12-28,C,Smartphones,0.22,high,Aveiro,PT,professional,flat_rate,30_day,B,fair,0.0,192.14,325.75,78.75,1.6954,1,Inês González
71,24,192,8,2023-03-16,2023-03-30,2023-03-30,2023-03-30,14,87.87,0.0,2.9,90.77,15.73,75.04,0,0,0,1,Apple Smartphone Plus,Apple,640.45,243.94,2022-03-03,2022-12-28,C,Smartphones,0.22,high,Leiria,PT,professional,pct_of_retail,7_day,B,excellent,0.0,192.14,325.75,78.75,1.6954,1,Lucia García
72,24,832,8,2023-04-10,2023-04-24,2023-04-24,2023-04-24,14,87.87,0.0,2.9,90.77,17.4,73.37,0,0,0,1,Apple Smartphone Plus,Apple,640.45,243.94,2022-03-03,2022-12-28,C,Smartphones,0.22,high,Leiria,PT,professional,pct_of_retail,7_day,B,excellent,0.0,192.14,325.75,78.75,1.6954,1,Rui Silva
73,25,644,5,2024-11-01,2024-11-22,2024-11-22,2024-11-22,21,196.73,0.0,6.69,203.42,43.67,159.75,0,0,0,1,Samsung Smartphone Plus,Samsung,338.87,263.1,2023-12-28,2024-10-23,B,Smartphones,0.22,high,Évora,PT,student,flat_rate,flexible,A,excellent,0.0,203.32,207.51,56.08,1.0206,1,Fernando Ferreira
74,25,1293,9,2024-12-04,2024-12-18,2024-12-18,2024-12-18,14,58.53,0.0,1.64,60.17,12.41,47.76,0,0,0,1,Samsung Smartphone Plus,Samsung,338.87,263.1,2023-12-28,2024-10-23,B,Smartphones,0.22,high,Valencia,ES,business,pct_of_retail,30_day,A,good,0.0,203.32,207.51,56.08,1.0206,1,Isabel Pereira
75,26,105,12,2023-09-11,2023-09-25,2023-09-29,2023-09-29,14,104.69,12.72,3.14,120.55,22.51,98.04,0,0,1,1,Xiaomi Smartphone Plus,Xiaomi,879.75,499.62,2022-10-23,2023-08-19,C,Smartphones,0.22,high,Coimbra,PT,professional,pct_of_retail,flexible,B,excellent,0.0,351.9,435.54,91.56,1.2377,1,Diego Costa
76,26,665,3,2023-10-09,2023-11-08,2023-11-08,2023-11-08,30,95.7,0.0,2.39,98.09,17.32,80.77,0,0,0,1,Xiaomi Smartphone Plus,Xiaomi,879.75,499.62,2022-10-23,2023-08-19,C,Smartphones,0.22,high,Valencia,ES,business,flat_rate,30_day,A,fair,0.0,351.9,435.54,91.56,1.2377,1,Rosa Ferreira
77,26,713,11,2023-11-20,2023-11-27,2023-11-27,2023-11-27,7,83.37,0.0,3.17,86.54,14.17,72.37,0,0,0,1,Xiaomi Smartphone Plus,Xiaomi,879.75,499.62,2022-10-23,2023-08-19,C,Smartphones,0.22,high,Lisboa,PT,business,pct_of_retail,flexible,A,fair,0.0,351.9,435.54,91.56,1.2377,1,Fernando Rodrigues
78,26,1109,9,2023-12-09,2023-12-30,2023-12-30,2023-12-30,21,215.88,0.0,6.04,221.92,37.56,184.36,0,0,0,1,Xiaomi Smartphone Plus,Xiaomi,879.75,499.62,2022-10-23,2023-08-19,C,Smartphones,0.22,high,Aveiro,PT,professional,pct_of_retail,30_day,A,good,0.0,351.9,435.54,91.56,1.2377,1,Tiago Sousa
79,28,1603,2,2022-04-23,2022-05-07,2022-05-07,2022-05-07,14,61.6,0.0,2.53,64.13,11.27,52.86,0,0,0,1,Xiaomi Smartphone Max,Xiaomi,236.74,41.62,2021-06-19,2022-04-15,A,Smartphones,0.22,high,Setúbal,PT,professional,flat_rate,7_day,B,excellent,0.0,59.19,475.89,105.05,8.04,1,Maria Sánchez
80,28,171,3,2022-05-16,2022-05-23,2022-05-23,2022-05-23,7,22.33,0.0,0.56,22.89,3.48,19.41,0,0,0,1,Xiaomi Smartphone Max,Xiaomi,236.74,41.62,2021-06-19,2022-04-15,A,Smartphones,0.22,high,Alicante,ES,student,flat_rate,30_day,A,excellent,0.0,59.19,475.89,105.05,8.04,1,Carlos Sánchez
81,28,1718,4,2022-06-05,2022-07-05,2022-07-05,2022-07-05,30,139.5,0.0,4.05,143.55,31.81,111.74,0,0,0,1,Xiaomi Smartphone Max,Xiaomi,236.74,41.62,2021-06-19,2022-04-15,A,Smartphones,0.22,high,Porto,PT,professional,flat_rate,30_day,B,good,44.2,59.19,475.89,105.05,8.04,1,Sara Martínez
82,28,1472,5,2022-07-15,2022-08-14,2022-08-14,,30,255.3,0.0,8.68,263.98,43.4,220.58,1,0,0,1,Xiaomi Smartphone Max,Xiaomi,236.74,41.62,2021-06-19,2022-04-15,A,Smartphones,0.22,high,Funchal,PT,business,flat_rate,flexible,A,,,59.19,475.89,105.05,8.04,1,Fernando Costa
83,28,480,12,2022-09-25,2022-10-02,2022-10-02,2022-10-02,7,14.09,0.0,0.42,14.51,2.34,12.17,0,0,0,1,Xiaomi Smartphone Max,Xiaomi,236.74,41.62,2021-06-19,2022-04-15,A,Smartphones,0.22,high,Málaga,ES,professional,pct_of_retail,flexible,B,fair,48.81,59.19,475.89,105.05,8.04,1,Tiago López
84,28,1453,4,2022-10-13,2022-10-20,2022-10-20,2022-10-20,7,32.55,0.0,0.94,33.49,7.1,26.39,0,0,0,1,Xiaomi Smartphone Max,Xiaomi,236.74,41.62,2021-06-19,2022-04-15,A,Smartphones,0.22,high,Porto,PT,student,flat_rate,30_day,B,fair,0.0,59.19,475.89,105.05,8.04,1,Filipa González
85,28,80,8,2022-11-03,2022-11-17,2022-11-17,,14,37.16,0.0,1.23,38.39,5.65,32.74,1,0,0,1,Xiaomi Smartphone Max,Xiaomi,236.74,41.62,2021-06-19,2022-04-15,A,Smartphones,0.22,high,Málaga,ES,business,pct_of_retail,7_day,B,,,59.19,475.89,105.05,8.04,1,Diego Costa
86,30,449,5,2024-06-04,2024-06-11,2024-06-11,2024-06-11,7,59.57,0.0,2.03,61.6,13.11,48.49,0,0,0,1,Xiaomi Smartphone,Xiaomi,157.75,112.04,2023-07-17,2024-05-12,B,Smartphones,0.22,high,Alicante,ES,professional,flat_rate,flexible,A,fair,28.45,94.65,257.39,60.97,2.7194,1,Marta Jesus
87,30,744,6,2024-06-18,2024-06-25,2024-06-25,2024-06-25,7,70.49,0.0,1.48,71.97,12.48,59.49,0,0,0,1,Xiaomi Smartphone,Xiaomi,157.75,112.04,2023-07-17,2024-05-12,B,Smartphones,0.22,high,Lisboa,PT,professional,flat_rate,flexible,B,fair,0.0,94.65,257.39,60.97,2.7194,1,Sofia Santos
88,30,1660,5,2024-08-15,2024-09-05,2024-09-05,2024-09-05,21,178.71,0.0,6.08,184.79,35.38,149.41,0,0,0,1,Xiaomi Smartphone,Xiaomi,157.75,112.04,2023-07-17,2024-05-12,B,Smartphones,0.22,high,Coimbra,PT,professional,flat_rate,flexible,A,excellent,0.0,94.65,257.39,60.97,2.7194,1,André Oliveira
89,32,218,12,2023-01-05,2023-02-04,2023-02-04,2023-02-04,30,118.21,0.0,3.55,121.76,29.32,92.44,0,0,0,1,Samsung Smartphone,Samsung,463.58,176.57,2022-02-27,2022-12-24,B,Smartphones,0.22,high,Bilbao,ES,student,pct_of_retail,flexible,B,good,12.38,139.07,808.91,198.98,5.8166,1,Isabel Sánchez
90,32,40,9,2023-02-17,2023-03-10,2023-03-10,2023-03-10,21,107.09,0.0,3.0,110.09,19.49,90.6,0,0,0,1,Samsung Smartphone,Samsung,463.58,176.57,2022-02-27,2022-12-24,B,Smartphones,0.22,high,Lisboa,PT,professional,pct_of_retail,30_day,A,good,0.0,139.07,808.91,198.98,5.8166,1,Marta Fernández
91,32,1636,6,2023-03-22,2023-04-05,2023-04-05,2023-04-05,14,140.98,0.0,2.96,143.94,22.13,121.81,0,0,0,1,Samsung Smartphone,Samsung,463.58,176.57,2022-02-27,2022-12-24,B,Smartphones,0.22,high,Valencia,ES,professional,flat_rate,flexible,B,good,0.0,139.07,808.91,198.98,5.8166,1,André Martínez
92,32,789,5,2023-04-16,2023-05-07,2023-05-07,2023-05-07,21,178.71,0.0,6.08,184.79,39.67,145.12,0,0,0,1,Samsung Smartphone,Samsung,463.58,176.57,2022-02-27,2022-12-24,B,Smartphones,0.22,high,Zaragoza,ES,professional,flat_rate,flexible,A,fair,0.0,139.07,808.91,198.98,5.8166,1,Luísa Oliveira
93,32,767,5,2023-06-03,2023-07-03,2023-07-03,2023-07-03,30,255.3,0.0,8.68,263.98,52.34,211.64,0,0,0,1,Samsung Smartphone,Samsung,463.58,176.57,2022-02-27,2022-12-24,B,Smartphones,0.22,high,Sevilla,ES,casual,flat_rate,flexible,A,damaged,0.0,139.07,808.91,198.98,5.8166,1,Rosa López
94,32,1577,11,2023-07-08,2023-08-07,2023-08-07,2023-08-07,30,176.62,0.0,6.71,183.33,36.03,147.3,0,0,0,1,Samsung Smartphone,Samsung,463.58,176.57,2022-02-27,2022-12-24,B,Smartphones,0.22,high,Leiria,PT,professional,pct_of_retail,flexible,A,good,0.0,139.07,808.91,198.98,5.8166,1,Beatriz Martínez
95,34,1236,4,2022-12-06,2022-12-13,2022-12-13,2022-12-13,7,34.93,0.0,1.01,35.94,8.73,27.21,0,0,0,1,Apple Smartphone Max,Apple,707.2,204.1,2022-01-17,2022-11-13,C,Smartphones,0.22,high,Alicante,ES,business,flat_rate,30_day,B,good,45.24,212.16,408.87,81.11,1.9272,1,Carmen Silva
96,34,1199,2,2022-12-26,2023-01-09,2023-01-11,2023-01-11,14,67.72,14.4,2.78,84.9,13.88,71.02,0,0,1,1,Apple Smartphone Max,Apple,707.2,204.1,2022-01-17,2022-11-13,C,Smartphones,0.22,high,Lisboa,PT,professional,flat_rate,7_day,B,good,0.0,212.16,408.87,81.11,1.9272,1,Lucia Sánchez
97,34,1650,2,2023-01-20,2023-02-10,2023-02-10,2023-02-10,21,92.4,0.0,3.79,96.19,14.41,81.78,0,0,0,1,Apple Smartphone Max,Apple,707.2,204.1,2022-01-17,2022-11-13,C,Smartphones,0.22,high,Aveiro,PT,student,flat_rate,7_day,B,damaged,0.0,212.16,408.87,81.11,1.9272,1,Miguel Santos
98,34,1404,12,2023-02-18,2023-03-11,2023-03-11,2023-03-11,21,126.24,0.0,3.79,130.03,19.31,110.72,0,0,0,1,Apple Smartphone Max,Apple,707.2,204.1,2022-01-17,2022-11-13,C,Smartphones,0.22,high,Aveiro,PT,professional,pct_of_retail,flexible,B,damaged,0.0,212.16,408.87,81.11,1.9272,1,Sara Silva
99,34,1011,7,2023-03-22,2023-03-29,2023-03-29,2023-03-29,7,44.55,0.0,2.18,46.73,8.33,38.4,0,0,0,1,Apple Smartphone Max,Apple,707.2,204.1,2022-01-17,2022-11-13,C,Smartphones,0.22,high,Madrid,ES,business,pct_of_retail,7_day,A,excellent,0.0,212.16,408.87,81.11,1.9272,1,Lucia Fernández
100,34,718,2,2023-04-03,2023-04-24,2023-04-24,2023-04-24,21,92.4,0.0,3.79,96.19,16.45,79.74,0,0,0,1,Apple Smartphone Max,Apple,707.2,204.1,2022-01-17,2022-11-13,C,Smartphones,0.22,high,Barcelona,ES,casual,flat_rate,7_day,B,good,0.0,212.16,408.87,81.11,1.9272,1,Carmen González
101,35,1185,6,2024-06-25,2024-07-25,2024-07-25,2024-07-25,30,302.1,0.0,6.34,308.44,68.58,239.86,0,0,0,1,Xiaomi Smartphone Plus,Xiaomi,339.13,227.69,2023-06-22,2024-04-17,B,Smartphones,0.22,high,Málaga,ES,professional,flat_rate,flexible,B,good,0.0,169.56,347.97,96.12,2.0522,1,Fernando González
102,35,1328,4,2024-07-30,2024-08-13,2024-08-13,2024-08-13,14,65.1,0.0,1.89,66.99,13.61,53.38,0,0,0,1,Xiaomi Smartphone Plus,Xiaomi,339.13,227.69,2023-06-22,2024-04-17,B,Smartphones,0.22,high,Alicante,ES,business,flat_rate,30_day,B,excellent,0.0,169.56,347.97,96.12,2.0522,1,Luísa López
103,35,1963,3,2024-09-15,2024-10-06,2024-10-06,2024-10-06,21,66.99,0.0,1.67,68.66,13.93,54.73,0,0,0,1,Xiaomi Smartphone Plus,Xiaomi,339.13,227.69,2023-06-22,2024-04-17,B,Smartphones,0.22,high,Setúbal,PT,student,flat_rate,30_day,A,good,0.0,169.56,347.97,96.12,2.0522,1,Pedro Sánchez
104,36,1346,6,2024-05-11,2024-05-25,2024-05-25,2024-05-25,14,140.98,0.0,2.96,143.94,23.68,120.26,0,0,0,1,Apple Smartphone,Apple,206.19,145.92,2023-07-03,2024-04-28,B,Smartphones,0.22,high,Bilbao,ES,business,flat_rate,flexible,B,good,20.81,123.71,166.13,36.21,1.3429,1,Catarina Sousa
105,36,1173,7,2024-05-31,2024-06-30,2024-06-30,2024-06-30,30,55.67,0.0,2.73,58.4,12.53,45.87,0,0,0,1,Apple Smartphone,Apple,206.19,145.92,2023-07-03,2024-04-28,B,Smartphones,0.22,high,Barcelona,ES,casual,pct_of_retail,7_day,A,good,0.0,123.71,166.13,36.21,1.3429,1,Elena Costa
106,37,395,1,2022-05-29,2022-06-12,2022-06-12,2022-06-12,14,89.18,0.0,2.23,91.41,17.39,74.02,0,0,0,1,Samsung Smartphone Ultra,Samsung,246.36,59.28,2021-08-02,2022-05-29,B,Smartphones,0.22,high,Braga,PT,casual,flat_rate,7_day,A,excellent,0.0,61.59,290.29,73.72,4.7133,1,Rosa Pereira
107,37,1920,9,2022-06-18,2022-07-02,2022-07-02,2022-07-02,14,37.94,0.0,1.06,39.0,7.25,31.75,0,0,0,1,Samsung Smartphone Ultra,Samsung,246.36,59.28,2021-08-02,2022-05-29,B,Smartphones,0.22,high,Faro,PT,business,pct_of_retail,30_day,A,excellent,0.0,61.59,290.29,73.72,4.7133,1,Maria López
108,37,1063,2,2022-07-09,2022-07-30,2022-07-30,2022-07-30,21,92.4,0.0,3.79,96.19,18.85,77.34,0,0,0,1,Samsung Smartphone Ultra,Samsung,246.36,59.28,2021-08-02,2022-05-29,B,Smartphones,0.22,high,Funchal,PT,professional,flat_rate,7_day,B,excellent,0.0,61.59,290.29,73.72,4.7133,1,André García
109,37,1786,2,2022-08-13,2022-09-12,2022-09-12,2022-09-12,30,132.0,0.0,5.41,137.41,30.23,107.18,0,0,0,1,Samsung Smartphone Ultra,Samsung,246.36,59.28,2021-08-02,2022-05-29,B,Smartphones,0.22,high,Setúbal,PT,business,flat_rate,7_day,B,good,0.0,61.59,290.29,73.72,4.7133,1,Carmen Santos
110,38,1425,8,2024-11-02,2024-11-09,2024-11-09,2024-11-09,7,50.9,0.0,1.68,52.58,8.7,43.88,0,0,0,1,Samsung Smartphone Ultra,Samsung,676.59,512.3,2023-12-17,2024-10-12,A,Smartphones,0.22,high,Valencia,ES,professional,pct_of_retail,7_day,B,excellent,0.0,405.95,81.64,19.19,0.2011,0,Fernando Sousa
111,38,1784,7,2024-11-19,2024-11-26,2024-11-26,2024-11-26,7,46.0,0.0,2.25,48.25,10.49,37.76,0,0,0,1,Samsung Smartphone Ultra,Samsung,676.59,512.3,2023-12-17,2024-10-12,A,Smartphones,0.22,high,Alicante,ES,casual,pct_of_retail,7_day,A,excellent,0.0,405.95,81.64,19.19,0.2011,0,Carmen Jesus
112,39,1264,2,2022-07-18,2022-07-25,2022-07-25,2022-07-25,7,30.8,0.0,1.26,32.06,6.56,25.5,0,0,0,1,Samsung Smartphone Plus,Samsung,152.73,43.36,2021-09-07,2022-07-04,A,Smartphones,0.22,high,Évora,PT,student,flat_rate,7_day,B,good,15.66,38.18,565.8,118.57,14.8193,1,Tiago Sánchez
113,39,213,5,2022-08-03,2022-09-02,2022-09-02,2022-09-02,30,255.3,0.0,8.68,263.98,40.34,223.64,0,0,0,1,Samsung Smartphone Plus,Samsung,152.73,43.36,2021-09-07,2022-07-04,A,Smartphones,0.22,high,Évora,PT,student,flat_rate,flexible,A,good,0.0,38.18,565.8,118.57,14.8193,1,Rui López
114,39,1945,4,2022-09-14,2022-10-05,2022-10-05,2022-10-05,21,97.65,0.0,2.83,100.48,16.31,84.17,0,0,0,1,Samsung Smartphone Plus,Samsung,152.73,43.36,2021-09-07,2022-07-04,A,Smartphones,0.22,high,Alicante,ES,business,flat_rate,30_day,B,good,0.0,38.18,565.8,118.57,14.8193,1,Tiago Oliveira
115,39,1141,5,2022-10-17,2022-10-31,2022-10-31,2022-10-31,14,119.14,0.0,4.05,123.19,29.07,94.12,0,0,0,1,Samsung Smartphone Plus,Samsung,152.73,43.36,2021-09-07,2022-07-04,A,Smartphones,0.22,high,Barcelona,ES,business,flat_rate,flexible,A,good,0.0,38.18,565.8,118.57,14.8193,1,Luísa Santos
116,39,1241,6,2022-11-09,2022-11-23,2022-11-23,2022-11-23,14,161.27,0.0,3.39,164.66,26.29,138.37,0,0,0,1,Samsung Smartphone Plus,Samsung,152.73,43.36,2021-09-07,2022-07-04,A,Smartphones,0.22,high,Faro,PT,business,flat_rate,flexible,B,good,0.0,38.18,565.8,118.57,14.8193,1,Ricardo García
117,40,667,12,2024-07-11,2024-08-10,2024-08-10,2024-08-10,30,88.55,0.0,2.66,91.21,19.04,72.17,0,0,0,1,Apple Smartphone,Apple,347.27,247.1,2023-08-18,2024-06-13,B,Smartphones,0.22,high,Madrid,ES,professional,pct_of_retail,flexible,B,good,0.0,208.36,414.28,119.25,1.9883,1,Marco López
118,40,173,6,2024-08-17,2024-08-31,2024-08-31,2024-08-31,14,140.98,0.0,2.96,143.94,34.68,109.26,0,0,0,1,Apple Smartphone,Apple,347.27,247.1,2023-08-18,2024-06-13,B,Smartphones,0.22,high,Lisboa,PT,casual,flat_rate,flexible,B,good,29.26,208.36,414.28,119.25,1.9883,1,Luísa González
119,40,990,6,2024-09-25,2024-10-16,2024-10-16,2024-10-16,21,211.47,0.0,4.44,215.91,51.81,164.1,0,0,0,1,Apple Smartphone,Apple,347.27,247.1,2023-08-18,2024-06-13,B,Smartphones,0.22,high,Bilbao,ES,casual,flat_rate,flexible,B,good,17.25,208.36,414.28,119.25,1.9883,1,Filipa López
120,40,1603,9,2024-10-30,2024-11-20,2024-11-20,2024-11-20,21,80.22,0.0,2.25,82.47,13.72,68.75,0,0,0,1,Apple Smartphone,Apple,347.27,247.1,2023-08-18,2024-06-13,B,Smartphones,0.22,high,Setúbal,PT,professional,pct_of_retail,30_day,A,good,0.0,208.36,414.28,119.25,1.9883,1,Maria Sánchez
121,42,861,10,2024-08-26,2024-09-16,2024-09-16,2024-09-16,21,234.76,0.0,6.1,240.86,41.08,199.78,0,0,0,1,Apple Smartphone Ultra,Apple,1129.21,815.54,2023-10-02,2024-07-28,A,Smartphones,0.22,high,Málaga,ES,business,pct_of_retail,30_day,B,excellent,0.0,677.53,656.01,147.41,0.9682,0,Sara Martínez
122,42,1427,11,2024-09-28,2024-10-12,2024-10-12,2024-10-12,14,200.77,0.0,7.63,208.4,43.97,164.43,0,0,0,1,Apple Smartphone Ultra,Apple,1129.21,815.54,2023-10-02,2024-07-28,A,Smartphones,0.22,high,Madrid,ES,business,pct_of_retail,flexible,A,good,0.0,677.53,656.01,147.41,0.9682,0,Diogo Pereira
123,42,303,2,2024-10-20,2024-11-10,2024-11-10,2024-11-10,21,92.4,0.0,3.79,96.19,18.3,77.89,0,0,0,1,Apple Smartphone Ultra,Apple,1129.21,815.54,2023-10-02,2024-07-28,A,Smartphones,0.22,high,Sevilla,ES,casual,flat_rate,7_day,B,fair,0.0,677.53,656.01,147.41,0.9682,0,André Martínez
124,42,98,7,2024-11-17,2024-11-24,2024-11-24,2024-11-24,7,76.34,0.0,3.74,80.08,11.68,68.4,0,0,0,1,Apple Smartphone Ultra,Apple,1129.21,815.54,2023-10-02,2024-07-28,A,Smartphones,0.22,high,Funchal,PT,student,pct_of_retail,7_day,A,damaged,44.31,677.53,656.01,147.41,0.9682,0,Lucia Costa
125,42,1818,8,2024-12-02,2024-12-16,2024-12-16,2024-12-16,14,172.21,0.0,5.68,177.89,32.38,145.51,0,0,0,1,Apple Smartphone Ultra,Apple,1129.21,815.54,2023-10-02,2024-07-28,A,Smartphones,0.22,high,Zaragoza,ES,professional,pct_of_retail,7_day,B,good,0.0,677.53,656.01,147.41,0.9682,0,Ricardo Jesus
126,43,640,5,2023-10-21,2023-11-04,2023-11-04,2023-11-04,14,119.14,0.0,4.05,123.19,25.85,97.34,0,0,0,1,OnePlus Smartphone SE,OnePlus,630.58,329.69,2022-11-23,2023-09-19,B,Smartphones,0.22,high,Braga,PT,professional,flat_rate,flexible,A,good,0.0,252.23,514.99,118.21,2.0417,1,Beatriz Ferreira
127,43,1581,8,2023-11-17,2023-11-24,2023-11-29,2023-11-29,7,49.54,12.95,1.63,64.12,10.95,53.17,0,0,1,1,OnePlus Smartphone SE,OnePlus,630.58,329.69,2022-11-23,2023-09-19,B,Smartphones,0.22,high,Sevilla,ES,business,pct_of_retail,7_day,B,excellent,0.0,252.23,514.99,118.21,2.0417,1,Carmen Sánchez
128,43,1208,8,2023-12-04,2023-12-11,2023-12-11,2023-12-11,7,46.0,0.0,1.52,47.52,9.43,38.09,0,0,0,1,OnePlus Smartphone SE,OnePlus,630.58,329.69,2022-11-23,2023-09-19,B,Smartphones,0.22,high,Leiria,PT,professional,pct_of_retail,7_day,B,fair,0.0,252.23,514.99,118.21,2.0417,1,Marta Martínez
129,43,1254,10,2023-12-19,2024-01-09,2024-01-09,2024-01-09,21,145.62,0.0,3.79,149.41,29.56,119.85,0,0,0,1,OnePlus Smartphone SE,OnePlus,630.58,329.69,2022-11-23,2023-09-19,B,Smartphones,0.22,high,Coimbra,PT,casual,pct_of_retail,30_day,B,good,0.0,252.23,514.99,118.21,2.0417,1,Miguel Fernández
130,43,996,12,2024-01-17,2024-02-16,2024-02-16,2024-02-16,30,160.8,0.0,4.82,165.62,26.37,139.25,0,0,0,1,OnePlus Smartphone SE,OnePlus,630.58,329.69,2022-11-23,2023-09-19,B,Smartphones,0.22,high,Funchal,PT,student,pct_of_retail,flexible,B,excellent,0.0,252.23,514.99,118.21,2.0417,1,João Sánchez
131,43,1945,7,2024-02-24,2024-03-09,2024-03-09,2024-03-09,14,79.45,0.0,3.89,83.34,16.05,67.29,0,0,0,1,OnePlus Smartphone SE,OnePlus,630.58,329.69,2022-11-23,2023-09-19,B,Smartphones,0.22,high,Alicante,ES,business,pct_of_retail,7_day,A,fair,0.0,252.23,514.99,118.21,2.0417,1,Tiago Oliveira
132,44,232,10,2023-07-15,2023-08-05,2023-08-05,,21,86.75,0.0,2.26,89.01,13.97,75.04,1,1,0,1,OnePlus Smartphone X,OnePlus,417.28,206.02,2022-09-03,2023-06-30,B,Smartphones,0.22,high,Aveiro,PT,business,pct_of_retail,30_day,B,,,166.91,274.01,62.68,1.6417,1,Carmen Jesus
133,44,1694,3,2023-08-11,2023-08-18,2023-08-18,2023-08-18,7,22.33,0.0,0.56,22.89,3.93,18.96,0,0,0,1,OnePlus Smartphone X,OnePlus,417.28,206.02,2022-09-03,2023-06-30,B,Smartphones,0.22,high,Aveiro,PT,professional,flat_rate,30_day,A,good,0.0,166.91,274.01,62.68,1.6417,1,Catarina Costa
134,44,1400,11,2023-08-29,2023-09-05,2023-09-05,,7,37.1,0.0,1.41,38.51,7.68,30.83,1,0,0,1,OnePlus Smartphone X,OnePlus,417.28,206.02,2022-09-03,2023-06-30,B,Smartphones,0.22,high,Braga,PT,professional,pct_of_retail,flexible,A,,,166.91,274.01,62.68,1.6417,1,Pablo Santos
135,44,1436,11,2023-09-16,2023-10-07,2023-10-07,2023-10-07,21,111.29,0.0,4.23,115.52,24.71,90.81,0,0,0,1,OnePlus Smartphone X,OnePlus,417.28,206.02,2022-09-03,2023-06-30,B,Smartphones,0.22,high,Lisboa,PT,student,pct_of_retail,flexible,A,good,0.0,166.91,274.01,62.68,1.6417,1,Rosa Ferreira
136,44,669,9,2023-11-10,2023-11-24,2023-11-24,2023-11-24,14,68.83,0.0,1.93,70.76,12.39,58.37,0,0,0,1,OnePlus Smartphone X,OnePlus,417.28,206.02,2022-09-03,2023-06-30,B,Smartphones,0.22,high,Alicante,ES,professional,pct_of_retail,30_day,A,excellent,24.22,166.91,274.01,62.68,1.6417,1,Pablo López
137,45,1905,11,2022-06-23,2022-07-14,2022-07-14,2022-07-14,21,59.78,0.0,2.27,62.05,9.74,52.31,0,0,0,1,Xiaomi Smartphone Ultra,Xiaomi,224.16,38.83,2021-07-20,2022-05-16,A,Smartphones,0.22,high,Coimbra,PT,business,pct_of_retail,flexible,A,good,0.0,56.04,251.33,55.11,4.4848,1,Sofia Jesus
138,45,476,7,2022-07-24,2022-08-07,2022-08-07,2022-08-07,14,28.24,0.0,1.38,29.62,6.33,23.29,0,0,0,1,Xiaomi Smartphone Ultra,Xiaomi,224.16,38.83,2021-07-20,2022-05-16,A,Smartphones,0.22,high,Valencia,ES,business,pct_of_retail,7_day,A,fair,1.0,56.04,251.33,55.11,4.4848,1,Diego Fernández
139,45,1027,1,2022-08-19,2022-09-09,2022-09-09,2022-09-09,21,133.77,0.0,3.34,137.11,26.09,111.02,0,0,0,1,Xiaomi Smartphone Ultra,Xiaomi,224.16,38.83,2021-07-20,2022-05-16,A,Smartphones,0.22,high,Funchal,PT,professional,flat_rate,7_day,A,good,0.0,56.04,251.33,55.11,4.4848,1,Pedro Ferreira
140,45,164,3,2022-09-16,2022-09-30,2022-09-30,2022-09-30,14,44.66,0.0,1.12,45.78,7.95,37.83,0,0,0,1,Xiaomi Smartphone Ultra,Xiaomi,224.16,38.83,2021-07-20,2022-05-16,A,Smartphones,0.22,high,Aveiro,PT,casual,flat_rate,30_day,A,good,0.0,56.04,251.33,55.11,4.4848,1,Carlos Fernández
141,45,114,10,2022-10-13,2022-10-27,2022-10-27,2022-10-27,14,31.07,0.0,0.81,31.88,5.0,26.88,0,0,0,1,Xiaomi Smartphone Ultra,Xiaomi,224.16,38.83,2021-07-20,2022-05-16,A,Smartphones,0.22,high,Valencia,ES,casual,pct_of_retail,30_day,B,good,0.0,56.04,251.33,55.11,4.4848,1,Fernando García
142,46,232,9,2022-12-31,2023-01-07,2023-01-07,2023-01-07,7,82.79,0.0,2.32,85.11,13.91,71.2,0,0,0,1,Apple Smartphone,Apple,1009.11,370.0,2022-01-31,2022-11-27,A,Smartphones,0.22,high,Aveiro,PT,business,pct_of_retail,30_day,A,excellent,32.8,302.73,740.86,165.53,2.4473,1,Carmen Jesus
143,46,1325,10,2023-02-25,2023-03-11,2023-03-11,2023-03-11,14,139.86,0.0,3.64,143.5,28.11,115.39,0,0,0,1,Apple Smartphone,Apple,1009.11,370.0,2022-01-31,2022-11-27,A,Smartphones,0.22,high,Alicante,ES,casual,pct_of_retail,30_day,B,good,0.0,302.73,740.86,165.53,2.4473,1,Isabel Jesus
144,46,420,12,2023-03-19,2023-04-18,2023-04-18,2023-04-18,30,257.32,0.0,7.72,265.04,44.77,220.27,0,0,0,1,Apple Smartphone,Apple,1009.11,370.0,2022-01-31,2022-11-27,A,Smartphones,0.22,high,Lisboa,PT,professional,pct_of_retail,flexible,B,good,0.0,302.73,740.86,165.53,2.4473,1,Rosa Sánchez
145,46,1535,7,2023-04-30,2023-05-14,2023-05-14,2023-05-14,14,127.15,0.0,6.23,133.38,25.18,108.2,0,0,0,1,Apple Smartphone,Apple,1009.11,370.0,2022-01-31,2022-11-27,A,Smartphones,0.22,high,Alicante,ES,student,pct_of_retail,7_day,A,good,0.0,302.73,740.86,165.53,2.4473,1,Luísa González
146,46,1351,11,2023-05-28,2023-06-18,2023-06-18,2023-06-18,21,269.13,0.0,10.23,279.36,53.56,225.8,0,0,0,1,Apple Smartphone,Apple,1009.11,370.0,2022-01-31,2022-11-27,A,Smartphones,0.22,high,Faro,PT,professional,pct_of_retail,flexible,A,excellent,0.0,302.73,740.86,165.53,2.4473,1,Rafael Fernández
147,47,344,11,2022-12-02,2022-12-09,2022-12-09,2022-12-09,7,71.3,0.0,2.71,74.01,14.12,59.89,0,0,0,1,OnePlus Smartphone Pro,OnePlus,740.67,314.24,2021-12-27,2022-10-23,C,Smartphones,0.22,high,Coimbra,PT,professional,pct_of_retail,flexible,A,fair,0.0,185.17,492.45,134.88,2.6594,1,Pablo García
148,47,686,12,2022-12-17,2023-01-07,2023-01-07,2023-01-07,21,144.56,0.0,4.34,148.9,31.08,117.82,0,0,0,1,OnePlus Smartphone Pro,OnePlus,740.67,314.24,2021-12-27,2022-10-23,C,Smartphones,0.22,high,Zaragoza,ES,business,pct_of_retail,flexible,B,good,27.04,185.17,492.45,134.88,2.6594,1,Rui Martins
149,47,1379,10,2023-01-21,2023-02-04,2023-02-04,2023-02-04,14,102.66,0.0,2.67,105.33,20.12,85.21,0,0,0,1,OnePlus Smartphone Pro,OnePlus,740.67,314.24,2021-12-27,2022-10-23,C,Smartphones,0.22,high,Évora,PT,professional,pct_of_retail,30_day,B,fair,0.0,185.17,492.45,134.88,2.6594,1,Isabel García
150,47,1090,2,2023-02-11,2023-02-25,2023-02-25,2023-02-25,14,61.6,0.0,2.53,64.13,14.78,49.35,0,0,0,1,OnePlus Smartphone Pro,OnePlus,740.67,314.24,2021-12-27,2022-10-23,C,Smartphones,0.22,high,Alicante,ES,casual,flat_rate,7_day,B,excellent,0.0,185.17,492.45,134.88,2.6594,1,Sofia Santos
151,47,882,3,2023-03-02,2023-03-16,2023-03-16,2023-03-16,14,44.66,0.0,1.12,45.78,10.18,35.6,0,0,0,1,OnePlus Smartphone Pro,OnePlus,740.67,314.24,2021-12-27,2022-10-23,C,Smartphones,0.22,high,Leiria,PT,business,flat_rate,30_day,A,damaged,0.0,185.17,492.45,134.88,2.6594,1,Luísa Martínez
152,47,1287,8,2023-03-26,2023-04-02,2023-04-02,2023-04-02,7,50.81,0.0,1.68,52.49,12.6,39.89,0,0,0,1,OnePlus Smartphone Pro,OnePlus,740.67,314.24,2021-12-27,2022-10-23,C,Smartphones,0.22,high,Setúbal,PT,professional,pct_of_retail,7_day,B,good,0.0,185.17,492.45,134.88,2.6594,1,Filipa Martins
153,47,1769,11,2023-04-12,2023-04-26,2023-04-26,2023-04-26,14,131.69,0.0,5.0,136.69,32.0,104.69,0,0,0,1,OnePlus Smartphone Pro,OnePlus,740.67,314.24,2021-12-27,2022-10-23,C,Smartphones,0.22,high,Setúbal,PT,professional,pct_of_retail,flexible,A,good,0.0,185.17,492.45,134.88,2.6594,1,Isabel Sánchez
154,48,1658,5,2022-09-24,2022-10-08,2022-10-08,2022-10-08,14,119.14,0.0,4.05,123.19,19.78,103.41,0,0,0,1,Samsung Smartphone Lite,Samsung,888.13,338.69,2021-10-11,2022-08-07,A,Smartphones,0.22,high,Lisboa,PT,professional,flat_rate,flexible,A,excellent,0.0,222.03,442.37,102.78,1.9924,1,Isabel Martins
155,48,1144,8,2022-11-12,2022-11-19,2022-11-19,2022-11-19,7,69.69,0.0,2.3,71.99,15.05,56.94,0,0,0,1,Samsung Smartphone Lite,Samsung,888.13,338.69,2021-10-11,2022-08-07,A,Smartphones,0.22,high,Barcelona,ES,business,pct_of_retail,7_day,B,excellent,0.0,222.03,442.37,102.78,1.9924,1,João Silva
156,48,69,9,2022-11-24,2022-12-15,2022-12-15,2022-12-15,21,228.4,0.0,6.4,234.8,46.82,187.98,0,0,0,1,Samsung Smartphone Lite,Samsung,888.13,338.69,2021-10-11,2022-08-07,A,Smartphones,0.22,high,Leiria,PT,business,pct_of_retail,30_day,A,good,0.0,222.03,442.37,102.78,1.9924,1,Tiago García
157,48,1865,12,2022-12-28,2023-01-11,2023-01-11,2023-01-11,14,111.82,0.0,3.35,115.17,21.13,94.04,0,0,0,1,Samsung Smartphone Lite,Samsung,888.13,338.69,2021-10-11,2022-08-07,A,Smartphones,0.22,high,Valencia,ES,professional,pct_of_retail,flexible,B,excellent,0.0,222.03,442.37,102.78,1.9924,1,Carlos Rodrigues
158,49,1797,1,2022-05-01,2022-05-22,2022-05-22,2022-05-22,21,133.77,0.0,3.34,137.11,30.23,106.88,0,0,0,1,Apple Smartphone Ultra,Apple,223.89,44.84,2021-06-21,2022-04-17,B,Smartphones,0.22,high,Zaragoza,ES,business,flat_rate,7_day,A,good,0.0,55.97,189.6,45.4,3.3875,1,Rafael Silva
159,49,843,4,2022-06-24,2022-07-08,2022-07-14,2022-07-14,14,65.1,30.9,1.89,97.89,15.17,82.72,0,0,1,1,Apple Smartphone Ultra,Apple,223.89,44.84,2021-06-21,2022-04-17,B,Smartphones,0.22,high,Braga,PT,business,flat_rate,30_day,B,fair,0.0,55.97,189.6,45.4,3.3875,1,Beatriz Martínez
160,50,1831,8,2024-12-17,2024-12-24,2024-12-27,2024-12-27,7,31.01,7.77,1.02,39.8,6.73,33.07,0,0,1,1,Samsung Smartphone Plus,Samsung,414.28,339.23,2024-02-10,2024-12-06,A,Smartphones,0.22,high,Valencia,ES,business,pct_of_retail,7_day,B,fair,0.0,248.57,33.07,6.73,0.133,0,Elena García
161,51,495,5,2024-11-23,2024-12-14,2024-12-14,2024-12-14,21,196.77,0.0,6.69,203.46,38.96,164.5,0,0,0,1,OnePlus Smartphone Pro,OnePlus,283.67,220.19,2023-12-29,2024-10-24,B,Smartphones,0.22,high,Valencia,ES,student,flat_rate,flexible,A,damaged,0.0,170.2,183.39,44.96,1.0775,1,Nuno García
162,51,1461,3,2024-12-24,2024-12-31,2024-12-31,2024-12-31,7,24.28,0.0,0.61,24.89,6.0,18.89,0,0,0,1,OnePlus Smartphone Pro,OnePlus,283.67,220.19,2023-12-29,2024-10-24,B,Smartphones,0.22,high,Setúbal,PT,casual,flat_rate,30_day,A,fair,0.0,170.2,183.39,44.96,1.0775,1,Ricardo Fernández
163,52,1130,2,2024-07-05,2024-08-04,2024-08-04,2024-08-04,30,132.0,0.0,5.41,137.41,22.7,114.71,0,0,0,1,OnePlus Smartphone Lite,OnePlus,481.82,342.23,2023-08-02,2024-05-28,A,Smartphones,0.22,high,Funchal,PT,business,flat_rate,7_day,B,good,0.0,289.09,182.31,37.61,0.6306,0,Filipa Sousa
164,52,1007,8,2024-09-04,2024-09-11,2024-09-12,2024-09-12,7,33.05,2.59,1.09,36.73,6.38,30.35,0,0,1,1,OnePlus Smartphone Lite,OnePlus,481.82,342.23,2023-08-02,2024-05-28,A,Smartphones,0.22,high,Leiria,PT,student,pct_of_retail,7_day,B,excellent,0.0,289.09,182.31,37.61,0.6306,0,Inês García
165,52,101,3,2024-09-22,2024-10-06,2024-10-06,2024-10-06,14,44.66,0.0,1.12,45.78,8.53,37.25,0,0,0,1,OnePlus Smartphone Lite,OnePlus,481.82,342.23,2023-08-02,2024-05-28,A,Smartphones,0.22,high,Bilbao,ES,casual,flat_rate,30_day,A,fair,0.0,289.09,182.31,37.61,0.6306,0,Catarina Oliveira
166,53,1550,1,2024-06-24,2024-07-01,2024-07-01,2024-07-01,7,44.59,0.0,1.11,45.7,6.82,38.88,0,0,0,1,Samsung Smartphone,Samsung,1556.11,1119.48,2023-08-15,2024-06-10,A,Smartphones,0.22,high,Valencia,ES,business,flat_rate,7_day,A,good,0.0,933.67,796.15,202.86,0.8527,0,Catarina Fernández
167,53,1626,12,2024-07-09,2024-07-16,2024-07-16,2024-07-16,7,92.59,0.0,2.78,95.37,20.37,75.0,0,0,0,1,Samsung Smartphone,Samsung,1556.11,1119.48,2023-08-15,2024-06-10,A,Smartphones,0.22,high,Coimbra,PT,business,pct_of_retail,flexible,B,good,0.0,933.67,796.15,202.86,0.8527,0,Miguel Rodrigues
168,53,900,2,2024-08-17,2024-09-16,2024-09-16,2024-09-16,30,132.0,0.0,5.41,137.41,22.31,115.1,0,0,0,1,Samsung Smartphone,Samsung,1556.11,1119.48,2023-08-15,2024-06-10,A,Smartphones,0.22,high,Évora,PT,professional,flat_rate,7_day,B,good,0.0,933.67,796.15,202.86,0.8527,0,Diogo Santos
169,53,1557,9,2024-09-27,2024-10-11,2024-10-11,2024-10-11,14,239.64,0.0,6.71,246.35,43.37,202.98,0,0,0,1,Samsung Smartphone,Samsung,1556.11,1119.48,2023-08-15,2024-06-10,A,Smartphones,0.22,high,Lisboa,PT,professional,pct_of_retail,30_day,A,good,0.0,933.67,796.15,202.86,0.8527,0,Lucia Sánchez
170,53,1283,10,2024-10-23,2024-11-22,2024-11-22,2024-11-22,30,462.16,0.0,12.02,474.18,109.99,364.19,0,0,0,1,Samsung Smartphone,Samsung,1556.11,1119.48,2023-08-15,2024-06-10,A,Smartphones,0.22,high,Alicante,ES,professional,pct_of_retail,30_day,B,fair,0.0,933.67,796.15,202.86,0.8527,0,Filipa Martins
171,58,648,12,2024-09-16,2024-09-23,2024-09-23,2024-09-23,7,95.12,0.0,2.85,97.97,20.83,77.14,0,0,0,1,Apple Smartphone Plus,Apple,1598.65,1188.67,2023-10-08,2024-08-03,B,Smartphones,0.22,high,Málaga,ES,casual,pct_of_retail,flexible,B,good,0.0,959.19,511.14,131.19,0.5329,0,Filipa Costa
172,58,1422,1,2024-09-29,2024-10-06,2024-10-06,2024-10-06,7,44.59,0.0,1.11,45.7,8.78,36.92,0,0,0,1,Apple Smartphone Plus,Apple,1598.65,1188.67,2023-10-08,2024-08-03,B,Smartphones,0.22,high,Braga,PT,business,flat_rate,7_day,A,damaged,0.0,959.19,511.14,131.19,0.5329,0,Sofia Silva
173,58,1175,8,2024-10-20,2024-10-27,2024-10-27,2024-10-27,7,109.67,0.0,3.62,113.29,17.11,96.18,0,0,0,1,Apple Smartphone Plus,Apple,1598.65,1188.67,2023-10-08,2024-08-03,B,Smartphones,0.22,high,Faro,PT,business,pct_of_retail,7_day,B,good,0.0,959.19,511.14,131.19,0.5329,0,Marco López
174,58,1098,10,2024-11-01,2024-11-08,2024-11-08,2024-11-08,7,123.18,0.0,3.2,126.38,29.19,97.19,0,0,0,1,Apple Smartphone Plus,Apple,1598.65,1188.67,2023-10-08,2024-08-03,B,Smartphones,0.22,high,Valencia,ES,business,pct_of_retail,30_day,B,excellent,0.0,959.19,511.14,131.19,0.5329,0,Marta Jesus
175,58,949,10,2024-11-16,2024-11-30,2024-11-30,2024-11-30,14,252.43,0.0,6.56,258.99,55.28,203.71,0,0,0,1,Apple Smartphone Plus,Apple,1598.65,1188.67,2023-10-08,2024-08-03,B,Smartphones,0.22,high,Porto,PT,student,pct_of_retail,30_day,B,good,0.0,959.19,511.14,131.19,0.5329,0,Elena López
176,61,1285,12,2022-11-10,2022-11-17,2022-11-17,2022-11-17,7,100.53,0.0,3.02,103.55,17.39,86.16,0,0,0,2,Dell Laptop Ultra,Dell,1582.44,675.01,2022-01-11,2022-11-07,A,Laptops,0.18,high,Barcelona,ES,casual,pct_of_retail,flexible,B,good,0.0,474.73,383.6,85.83,0.808,0,João Oliveira
177,61,379,10,2022-11-27,2022-12-04,2022-12-04,2022-12-04,7,115.64,0.0,3.01,118.65,20.93,97.72,0,0,0,2,Dell Laptop Ultra,Dell,1582.44,675.01,2022-01-11,2022-11-07,A,Laptops,0.18,high,Madrid,ES,business,pct_of_retail,30_day,B,excellent,0.0,474.73,383.6,85.83,0.808,0,Fernando Silva
178,61,401,11,2022-12-16,2022-12-23,2022-12-29,2022-12-29,7,149.91,45.84,5.7,201.45,36.88,164.57,0,0,1,2,Dell Laptop Ultra,Dell,1582.44,675.01,2022-01-11,2022-11-07,A,Laptops,0.18,high,Porto,PT,business,pct_of_retail,flexible,A,good,0.0,474.73,383.6,85.83,0.808,0,Isabel Rodrigues
179,61,1713,3,2023-03-22,2023-04-05,2023-04-05,2023-04-05,14,44.66,0.0,1.12,45.78,10.63,35.15,0,0,0,2,Dell Laptop Ultra,Dell,1582.44,675.01,2022-01-11,2022-11-07,A,Laptops,0.18,high,Aveiro,PT,professional,flat_rate,30_day,A,good,0.0,474.73,383.6,85.83,0.808,0,Fernando Ferreira
180,62,1109,11,2024-03-25,2024-04-08,2024-04-08,2024-04-08,14,107.6,0.0,4.09,111.69,20.55,91.14,0,0,0,2,HP Laptop Ultra,HP,605.18,403.35,2023-05-24,2024-03-19,C,Laptops,0.18,high,Aveiro,PT,professional,pct_of_retail,flexible,A,fair,0.0,302.59,390.06,88.29,1.2891,1,Tiago Sousa
181,62,1836,3,2024-04-16,2024-05-07,2024-05-07,2024-05-07,21,66.99,0.0,1.67,68.66,12.26,56.4,0,0,0,2,HP Laptop Ultra,HP,605.18,403.35,2023-05-24,2024-03-19,C,Laptops,0.18,high,Porto,PT,business,flat_rate,30_day,A,good,0.0,302.59,390.06,88.29,1.2891,1,Rui Martins
182,62,277,12,2024-05-19,2024-06-09,2024-06-09,2024-06-09,21,108.02,0.0,3.24,111.26,20.42,90.84,0,0,0,2,HP Laptop Ultra,HP,605.18,403.35,2023-05-24,2024-03-19,C,Laptops,0.18,high,Lisboa,PT,professional,pct_of_retail,flexible,B,good,0.0,302.59,390.06,88.29,1.2891,1,Marta López
183,62,1612,10,2024-06-23,2024-06-30,2024-06-30,2024-06-30,7,41.94,0.0,1.09,43.03,10.32,32.71,0,0,0,2,HP Laptop Ultra,HP,605.18,403.35,2023-05-24,2024-03-19,C,Laptops,0.18,high,Barcelona,ES,business,pct_of_retail,30_day,B,excellent,0.0,302.59,390.06,88.29,1.2891,1,Pedro Santos
184,62,243,9,2024-07-24,2024-08-14,2024-08-14,2024-08-14,21,139.8,0.0,3.91,143.71,24.74,118.97,0,0,0,2,HP Laptop Ultra,HP,605.18,403.35,2023-05-24,2024-03-19,C,Laptops,0.18,high,Braga,PT,business,pct_of_retail,30_day,A,fair,0.0,302.59,390.06,88.29,1.2891,1,Miguel González
185,63,1079,7,2024-06-12,2024-07-12,2024-07-12,2024-07-12,30,321.79,0.0,15.77,337.56,79.48,258.08,0,0,0,2,Asus Laptop Plus,Asus,1191.83,952.14,2023-08-16,2024-06-11,B,Laptops,0.18,high,Lisboa,PT,business,pct_of_retail,7_day,A,excellent,0.0,715.1,540.3,163.05,0.7556,0,Beatriz Santos
186,63,1889,6,2024-07-17,2024-07-31,2024-07-31,2024-07-31,14,140.98,0.0,2.96,143.94,33.69,110.25,0,0,0,2,Asus Laptop Plus,Asus,1191.83,952.14,2023-08-16,2024-06-11,B,Laptops,0.18,high,Setúbal,PT,student,flat_rate,flexible,B,good,0.0,715.1,540.3,163.05,0.7556,0,Ricardo Rodrigues
187,63,492,10,2024-08-31,2024-09-07,2024-09-07,,7,82.59,0.0,2.15,84.74,17.51,67.23,1,0,0,2,Asus Laptop Plus,Asus,1191.83,952.14,2023-08-16,2024-06-11,B,Laptops,0.18,high,Porto,PT,professional,pct_of_retail,30_day,B,,,715.1,540.3,163.05,0.7556,0,Rui Ferreira
188,63,143,1,2024-10-11,2024-11-01,2024-11-01,2024-11-01,21,133.77,0.0,3.34,137.11,32.37,104.74,0,0,0,2,Asus Laptop Plus,Asus,1191.83,952.14,2023-08-16,2024-06-11,B,Laptops,0.18,high,Setúbal,PT,business,flat_rate,7_day,A,excellent,0.0,715.1,540.3,163.05,0.7556,0,Diogo Ferreira
189,64,1330,1,2023-05-24,2023-06-07,2023-06-08,2023-06-08,14,89.18,6.39,2.23,97.8,15.78,82.02,0,0,1,2,HP Laptop Max,HP,673.89,376.97,2022-07-16,2023-05-12,B,Laptops,0.18,high,Évora,PT,student,flat_rate,7_day,A,fair,0.0,269.56,393.84,94.94,1.461,1,João López
190,64,1323,12,2023-07-09,2023-07-16,2023-07-16,2023-07-16,7,40.1,0.0,1.2,41.3,9.42,31.88,0,0,0,2,HP Laptop Max,HP,673.89,376.97,2022-07-16,2023-05-12,B,Laptops,0.18,high,Faro,PT,student,pct_of_retail,flexible,B,excellent,0.0,269.56,393.84,94.94,1.461,1,Tiago Silva
191,64,959,8,2023-08-13,2023-09-03,2023-09-09,2023-09-09,21,138.69,15.54,4.58,158.81,34.26,124.55,0,0,1,2,HP Laptop Max,HP,673.89,376.97,2022-07-16,2023-05-12,B,Laptops,0.18,high,Málaga,ES,professional,pct_of_retail,7_day,B,good,0.0,269.56,393.84,94.94,1.461,1,Rui Martins
192,64,1939,7,2023-09-18,2023-10-18,2023-10-18,2023-10-18,30,181.95,0.0,8.92,190.87,35.48,155.39,0,0,0,2,HP Laptop Max,HP,673.89,376.97,2022-07-16,2023-05-12,B,Laptops,0.18,high,Leiria,PT,professional,pct_of_retail,7_day,A,damaged,34.83,269.56,393.84,94.94,1.461,1,André Fernández
193,66,1082,12,2024-06-24,2024-07-24,2024-07-24,2024-07-24,30,208.05,0.0,6.24,214.29,48.68,165.61,0,0,0,2,Lenovo Laptop Plus,Lenovo,815.9,592.19,2023-07-15,2024-05-10,C,Laptops,0.18,high,Coimbra,PT,business,pct_of_retail,flexible,B,good,0.0,489.54,553.58,157.16,1.1308,1,Marco García
194,66,276,7,2024-08-04,2024-08-18,2024-08-18,2024-08-18,14,102.8,0.0,5.04,107.84,25.08,82.76,0,0,0,2,Lenovo Laptop Plus,Lenovo,815.9,592.19,2023-07-15,2024-05-10,C,Laptops,0.18,high,Setúbal,PT,professional,pct_of_retail,7_day,A,excellent,0.0,489.54,553.58,157.16,1.1308,1,Fernando Silva
195,66,446,9,2024-08-29,2024-09-05,2024-09-05,2024-09-05,7,62.82,0.0,1.76,64.58,11.43,53.15,0,0,0,2,Lenovo Laptop Plus,Lenovo,815.9,592.19,2023-07-15,2024-05-10,C,Laptops,0.18,high,Madrid,ES,business,pct_of_retail,30_day,A,good,0.0,489.54,553.58,157.16,1.1308,1,Maria Sousa
196,66,56,11,2024-09-12,2024-09-26,2024-09-26,2024-09-26,14,145.07,0.0,5.51,150.58,34.53,116.05,0,0,0,2,Lenovo Laptop Plus,Lenovo,815.9,592.19,2023-07-15,2024-05-10,C,Laptops,0.18,high,Leiria,PT,casual,pct_of_retail,flexible,A,excellent,0.0,489.54,553.58,157.16,1.1308,1,Tiago Sánchez
197,66,1714,8,2024-10-07,2024-10-28,2024-10-28,2024-10-28,21,167.91,0.0,5.54,173.45,37.44,136.01,0,0,0,2,Lenovo Laptop Plus,Lenovo,815.9,592.19,2023-07-15,2024-05-10,C,Laptops,0.18,high,Évora,PT,professional,pct_of_retail,7_day,B,good,0.0,489.54,553.58,157.16,1.1308,1,Elena Sousa
198,67,1361,8,2022-04-22,2022-05-22,2022-05-22,2022-05-22,30,282.47,0.0,9.32,291.79,58.75,233.04,0,0,0,2,HP Laptop Lite,HP,960.79,343.65,2021-06-25,2022-04-21,A,Laptops,0.18,high,Leiria,PT,business,pct_of_retail,7_day,B,good,0.0,240.2,919.03,208.64,3.8261,1,Fernando López
199,67,461,9,2022-05-30,2022-06-13,2022-06-13,2022-06-13,14,147.96,0.0,4.14,152.1,31.66,120.44,0,0,0,2,HP Laptop Lite,HP,960.79,343.65,2021-06-25,2022-04-21,A,Laptops,0.18,high,Barcelona,ES,casual,pct_of_retail,30_day,A,good,0.0,240.2,919.03,208.64,3.8261,1,Elena Santos
200,67,1354,10,2022-06-18,2022-06-25,2022-06-25,2022-06-25,7,66.58,0.0,1.73,68.31,12.72,55.59,0,0,0,2,HP Laptop Lite,HP,960.79,343.65,2021-06-25,2022-04-21,A,Laptops,0.18,high,Madrid,ES,professional,pct_of_retail,30_day,B,good,0.0,240.2,919.03,208.64,3.8261,1,Marta Ferreira
201,67,35,10,2022-07-03,2022-07-24,2022-07-24,,21,199.75,0.0,5.19,204.94,31.96,172.98,1,1,0,2,HP Laptop Lite,HP,960.79,343.65,2021-06-25,2022-04-21,A,Laptops,0.18,high,Barcelona,ES,business,pct_of_retail,30_day,B,,,240.2,919.03,208.64,3.8261,1,Elena Santos
202,67,442,12,2022-07-29,2022-08-12,2022-08-12,2022-08-12,14,114.33,0.0,3.43,117.76,24.47,93.29,0,0,0,2,HP Laptop Lite,HP,960.79,343.65,2021-06-25,2022-04-21,A,Laptops,0.18,high,Alicante,ES,professional,pct_of_retail,flexible,B,fair,0.0,240.2,919.03,208.64,3.8261,1,Filipa Silva
203,67,736,10,2022-08-23,2022-09-22,2022-09-22,2022-09-22,30,285.35,0.0,7.42,292.77,49.08,243.69,0,0,0,2,HP Laptop Lite,HP,960.79,343.65,2021-06-25,2022-04-21,A,Laptops,0.18,high,Setúbal,PT,professional,pct_of_retail,30_day,B,good,0.0,240.2,919.03,208.64,3.8261,1,Carlos Sousa
204,68,14,10,2024-10-22,2024-11-05,2024-11-05,2024-11-05,14,188.38,0.0,4.9,193.28,43.89,149.39,0,0,0,2,Dell Laptop SE,Dell,1359.16,1055.96,2023-12-26,2024-10-21,A,Laptops,0.18,high,Lisboa,PT,casual,pct_of_retail,30_day,B,excellent,0.0,815.5,224.74,63.89,0.2756,0,Filipa Fernández
205,68,698,12,2024-11-17,2024-11-24,2024-11-24,2024-11-24,7,92.57,0.0,2.78,95.35,20.0,75.35,0,0,0,2,Dell Laptop SE,Dell,1359.16,1055.96,2023-12-26,2024-10-21,A,Laptops,0.18,high,Leiria,PT,casual,pct_of_retail,flexible,B,excellent,21.96,815.5,224.74,63.89,0.2756,0,Catarina Martins
206,69,1147,12,2023-08-20,2023-08-27,2023-08-27,2023-08-27,7,78.88,0.0,2.37,81.25,17.51,63.74,0,0,0,2,Lenovo Laptop X,Lenovo,1325.68,778.05,2022-09-18,2023-07-15,C,Laptops,0.18,high,Barcelona,ES,casual,pct_of_retail,flexible,B,good,5.76,530.27,972.26,252.97,1.8335,1,André Jesus
207,69,745,4,2023-09-02,2023-09-16,2023-09-16,2023-09-16,14,65.1,0.0,1.89,66.99,13.8,53.19,0,0,0,2,Lenovo Laptop X,Lenovo,1325.68,778.05,2022-09-18,2023-07-15,C,Laptops,0.18,high,Sevilla,ES,student,flat_rate,30_day,B,good,0.0,530.27,972.26,252.97,1.8335,1,Rui Jesus
208,69,15,11,2023-09-21,2023-10-05,2023-10-05,2023-10-05,14,235.71,0.0,8.96,244.67,43.84,200.83,0,0,0,2,Lenovo Laptop X,Lenovo,1325.68,778.05,2022-09-18,2023-07-15,C,Laptops,0.18,high,Faro,PT,casual,pct_of_retail,flexible,A,good,0.0,530.27,972.26,252.97,1.8335,1,Inês González
209,69,694,7,2023-10-17,2023-11-07,2023-11-12,2023-11-12,21,250.55,11.95,12.28,274.78,61.13,213.65,0,0,1,2,Lenovo Laptop X,Lenovo,1325.68,778.05,2022-09-18,2023-07-15,C,Laptops,0.18,high,Évora,PT,student,pct_of_retail,7_day,A,fair,0.0,530.27,972.26,252.97,1.8335,1,Rosa Oliveira
210,69,1148,1,2023-11-19,2023-12-03,2023-12-03,2023-12-03,14,93.79,0.0,2.34,96.13,19.13,77.0,0,0,0,2,Lenovo Laptop X,Lenovo,1325.68,778.05,2022-09-18,2023-07-15,C,Laptops,0.18,high,Sevilla,ES,business,flat_rate,7_day,A,damaged,0.0,530.27,972.26,252.97,1.8335,1,Sofia Jesus
211,69,789,10,2023-12-08,2023-12-22,2023-12-22,2023-12-22,14,193.55,0.0,5.03,198.58,43.94,154.64,0,0,0,2,Lenovo Laptop X,Lenovo,1325.68,778.05,2022-09-18,2023-07-15,C,Laptops,0.18,high,Zaragoza,ES,professional,pct_of_retail,30_day,B,fair,0.0,530.27,972.26,252.97,1.8335,1,Luísa Oliveira
212,69,846,7,2024-01-20,2024-02-10,2024-02-10,2024-02-10,21,250.55,0.0,12.28,262.83,53.62,209.21,0,0,0,2,Lenovo Laptop X,Lenovo,1325.68,778.05,2022-09-18,2023-07-15,C,Laptops,0.18,high,Leiria,PT,student,pct_of_retail,7_day,A,excellent,0.0,530.27,972.26,252.97,1.8335,1,Sara López
213,70,1417,11,2024-02-13,2024-03-05,2024-03-05,2024-03-05,21,227.34,0.0,8.64,235.98,44.79,191.19,0,0,0,2,Apple Laptop Pro,Apple,852.43,543.26,2023-03-08,2024-01-02,A,Laptops,0.18,high,Bilbao,ES,professional,pct_of_retail,flexible,A,excellent,0.0,426.21,686.26,179.89,1.6101,1,Sara Silva
214,70,1275,9,2024-03-16,2024-04-06,2024-04-06,2024-04-06,21,196.91,0.0,5.51,202.42,39.78,162.64,0,0,0,2,Apple Laptop Pro,Apple,852.43,543.26,2023-03-08,2024-01-02,A,Laptops,0.18,high,Sevilla,ES,professional,pct_of_retail,30_day,A,good,0.0,426.21,686.26,179.89,1.6101,1,Carlos Pereira
215,70,1679,7,2024-05-02,2024-05-23,2024-05-23,2024-05-23,21,161.11,0.0,7.89,169.0,35.44,133.56,0,0,0,2,Apple Laptop Pro,Apple,852.43,543.26,2023-03-08,2024-01-02,A,Laptops,0.18,high,Braga,PT,professional,pct_of_retail,7_day,A,good,0.0,426.21,686.26,179.89,1.6101,1,Luísa López
216,70,712,7,2024-06-06,2024-06-13,2024-06-13,2024-06-13,7,53.7,0.0,2.63,56.33,12.62,43.71,0,0,0,2,Apple Laptop Pro,Apple,852.43,543.26,2023-03-08,2024-01-02,A,Laptops,0.18,high,Funchal,PT,business,pct_of_retail,7_day,A,good,19.62,426.21,686.26,179.89,1.6101,1,Tiago Santos
217,70,1024,9,2024-06-26,2024-07-17,2024-07-17,2024-07-17,21,196.91,0.0,5.51,202.42,47.26,155.16,0,0,0,2,Apple Laptop Pro,Apple,852.43,543.26,2023-03-08,2024-01-02,A,Laptops,0.18,high,Faro,PT,casual,pct_of_retail,30_day,A,good,0.0,426.21,686.26,179.89,1.6101,1,Ana Rodrigues
218,71,1179,10,2024-07-06,2024-07-20,2024-07-21,2024-07-21,14,106.33,5.12,2.76,114.21,20.52,93.69,0,0,1,2,Lenovo Laptop Lite,Lenovo,767.16,584.59,2023-09-05,2024-07-01,B,Laptops,0.18,high,Leiria,PT,professional,pct_of_retail,30_day,B,good,0.0,460.3,257.32,57.02,0.559,0,Marta González
219,71,1384,1,2024-09-28,2024-10-12,2024-10-12,2024-10-12,14,89.18,0.0,2.23,91.41,17.03,74.38,0,0,0,2,Lenovo Laptop Lite,Lenovo,767.16,584.59,2023-09-05,2024-07-01,B,Laptops,0.18,high,Zaragoza,ES,casual,flat_rate,7_day,A,excellent,0.0,460.3,257.32,57.02,0.559,0,Pedro Pereira
220,71,1655,8,2024-10-21,2024-11-04,2024-11-04,2024-11-04,14,105.25,0.0,3.47,108.72,19.47,89.25,0,0,0,2,Lenovo Laptop Lite,Lenovo,767.16,584.59,2023-09-05,2024-07-01,B,Laptops,0.18,high,Funchal,PT,business,pct_of_retail,7_day,B,damaged,0.0,460.3,257.32,57.02,0.559,0,Carmen Costa
221,72,237,2,2024-05-25,2024-06-15,2024-06-15,2024-06-15,21,92.4,0.0,3.79,96.19,17.28,78.91,0,0,0,2,Lenovo Laptop Plus,Lenovo,1082.23,705.0,2023-05-04,2024-02-28,B,Laptops,0.18,high,Málaga,ES,professional,flat_rate,7_day,B,good,0.0,541.12,241.31,54.61,0.4459,0,Miguel Silva
222,72,82,11,2024-06-26,2024-07-10,2024-07-10,2024-07-10,14,192.42,0.0,7.31,199.73,37.33,162.4,0,0,0,2,Lenovo Laptop Plus,Lenovo,1082.23,705.0,2023-05-04,2024-02-28,B,Laptops,0.18,high,Barcelona,ES,professional,pct_of_retail,flexible,A,damaged,0.0,541.12,241.31,54.61,0.4459,0,Inês Silva
223,73,1367,9,2024-11-16,2024-12-07,2024-12-07,2024-12-07,21,246.74,0.0,6.91,253.65,60.7,192.95,0,0,0,2,Lenovo Laptop Max,Lenovo,965.17,803.79,2024-01-02,2024-10-28,A,Laptops,0.18,high,Madrid,ES,professional,pct_of_retail,30_day,A,good,0.0,579.1,192.95,92.59,0.3332,0,Sara Ferreira
224,73,1695,9,2024-12-17,2024-12-31,2024-12-31,,14,156.33,0.0,4.38,160.71,31.89,128.82,1,1,0,2,Lenovo Laptop Max,Lenovo,965.17,803.79,2024-01-02,2024-10-28,A,Laptops,0.18,high,Funchal,PT,professional,pct_of_retail,30_day,A,,,579.1,192.95,92.59,0.3332,0,Rosa Santos
225,74,1952,12,2022-06-17,2022-07-08,2022-07-09,2022-07-09,21,137.27,3.18,4.12,144.57,27.59,116.98,0,0,1,2,Asus Laptop SE,Asus,769.03,355.08,2021-07-11,2022-05-07,C,Laptops,0.18,high,Sevilla,ES,professional,pct_of_retail,flexible,B,excellent,37.83,192.26,729.65,174.77,3.7951,1,André Santos
226,74,130,11,2022-07-20,2022-07-27,2022-07-27,2022-07-27,7,68.37,0.0,2.6,70.97,16.89,54.08,0,0,0,2,Asus Laptop SE,Asus,769.03,355.08,2021-07-11,2022-05-07,C,Laptops,0.18,high,Alicante,ES,student,pct_of_retail,flexible,A,excellent,0.0,192.26,729.65,174.77,3.7951,1,Isabel Sousa
227,74,448,7,2022-08-02,2022-08-16,2022-08-16,2022-08-16,14,96.9,0.0,4.75,101.65,21.22,80.43,0,0,0,2,Asus Laptop SE,Asus,769.03,355.08,2021-07-11,2022-05-07,C,Laptops,0.18,high,Málaga,ES,casual,pct_of_retail,7_day,A,excellent,0.0,192.26,729.65,174.77,3.7951,1,Marta González
228,74,511,4,2022-08-22,2022-09-12,2022-09-12,2022-09-12,21,97.65,0.0,2.83,100.48,20.9,79.58,0,0,0,2,Asus Laptop SE,Asus,769.03,355.08,2021-07-11,2022-05-07,C,Laptops,0.18,high,Valencia,ES,professional,flat_rate,30_day,B,good,0.0,192.26,729.65,174.77,3.7951,1,Elena Pereira
229,74,394,9,2022-09-21,2022-10-12,2022-10-12,2022-10-12,21,177.65,0.0,4.97,182.62,42.46,140.16,0,0,0,2,Asus Laptop SE,Asus,769.03,355.08,2021-07-11,2022-05-07,C,Laptops,0.18,high,Madrid,ES,student,pct_of_retail,30_day,A,fair,0.0,192.26,729.65,174.77,3.7951,1,Sofia Martínez
230,74,777,11,2022-10-26,2022-11-25,2022-11-25,2022-11-25,30,293.0,0.0,11.13,304.13,45.71,258.42,0,0,0,2,Asus Laptop SE,Asus,769.03,355.08,2021-07-11,2022-05-07,C,Laptops,0.18,high,Sevilla,ES,student,pct_of_retail,flexible,A,good,0.0,192.26,729.65,174.77,3.7951,1,João López
231,75,107,10,2022-10-30,2022-11-13,2022-11-13,2022-11-13,14,174.46,0.0,4.54,179.0,34.02,144.98,0,0,0,2,Apple Laptop Plus,Apple,1258.7,435.98,2021-12-22,2022-10-18,B,Laptops,0.18,high,Valencia,ES,business,pct_of_retail,30_day,B,fair,0.0,314.68,816.54,200.76,2.5948,1,Beatriz Jesus
232,75,1216,11,2022-11-21,2022-11-28,2022-11-28,2022-11-28,7,122.49,0.0,4.65,127.14,26.34,100.8,0,0,0,2,Apple Laptop Plus,Apple,1258.7,435.98,2021-12-22,2022-10-18,B,Laptops,0.18,high,Málaga,ES,professional,pct_of_retail,flexible,A,fair,0.0,314.68,816.54,200.76,2.5948,1,Ricardo Rodrigues
233,75,1707,12,2022-12-12,2022-12-26,2022-12-26,2022-12-26,14,164.58,0.0,4.94,169.52,33.25,136.27,0,0,0,2,Apple Laptop Plus,Apple,1258.7,435.98,2021-12-22,2022-10-18,B,Laptops,0.18,high,Funchal,PT,professional,pct_of_retail,flexible,B,excellent,0.0,314.68,816.54,200.76,2.5948,1,Rafael Ferreira
234,75,1413,11,2023-01-09,2023-02-08,2023-02-08,2023-02-08,30,479.56,0.0,18.22,497.78,103.58,394.2,0,0,0,2,Apple Laptop Plus,Apple,1258.7,435.98,2021-12-22,2022-10-18,B,Laptops,0.18,high,Setúbal,PT,professional,pct_of_retail,flexible,A,excellent,0.0,314.68,816.54,200.76,2.5948,1,Diego Costa
235,75,695,3,2023-02-14,2023-02-21,2023-02-24,2023-02-24,7,22.33,20.97,0.56,43.86,3.57,40.29,0,0,1,2,Apple Laptop Plus,Apple,1258.7,435.98,2021-12-22,2022-10-18,B,Laptops,0.18,high,Barcelona,ES,professional,flat_rate,30_day,A,excellent,0.0,314.68,816.54,200.76,2.5948,1,Rosa Pereira
236,76,660,10,2023-03-03,2023-03-17,2023-03-17,2023-03-17,14,164.21,0.0,4.27,168.48,26.6,141.88,0,0,0,2,HP Laptop SE,HP,1184.75,618.65,2022-04-29,2023-02-23,B,Laptops,0.18,high,Setúbal,PT,business,pct_of_retail,30_day,B,good,0.0,355.43,669.99,137.64,1.885,1,André Sousa
237,76,1692,12,2023-04-22,2023-05-22,2023-05-22,2023-05-22,30,302.11,0.0,9.06,311.17,52.27,258.9,0,0,0,2,HP Laptop SE,HP,1184.75,618.65,2022-04-29,2023-02-23,B,Laptops,0.18,high,Bilbao,ES,business,pct_of_retail,flexible,B,good,34.13,355.43,669.99,137.64,1.885,1,André Santos
238,76,938,11,2023-06-04,2023-06-25,2023-06-25,2023-06-25,21,315.97,0.0,12.01,327.98,58.77,269.21,0,0,0,2,HP Laptop SE,HP,1184.75,618.65,2022-04-29,2023-02-23,B,Laptops,0.18,high,Funchal,PT,student,pct_of_retail,flexible,A,fair,0.0,355.43,669.99,137.64,1.885,1,Ricardo Ferreira
239,77,605,7,2023-07-09,2023-07-23,2023-07-23,2023-07-23,14,86.08,0.0,4.22,90.3,16.7,73.6,0,0,0,2,HP Laptop Ultra,HP,683.19,387.88,2022-08-01,2023-05-28,A,Laptops,0.18,high,Coimbra,PT,casual,pct_of_retail,7_day,A,fair,0.0,273.28,194.95,43.18,0.7134,0,Isabel González
240,77,1474,8,2023-07-28,2023-08-04,2023-08-05,2023-08-05,7,46.87,2.59,1.55,51.01,7.36,43.65,0,0,1,2,HP Laptop Ultra,HP,683.19,387.88,2022-08-01,2023-05-28,A,Laptops,0.18,high,Zaragoza,ES,casual,pct_of_retail,7_day,B,good,0.0,273.28,194.95,43.18,0.7134,0,Inês Santos
241,77,1138,8,2023-08-12,2023-08-26,2023-08-26,2023-08-26,14,93.73,0.0,3.09,96.82,19.12,77.7,0,0,0,2,HP Laptop Ultra,HP,683.19,387.88,2022-08-01,2023-05-28,A,Laptops,0.18,high,Aveiro,PT,professional,pct_of_retail,7_day,B,excellent,0.0,273.28,194.95,43.18,0.7134,0,Marco Santos
242,78,1021,9,2024-12-24,2025-01-14,2025-01-17,2025-01-17,21,129.02,6.63,3.61,139.26,28.13,111.13,0,0,1,2,Dell Laptop SE,Dell,519.01,451.01,2024-02-28,2024-12-24,A,Laptops,0.18,high,Funchal,PT,casual,pct_of_retail,30_day,A,fair,0.0,311.41,111.13,28.13,0.3569,0,Isabel Martínez
243,79,561,12,2024-04-18,2024-05-18,2024-05-22,2024-05-22,30,437.82,12.72,13.13,463.67,96.32,367.35,0,0,1,2,Lenovo Laptop SE,Lenovo,1716.95,1194.37,2023-05-31,2024-03-26,A,Laptops,0.18,high,Coimbra,PT,business,pct_of_retail,flexible,B,excellent,0.0,858.48,1084.76,243.58,1.2636,1,Nuno Costa
244,79,1255,7,2024-07-01,2024-07-15,2024-07-15,2024-07-15,14,216.34,0.0,10.6,226.94,32.45,194.49,0,0,0,2,Lenovo Laptop SE,Lenovo,1716.95,1194.37,2023-05-31,2024-03-26,A,Laptops,0.18,high,Madrid,ES,professional,pct_of_retail,7_day,A,fair,47.65,858.48,1084.76,243.58,1.2636,1,Beatriz Rodrigues
245,79,685,3,2024-08-12,2024-08-26,2024-08-26,2024-08-26,14,44.66,0.0,1.12,45.78,10.76,35.02,0,0,0,2,Lenovo Laptop SE,Lenovo,1716.95,1194.37,2023-05-31,2024-03-26,A,Laptops,0.18,high,Sevilla,ES,business,flat_rate,30_day,A,excellent,0.0,858.48,1084.76,243.58,1.2636,1,Inês Silva
246,79,998,8,2024-09-09,2024-09-30,2024-09-30,2024-09-30,21,353.35,0.0,11.66,365.01,60.78,304.23,0,0,0,2,Lenovo Laptop SE,Lenovo,1716.95,1194.37,2023-05-31,2024-03-26,A,Laptops,0.18,high,Braga,PT,student,pct_of_retail,7_day,B,damaged,29.19,858.48,1084.76,243.58,1.2636,1,Elena Costa
247,79,424,7,2024-10-13,2024-10-27,2024-10-27,2024-10-27,14,216.34,0.0,10.6,226.94,43.27,183.67,0,0,0,2,Lenovo Laptop SE,Lenovo,1716.95,1194.37,2023-05-31,2024-03-26,A,Laptops,0.18,high,Porto,PT,student,pct_of_retail,7_day,A,fair,0.0,858.48,1084.76,243.58,1.2636,1,Nuno García
248,80,1129,7,2024-10-01,2024-10-31,2024-10-31,2024-10-31,30,595.35,0.0,29.17,624.52,148.24,476.28,0,0,0,2,Lenovo Laptop,Lenovo,2205.0,1788.36,2023-12-05,2024-09-30,B,Laptops,0.18,high,Sevilla,ES,business,pct_of_retail,7_day,A,excellent,0.0,1323.0,770.76,233.18,0.5826,0,Ricardo Sánchez
249,80,1401,8,2024-11-06,2024-11-20,2024-11-20,2024-11-20,14,344.41,0.0,11.37,355.78,61.3,294.48,0,0,0,2,Lenovo Laptop,Lenovo,2205.0,1788.36,2023-12-05,2024-09-30,B,Laptops,0.18,high,Málaga,ES,business,pct_of_retail,7_day,B,damaged,0.0,1323.0,770.76,233.18,0.5826,0,Tiago Costa
250,80,1897,1,2024-12-01,2024-12-15,2024-12-15,,14,96.48,0.0,2.41,98.89,23.64,75.25,1,1,0,2,Lenovo Laptop,Lenovo,2205.0,1788.36,2023-12-05,2024-09-30,B,Laptops,0.18,high,Madrid,ES,professional,flat_rate,7_day,A,,,1323.0,770.76,233.18,0.5826,0,Inês Jesus
251,81,1783,10,2024-12-06,2024-12-20,2024-12-20,2024-12-20,14,295.3,0.0,7.68,302.98,73.23,229.75,0,0,0,2,Lenovo Laptop Pro,Lenovo,1859.68,1533.1,2024-02-03,2024-11-29,C,Laptops,0.18,high,Coimbra,PT,business,pct_of_retail,30_day,B,excellent,0.0,1115.81,229.75,73.23,0.2059,0,Beatriz Sousa
252,82,146,7,2024-05-24,2024-05-31,2024-05-31,2024-05-31,7,101.27,0.0,4.96,106.23,23.19,83.04,0,0,0,2,Apple Laptop Lite,Apple,1607.39,1225.81,2023-06-18,2024-04-13,A,Laptops,0.18,high,Évora,PT,student,pct_of_retail,7_day,A,good,0.0,803.7,762.74,183.96,0.949,0,Isabel Silva
253,82,871,10,2024-06-12,2024-06-26,2024-06-26,2024-06-26,14,222.78,0.0,5.79,228.57,50.13,178.44,0,0,0,2,Apple Laptop Lite,Apple,1607.39,1225.81,2023-06-18,2024-04-13,A,Laptops,0.18,high,Funchal,PT,professional,pct_of_retail,30_day,B,excellent,0.0,803.7,762.74,183.96,0.949,0,Carlos López
254,82,837,7,2024-08-01,2024-08-22,2024-08-22,2024-08-22,21,303.8,0.0,14.89,318.69,55.29,263.4,0,0,0,2,Apple Laptop Lite,Apple,1607.39,1225.81,2023-06-18,2024-04-13,A,Laptops,0.18,high,Faro,PT,student,pct_of_retail,7_day,A,fair,0.0,803.7,762.74,183.96,0.949,0,Sofia Pereira
255,82,910,2,2024-09-05,2024-09-26,2024-09-26,2024-09-26,21,92.4,0.0,3.79,96.19,19.77,76.42,0,0,0,2,Apple Laptop Lite,Apple,1607.39,1225.81,2023-06-18,2024-04-13,A,Laptops,0.18,high,Coimbra,PT,casual,flat_rate,7_day,B,good,0.0,803.7,762.74,183.96,0.949,0,Beatriz Sousa
256,82,1972,12,2024-10-10,2024-10-24,2024-10-24,2024-10-24,14,191.28,0.0,5.74,197.02,35.58,161.44,0,0,0,2,Apple Laptop Lite,Apple,1607.39,1225.81,2023-06-18,2024-04-13,A,Laptops,0.18,high,Bilbao,ES,business,pct_of_retail,flexible,B,good,0.0,803.7,762.74,183.96,0.949,0,Tiago González
257,83,1626,11,2023-12-24,2023-12-31,2023-12-31,2023-12-31,7,93.66,0.0,3.56,97.22,22.48,74.74,0,0,0,2,HP Laptop Lite,HP,995.74,639.74,2023-01-25,2023-11-21,B,Laptops,0.18,high,Coimbra,PT,business,pct_of_retail,flexible,A,excellent,0.0,497.87,671.41,157.6,1.3486,1,Miguel Rodrigues
258,83,1933,11,2024-02-01,2024-03-02,2024-03-02,2024-03-02,30,379.38,0.0,14.42,393.8,65.25,328.55,0,0,0,2,HP Laptop Lite,HP,995.74,639.74,2023-01-25,2023-11-21,B,Laptops,0.18,high,Faro,PT,student,pct_of_retail,flexible,A,good,11.85,497.87,671.41,157.6,1.3486,1,Tiago Jesus
259,83,1866,7,2024-03-14,2024-03-21,2024-03-21,2024-03-21,7,62.73,0.0,3.07,65.8,15.06,50.74,0,0,0,2,HP Laptop Lite,HP,995.74,639.74,2023-01-25,2023-11-21,B,Laptops,0.18,high,Évora,PT,business,pct_of_retail,7_day,A,good,0.0,497.87,671.41,157.6,1.3486,1,Rafael Oliveira
260,83,322,2,2024-04-26,2024-05-17,2024-05-17,2024-05-17,21,92.4,0.0,3.79,96.19,15.15,81.04,0,0,0,2,HP Laptop Lite,HP,995.74,639.74,2023-01-25,2023-11-21,B,Laptops,0.18,high,Évora,PT,professional,flat_rate,7_day,B,excellent,7.16,497.87,671.41,157.6,1.3486,1,Diego Santos
261,83,921,2,2024-05-29,2024-06-05,2024-06-05,2024-06-05,7,30.8,0.0,1.26,32.06,6.81,25.25,0,0,0,2,HP Laptop Lite,HP,995.74,639.74,2023-01-25,2023-11-21,B,Laptops,0.18,high,Sevilla,ES,student,flat_rate,7_day,B,fair,0.0,497.87,671.41,157.6,1.3486,1,Marco Costa
262,83,82,6,2024-06-18,2024-07-02,2024-07-02,2024-07-02,14,140.98,0.0,2.96,143.94,32.85,111.09,0,0,0,2,HP Laptop Lite,HP,995.74,639.74,2023-01-25,2023-11-21,B,Laptops,0.18,high,Barcelona,ES,professional,flat_rate,flexible,B,excellent,0.0,497.87,671.41,157.6,1.3486,1,Inês Silva
263,84,1099,7,2024-08-13,2024-08-27,2024-08-27,2024-08-27,14,96.21,0.0,4.71,100.92,22.51,78.41,0,0,0,2,HP Laptop SE,HP,763.59,619.83,2023-09-28,2024-07-24,C,Laptops,0.18,high,Braga,PT,business,pct_of_retail,7_day,A,damaged,0.0,458.15,380.59,80.38,0.8307,0,Ricardo Rodrigues
264,84,911,11,2024-09-06,2024-09-13,2024-09-13,2024-09-13,7,67.88,0.0,2.58,70.46,13.98,56.48,0,0,0,2,HP Laptop SE,HP,763.59,619.83,2023-09-28,2024-07-24,C,Laptops,0.18,high,Aveiro,PT,professional,pct_of_retail,flexible,A,good,0.0,458.15,380.59,80.38,0.8307,0,João Costa
265,84,877,1,2024-09-23,2024-10-07,2024-10-07,2024-10-07,14,89.18,0.0,2.23,91.41,13.91,77.5,0,0,0,2,HP Laptop SE,HP,763.59,619.83,2023-09-28,2024-07-24,C,Laptops,0.18,high,Coimbra,PT,professional,flat_rate,7_day,A,excellent,0.0,458.15,380.59,80.38,0.8307,0,Marco Silva
266,84,1936,12,2024-10-16,2024-10-23,2024-10-23,2024-10-23,7,45.43,0.0,1.36,46.79,7.9,38.89,0,0,0,2,HP Laptop SE,HP,763.59,619.83,2023-09-28,2024-07-24,C,Laptops,0.18,high,Alicante,ES,student,pct_of_retail,flexible,B,damaged,0.0,458.15,380.59,80.38,0.8307,0,Filipa Jesus
267,84,1048,7,2024-10-30,2024-11-20,2024-11-20,2024-11-20,21,144.32,0.0,7.07,151.39,22.08,129.31,0,0,0,2,HP Laptop SE,HP,763.59,619.83,2023-09-28,2024-07-24,C,Laptops,0.18,high,Porto,PT,business,pct_of_retail,7_day,A,fair,17.57,458.15,380.59,80.38,0.8307,0,Rosa Martínez
268,85,444,1,2023-02-20,2023-03-06,2023-03-06,,14,89.18,0.0,2.23,91.41,15.61,75.8,1,0,0,2,Dell Laptop Pro,Dell,1845.0,921.37,2022-03-16,2023-01-10,A,Laptops,0.18,high,Lisboa,PT,professional,flat_rate,7_day,A,,,553.5,970.17,248.05,1.7528,1,Carmen Silva
269,85,1502,12,2023-04-03,2023-04-17,2023-04-17,2023-04-17,14,219.56,0.0,6.59,226.15,44.57,181.58,0,0,0,2,Dell Laptop Pro,Dell,1845.0,921.37,2022-03-16,2023-01-10,A,Laptops,0.18,high,Braga,PT,professional,pct_of_retail,flexible,B,good,0.0,553.5,970.17,248.05,1.7528,1,Ana Ferreira
270,85,425,9,2023-05-10,2023-05-17,2023-05-17,2023-05-17,7,142.06,0.0,3.98,146.04,27.84,118.2,0,0,0,2,Dell Laptop Pro,Dell,1845.0,921.37,2022-03-16,2023-01-10,A,Laptops,0.18,high,Zaragoza,ES,business,pct_of_retail,30_day,A,excellent,0.0,553.5,970.17,248.05,1.7528,1,Rui García
271,85,1417,7,2023-05-26,2023-06-09,2023-06-09,2023-06-09,14,232.47,0.0,11.39,243.86,57.19,186.67,0,0,0,2,Dell Laptop Pro,Dell,1845.0,921.37,2022-03-16,2023-01-10,A,Laptops,0.18,high,Bilbao,ES,professional,pct_of_retail,7_day,A,good,0.0,553.5,970.17,248.05,1.7528,1,Sara Silva
272,85,1801,11,2023-06-14,2023-07-05,2023-07-05,2023-07-05,21,492.06,0.0,18.7,510.76,102.84,407.92,0,0,0,2,Dell Laptop Pro,Dell,1845.0,921.37,2022-03-16,2023-01-10,A,Laptops,0.18,high,Málaga,ES,casual,pct_of_retail,flexible,A,excellent,0.0,553.5,970.17,248.05,1.7528,1,Maria Fernández
273,86,1544,7,2024-04-30,2024-05-30,2024-05-30,2024-05-30,30,277.7,0.0,13.61,291.31,42.49,248.82,0,0,0,2,Asus Laptop X,Asus,1028.5,694.31,2023-07-03,2024-04-28,A,Laptops,0.18,high,Sevilla,ES,business,pct_of_retail,7_day,A,excellent,0.0,617.1,1092.84,233.02,1.7709,1,Ana López
274,86,1026,7,2024-06-07,2024-06-21,2024-06-21,2024-06-21,14,129.59,0.0,6.35,135.94,29.29,106.65,0,0,0,2,Asus Laptop X,Asus,1028.5,694.31,2023-07-03,2024-04-28,A,Laptops,0.18,high,Barcelona,ES,business,pct_of_retail,7_day,A,excellent,0.0,617.1,1092.84,233.02,1.7709,1,Filipa Costa
275,86,58,8,2024-07-04,2024-07-25,2024-07-25,2024-07-25,21,211.67,0.0,6.99,218.66,52.71,165.95,0,0,0,2,Asus Laptop X,Asus,1028.5,694.31,2023-07-03,2024-04-28,A,Laptops,0.18,high,Funchal,PT,professional,pct_of_retail,7_day,B,damaged,0.0,617.1,1092.84,233.02,1.7709,1,Isabel Santos
276,86,1715,11,2024-08-05,2024-08-26,2024-08-26,2024-08-26,21,274.3,0.0,10.42,284.72,43.89,240.83,0,0,0,2,Asus Laptop X,Asus,1028.5,694.31,2023-07-03,2024-04-28,A,Laptops,0.18,high,Leiria,PT,business,pct_of_retail,flexible,A,good,0.0,617.1,1092.84,233.02,1.7709,1,Filipa Oliveira
277,86,1175,10,2024-09-09,2024-09-23,2024-09-23,2024-09-23,14,142.55,0.0,3.71,146.26,27.8,118.46,0,0,0,2,Asus Laptop X,Asus,1028.5,694.31,2023-07-03,2024-04-28,A,Laptops,0.18,high,Faro,PT,business,pct_of_retail,30_day,B,excellent,30.45,617.1,1092.84,233.02,1.7709,1,Marco López
278,86,1086,12,2024-10-04,2024-10-25,2024-10-25,,21,183.59,0.0,5.51,189.1,31.39,157.71,1,0,0,2,Asus Laptop X,Asus,1028.5,694.31,2023-07-03,2024-04-28,A,Laptops,0.18,high,Aveiro,PT,student,pct_of_retail,flexible,B,,,617.1,1092.84,233.02,1.7709,1,Filipa Jesus
279,86,927,3,2024-11-04,2024-11-11,2024-11-16,2024-11-16,7,24.31,34.95,0.61,59.87,5.45,54.42,0,0,1,2,Asus Laptop X,Asus,1028.5,694.31,2023-07-03,2024-04-28,A,Laptops,0.18,high,Funchal,PT,business,flat_rate,30_day,A,good,0.0,617.1,1092.84,233.02,1.7709,1,Ana Sánchez
280,87,80,9,2024-06-03,2024-06-17,2024-06-17,2024-06-17,14,269.32,0.0,7.54,276.86,64.64,212.22,0,0,0,2,HP Laptop Max,HP,1748.8,1329.44,2023-07-18,2024-05-13,C,Laptops,0.18,high,Málaga,ES,business,pct_of_retail,30_day,A,fair,0.0,1049.28,605.15,159.06,0.5767,0,Diego Costa
281,87,1292,7,2024-09-02,2024-09-09,2024-09-09,2024-09-09,7,110.17,0.0,5.4,115.57,24.24,91.33,0,0,0,2,HP Laptop Max,HP,1748.8,1329.44,2023-07-18,2024-05-13,C,Laptops,0.18,high,Setúbal,PT,business,pct_of_retail,7_day,A,good,0.0,1049.28,605.15,159.06,0.5767,0,Inês Rodrigues
282,87,1184,8,2024-09-19,2024-10-10,2024-10-10,2024-10-10,21,359.9,0.0,11.88,371.78,70.18,301.6,0,0,0,2,HP Laptop Max,HP,1748.8,1329.44,2023-07-18,2024-05-13,C,Laptops,0.18,high,Bilbao,ES,student,pct_of_retail,7_day,B,excellent,0.0,1049.28,605.15,159.06,0.5767,0,Diogo Jesus
283,88,1657,10,2024-11-28,2024-12-19,2024-12-19,2024-12-19,21,229.2,0.0,5.96,235.16,48.13,187.03,0,0,0,2,Asus Laptop,Asus,1031.0,882.91,2024-01-28,2024-11-23,B,Laptops,0.18,high,Valencia,ES,professional,pct_of_retail,30_day,B,fair,0.0,618.6,187.03,48.13,0.3023,0,Diogo Martins
284,91,1758,7,2023-03-17,2023-03-31,2023-03-31,2023-03-31,14,94.66,0.0,4.64,99.3,22.62,76.68,0,0,0,2,Apple Laptop X,Apple,751.25,365.7,2022-04-24,2023-02-18,A,Laptops,0.18,high,Braga,PT,casual,pct_of_retail,7_day,A,good,0.0,225.38,405.6,93.97,1.7996,1,Sara Sousa
285,91,822,2,2023-04-05,2023-04-12,2023-04-12,2023-04-12,7,30.8,0.0,1.26,32.06,6.65,25.41,0,0,0,2,Apple Laptop X,Apple,751.25,365.7,2022-04-24,2023-02-18,A,Laptops,0.18,high,Porto,PT,casual,flat_rate,7_day,B,fair,0.0,225.38,405.6,93.97,1.7996,1,Sara González
286,91,404,11,2023-05-04,2023-05-25,2023-05-25,2023-05-25,21,200.36,0.0,7.61,207.97,32.06,175.91,0,0,0,2,Apple Laptop X,Apple,751.25,365.7,2022-04-24,2023-02-18,A,Laptops,0.18,high,Leiria,PT,business,pct_of_retail,flexible,A,fair,0.0,225.38,405.6,93.97,1.7996,1,Diogo Silva
287,91,1026,10,2023-06-08,2023-06-29,2023-06-29,2023-06-29,21,156.18,0.0,4.06,160.24,32.64,127.6,0,0,0,2,Apple Laptop X,Apple,751.25,365.7,2022-04-24,2023-02-18,A,Laptops,0.18,high,Barcelona,ES,business,pct_of_retail,30_day,B,good,0.0,225.38,405.6,93.97,1.7996,1,Filipa Costa
288,92,1522,12,2024-05-31,2024-06-21,2024-06-21,2024-06-21,21,107.11,0.0,3.21,110.32,23.56,86.76,0,0,0,2,HP Laptop Max,HP,600.05,465.89,2023-07-16,2024-05-11,A,Laptops,0.18,high,Bilbao,ES,professional,pct_of_retail,flexible,B,damaged,41.2,360.03,381.92,101.81,1.0608,1,Rosa López
289,92,1402,10,2024-06-27,2024-07-18,2024-07-18,2024-07-18,21,124.75,0.0,3.24,127.99,25.07,102.92,0,0,0,2,HP Laptop Max,HP,600.05,465.89,2023-07-16,2024-05-11,A,Laptops,0.18,high,Valencia,ES,business,pct_of_retail,30_day,B,good,0.0,360.03,381.92,101.81,1.0608,1,Tiago Rodrigues
290,92,1844,11,2024-07-26,2024-08-02,2024-08-02,2024-08-02,7,53.34,0.0,2.03,55.37,10.51,44.86,0,0,0,2,HP Laptop Max,HP,600.05,465.89,2023-07-16,2024-05-11,A,Laptops,0.18,high,Coimbra,PT,casual,pct_of_retail,flexible,A,good,0.0,360.03,381.92,101.81,1.0608,1,Lucia García
291,92,162,11,2024-08-16,2024-08-30,2024-08-30,2024-08-30,14,106.69,0.0,4.05,110.74,24.22,86.52,0,0,0,2,HP Laptop Max,HP,600.05,465.89,2023-07-16,2024-05-11,A,Laptops,0.18,high,Lisboa,PT,casual,pct_of_retail,flexible,A,excellent,0.0,360.03,381.92,101.81,1.0608,1,Rafael Costa
292,92,280,7,2024-09-09,2024-09-23,2024-09-23,2024-09-23,14,75.61,0.0,3.7,79.31,18.45,60.86,0,0,0,2,HP Laptop Max,HP,600.05,465.89,2023-07-16,2024-05-11,A,Laptops,0.18,high,Lisboa,PT,business,pct_of_retail,7_day,A,fair,0.0,360.03,381.92,101.81,1.0608,1,Nuno González
293,93,1049,9,2023-04-24,2023-05-08,2023-05-08,2023-05-08,14,248.95,0.0,6.97,255.92,49.29,206.63,0,0,0,2,Lenovo Laptop Max,Lenovo,1616.55,895.4,2022-06-15,2023-04-11,A,Laptops,0.18,high,Sevilla,ES,professional,pct_of_retail,30_day,A,good,0.0,484.97,767.44,170.4,1.5824,1,Diego Fernández
294,93,988,6,2023-05-17,2023-06-16,2023-06-16,2023-06-16,30,302.1,0.0,6.34,308.44,51.05,257.39,0,0,0,2,Lenovo Laptop Max,Lenovo,1616.55,895.4,2022-06-15,2023-04-11,A,Laptops,0.18,high,Bilbao,ES,professional,flat_rate,flexible,B,good,0.0,484.97,767.44,170.4,1.5824,1,Sara Rodrigues
295,93,1269,5,2023-07-21,2023-08-04,2023-08-04,2023-08-04,14,119.14,0.0,4.05,123.19,24.19,99.0,0,0,0,2,Lenovo Laptop Max,Lenovo,1616.55,895.4,2022-06-15,2023-04-11,A,Laptops,0.18,high,Leiria,PT,student,flat_rate,flexible,A,fair,0.0,484.97,767.44,170.4,1.5824,1,Rafael López
296,93,92,8,2023-08-17,2023-08-24,2023-08-27,2023-08-27,7,110.9,7.77,3.66,122.33,25.95,96.38,0,0,1,2,Lenovo Laptop Max,Lenovo,1616.55,895.4,2022-06-15,2023-04-11,A,Laptops,0.18,high,Funchal,PT,professional,pct_of_retail,7_day,B,fair,0.0,484.97,767.44,170.4,1.5824,1,Luísa López
297,93,442,9,2023-10-07,2023-10-14,2023-10-14,2023-10-14,7,124.47,0.0,3.49,127.96,19.92,108.04,0,0,0,2,Lenovo Laptop Max,Lenovo,1616.55,895.4,2022-06-15,2023-04-11,A,Laptops,0.18,high,Alicante,ES,professional,pct_of_retail,30_day,A,good,0.0,484.97,767.44,170.4,1.5824,1,Filipa Silva
298,94,1051,10,2023-02-12,2023-02-19,2023-02-19,2023-02-19,7,103.56,0.0,2.69,106.25,24.34,81.91,0,0,0,2,Apple Laptop Lite,Apple,1494.31,766.86,2022-03-19,2023-01-13,C,Laptops,0.18,high,Madrid,ES,student,pct_of_retail,30_day,B,good,0.0,448.29,245.73,72.31,0.5481,0,Pablo Martínez
299,94,487,8,2023-03-01,2023-03-15,2023-03-15,2023-03-15,14,205.02,0.0,6.77,211.79,47.97,163.82,0,0,0,2,Apple Laptop Lite,Apple,1494.31,766.86,2022-03-19,2023-01-13,C,Laptops,0.18,high,Setúbal,PT,professional,pct_of_retail,7_day,B,good,46.52,448.29,245.73,72.31,0.5481,0,Fernando López
300,95,544,3,2024-01-15,2024-01-29,2024-02-03,2024-02-03,14,44.66,34.95,1.12,80.73,6.88,73.85,0,0,1,2,HP Laptop Ultra,HP,1230.32,875.45,2023-03-09,2024-01-03,B,Laptops,0.18,high,Madrid,ES,professional,flat_rate,30_day,A,good,0.0,615.16,923.11,188.41,1.5006,1,Fernando García
301,95,1937,4,2024-02-10,2024-03-02,2024-03-06,2024-03-06,21,97.65,20.6,2.83,121.08,18.26,102.82,0,0,1,2,HP Laptop Ultra,HP,1230.32,875.45,2023-03-09,2024-01-03,B,Laptops,0.18,high,Faro,PT,casual,flat_rate,30_day,B,good,3.15,615.16,923.11,188.41,1.5006,1,Marta Rodrigues
302,95,366,11,2024-03-31,2024-04-21,2024-04-21,,21,328.13,0.0,12.47,340.6,68.58,272.02,1,1,0,2,HP Laptop Ultra,HP,1230.32,875.45,2023-03-09,2024-01-03,B,Laptops,0.18,high,Madrid,ES,casual,pct_of_retail,flexible,A,,,615.16,923.11,188.41,1.5006,1,Sofia Jesus
303,95,961,10,2024-04-27,2024-05-11,2024-05-14,2024-05-14,14,170.52,15.36,4.43,190.31,39.56,150.75,0,0,1,2,HP Laptop Ultra,HP,1230.32,875.45,2023-03-09,2024-01-03,B,Laptops,0.18,high,Bilbao,ES,casual,pct_of_retail,30_day,B,excellent,0.0,615.16,923.11,188.41,1.5006,1,Carmen Martins
304,95,960,11,2024-06-08,2024-06-29,2024-07-04,2024-07-04,21,328.13,38.2,12.47,378.8,55.13,323.67,0,0,1,2,HP Laptop Ultra,HP,1230.32,875.45,2023-03-09,2024-01-03,B,Laptops,0.18,high,Faro,PT,professional,pct_of_retail,flexible,A,excellent,0.0,615.16,923.11,188.41,1.5006,1,Marco Martins
305,96,511,10,2024-09-17,2024-10-08,2024-10-08,2024-10-08,21,231.29,0.0,6.01,237.3,40.71,196.59,0,0,0,2,HP Laptop Plus,HP,1112.49,908.29,2023-11-02,2024-08-28,A,Laptops,0.18,high,Valencia,ES,professional,pct_of_retail,30_day,B,good,0.0,667.49,375.04,82.05,0.5619,0,Elena Pereira
306,96,99,5,2024-10-21,2024-10-28,2024-10-28,2024-10-28,7,59.57,0.0,2.03,61.6,10.72,50.88,0,0,0,2,HP Laptop Plus,HP,1112.49,908.29,2023-11-02,2024-08-28,A,Laptops,0.18,high,Sevilla,ES,professional,flat_rate,flexible,A,damaged,0.0,667.49,375.04,82.05,0.5619,0,Lucia Sánchez
307,96,1158,7,2024-11-08,2024-11-15,2024-11-15,2024-11-15,7,78.35,0.0,3.84,82.19,16.53,65.66,0,0,0,2,HP Laptop Plus,HP,1112.49,908.29,2023-11-02,2024-08-28,A,Laptops,0.18,high,Setúbal,PT,business,pct_of_retail,7_day,A,damaged,0.0,667.49,375.04,82.05,0.5619,0,Ana Fernández
308,96,1958,12,2024-11-25,2024-12-02,2024-12-02,2024-12-02,7,73.79,0.0,2.21,76.0,14.09,61.91,0,0,0,2,HP Laptop Plus,HP,1112.49,908.29,2023-11-02,2024-08-28,A,Laptops,0.18,high,Funchal,PT,professional,pct_of_retail,flexible,B,excellent,30.93,667.49,375.04,82.05,0.5619,0,Ana Silva
309,97,1463,8,2024-05-30,2024-06-13,2024-06-13,2024-06-13,14,146.42,0.0,4.83,151.25,32.07,119.18,0,0,0,2,Asus Laptop Lite,Asus,1067.23,789.73,2023-07-01,2024-04-26,C,Laptops,0.18,high,Évora,PT,business,pct_of_retail,7_day,B,excellent,29.63,533.62,558.91,142.75,1.0474,1,Ana Costa
310,97,1050,11,2024-06-21,2024-06-28,2024-07-02,2024-07-02,7,94.88,30.56,3.61,129.05,19.36,109.69,0,0,1,2,Asus Laptop Lite,Asus,1067.23,789.73,2023-07-01,2024-04-26,C,Laptops,0.18,high,Alicante,ES,professional,pct_of_retail,flexible,A,good,0.0,533.62,558.91,142.75,1.0474,1,Miguel Santos
311,97,1304,7,2024-07-16,2024-07-30,2024-07-30,2024-07-30,14,134.47,0.0,6.59,141.06,33.08,107.98,0,0,0,2,Asus Laptop Lite,Asus,1067.23,789.73,2023-07-01,2024-04-26,C,Laptops,0.18,high,Aveiro,PT,professional,pct_of_retail,7_day,A,good,21.39,533.62,558.91,142.75,1.0474,1,Ricardo Oliveira
312,97,815,12,2024-08-13,2024-09-12,2024-09-12,2024-09-12,30,272.14,0.0,8.16,280.3,58.24,222.06,0,0,0,2,Asus Laptop Lite,Asus,1067.23,789.73,2023-07-01,2024-04-26,C,Laptops,0.18,high,Zaragoza,ES,student,pct_of_retail,flexible,B,fair,0.0,533.62,558.91,142.75,1.0474,1,Carlos Fernández
313,98,1185,12,2023-11-17,2023-12-08,2023-12-13,2023-12-13,21,211.83,15.9,6.35,234.08,37.71,196.37,0,0,1,2,Lenovo Laptop,Lenovo,1122.0,712.5,2023-01-10,2023-11-06,B,Laptops,0.18,high,Málaga,ES,professional,pct_of_retail,flexible,B,excellent,0.0,561.0,506.29,105.04,0.9025,0,Fernando González
314,98,1137,3,2023-12-19,2024-01-02,2024-01-02,2024-01-02,14,50.89,0.0,1.27,52.16,7.94,44.22,0,0,0,2,Lenovo Laptop,Lenovo,1122.0,712.5,2023-01-10,2023-11-06,B,Laptops,0.18,high,Setúbal,PT,business,flat_rate,30_day,A,fair,0.0,561.0,506.29,105.04,0.9025,0,Isabel Fernández
315,98,1114,2,2024-03-03,2024-03-10,2024-03-11,2024-03-11,7,30.8,7.2,1.26,39.26,6.68,32.58,0,0,1,2,Lenovo Laptop,Lenovo,1122.0,712.5,2023-01-10,2023-11-06,B,Laptops,0.18,high,Alicante,ES,professional,flat_rate,7_day,B,good,0.0,561.0,506.29,105.04,0.9025,0,Rafael Rodrigues
316,98,1410,12,2024-03-18,2024-04-01,2024-04-01,2024-04-01,14,133.52,0.0,4.01,137.53,22.03,115.5,0,0,0,2,Lenovo Laptop,Lenovo,1122.0,712.5,2023-01-10,2023-11-06,B,Laptops,0.18,high,Barcelona,ES,business,pct_of_retail,flexible,B,excellent,0.0,561.0,506.29,105.04,0.9025,0,Pablo Martínez
317,98,1846,7,2024-04-07,2024-04-21,2024-04-21,2024-04-21,14,141.37,0.0,6.93,148.3,30.68,117.62,0,0,0,2,Lenovo Laptop,Lenovo,1122.0,712.5,2023-01-10,2023-11-06,B,Laptops,0.18,high,Coimbra,PT,business,pct_of_retail,7_day,A,fair,0.0,561.0,506.29,105.04,0.9025,0,Rosa Rodrigues
318,99,1651,7,2023-07-07,2023-07-14,2023-07-14,2023-07-14,7,35.7,0.0,1.75,37.45,7.75,29.7,0,0,0,2,Apple Laptop SE,Apple,566.59,342.93,2022-09-03,2023-06-30,A,Laptops,0.18,high,Porto,PT,business,pct_of_retail,7_day,A,fair,12.57,226.64,346.46,83.88,1.5287,1,Diogo Martins
319,99,1293,5,2023-07-20,2023-08-03,2023-08-03,2023-08-03,14,119.14,0.0,4.05,123.19,28.0,95.19,0,0,0,2,Apple Laptop SE,Apple,566.59,342.93,2022-09-03,2023-06-30,A,Laptops,0.18,high,Valencia,ES,business,flat_rate,flexible,A,good,0.0,226.64,346.46,83.88,1.5287,1,Isabel Pereira
320,99,1701,8,2023-08-16,2023-08-30,2023-08-30,2023-08-30,14,77.74,0.0,2.57,80.31,17.03,63.28,0,0,0,2,Apple Laptop SE,Apple,566.59,342.93,2022-09-03,2023-06-30,A,Laptops,0.18,high,Madrid,ES,student,pct_of_retail,7_day,B,fair,0.0,226.64,346.46,83.88,1.5287,1,Pablo Rodrigues
321,99,1221,11,2023-09-07,2023-09-14,2023-09-14,2023-09-14,7,50.37,0.0,1.91,52.28,10.63,41.65,0,0,0,2,Apple Laptop SE,Apple,566.59,342.93,2022-09-03,2023-06-30,A,Laptops,0.18,high,Lisboa,PT,casual,pct_of_retail,flexible,A,excellent,0.0,226.64,346.46,83.88,1.5287,1,Miguel Oliveira
322,99,678,1,2023-09-25,2023-10-16,2023-10-16,2023-10-16,21,133.77,0.0,3.34,137.11,20.47,116.64,0,0,0,2,Apple Laptop SE,Apple,566.59,342.93,2022-09-03,2023-06-30,A,Laptops,0.18,high,Lisboa,PT,professional,flat_rate,7_day,A,good,0.0,226.64,346.46,83.88,1.5287,1,Carlos Sánchez
323,101,1849,10,2021-12-12,2021-12-19,2021-12-19,2021-12-19,7,95.5,0.0,2.48,97.98,21.01,76.97,0,0,0,2,Lenovo Laptop Plus,Lenovo,1248.17,336.7,2021-02-01,2021-11-28,C,Laptops,0.18,high,Braga,PT,student,pct_of_retail,30_day,B,good,0.0,312.04,441.01,86.2,1.4133,1,João Fernández
324,101,299,1,2021-12-25,2022-01-01,2022-01-01,2022-01-01,7,47.16,0.0,1.18,48.34,7.4,40.94,0,0,0,2,Lenovo Laptop Plus,Lenovo,1248.17,336.7,2021-02-01,2021-11-28,C,Laptops,0.18,high,Funchal,PT,student,flat_rate,7_day,A,good,0.0,312.04,441.01,86.2,1.4133,1,Sara Martínez
325,101,1509,6,2022-01-11,2022-02-01,2022-02-01,2022-02-01,21,211.47,0.0,4.44,215.91,32.78,183.13,0,0,0,2,Lenovo Laptop Plus,Lenovo,1248.17,336.7,2021-02-01,2021-11-28,C,Laptops,0.18,high,Málaga,ES,professional,flat_rate,flexible,B,damaged,0.0,312.04,441.01,86.2,1.4133,1,Inês Sánchez
326,101,1600,7,2022-03-13,2022-03-27,2022-03-27,2022-03-27,14,157.27,0.0,7.71,164.98,25.01,139.97,0,0,0,2,Lenovo Laptop Plus,Lenovo,1248.17,336.7,2021-02-01,2021-11-28,C,Laptops,0.18,high,Évora,PT,business,pct_of_retail,7_day,A,good,0.0,312.04,441.01,86.2,1.4133,1,Tiago Santos
327,102,225,8,2024-07-23,2024-07-30,2024-07-30,2024-07-30,7,63.78,0.0,2.1,65.88,10.78,55.1,0,0,0,2,Lenovo Laptop SE,Lenovo,929.71,726.41,2023-08-04,2024-05-30,B,Laptops,0.18,high,Évora,PT,student,pct_of_retail,7_day,B,excellent,0.0,557.83,231.37,58.13,0.4148,0,Carmen Silva
328,102,1237,10,2024-08-29,2024-09-12,2024-09-12,2024-09-12,14,128.86,0.0,3.35,132.21,31.83,100.38,0,0,0,2,Lenovo Laptop SE,Lenovo,929.71,726.41,2023-08-04,2024-05-30,B,Laptops,0.18,high,Funchal,PT,business,pct_of_retail,30_day,B,excellent,0.0,557.83,231.37,58.13,0.4148,0,Sofia Jesus
329,102,1030,1,2024-09-20,2024-10-04,2024-10-04,2024-10-04,14,89.18,0.0,2.23,91.41,15.52,75.89,0,0,0,2,Lenovo Laptop SE,Lenovo,929.71,726.41,2023-08-04,2024-05-30,B,Laptops,0.18,high,Porto,PT,professional,flat_rate,7_day,A,damaged,0.0,557.83,231.37,58.13,0.4148,0,Catarina González
330,103,1074,10,2023-11-01,2023-11-15,2023-11-15,2023-11-15,14,158.44,0.0,4.12,162.56,37.07,125.49,0,0,0,2,Dell Laptop Max,Dell,1018.06,664.79,2022-12-13,2023-10-09,A,Laptops,0.18,high,Barcelona,ES,student,pct_of_retail,30_day,B,excellent,0.0,407.22,504.14,123.56,1.238,1,Carmen Martínez
331,103,1422,1,2023-11-26,2023-12-03,2023-12-06,2023-12-06,7,47.48,19.17,1.19,67.84,8.45,59.39,0,0,1,2,Dell Laptop Max,Dell,1018.06,664.79,2022-12-13,2023-10-09,A,Laptops,0.18,high,Braga,PT,business,flat_rate,7_day,A,excellent,0.0,407.22,504.14,123.56,1.238,1,Sofia Silva
332,103,995,10,2023-12-18,2023-12-25,2024-01-01,2024-01-01,7,77.6,35.84,2.02,115.46,13.42,102.04,0,0,1,2,Dell Laptop Max,Dell,1018.06,664.79,2022-12-13,2023-10-09,A,Laptops,0.18,high,Faro,PT,business,pct_of_retail,30_day,B,good,0.0,407.22,504.14,123.56,1.238,1,Rui Rodrigues
333,103,35,11,2024-02-11,2024-03-03,2024-03-03,2024-03-03,21,271.52,0.0,10.32,281.84,64.62,217.22,0,0,0,2,Dell Laptop Max,Dell,1018.06,664.79,2022-12-13,2023-10-09,A,Laptops,0.18,high,Barcelona,ES,business,pct_of_retail,flexible,A,fair,0.0,407.22,504.14,123.56,1.238,1,Elena Santos
334,104,1150,11,2022-02-16,2022-02-23,2022-02-23,2022-02-23,7,142.03,0.0,5.4,147.43,27.84,119.59,0,0,0,2,Dell Laptop X,Dell,1597.65,476.96,2021-04-09,2022-02-03,A,Laptops,0.18,high,Porto,PT,student,pct_of_retail,flexible,A,excellent,43.26,399.41,119.59,27.84,0.2994,0,Sara Ferreira
335,105,471,3,2023-09-30,2023-10-14,2023-10-14,2023-10-14,14,44.66,0.0,1.12,45.78,9.56,36.22,0,0,0,2,Dell Laptop,Dell,1010.85,581.64,2022-11-25,2023-09-21,A,Laptops,0.18,high,Setúbal,PT,student,flat_rate,30_day,A,excellent,0.0,404.34,359.92,90.92,0.8901,0,Marco Sousa
336,105,1068,11,2023-10-19,2023-10-26,2023-10-26,2023-10-26,7,89.86,0.0,3.41,93.27,20.31,72.96,0,0,0,2,Dell Laptop,Dell,1010.85,581.64,2022-11-25,2023-09-21,A,Laptops,0.18,high,Zaragoza,ES,casual,pct_of_retail,flexible,A,fair,20.19,404.34,359.92,90.92,0.8901,0,Luísa Fernández
337,105,241,10,2023-11-01,2023-11-08,2023-11-08,,7,78.2,0.0,2.03,80.23,16.89,63.34,1,1,0,2,Dell Laptop,Dell,1010.85,581.64,2022-11-25,2023-09-21,A,Laptops,0.18,high,Madrid,ES,casual,pct_of_retail,30_day,B,,,404.34,359.92,90.92,0.8901,0,Filipa González
338,105,1924,8,2023-11-17,2023-12-08,2023-12-08,2023-12-08,21,224.16,0.0,7.4,231.56,44.16,187.4,0,0,0,2,Dell Laptop,Dell,1010.85,581.64,2022-11-25,2023-09-21,A,Laptops,0.18,high,Setúbal,PT,business,pct_of_retail,7_day,B,good,0.0,404.34,359.92,90.92,0.8901,0,Marta Ferreira
339,106,637,5,2024-10-08,2024-10-29,2024-10-29,2024-10-29,21,178.71,0.0,6.08,184.79,26.99,157.8,0,0,0,2,Asus Laptop Plus,Asus,1077.09,820.67,2023-10-30,2024-08-25,A,Laptops,0.18,high,Aveiro,PT,professional,flat_rate,flexible,A,good,39.1,646.25,349.92,71.92,0.5415,0,Sofia Rodrigues
340,106,999,9,2024-11-06,2024-11-13,2024-11-13,2024-11-13,7,90.95,0.0,2.55,93.5,14.01,79.49,0,0,0,2,Asus Laptop Plus,Asus,1077.09,820.67,2023-10-30,2024-08-25,A,Laptops,0.18,high,Valencia,ES,professional,pct_of_retail,30_day,A,excellent,3.9,646.25,349.92,71.92,0.5415,0,Ricardo Pereira
341,106,1240,12,2024-11-18,2024-11-25,2024-11-25,2024-11-25,7,71.0,0.0,2.13,73.13,17.11,56.02,0,0,0,2,Asus Laptop Plus,Asus,1077.09,820.67,2023-10-30,2024-08-25,A,Laptops,0.18,high,Porto,PT,casual,pct_of_retail,flexible,B,fair,0.0,646.25,349.92,71.92,0.5415,0,Pedro Fernández
342,106,1783,12,2024-12-06,2024-12-13,2024-12-13,2024-12-13,7,68.37,0.0,2.05,70.42,13.81,56.61,0,0,0,2,Asus Laptop Plus,Asus,1077.09,820.67,2023-10-30,2024-08-25,A,Laptops,0.18,high,Coimbra,PT,business,pct_of_retail,flexible,B,damaged,0.0,646.25,349.92,71.92,0.5415,0,Beatriz Sousa
343,107,700,11,2023-07-22,2023-08-12,2023-08-12,2023-08-12,21,311.0,0.0,11.82,322.82,60.33,262.49,0,0,0,2,Apple Laptop Plus,Apple,1166.09,516.83,2022-08-20,2023-06-16,A,Laptops,0.18,high,Leiria,PT,casual,pct_of_retail,flexible,A,good,0.0,466.44,1082.03,285.13,2.3198,1,Maria Sánchez
344,107,585,9,2023-08-23,2023-09-22,2023-09-22,2023-09-22,30,384.81,0.0,10.77,395.58,87.74,307.84,0,0,0,2,Apple Laptop Plus,Apple,1166.09,516.83,2022-08-20,2023-06-16,A,Laptops,0.18,high,Málaga,ES,business,pct_of_retail,30_day,A,good,0.0,466.44,1082.03,285.13,2.3198,1,Fernando Martínez
345,107,1951,12,2023-10-05,2023-10-19,2023-10-19,2023-10-19,14,138.76,0.0,4.16,142.92,34.13,108.79,0,0,0,2,Apple Laptop Plus,Apple,1166.09,516.83,2022-08-20,2023-06-16,A,Laptops,0.18,high,Lisboa,PT,student,pct_of_retail,flexible,B,fair,0.0,466.44,1082.03,285.13,2.3198,1,Rafael Pereira
346,107,227,8,2023-10-28,2023-11-18,2023-11-18,,21,239.98,0.0,7.92,247.9,54.96,192.94,1,0,0,2,Apple Laptop Plus,Apple,1166.09,516.83,2022-08-20,2023-06-16,A,Laptops,0.18,high,Zaragoza,ES,professional,pct_of_retail,7_day,B,,,466.44,1082.03,285.13,2.3198,1,Miguel Pereira
347,107,973,9,2023-11-26,2023-12-03,2023-12-03,2023-12-03,7,95.26,0.0,2.67,97.93,21.72,76.21,0,0,0,2,Apple Laptop Plus,Apple,1166.09,516.83,2022-08-20,2023-06-16,A,Laptops,0.18,high,Barcelona,ES,professional,pct_of_retail,30_day,A,fair,0.0,466.44,1082.03,285.13,2.3198,1,André Silva
348,107,384,12,2023-12-09,2023-12-23,2023-12-23,2023-12-23,14,155.35,0.0,4.66,160.01,26.25,133.76,0,0,0,2,Apple Laptop Plus,Apple,1166.09,516.83,2022-08-20,2023-06-16,A,Laptops,0.18,high,Lisboa,PT,business,pct_of_retail,flexible,B,excellent,0.0,466.44,1082.03,285.13,2.3198,1,João López
349,108,637,3,2024-12-01,2024-12-08,2024-12-08,2024-12-08,7,25.19,0.0,0.63,25.82,4.86,20.96,0,0,0,2,Asus Laptop SE,Asus,976.94,820.82,2024-02-03,2024-11-29,B,Laptops,0.18,high,Aveiro,PT,professional,flat_rate,30_day,A,excellent,0.0,586.16,20.96,4.86,0.0358,0,Sofia Rodrigues
350,110,1224,12,2022-05-27,2022-06-03,2022-06-03,2022-06-03,7,65.3,0.0,1.96,67.26,12.86,54.4,0,0,0,2,Asus Laptop Ultra,Asus,1097.54,395.05,2021-07-01,2022-04-27,A,Laptops,0.18,high,Málaga,ES,business,pct_of_retail,flexible,B,good,0.0,274.38,344.96,90.48,1.2572,1,Carmen Rodrigues
351,110,1152,7,2022-07-02,2022-07-23,2022-07-23,2022-07-23,21,207.44,0.0,10.16,217.6,46.67,170.93,0,0,0,2,Asus Laptop Ultra,Asus,1097.54,395.05,2021-07-01,2022-04-27,A,Laptops,0.18,high,Lisboa,PT,student,pct_of_retail,7_day,A,good,0.0,274.38,344.96,90.48,1.2572,1,Fernando Pereira
352,110,691,7,2022-07-30,2022-08-06,2022-08-06,2022-08-06,7,69.15,0.0,3.39,72.54,14.52,58.02,0,0,0,2,Asus Laptop Ultra,Asus,1097.54,395.05,2021-07-01,2022-04-27,A,Laptops,0.18,high,Funchal,PT,student,pct_of_retail,7_day,A,good,0.0,274.38,344.96,90.48,1.2572,1,Luísa Sánchez
353,110,1002,10,2022-08-15,2022-08-22,2022-08-22,2022-08-22,7,76.06,0.0,1.98,78.04,16.43,61.61,0,0,0,2,Asus Laptop Ultra,Asus,1097.54,395.05,2021-07-01,2022-04-27,A,Laptops,0.18,high,Zaragoza,ES,professional,pct_of_retail,30_day,B,good,0.0,274.38,344.96,90.48,1.2572,1,Isabel Oliveira
354,111,668,8,2024-08-08,2024-08-15,2024-08-15,2024-08-15,7,35.85,0.0,1.18,37.03,6.31,30.72,0,0,0,2,HP Laptop Ultra,HP,522.54,390.68,2023-06-30,2024-04-25,A,Laptops,0.18,high,Barcelona,ES,professional,pct_of_retail,7_day,B,good,4.26,261.27,30.72,6.31,0.1176,0,Maria Ferreira
355,112,1764,7,2023-03-27,2023-04-26,2023-04-26,2023-04-26,30,541.42,0.0,26.53,567.95,114.78,453.17,0,0,0,2,HP Laptop Ultra,HP,2005.25,839.79,2022-04-25,2023-02-19,C,Laptops,0.18,high,Porto,PT,casual,pct_of_retail,7_day,A,excellent,34.85,601.58,1266.55,306.35,2.1054,1,Sara Santos
356,112,1422,5,2023-05-06,2023-05-13,2023-05-13,2023-05-13,7,59.57,0.0,2.03,61.6,13.7,47.9,0,0,0,2,HP Laptop Ultra,HP,2005.25,839.79,2022-04-25,2023-02-19,C,Laptops,0.18,high,Braga,PT,business,flat_rate,flexible,A,good,0.0,601.58,1266.55,306.35,2.1054,1,Sofia Silva
357,112,1504,5,2023-05-21,2023-06-04,2023-06-04,2023-06-04,14,119.14,0.0,4.05,123.19,22.04,101.15,0,0,0,2,HP Laptop Ultra,HP,2005.25,839.79,2022-04-25,2023-02-19,C,Laptops,0.18,high,Alicante,ES,student,flat_rate,flexible,A,excellent,32.56,601.58,1266.55,306.35,2.1054,1,Ricardo Sánchez
358,112,1979,11,2023-07-04,2023-07-25,2023-07-25,2023-07-25,21,534.8,0.0,20.32,555.12,113.38,441.74,0,0,0,2,HP Laptop Ultra,HP,2005.25,839.79,2022-04-25,2023-02-19,C,Laptops,0.18,high,Leiria,PT,business,pct_of_retail,flexible,A,good,0.0,601.58,1266.55,306.35,2.1054,1,Fernando Silva
359,112,932,7,2023-08-06,2023-08-20,2023-08-20,2023-08-20,14,252.66,0.0,12.38,265.04,42.45,222.59,0,0,0,2,HP Laptop Ultra,HP,2005.25,839.79,2022-04-25,2023-02-19,C,Laptops,0.18,high,Braga,PT,business,pct_of_retail,7_day,A,good,0.0,601.58,1266.55,306.35,2.1054,1,Marta Martins
360,113,1541,12,2022-11-19,2022-11-26,2022-11-26,2022-11-26,7,72.14,0.0,2.16,74.3,11.69,62.61,0,0,0,2,Apple Laptop Lite,Apple,1060.65,434.87,2021-12-16,2022-10-12,B,Laptops,0.18,high,Málaga,ES,professional,pct_of_retail,flexible,B,excellent,0.0,265.16,368.25,88.98,1.3888,1,Ricardo Martins
361,113,1907,9,2022-12-03,2022-12-10,2022-12-10,2022-12-10,7,91.23,0.0,2.55,93.78,14.05,79.73,0,0,0,2,Apple Laptop Lite,Apple,1060.65,434.87,2021-12-16,2022-10-12,B,Laptops,0.18,high,Zaragoza,ES,casual,pct_of_retail,30_day,A,excellent,0.0,265.16,368.25,88.98,1.3888,1,Sofia Rodrigues
362,113,275,9,2022-12-15,2022-12-22,2022-12-22,2022-12-22,7,91.58,0.0,2.56,94.14,16.48,77.66,0,0,0,2,Apple Laptop Lite,Apple,1060.65,434.87,2021-12-16,2022-10-12,B,Laptops,0.18,high,Barcelona,ES,professional,pct_of_retail,30_day,A,good,0.0,265.16,368.25,88.98,1.3888,1,Marta Silva
363,113,1343,12,2023-01-22,2023-02-12,2023-02-12,2023-02-12,21,189.33,0.0,5.68,195.01,46.76,148.25,0,0,0,2,Apple Laptop Lite,Apple,1060.65,434.87,2021-12-16,2022-10-12,B,Laptops,0.18,high,Sevilla,ES,business,pct_of_retail,flexible,B,good,12.04,265.16,368.25,88.98,1.3888,1,Isabel Sánchez
364,114,1590,12,2024-09-10,2024-09-17,2024-09-19,2024-09-19,7,172.75,6.36,5.18,184.29,41.29,143.0,0,0,1,2,Apple Laptop X,Apple,2903.36,2122.79,2023-09-11,2024-07-07,B,Laptops,0.18,high,Lisboa,PT,business,pct_of_retail,flexible,B,good,0.0,1742.02,764.16,182.7,0.4387,0,Miguel Oliveira
365,114,283,12,2024-10-01,2024-10-31,2024-10-31,2024-10-31,30,740.36,0.0,22.21,762.57,141.41,621.16,0,0,0,2,Apple Laptop X,Apple,2903.36,2122.79,2023-09-11,2024-07-07,B,Laptops,0.18,high,Málaga,ES,student,pct_of_retail,flexible,B,good,0.0,1742.02,764.16,182.7,0.4387,0,Sara Santos
366,115,1438,8,2024-05-19,2024-05-26,2024-05-26,2024-05-26,7,89.16,0.0,2.94,92.1,19.08,73.02,0,0,0,2,Apple Laptop Ultra,Apple,1299.68,971.16,2023-06-22,2024-04-17,C,Laptops,0.18,high,Lisboa,PT,professional,pct_of_retail,7_day,B,excellent,0.0,649.84,804.45,162.56,1.2379,1,Luísa Jesus
367,115,32,9,2024-06-29,2024-07-06,2024-07-06,2024-07-06,7,100.08,0.0,2.8,102.88,23.02,79.86,0,0,0,2,Apple Laptop Ultra,Apple,1299.68,971.16,2023-06-22,2024-04-17,C,Laptops,0.18,high,Évora,PT,business,pct_of_retail,30_day,A,good,0.0,649.84,804.45,162.56,1.2379,1,Sofia Sousa
368,115,1509,7,2024-07-14,2024-08-04,2024-08-04,2024-08-04,21,245.64,0.0,12.04,257.68,41.76,215.92,0,0,0,2,Apple Laptop Ultra,Apple,1299.68,971.16,2023-06-22,2024-04-17,C,Laptops,0.18,high,Málaga,ES,professional,pct_of_retail,7_day,A,excellent,0.0,649.84,804.45,162.56,1.2379,1,Inês Sánchez
369,115,480,5,2024-08-18,2024-08-25,2024-08-31,2024-08-31,7,59.57,22.5,2.03,84.1,14.36,69.74,0,0,1,2,Apple Laptop Ultra,Apple,1299.68,971.16,2023-06-22,2024-04-17,C,Laptops,0.18,high,Málaga,ES,professional,flat_rate,flexible,A,excellent,0.0,649.84,804.45,162.56,1.2379,1,Tiago López
370,115,942,7,2024-09-09,2024-09-30,2024-10-07,2024-10-07,21,245.64,16.73,12.04,274.41,39.55,234.86,0,0,1,2,Apple Laptop Ultra,Apple,1299.68,971.16,2023-06-22,2024-04-17,C,Laptops,0.18,high,Porto,PT,student,pct_of_retail,7_day,A,excellent,23.21,649.84,804.45,162.56,1.2379,1,Inês Sánchez
371,115,1448,3,2024-10-19,2024-11-09,2024-11-09,,21,66.99,0.0,1.67,68.66,10.99,57.67,1,1,0,2,Apple Laptop Ultra,Apple,1299.68,971.16,2023-06-22,2024-04-17,C,Laptops,0.18,high,Sevilla,ES,business,flat_rate,30_day,A,,,649.84,804.45,162.56,1.2379,1,Beatriz Sánchez
372,115,1987,12,2024-11-14,2024-11-21,2024-11-21,2024-11-21,7,84.64,0.0,2.54,87.18,13.8,73.38,0,0,0,2,Apple Laptop Ultra,Apple,1299.68,971.16,2023-06-22,2024-04-17,C,Laptops,0.18,high,Porto,PT,business,pct_of_retail,flexible,B,excellent,0.0,649.84,804.45,162.56,1.2379,1,Marta Costa
373,117,1993,12,2022-12-14,2023-01-13,2023-01-13,2023-01-13,30,99.95,0.0,3.0,102.95,20.29,82.66,0,0,0,3,Lenovo Tablet Lite,Lenovo,369.0,218.9,2022-01-29,2022-11-25,A,Tablets,0.16,medium,Setúbal,PT,professional,pct_of_retail,flexible,B,excellent,0.0,110.7,249.15,55.4,2.2507,1,Ricardo Silva
374,117,1451,4,2023-01-19,2023-01-26,2023-01-26,2023-01-26,7,32.55,0.0,0.94,33.49,6.97,26.52,0,0,0,3,Lenovo Tablet Lite,Lenovo,369.0,218.9,2022-01-29,2022-11-25,A,Tablets,0.16,medium,Aveiro,PT,business,flat_rate,30_day,B,good,0.0,110.7,249.15,55.4,2.2507,1,Pedro Oliveira
375,117,1121,3,2023-04-22,2023-06-06,2023-06-09,2023-06-09,45,143.55,20.97,3.59,168.11,28.14,139.97,0,0,1,3,Lenovo Tablet Lite,Lenovo,369.0,218.9,2022-01-29,2022-11-25,A,Tablets,0.16,medium,Funchal,PT,business,flat_rate,30_day,A,excellent,0.0,110.7,249.15,55.4,2.2507,1,Isabel Ferreira
376,118,1817,12,2023-07-03,2023-08-17,2023-08-17,2023-08-17,45,205.49,0.0,6.16,211.65,49.32,162.33,0,0,0,3,Huawei Tablet X,Huawei,537.22,300.43,2022-08-17,2023-06-13,B,Tablets,0.16,medium,Faro,PT,student,pct_of_retail,flexible,B,excellent,1.18,214.89,816.46,218.48,3.7994,1,André Pereira
377,118,431,7,2023-09-16,2023-10-16,2023-10-16,2023-10-16,30,145.05,0.0,7.11,152.16,29.01,123.15,0,0,0,3,Huawei Tablet X,Huawei,537.22,300.43,2022-08-17,2023-06-13,B,Tablets,0.16,medium,Madrid,ES,professional,pct_of_retail,7_day,A,damaged,26.7,214.89,816.46,218.48,3.7994,1,Maria Santos
378,118,1432,8,2023-11-16,2023-12-16,2023-12-16,2023-12-16,30,170.66,0.0,5.63,176.29,41.64,134.65,0,0,0,3,Huawei Tablet X,Huawei,537.22,300.43,2022-08-17,2023-06-13,B,Tablets,0.16,medium,Setúbal,PT,student,pct_of_retail,7_day,B,excellent,0.0,214.89,816.46,218.48,3.7994,1,Diogo Pereira
379,118,1428,12,2023-12-25,2024-02-08,2024-02-08,2024-02-08,45,227.74,0.0,6.83,234.57,53.97,180.6,0,0,0,3,Huawei Tablet X,Huawei,537.22,300.43,2022-08-17,2023-06-13,B,Tablets,0.16,medium,Funchal,PT,professional,pct_of_retail,flexible,B,fair,0.0,214.89,816.46,218.48,3.7994,1,Diogo Martins
380,118,1149,8,2024-03-09,2024-04-23,2024-04-29,2024-04-29,45,236.91,15.54,7.82,260.27,44.54,215.73,0,0,1,3,Huawei Tablet X,Huawei,537.22,300.43,2022-08-17,2023-06-13,B,Tablets,0.16,medium,Zaragoza,ES,business,pct_of_retail,7_day,B,excellent,0.0,214.89,816.46,218.48,3.7994,1,Lucia Fernández
381,119,1905,4,2022-10-09,2022-10-23,2022-10-23,2022-10-23,14,65.1,0.0,1.89,66.99,13.93,53.06,0,0,0,3,Lenovo Tablet Ultra,Lenovo,280.51,127.7,2021-11-16,2022-09-12,C,Tablets,0.16,medium,Coimbra,PT,business,flat_rate,30_day,B,fair,0.0,70.13,368.66,92.7,5.2568,1,Sofia Jesus
382,119,1531,1,2022-10-29,2022-11-12,2022-11-12,2022-11-12,14,89.18,0.0,2.23,91.41,19.44,71.97,0,0,0,3,Lenovo Tablet Ultra,Lenovo,280.51,127.7,2021-11-16,2022-09-12,C,Tablets,0.16,medium,Braga,PT,business,flat_rate,7_day,A,good,0.0,70.13,368.66,92.7,5.2568,1,Diego García
383,119,1768,4,2022-11-24,2022-12-24,2022-12-24,2022-12-24,30,155.7,0.0,4.52,160.22,24.76,135.46,0,0,0,3,Lenovo Tablet Ultra,Lenovo,280.51,127.7,2021-11-16,2022-09-12,C,Tablets,0.16,medium,Porto,PT,student,flat_rate,30_day,B,good,16.75,70.13,368.66,92.7,5.2568,1,Tiago Ferreira
384,119,552,9,2023-02-24,2023-04-10,2023-04-10,2023-04-10,45,138.85,0.0,3.89,142.74,34.57,108.17,0,0,0,3,Lenovo Tablet Ultra,Lenovo,280.51,127.7,2021-11-16,2022-09-12,C,Tablets,0.16,medium,Málaga,ES,professional,pct_of_retail,30_day,A,good,38.15,70.13,368.66,92.7,5.2568,1,Marta Pereira
385,120,195,1,2024-07-26,2024-08-02,2024-08-02,2024-08-02,7,44.59,0.0,1.11,45.7,7.18,38.52,0,0,0,3,Huawei Tablet SE,Huawei,420.58,327.67,2023-08-18,2024-06-13,C,Tablets,0.16,medium,Funchal,PT,professional,flat_rate,7_day,A,fair,0.0,252.35,289.97,69.31,1.1491,1,Lucia Silva
386,120,771,12,2024-08-09,2024-08-16,2024-08-16,,7,25.02,0.0,0.75,25.77,4.3,21.47,1,1,0,3,Huawei Tablet SE,Huawei,420.58,327.67,2023-08-18,2024-06-13,C,Tablets,0.16,medium,Barcelona,ES,business,pct_of_retail,flexible,B,,,252.35,289.97,69.31,1.1491,1,Marta Fernández
387,120,1417,3,2024-08-23,2024-09-06,2024-09-06,2024-09-06,14,44.66,0.0,1.12,45.78,7.28,38.5,0,0,0,3,Huawei Tablet SE,Huawei,420.58,327.67,2023-08-18,2024-06-13,C,Tablets,0.16,medium,Bilbao,ES,professional,flat_rate,30_day,A,good,0.0,252.35,289.97,69.31,1.1491,1,Sara Silva
388,120,916,6,2024-10-06,2024-10-20,2024-10-20,2024-10-20,14,140.98,0.0,2.96,143.94,27.49,116.45,0,0,0,3,Huawei Tablet SE,Huawei,420.58,327.67,2023-08-18,2024-06-13,C,Tablets,0.16,medium,Aveiro,PT,casual,flat_rate,flexible,B,excellent,0.0,252.35,289.97,69.31,1.1491,1,Rosa Pereira
389,120,256,3,2024-10-30,2024-11-29,2024-11-29,2024-11-29,30,95.7,0.0,2.39,98.09,23.06,75.03,0,0,0,3,Huawei Tablet SE,Huawei,420.58,327.67,2023-08-18,2024-06-13,C,Tablets,0.16,medium,Évora,PT,professional,flat_rate,30_day,A,good,8.3,252.35,289.97,69.31,1.1491,1,Pablo Rodrigues
390,121,888,12,2024-02-10,2024-03-11,2024-03-13,2024-03-13,30,108.73,6.36,3.26,118.35,22.18,96.17,0,0,1,3,Samsung Tablet Plus,Samsung,426.41,310.73,2023-03-29,2024-01-23,A,Tablets,0.16,medium,Évora,PT,business,pct_of_retail,flexible,B,good,0.0,213.21,433.18,100.83,2.0317,1,Sara González
391,121,623,3,2024-03-27,2024-04-03,2024-04-03,,7,22.33,0.0,0.56,22.89,4.89,18.0,1,1,0,3,Samsung Tablet Plus,Samsung,426.41,310.73,2023-03-29,2024-01-23,A,Tablets,0.16,medium,Leiria,PT,student,flat_rate,30_day,A,,,213.21,433.18,100.83,2.0317,1,Catarina García
392,121,696,5,2024-04-16,2024-04-30,2024-04-30,,14,119.14,0.0,4.05,123.19,24.19,99.0,1,0,0,3,Samsung Tablet Plus,Samsung,426.41,310.73,2023-03-29,2024-01-23,A,Tablets,0.16,medium,Funchal,PT,student,flat_rate,flexible,A,,,213.21,433.18,100.83,2.0317,1,Elena Martínez
393,121,204,3,2024-05-11,2024-05-18,2024-05-18,2024-05-18,7,22.33,0.0,0.56,22.89,4.89,18.0,0,0,0,3,Samsung Tablet Plus,Samsung,426.41,310.73,2023-03-29,2024-01-23,A,Tablets,0.16,medium,Faro,PT,business,flat_rate,30_day,A,good,0.0,213.21,433.18,100.83,2.0317,1,Pablo Rodrigues
394,121,935,11,2024-06-01,2024-06-15,2024-06-15,2024-06-15,14,75.82,0.0,2.88,78.7,15.32,63.38,0,0,0,3,Samsung Tablet Plus,Samsung,426.41,310.73,2023-03-29,2024-01-23,A,Tablets,0.16,medium,Zaragoza,ES,business,pct_of_retail,flexible,A,good,0.0,213.21,433.18,100.83,2.0317,1,Rafael Jesus
395,121,1044,12,2024-06-23,2024-08-07,2024-08-07,2024-08-07,45,163.1,0.0,4.89,167.99,29.36,138.63,0,0,0,3,Samsung Tablet Plus,Samsung,426.41,310.73,2023-03-29,2024-01-23,A,Tablets,0.16,medium,Coimbra,PT,professional,pct_of_retail,flexible,B,good,14.15,213.21,433.18,100.83,2.0317,1,Pablo Pereira
396,123,1707,8,2022-04-01,2022-05-01,2022-05-08,2022-05-08,30,268.87,18.13,8.87,295.87,44.63,251.24,0,0,1,3,Apple Tablet Lite,Apple,914.54,238.78,2021-06-02,2022-03-29,C,Tablets,0.16,medium,Funchal,PT,professional,pct_of_retail,7_day,B,excellent,0.0,228.63,841.52,175.61,3.6807,1,Rafael Ferreira
397,123,1530,8,2022-05-16,2022-05-30,2022-05-30,2022-05-30,14,125.47,0.0,4.14,129.61,19.45,110.16,0,0,0,3,Apple Tablet Lite,Apple,914.54,238.78,2021-06-02,2022-03-29,C,Tablets,0.16,medium,Sevilla,ES,business,pct_of_retail,7_day,B,excellent,0.0,228.63,841.52,175.61,3.6807,1,Beatriz Santos
398,123,653,11,2022-06-11,2022-06-18,2022-06-18,2022-06-18,7,81.3,0.0,3.09,84.39,15.2,69.19,0,0,0,3,Apple Tablet Lite,Apple,914.54,238.78,2021-06-02,2022-03-29,C,Tablets,0.16,medium,Valencia,ES,professional,pct_of_retail,flexible,A,good,13.63,228.63,841.52,175.61,3.6807,1,Pablo Pereira
399,123,1527,11,2022-06-25,2022-07-25,2022-07-25,2022-07-25,30,348.44,0.0,13.24,361.68,65.16,296.52,0,0,0,3,Apple Tablet Lite,Apple,914.54,238.78,2021-06-02,2022-03-29,C,Tablets,0.16,medium,Alicante,ES,professional,pct_of_retail,flexible,A,excellent,0.0,228.63,841.52,175.61,3.6807,1,Isabel Ferreira
400,123,453,4,2022-08-08,2022-08-15,2022-08-15,2022-08-15,7,32.55,0.0,0.94,33.49,5.92,27.57,0,0,0,3,Apple Tablet Lite,Apple,914.54,238.78,2021-06-02,2022-03-29,C,Tablets,0.16,medium,Lisboa,PT,professional,flat_rate,30_day,B,damaged,0.0,228.63,841.52,175.61,3.6807,1,Carmen Pereira
401,123,92,12,2022-08-20,2022-09-03,2022-09-03,2022-09-03,14,108.83,0.0,3.26,112.09,25.25,86.84,0,0,0,3,Apple Tablet Lite,Apple,914.54,238.78,2021-06-02,2022-03-29,C,Tablets,0.16,medium,Funchal,PT,professional,pct_of_retail,flexible,B,damaged,0.0,228.63,841.52,175.61,3.6807,1,Luísa López
402,124,1302,7,2024-05-19,2024-05-26,2024-05-27,2024-05-27,7,54.17,2.39,2.65,59.21,8.18,51.03,0,0,1,3,Samsung Tablet Ultra,Samsung,859.86,672.17,2023-07-07,2024-05-02,A,Tablets,0.16,medium,Porto,PT,professional,pct_of_retail,7_day,A,excellent,0.0,515.92,458.85,111.83,0.8894,0,Marta Sánchez
403,124,515,9,2024-06-26,2024-07-10,2024-07-10,2024-07-10,14,132.42,0.0,3.71,136.13,28.87,107.26,0,0,0,3,Samsung Tablet Ultra,Samsung,859.86,672.17,2023-07-07,2024-05-02,A,Tablets,0.16,medium,Lisboa,PT,professional,pct_of_retail,30_day,A,good,0.0,515.92,458.85,111.83,0.8894,0,Filipa Oliveira
404,124,1979,10,2024-07-16,2024-07-30,2024-07-30,2024-07-30,14,119.18,0.0,3.1,122.28,23.24,99.04,0,0,0,3,Samsung Tablet Ultra,Samsung,859.86,672.17,2023-07-07,2024-05-02,A,Tablets,0.16,medium,Leiria,PT,business,pct_of_retail,30_day,B,damaged,0.0,515.92,458.85,111.83,0.8894,0,Fernando Silva
405,124,989,4,2024-08-12,2024-09-11,2024-09-11,2024-09-11,30,139.5,0.0,4.05,143.55,33.9,109.65,0,0,0,3,Samsung Tablet Ultra,Samsung,859.86,672.17,2023-07-07,2024-05-02,A,Tablets,0.16,medium,Faro,PT,student,flat_rate,30_day,B,good,0.0,515.92,458.85,111.83,0.8894,0,Rafael Costa
406,124,1614,12,2024-09-20,2024-09-27,2024-09-27,2024-09-27,7,51.16,0.0,1.53,52.69,8.7,43.99,0,0,0,3,Samsung Tablet Ultra,Samsung,859.86,672.17,2023-07-07,2024-05-02,A,Tablets,0.16,medium,Valencia,ES,student,pct_of_retail,flexible,B,fair,0.0,515.92,458.85,111.83,0.8894,0,Carmen Martínez
407,124,427,7,2024-10-02,2024-10-09,2024-10-09,2024-10-09,7,54.17,0.0,2.65,56.82,8.94,47.88,0,0,0,3,Samsung Tablet Ultra,Samsung,859.86,672.17,2023-07-07,2024-05-02,A,Tablets,0.16,medium,Leiria,PT,professional,pct_of_retail,7_day,A,fair,0.0,515.92,458.85,111.83,0.8894,0,Inês Oliveira
408,125,1586,2,2023-12-15,2023-12-29,2023-12-29,2023-12-29,14,68.54,0.0,2.81,71.35,12.34,59.01,0,0,0,3,Samsung Tablet Plus,Samsung,266.94,187.85,2023-01-22,2023-11-18,B,Tablets,0.16,medium,Sevilla,ES,professional,flat_rate,7_day,B,excellent,0.0,133.47,295.72,69.6,2.2156,1,Tiago Rodrigues
409,125,193,1,2024-02-17,2024-03-18,2024-03-18,,30,191.1,0.0,4.78,195.88,41.85,154.03,1,1,0,3,Samsung Tablet Plus,Samsung,266.94,187.85,2023-01-22,2023-11-18,B,Tablets,0.16,medium,Lisboa,PT,business,flat_rate,7_day,A,,,133.47,295.72,69.6,2.2156,1,Sara Pereira
410,125,793,3,2024-05-23,2024-06-22,2024-06-22,2024-06-22,30,95.7,0.0,2.39,98.09,15.41,82.68,0,0,0,3,Samsung Tablet Plus,Samsung,266.94,187.85,2023-01-22,2023-11-18,B,Tablets,0.16,medium,Funchal,PT,professional,flat_rate,30_day,A,excellent,0.0,133.47,295.72,69.6,2.2156,1,Carmen Jesus
411,126,1603,11,2023-06-15,2023-06-22,2023-06-22,2023-06-22,7,61.32,0.0,2.33,63.65,13.12,50.53,0,0,0,3,Apple Tablet SE,Apple,689.78,457.57,2022-07-15,2023-05-11,B,Tablets,0.16,medium,Setúbal,PT,professional,pct_of_retail,flexible,A,excellent,14.29,275.91,417.79,119.22,1.5142,1,Maria Sánchez
412,126,1122,5,2023-06-27,2023-07-27,2023-07-27,2023-07-27,30,255.3,0.0,8.68,263.98,63.57,200.41,0,0,0,3,Apple Tablet SE,Apple,689.78,457.57,2022-07-15,2023-05-11,B,Tablets,0.16,medium,Sevilla,ES,casual,flat_rate,flexible,A,excellent,0.0,275.91,417.79,119.22,1.5142,1,Catarina Jesus
413,126,1959,6,2023-08-10,2023-08-17,2023-08-17,2023-08-17,7,70.49,0.0,1.48,71.97,14.94,57.03,0,0,0,3,Apple Tablet SE,Apple,689.78,457.57,2022-07-15,2023-05-11,B,Tablets,0.16,medium,Aveiro,PT,professional,flat_rate,flexible,B,good,0.0,275.91,417.79,119.22,1.5142,1,Maria Oliveira
414,126,1143,2,2023-08-23,2023-09-22,2023-09-22,2023-09-22,30,132.0,0.0,5.41,137.41,27.59,109.82,0,0,0,3,Apple Tablet SE,Apple,689.78,457.57,2022-07-15,2023-05-11,B,Tablets,0.16,medium,Coimbra,PT,professional,flat_rate,7_day,B,good,0.0,275.91,417.79,119.22,1.5142,1,Miguel Sánchez
415,127,806,9,2023-09-25,2023-11-09,2023-11-15,2023-11-15,45,349.59,13.26,9.79,372.64,61.88,310.76,0,0,1,3,Apple Tablet Ultra,Apple,706.24,451.33,2022-11-21,2023-09-17,A,Tablets,0.16,medium,Porto,PT,professional,pct_of_retail,30_day,A,good,0.0,282.5,628.42,156.84,2.2245,1,Catarina González
416,127,1876,11,2023-11-25,2023-12-25,2023-12-25,2023-12-25,30,307.58,0.0,11.69,319.27,73.51,245.76,0,0,0,3,Apple Tablet Ultra,Apple,706.24,451.33,2022-11-21,2023-09-17,A,Tablets,0.16,medium,Sevilla,ES,student,pct_of_retail,flexible,A,fair,0.0,282.5,628.42,156.84,2.2245,1,Fernando López
417,127,1947,7,2024-01-03,2024-01-17,2024-01-17,2024-01-17,14,88.99,0.0,4.36,93.35,21.45,71.9,0,0,0,3,Apple Tablet Ultra,Apple,706.24,451.33,2022-11-21,2023-09-17,A,Tablets,0.16,medium,Aveiro,PT,business,pct_of_retail,7_day,A,damaged,0.0,282.5,628.42,156.84,2.2245,1,Lucia García
418,128,1511,3,2024-05-19,2024-06-18,2024-06-18,2024-06-18,30,95.7,0.0,2.39,98.09,22.01,76.08,0,0,0,3,Samsung Tablet X,Samsung,377.93,274.47,2023-06-30,2024-04-25,A,Tablets,0.16,medium,Lisboa,PT,professional,flat_rate,30_day,A,fair,0.0,188.97,431.21,124.82,2.2819,1,Ricardo Ferreira
419,128,1497,5,2024-07-01,2024-08-15,2024-08-15,2024-08-15,45,382.95,0.0,13.02,395.97,92.29,303.68,0,0,0,3,Samsung Tablet X,Samsung,377.93,274.47,2023-06-30,2024-04-25,A,Tablets,0.16,medium,Valencia,ES,professional,flat_rate,flexible,A,good,44.61,188.97,431.21,124.82,2.2819,1,Fernando Rodrigues
420,128,1291,2,2024-08-24,2024-08-31,2024-08-31,2024-08-31,7,30.8,0.0,1.26,32.06,6.1,25.96,0,0,0,3,Samsung Tablet X,Samsung,377.93,274.47,2023-06-30,2024-04-25,A,Tablets,0.16,medium,Faro,PT,casual,flat_rate,7_day,B,good,0.0,188.97,431.21,124.82,2.2819,1,Nuno Pereira
421,128,1744,9,2024-10-10,2024-10-17,2024-10-17,2024-10-17,7,29.1,0.0,0.81,29.91,4.42,25.49,0,0,0,3,Samsung Tablet X,Samsung,377.93,274.47,2023-06-30,2024-04-25,A,Tablets,0.16,medium,Bilbao,ES,casual,pct_of_retail,30_day,A,good,0.0,188.97,431.21,124.82,2.2819,1,Carlos Oliveira
422,129,1171,3,2024-04-28,2024-05-28,2024-05-28,2024-05-28,30,95.7,0.0,2.39,98.09,16.56,81.53,0,0,0,3,Huawei Tablet,Huawei,277.68,199.94,2023-06-25,2024-04-20,B,Tablets,0.16,medium,Coimbra,PT,student,flat_rate,30_day,A,excellent,0.0,138.84,234.09,59.19,1.686,1,Elena Rodrigues
423,129,459,11,2024-06-07,2024-06-21,2024-06-21,2024-06-21,14,49.37,0.0,1.88,51.25,11.9,39.35,0,0,0,3,Huawei Tablet,Huawei,277.68,199.94,2023-06-25,2024-04-20,B,Tablets,0.16,medium,Zaragoza,ES,student,pct_of_retail,flexible,A,good,0.0,138.84,234.09,59.19,1.686,1,Fernando González
424,129,469,6,2024-08-14,2024-08-28,2024-08-28,2024-08-28,14,140.98,0.0,2.96,143.94,30.73,113.21,0,0,0,3,Huawei Tablet,Huawei,277.68,199.94,2023-06-25,2024-04-20,B,Tablets,0.16,medium,Évora,PT,student,flat_rate,flexible,B,fair,7.8,138.84,234.09,59.19,1.686,1,Ricardo Pereira
425,131,1490,8,2024-06-18,2024-07-02,2024-07-02,2024-07-02,14,120.6,0.0,3.98,124.58,23.03,101.55,0,0,0,3,Lenovo Tablet X,Lenovo,878.99,700.2,2023-08-14,2024-06-09,C,Tablets,0.16,medium,Faro,PT,student,pct_of_retail,7_day,B,fair,0.0,527.39,311.91,72.79,0.5914,0,André Fernández
426,131,902,7,2024-08-05,2024-08-19,2024-08-19,2024-08-19,14,110.75,0.0,5.43,116.18,23.26,92.92,0,0,0,3,Lenovo Tablet X,Lenovo,878.99,700.2,2023-08-14,2024-06-09,C,Tablets,0.16,medium,Faro,PT,business,pct_of_retail,7_day,A,fair,25.5,527.39,311.91,72.79,0.5914,0,Tiago Sánchez
427,131,752,6,2024-08-27,2024-09-10,2024-09-10,2024-09-10,14,140.98,0.0,2.96,143.94,26.5,117.44,0,0,0,3,Lenovo Tablet X,Lenovo,878.99,700.2,2023-08-14,2024-06-09,C,Tablets,0.16,medium,Leiria,PT,casual,flat_rate,flexible,B,good,5.29,527.39,311.91,72.79,0.5914,0,Fernando García
428,132,704,10,2023-09-06,2023-10-06,2023-10-08,2023-10-08,30,193.51,10.24,5.03,208.78,31.74,177.04,0,0,1,3,Lenovo Tablet Plus,Lenovo,651.55,402.07,2022-09-29,2023-07-26,B,Tablets,0.16,medium,Évora,PT,professional,pct_of_retail,30_day,B,excellent,0.0,260.62,552.82,111.61,2.1212,1,Ricardo Santos
429,132,792,3,2023-10-14,2023-11-28,2023-11-28,2023-11-28,45,143.55,0.0,3.59,147.14,31.15,115.99,0,0,0,3,Lenovo Tablet Plus,Lenovo,651.55,402.07,2022-09-29,2023-07-26,B,Tablets,0.16,medium,Braga,PT,professional,flat_rate,30_day,A,excellent,20.6,260.62,552.82,111.61,2.1212,1,Marco Fernández
430,132,1376,8,2023-12-11,2023-12-18,2023-12-21,2023-12-21,7,51.37,7.77,1.7,60.84,11.87,48.97,0,0,1,3,Lenovo Tablet Plus,Lenovo,651.55,402.07,2022-09-29,2023-07-26,B,Tablets,0.16,medium,Bilbao,ES,professional,pct_of_retail,7_day,B,excellent,12.78,260.62,552.82,111.61,2.1212,1,Pedro González
431,132,1128,8,2023-12-29,2024-01-12,2024-01-12,2024-01-12,14,101.16,0.0,3.34,104.5,16.69,87.81,0,0,0,3,Lenovo Tablet Plus,Lenovo,651.55,402.07,2022-09-29,2023-07-26,B,Tablets,0.16,medium,Évora,PT,professional,pct_of_retail,7_day,B,excellent,15.52,260.62,552.82,111.61,2.1212,1,Sofia Oliveira
432,132,917,11,2024-01-17,2024-01-31,2024-02-03,2024-02-03,14,115.85,22.92,4.4,143.17,20.16,123.01,0,0,1,3,Lenovo Tablet Plus,Lenovo,651.55,402.07,2022-09-29,2023-07-26,B,Tablets,0.16,medium,Évora,PT,casual,pct_of_retail,flexible,A,good,0.0,260.62,552.82,111.61,2.1212,1,Tiago Costa
433,133,1753,10,2023-07-04,2023-07-18,2023-07-18,2023-07-18,14,41.85,0.0,1.09,42.94,7.83,35.11,0,0,0,3,Lenovo Tablet Plus,Lenovo,301.92,186.42,2022-08-14,2023-06-10,B,Tablets,0.16,medium,Porto,PT,professional,pct_of_retail,30_day,B,good,0.0,120.77,458.86,110.88,3.7995,1,Fernando Martins
434,133,697,6,2023-09-05,2023-10-20,2023-10-20,2023-10-20,45,453.15,0.0,9.52,462.67,88.82,373.85,0,0,0,3,Lenovo Tablet Plus,Lenovo,301.92,186.42,2022-08-14,2023-06-10,B,Tablets,0.16,medium,Évora,PT,business,flat_rate,flexible,B,excellent,0.0,120.77,458.86,110.88,3.7995,1,Marco Oliveira
435,133,19,2,2023-10-26,2023-11-09,2023-11-09,2023-11-09,14,61.6,0.0,2.53,64.13,14.23,49.9,0,0,0,3,Lenovo Tablet Plus,Lenovo,301.92,186.42,2022-08-14,2023-06-10,B,Tablets,0.16,medium,Leiria,PT,professional,flat_rate,7_day,B,good,0.0,120.77,458.86,110.88,3.7995,1,Isabel González
436,136,1620,9,2022-09-26,2022-10-03,2022-10-03,2022-10-03,7,18.72,0.0,0.52,19.24,3.0,16.24,0,0,0,3,Huawei Tablet Lite,Huawei,243.14,127.58,2021-11-15,2022-09-11,C,Tablets,0.16,medium,Leiria,PT,professional,pct_of_retail,30_day,A,good,0.0,60.78,426.18,103.86,7.0118,1,Pablo Silva
437,136,393,6,2022-10-15,2022-11-14,2022-11-14,2022-11-14,30,302.1,0.0,6.34,308.44,67.37,241.07,0,0,0,3,Huawei Tablet Lite,Huawei,243.14,127.58,2021-11-15,2022-09-11,C,Tablets,0.16,medium,Faro,PT,professional,flat_rate,flexible,B,good,43.81,60.78,426.18,103.86,7.0118,1,Maria Jesus
438,136,278,10,2022-11-21,2022-12-21,2022-12-26,2022-12-26,30,76.45,25.6,1.99,104.04,17.12,86.92,0,0,1,3,Huawei Tablet Lite,Huawei,243.14,127.58,2021-11-15,2022-09-11,C,Tablets,0.16,medium,Braga,PT,professional,pct_of_retail,30_day,B,good,0.0,60.78,426.18,103.86,7.0118,1,Tiago Sánchez
439,136,110,12,2023-01-05,2023-02-04,2023-02-04,2023-02-04,30,62.0,0.0,1.86,63.86,10.6,53.26,0,0,0,3,Huawei Tablet Lite,Huawei,243.14,127.58,2021-11-15,2022-09-11,C,Tablets,0.16,medium,Bilbao,ES,student,pct_of_retail,flexible,B,excellent,0.0,60.78,426.18,103.86,7.0118,1,Elena Pereira
440,136,966,8,2023-02-11,2023-02-25,2023-02-25,2023-02-25,14,33.36,0.0,1.1,34.46,5.77,28.69,0,0,0,3,Huawei Tablet Lite,Huawei,243.14,127.58,2021-11-15,2022-09-11,C,Tablets,0.16,medium,Aveiro,PT,professional,pct_of_retail,7_day,B,fair,0.0,60.78,426.18,103.86,7.0118,1,Carmen Martínez
441,137,1196,9,2021-11-17,2021-11-24,2021-11-24,2021-11-24,7,22.36,0.0,0.63,22.99,4.36,18.63,0,0,0,3,Lenovo Tablet Ultra,Lenovo,263.74,98.62,2021-01-09,2021-11-05,B,Tablets,0.16,medium,Valencia,ES,casual,pct_of_retail,30_day,A,excellent,0.0,65.94,208.77,45.06,3.1661,1,Pablo Fernández
442,137,1481,12,2021-12-02,2022-01-16,2022-01-16,2022-01-16,45,115.44,0.0,3.46,118.9,25.63,93.27,0,0,0,3,Lenovo Tablet Ultra,Lenovo,263.74,98.62,2021-01-09,2021-11-05,B,Tablets,0.16,medium,Barcelona,ES,student,pct_of_retail,flexible,B,excellent,0.0,65.94,208.77,45.06,3.1661,1,Inês Oliveira
443,137,1574,11,2022-02-13,2022-03-15,2022-03-16,2022-03-16,30,100.48,7.64,3.82,111.94,15.07,96.87,0,0,1,3,Lenovo Tablet Ultra,Lenovo,263.74,98.62,2021-01-09,2021-11-05,B,Tablets,0.16,medium,Évora,PT,casual,pct_of_retail,flexible,A,excellent,0.0,65.94,208.77,45.06,3.1661,1,Elena Costa
444,138,1882,1,2024-04-13,2024-04-27,2024-04-27,2024-04-27,14,89.18,0.0,2.23,91.41,20.07,71.34,0,0,0,3,Lenovo Tablet Lite,Lenovo,299.57,244.15,2023-06-14,2024-04-09,B,Tablets,0.16,medium,Coimbra,PT,business,flat_rate,7_day,A,good,0.0,149.78,657.06,151.24,4.3868,1,Pedro Pereira
445,138,1746,11,2024-05-03,2024-05-17,2024-05-17,2024-05-17,14,53.26,0.0,2.02,55.28,8.84,46.44,0,0,0,3,Lenovo Tablet Lite,Lenovo,299.57,244.15,2023-06-14,2024-04-09,B,Tablets,0.16,medium,Funchal,PT,student,pct_of_retail,flexible,A,good,0.0,149.78,657.06,151.24,4.3868,1,Nuno López
446,138,828,12,2024-05-31,2024-06-14,2024-06-14,2024-06-14,14,35.65,0.0,1.07,36.72,6.99,29.73,0,0,0,3,Lenovo Tablet Lite,Lenovo,299.57,244.15,2023-06-14,2024-04-09,B,Tablets,0.16,medium,Bilbao,ES,student,pct_of_retail,flexible,B,excellent,0.0,149.78,657.06,151.24,4.3868,1,Pablo Oliveira
447,138,382,2,2024-06-22,2024-07-06,2024-07-06,2024-07-06,14,61.6,0.0,2.53,64.13,11.4,52.73,0,0,0,3,Lenovo Tablet Lite,Lenovo,299.57,244.15,2023-06-14,2024-04-09,B,Tablets,0.16,medium,Madrid,ES,professional,flat_rate,7_day,B,excellent,0.0,149.78,657.06,151.24,4.3868,1,Miguel Jesus
448,138,1109,6,2024-07-18,2024-09-01,2024-09-01,2024-09-01,45,453.15,0.0,9.52,462.67,80.21,382.46,0,0,0,3,Lenovo Tablet Lite,Lenovo,299.57,244.15,2023-06-14,2024-04-09,B,Tablets,0.16,medium,Aveiro,PT,professional,flat_rate,flexible,B,good,0.0,149.78,657.06,151.24,4.3868,1,Tiago Sousa
449,138,413,3,2024-09-14,2024-10-14,2024-10-14,2024-10-14,30,95.7,0.0,2.39,98.09,23.73,74.36,0,0,0,3,Lenovo Tablet Lite,Lenovo,299.57,244.15,2023-06-14,2024-04-09,B,Tablets,0.16,medium,Leiria,PT,student,flat_rate,30_day,A,good,0.0,149.78,657.06,151.24,4.3868,1,Isabel Sousa
450,139,910,10,2024-07-10,2024-07-24,2024-07-24,2024-07-24,14,22.5,0.0,0.58,23.08,5.47,17.61,0,0,0,3,Apple Tablet Lite,Apple,162.36,128.32,2023-08-27,2024-06-22,A,Tablets,0.16,medium,Coimbra,PT,casual,pct_of_retail,30_day,B,good,0.0,97.42,17.61,5.47,0.1808,0,Beatriz Sousa
451,141,1644,3,2024-09-14,2024-09-21,2024-09-25,2024-09-25,7,22.33,27.96,0.56,50.85,4.91,45.94,0,0,1,3,Samsung Tablet Pro,Samsung,247.75,199.83,2023-11-12,2024-09-07,C,Tablets,0.16,medium,Porto,PT,professional,flat_rate,30_day,A,good,0.0,148.65,76.07,12.85,0.5117,0,Maria Sousa
452,141,1198,3,2024-10-09,2024-10-16,2024-10-16,2024-10-16,7,22.33,0.0,0.56,22.89,5.27,17.62,0,0,0,3,Samsung Tablet Pro,Samsung,247.75,199.83,2023-11-12,2024-09-07,C,Tablets,0.16,medium,Bilbao,ES,student,flat_rate,30_day,A,fair,0.0,148.65,76.07,12.85,0.5117,0,Diego Oliveira
453,141,1929,12,2024-10-21,2024-10-28,2024-10-28,,7,14.74,0.0,0.44,15.18,2.67,12.51,1,0,0,3,Samsung Tablet Pro,Samsung,247.75,199.83,2023-11-12,2024-09-07,C,Tablets,0.16,medium,Málaga,ES,professional,pct_of_retail,flexible,B,,,148.65,76.07,12.85,0.5117,0,Ricardo Jesus
454,143,1248,8,2023-12-18,2024-01-01,2024-01-01,2024-01-01,14,80.71,0.0,2.66,83.37,17.35,66.02,0,0,0,3,Huawei Tablet Pro,Huawei,538.96,368.8,2023-02-12,2023-12-09,A,Tablets,0.16,medium,Coimbra,PT,professional,pct_of_retail,7_day,B,good,20.17,269.48,428.17,94.76,1.5889,1,Sofia Sousa
455,143,1331,7,2024-03-09,2024-03-16,2024-03-22,2024-03-22,7,33.95,14.34,1.66,49.95,8.35,41.6,0,0,1,3,Huawei Tablet Pro,Huawei,538.96,368.8,2023-02-12,2023-12-09,A,Tablets,0.16,medium,Braga,PT,professional,pct_of_retail,7_day,A,excellent,0.0,269.48,428.17,94.76,1.5889,1,Inês Jesus
456,143,120,7,2024-04-04,2024-05-19,2024-05-19,2024-05-19,45,218.28,0.0,10.7,228.98,43.22,185.76,0,0,0,3,Huawei Tablet Pro,Huawei,538.96,368.8,2023-02-12,2023-12-09,A,Tablets,0.16,medium,Lisboa,PT,casual,pct_of_retail,7_day,A,damaged,48.18,269.48,428.17,94.76,1.5889,1,Nuno Martínez
457,143,1040,12,2024-05-28,2024-06-27,2024-07-03,2024-07-03,30,137.43,19.08,4.12,160.63,25.84,134.79,0,0,1,3,Huawei Tablet Pro,Huawei,538.96,368.8,2023-02-12,2023-12-09,A,Tablets,0.16,medium,Braga,PT,professional,pct_of_retail,flexible,B,good,0.0,269.48,428.17,94.76,1.5889,1,Pedro Sousa
458,144,1170,2,2023-09-17,2023-10-17,2023-10-17,2023-10-17,30,132.0,0.0,5.41,137.41,29.3,108.11,0,0,0,3,Lenovo Tablet,Lenovo,237.3,161.58,2022-10-19,2023-08-15,A,Tablets,0.16,medium,Zaragoza,ES,casual,flat_rate,7_day,B,damaged,0.0,94.92,371.1,86.75,3.9096,1,Filipa Sousa
459,144,873,3,2023-11-21,2023-12-05,2023-12-05,2023-12-05,14,50.54,0.0,1.26,51.8,10.87,40.93,0,0,0,3,Lenovo Tablet,Lenovo,237.3,161.58,2022-10-19,2023-08-15,A,Tablets,0.16,medium,Barcelona,ES,casual,flat_rate,30_day,A,good,0.0,94.92,371.1,86.75,3.9096,1,Diego Rodrigues
460,144,1000,7,2023-12-13,2024-01-12,2024-01-12,2024-01-12,30,69.36,0.0,3.4,72.76,12.76,60.0,0,0,0,3,Lenovo Tablet,Lenovo,237.3,161.58,2022-10-19,2023-08-15,A,Tablets,0.16,medium,Évora,PT,business,pct_of_retail,7_day,A,good,0.0,94.92,371.1,86.75,3.9096,1,Carlos Sánchez
461,144,1221,1,2024-01-21,2024-02-20,2024-02-20,,30,191.1,0.0,4.78,195.88,33.82,162.06,1,0,0,3,Lenovo Tablet,Lenovo,237.3,161.58,2022-10-19,2023-08-15,A,Tablets,0.16,medium,Lisboa,PT,casual,flat_rate,7_day,A,,,94.92,371.1,86.75,3.9096,1,Miguel Oliveira
462,145,933,3,2024-08-03,2024-09-02,2024-09-02,2024-09-02,30,95.7,0.0,2.39,98.09,23.64,74.45,0,0,0,3,Apple Tablet SE,Apple,208.87,156.1,2023-08-08,2024-06-03,B,Tablets,0.16,medium,Alicante,ES,business,flat_rate,30_day,A,excellent,0.0,125.32,247.17,68.03,1.9723,1,Marta Rodrigues
463,145,1304,7,2024-09-13,2024-09-27,2024-09-27,2024-09-27,14,26.32,0.0,1.29,27.61,6.53,21.08,0,0,0,3,Apple Tablet SE,Apple,208.87,156.1,2023-08-08,2024-06-03,B,Tablets,0.16,medium,Aveiro,PT,professional,pct_of_retail,7_day,A,good,27.89,125.32,247.17,68.03,1.9723,1,Ricardo Oliveira
464,145,499,1,2024-10-05,2024-10-19,2024-10-19,2024-10-19,14,89.18,0.0,2.23,91.41,14.8,76.61,0,0,0,3,Apple Tablet SE,Apple,208.87,156.1,2023-08-08,2024-06-03,B,Tablets,0.16,medium,Zaragoza,ES,business,flat_rate,7_day,A,good,0.0,125.32,247.17,68.03,1.9723,1,Pablo González
465,145,1225,3,2024-10-28,2024-11-27,2024-11-27,2024-11-27,30,95.7,0.0,2.39,98.09,23.06,75.03,0,0,0,3,Apple Tablet SE,Apple,208.87,156.1,2023-08-08,2024-06-03,B,Tablets,0.16,medium,Málaga,ES,casual,flat_rate,30_day,A,fair,44.29,125.32,247.17,68.03,1.9723,1,Catarina Costa
466,146,1195,12,2023-11-19,2023-12-19,2023-12-19,2023-12-19,30,96.13,0.0,2.88,99.01,22.59,76.42,0,0,0,3,Huawei Tablet Lite,Huawei,331.48,239.28,2022-12-27,2023-10-23,A,Tablets,0.16,medium,Sevilla,ES,professional,pct_of_retail,flexible,B,good,0.0,132.59,311.28,82.01,2.3477,1,Beatriz Silva
467,146,399,9,2023-12-29,2024-01-28,2024-01-28,2024-01-28,30,122.19,0.0,3.42,125.61,20.04,105.57,0,0,0,3,Huawei Tablet Lite,Huawei,331.48,239.28,2022-12-27,2023-10-23,A,Tablets,0.16,medium,Lisboa,PT,student,pct_of_retail,30_day,A,good,0.0,132.59,311.28,82.01,2.3477,1,Fernando Jesus
468,146,216,9,2024-03-21,2024-05-05,2024-05-05,2024-05-05,45,164.08,0.0,4.59,168.67,39.38,129.29,0,0,0,3,Huawei Tablet Lite,Huawei,331.48,239.28,2022-12-27,2023-10-23,A,Tablets,0.16,medium,Zaragoza,ES,student,pct_of_retail,30_day,A,good,0.0,132.59,311.28,82.01,2.3477,1,Carlos González
469,147,1249,5,2022-03-05,2022-04-19,2022-04-19,2022-04-19,45,382.95,0.0,13.02,395.97,78.89,317.08,0,0,0,3,Apple Tablet Max,Apple,467.89,222.98,2021-04-30,2022-02-24,A,Tablets,0.16,medium,Sevilla,ES,professional,flat_rate,flexible,A,fair,0.0,116.97,534.4,131.91,4.5687,1,Filipa Santos
470,147,1646,12,2022-05-01,2022-05-08,2022-05-08,2022-05-08,7,27.84,0.0,0.84,28.68,6.07,22.61,0,0,0,3,Apple Tablet Max,Apple,467.89,222.98,2021-04-30,2022-02-24,A,Tablets,0.16,medium,Coimbra,PT,casual,pct_of_retail,flexible,B,excellent,0.0,116.97,534.4,131.91,4.5687,1,Rui López
471,147,1119,3,2022-05-18,2022-06-01,2022-06-01,2022-06-01,14,44.66,0.0,1.12,45.78,8.35,37.43,0,0,0,3,Apple Tablet Max,Apple,467.89,222.98,2021-04-30,2022-02-24,A,Tablets,0.16,medium,Faro,PT,casual,flat_rate,30_day,A,excellent,0.0,116.97,534.4,131.91,4.5687,1,Rosa Sánchez
472,147,809,1,2022-08-25,2022-09-24,2022-09-24,2022-09-24,30,191.1,0.0,4.78,195.88,38.6,157.28,0,0,0,3,Apple Tablet Max,Apple,467.89,222.98,2021-04-30,2022-02-24,A,Tablets,0.16,medium,Leiria,PT,professional,flat_rate,7_day,A,fair,0.0,116.97,534.4,131.91,4.5687,1,Nuno Sánchez
473,148,1172,5,2024-08-17,2024-09-16,2024-09-19,2024-09-19,30,255.3,11.25,8.68,275.23,45.95,229.28,0,0,1,3,Samsung Tablet Lite,Samsung,339.81,268.12,2023-09-09,2024-07-05,A,Tablets,0.16,medium,Bilbao,ES,student,flat_rate,flexible,A,good,17.95,203.89,519.25,105.84,2.5467,1,Lucia Santos
474,148,1472,4,2024-10-02,2024-10-16,2024-10-16,2024-10-16,14,65.1,0.0,1.89,66.99,11.0,55.99,0,0,0,3,Samsung Tablet Lite,Samsung,339.81,268.12,2023-09-09,2024-07-05,A,Tablets,0.16,medium,Funchal,PT,business,flat_rate,30_day,B,good,0.0,203.89,519.25,105.84,2.5467,1,Fernando Costa
475,148,1079,1,2024-10-30,2024-11-29,2024-11-29,2024-11-29,30,191.1,0.0,4.78,195.88,36.69,159.19,0,0,0,3,Samsung Tablet Lite,Samsung,339.81,268.12,2023-09-09,2024-07-05,A,Tablets,0.16,medium,Lisboa,PT,business,flat_rate,7_day,A,excellent,0.0,203.89,519.25,105.84,2.5467,1,Beatriz Santos
476,148,1415,2,2024-12-11,2024-12-25,2024-12-27,2024-12-27,14,69.73,14.4,2.86,86.99,12.2,74.79,0,0,1,3,Samsung Tablet Lite,Samsung,339.81,268.12,2023-09-09,2024-07-05,A,Tablets,0.16,medium,Bilbao,ES,business,flat_rate,7_day,B,fair,0.0,203.89,519.25,105.84,2.5467,1,Inês Rodrigues
477,149,793,1,2023-11-11,2023-12-11,2023-12-11,2023-12-11,30,213.03,0.0,5.33,218.36,37.49,180.87,0,0,0,3,Huawei Tablet,Huawei,245.46,150.57,2023-01-12,2023-11-08,B,Tablets,0.16,medium,Funchal,PT,professional,flat_rate,7_day,A,excellent,0.0,122.73,547.49,132.79,4.4609,1,Carmen Jesus
478,149,202,4,2023-12-16,2024-01-30,2024-01-30,2024-01-30,45,224.63,0.0,6.51,231.14,42.23,188.91,0,0,0,3,Huawei Tablet,Huawei,245.46,150.57,2023-01-12,2023-11-08,B,Tablets,0.16,medium,Faro,PT,professional,flat_rate,30_day,B,excellent,0.0,122.73,547.49,132.79,4.4609,1,Sara Santos
479,149,829,1,2024-02-04,2024-03-05,2024-03-05,2024-03-05,30,191.1,0.0,4.78,195.88,46.44,149.44,0,0,0,3,Huawei Tablet,Huawei,245.46,150.57,2023-01-12,2023-11-08,B,Tablets,0.16,medium,Braga,PT,business,flat_rate,7_day,A,good,0.0,122.73,547.49,132.79,4.4609,1,Pablo Rodrigues
480,149,1818,10,2024-03-15,2024-03-29,2024-03-29,2024-03-29,14,34.02,0.0,0.88,34.9,6.63,28.27,0,0,0,3,Huawei Tablet,Huawei,245.46,150.57,2023-01-12,2023-11-08,B,Tablets,0.16,medium,Zaragoza,ES,professional,pct_of_retail,30_day,B,good,0.0,122.73,547.49,132.79,4.4609,1,Ricardo Jesus
481,150,1187,11,2022-10-23,2022-11-06,2022-11-06,2022-11-06,14,48.4,0.0,1.84,50.24,10.12,40.12,0,0,0,3,Huawei Tablet Max,Huawei,272.22,130.85,2021-11-23,2022-09-19,B,Tablets,0.16,medium,Funchal,PT,business,pct_of_retail,flexible,A,good,0.0,68.06,216.91,45.62,3.187,1,Fernando Rodrigues
482,150,125,11,2022-11-14,2022-12-14,2022-12-14,2022-12-14,30,115.69,0.0,4.4,120.09,18.63,101.46,0,0,0,3,Huawei Tablet Max,Huawei,272.22,130.85,2021-11-23,2022-09-19,B,Tablets,0.16,medium,Porto,PT,professional,pct_of_retail,flexible,A,excellent,0.0,68.06,216.91,45.62,3.187,1,Rui Costa
483,150,1692,11,2022-12-19,2023-01-02,2023-01-02,2023-01-02,14,51.66,0.0,1.96,53.62,10.07,43.55,0,0,0,3,Huawei Tablet Max,Huawei,272.22,130.85,2021-11-23,2022-09-19,B,Tablets,0.16,medium,Bilbao,ES,business,pct_of_retail,flexible,A,good,0.0,68.06,216.91,45.62,3.187,1,André Santos
484,150,1540,8,2023-01-10,2023-01-24,2023-01-24,2023-01-24,14,37.35,0.0,1.23,38.58,6.8,31.78,0,0,0,3,Huawei Tablet Max,Huawei,272.22,130.85,2021-11-23,2022-09-19,B,Tablets,0.16,medium,Lisboa,PT,student,pct_of_retail,7_day,B,good,0.0,68.06,216.91,45.62,3.187,1,Inês Oliveira
485,151,1004,1,2023-12-19,2023-12-26,2023-12-26,2023-12-26,7,50.47,0.0,1.26,51.73,9.84,41.89,0,0,0,3,Lenovo Tablet X,Lenovo,457.92,335.35,2023-01-30,2023-11-26,B,Tablets,0.16,medium,Barcelona,ES,business,flat_rate,7_day,A,good,0.0,228.96,159.68,35.95,0.6974,0,Elena López
486,151,1588,9,2024-02-23,2024-03-08,2024-03-10,2024-03-10,14,70.52,4.42,1.97,76.91,15.3,61.61,0,0,1,3,Lenovo Tablet X,Lenovo,457.92,335.35,2023-01-30,2023-11-26,B,Tablets,0.16,medium,Braga,PT,casual,pct_of_retail,30_day,A,good,0.0,228.96,159.68,35.95,0.6974,0,Nuno González
487,151,790,4,2024-04-12,2024-04-26,2024-04-26,2024-04-26,14,65.1,0.0,1.89,66.99,10.81,56.18,0,0,0,3,Lenovo Tablet X,Lenovo,457.92,335.35,2023-01-30,2023-11-26,B,Tablets,0.16,medium,Valencia,ES,professional,flat_rate,30_day,B,good,41.78,228.96,159.68,35.95,0.6974,0,Diogo Sánchez
488,152,1041,11,2023-11-30,2023-12-14,2023-12-14,2023-12-14,14,99.58,0.0,3.78,103.36,20.81,82.55,0,0,0,3,Apple Tablet Ultra,Apple,515.76,361.21,2022-12-30,2023-10-26,B,Tablets,0.16,medium,Málaga,ES,professional,pct_of_retail,flexible,A,good,0.0,206.3,378.55,79.01,1.8349,1,Pablo Silva
489,152,1552,8,2023-12-22,2023-12-29,2023-12-29,2023-12-29,7,39.63,0.0,1.31,40.94,7.41,33.53,0,0,0,3,Apple Tablet Ultra,Apple,515.76,361.21,2022-12-30,2023-10-26,B,Tablets,0.16,medium,Évora,PT,professional,pct_of_retail,7_day,B,good,0.0,206.3,378.55,79.01,1.8349,1,Ana López
490,152,490,8,2024-01-07,2024-02-06,2024-02-06,2024-02-06,30,151.63,0.0,5.0,156.63,23.65,132.98,0,0,0,3,Apple Tablet Ultra,Apple,515.76,361.21,2022-12-30,2023-10-26,B,Tablets,0.16,medium,Funchal,PT,business,pct_of_retail,7_day,B,excellent,5.99,206.3,378.55,79.01,1.8349,1,Pablo Costa
491,152,854,8,2024-03-10,2024-04-09,2024-04-09,2024-04-09,30,151.63,0.0,5.0,156.63,27.14,129.49,0,0,0,3,Apple Tablet Ultra,Apple,515.76,361.21,2022-12-30,2023-10-26,B,Tablets,0.16,medium,Alicante,ES,professional,pct_of_retail,7_day,B,good,27.05,206.3,378.55,79.01,1.8349,1,Tiago López
492,153,641,12,2022-01-30,2022-02-13,2022-02-13,2022-02-13,14,38.28,0.0,1.15,39.43,6.7,32.73,0,0,0,3,Lenovo Tablet Plus,Lenovo,321.66,102.78,2021-04-05,2022-01-30,B,Tablets,0.16,medium,Faro,PT,student,pct_of_retail,flexible,B,excellent,0.0,80.42,410.48,106.01,5.1042,1,Isabel Fernández
493,153,129,5,2022-03-24,2022-04-23,2022-04-28,2022-04-28,30,255.3,18.75,8.68,282.73,62.8,219.93,0,0,1,3,Lenovo Tablet Plus,Lenovo,321.66,102.78,2021-04-05,2022-01-30,B,Tablets,0.16,medium,Évora,PT,professional,flat_rate,flexible,A,good,0.0,80.42,410.48,106.01,5.1042,1,Diego Oliveira
494,153,567,3,2022-05-07,2022-05-21,2022-05-21,2022-05-21,14,44.66,0.0,1.12,45.78,10.0,35.78,0,0,0,3,Lenovo Tablet Plus,Lenovo,321.66,102.78,2021-04-05,2022-01-30,B,Tablets,0.16,medium,Porto,PT,professional,flat_rate,30_day,A,fair,0.0,80.42,410.48,106.01,5.1042,1,Elena Ferreira
495,153,1367,9,2022-05-26,2022-06-25,2022-06-25,,30,106.15,0.0,2.97,109.12,18.47,90.65,1,1,0,3,Lenovo Tablet Plus,Lenovo,321.66,102.78,2021-04-05,2022-01-30,B,Tablets,0.16,medium,Madrid,ES,professional,pct_of_retail,30_day,A,,,80.42,410.48,106.01,5.1042,1,Sara Ferreira
496,153,510,12,2022-07-08,2022-07-22,2022-07-22,2022-07-22,14,38.28,0.0,1.15,39.43,8.04,31.39,0,0,0,3,Lenovo Tablet Plus,Lenovo,321.66,102.78,2021-04-05,2022-01-30,B,Tablets,0.16,medium,Sevilla,ES,casual,pct_of_retail,flexible,B,good,0.0,80.42,410.48,106.01,5.1042,1,Marco Ferreira
497,154,872,5,2024-11-18,2024-12-02,2024-12-02,2024-12-02,14,134.41,0.0,4.57,138.98,31.72,107.26,0,0,0,3,Apple Tablet Ultra,Apple,205.66,173.83,2024-01-08,2024-11-03,B,Tablets,0.16,medium,Madrid,ES,casual,flat_rate,flexible,A,excellent,0.0,123.4,107.26,31.72,0.8692,0,Inês López
498,156,932,5,2024-01-22,2024-02-05,2024-02-05,2024-02-05,14,119.14,0.0,4.05,123.19,25.73,97.46,0,0,0,4,Samsung Wearable SE,Samsung,244.73,158.51,2023-02-18,2023-12-15,C,Wearables,0.2,medium,Braga,PT,business,flat_rate,flexible,A,excellent,0.0,122.36,239.53,55.8,1.9576,1,Marta Martins
499,156,964,3,2024-03-13,2024-03-27,2024-04-01,2024-04-01,14,44.66,34.95,1.12,80.73,8.31,72.42,0,0,1,4,Samsung Wearable SE,Samsung,244.73,158.51,2023-02-18,2023-12-15,C,Wearables,0.2,medium,Madrid,ES,casual,flat_rate,30_day,A,fair,0.0,122.36,239.53,55.8,1.9576,1,Carlos Costa
500,156,579,1,2024-04-12,2024-04-26,2024-04-26,2024-04-26,14,89.18,0.0,2.23,91.41,21.76,69.65,0,0,0,4,Samsung Wearable SE,Samsung,244.73,158.51,2023-02-18,2023-12-15,C,Wearables,0.2,medium,Valencia,ES,professional,flat_rate,7_day,A,fair,0.0,122.36,239.53,55.8,1.9576,1,Diego Sánchez
501,157,1219,9,2023-10-10,2023-10-24,2023-10-24,2023-10-24,14,22.79,0.0,0.64,23.43,3.56,19.87,0,0,0,4,Samsung Wearable X,Samsung,148.0,94.91,2022-11-08,2023-09-04,A,Wearables,0.2,medium,Braga,PT,student,pct_of_retail,30_day,A,excellent,0.0,59.2,236.86,52.01,4.001,1,Marco Santos
502,157,751,4,2023-11-13,2023-11-20,2023-11-20,2023-11-20,7,35.02,0.0,1.02,36.04,6.62,29.42,0,0,0,4,Samsung Wearable X,Samsung,148.0,94.91,2022-11-08,2023-09-04,A,Wearables,0.2,medium,Leiria,PT,business,flat_rate,30_day,B,good,43.04,59.2,236.86,52.01,4.001,1,Isabel Pereira
503,157,1738,3,2023-12-01,2024-01-15,2024-01-15,2024-01-15,45,158.45,0.0,3.96,162.41,28.68,133.73,0,0,0,4,Samsung Wearable X,Samsung,148.0,94.91,2022-11-08,2023-09-04,A,Wearables,0.2,medium,Sevilla,ES,casual,flat_rate,30_day,A,excellent,0.0,59.2,236.86,52.01,4.001,1,Diego Sousa
504,157,191,4,2024-01-24,2024-02-07,2024-02-07,2024-02-07,14,65.1,0.0,1.89,66.99,13.15,53.84,0,0,0,4,Samsung Wearable X,Samsung,148.0,94.91,2022-11-08,2023-09-04,A,Wearables,0.2,medium,Sevilla,ES,professional,flat_rate,30_day,B,good,17.46,59.2,236.86,52.01,4.001,1,Rui Sousa
505,158,1836,6,2023-04-13,2023-04-27,2023-04-27,2023-04-27,14,140.98,0.0,2.96,143.94,29.04,114.9,0,0,0,4,Apple Wearable SE,Apple,121.51,58.38,2022-05-23,2023-03-19,A,Wearables,0.2,medium,Porto,PT,business,flat_rate,flexible,B,good,0.0,36.45,524.51,139.9,14.3898,1,Rui Martins
506,158,1454,4,2023-06-07,2023-06-21,2023-06-21,2023-06-21,14,65.1,0.0,1.89,66.99,14.78,52.21,0,0,0,4,Apple Wearable SE,Apple,121.51,58.38,2022-05-23,2023-03-19,A,Wearables,0.2,medium,Aveiro,PT,professional,flat_rate,30_day,B,excellent,0.0,36.45,524.51,139.9,14.3898,1,Ana González
507,158,271,1,2023-07-01,2023-07-15,2023-07-15,2023-07-15,14,89.18,0.0,2.23,91.41,14.36,77.05,0,0,0,4,Apple Wearable SE,Apple,121.51,58.38,2022-05-23,2023-03-19,A,Wearables,0.2,medium,Setúbal,PT,casual,flat_rate,7_day,A,excellent,0.0,36.45,524.51,139.9,14.3898,1,Diego Pereira
508,158,651,5,2023-07-21,2023-08-20,2023-08-20,2023-08-20,30,255.3,0.0,8.68,263.98,59.23,204.75,0,0,0,4,Apple Wearable SE,Apple,121.51,58.38,2022-05-23,2023-03-19,A,Wearables,0.2,medium,Sevilla,ES,professional,flat_rate,flexible,A,good,0.0,36.45,524.51,139.9,14.3898,1,Catarina Sousa
509,158,1186,3,2023-08-27,2023-09-26,2023-09-26,2023-09-26,30,95.7,0.0,2.39,98.09,22.49,75.6,0,0,0,4,Apple Wearable SE,Apple,121.51,58.38,2022-05-23,2023-03-19,A,Wearables,0.2,medium,Braga,PT,professional,flat_rate,30_day,A,good,0.0,36.45,524.51,139.9,14.3898,1,Elena Martins
510,159,674,1,2023-10-31,2023-11-07,2023-11-07,2023-11-07,7,44.59,0.0,1.11,45.7,10.48,35.22,0,0,0,4,Fitbit Wearable Max,Fitbit,134.14,88.09,2022-12-20,2023-10-16,A,Wearables,0.2,medium,Leiria,PT,student,flat_rate,7_day,A,fair,44.02,53.66,296.71,81.42,5.5294,1,Diogo Martins
511,159,460,2,2023-11-21,2023-12-21,2023-12-21,2023-12-21,30,146.25,0.0,6.0,152.25,32.61,119.64,0,0,0,4,Fitbit Wearable Max,Fitbit,134.14,88.09,2022-12-20,2023-10-16,A,Wearables,0.2,medium,Madrid,ES,professional,flat_rate,7_day,B,damaged,0.0,53.66,296.71,81.42,5.5294,1,Sofia Costa
512,159,1691,5,2024-01-28,2024-02-11,2024-02-11,2024-02-11,14,119.14,0.0,4.05,123.19,25.73,97.46,0,0,0,4,Fitbit Wearable Max,Fitbit,134.14,88.09,2022-12-20,2023-10-16,A,Wearables,0.2,medium,Évora,PT,professional,flat_rate,flexible,A,fair,0.0,53.66,296.71,81.42,5.5294,1,Elena García
513,159,1095,7,2024-02-24,2024-04-09,2024-04-09,2024-04-09,45,54.33,0.0,2.66,56.99,12.6,44.39,0,0,0,4,Fitbit Wearable Max,Fitbit,134.14,88.09,2022-12-20,2023-10-16,A,Wearables,0.2,medium,Leiria,PT,professional,pct_of_retail,7_day,A,good,0.0,53.66,296.71,81.42,5.5294,1,Filipa González
514,160,1675,2,2024-03-06,2024-03-20,2024-03-20,2024-03-20,14,61.6,0.0,2.53,64.13,13.06,51.07,0,0,0,4,Fitbit Wearable SE,Fitbit,138.02,90.94,2023-04-01,2024-01-26,B,Wearables,0.2,medium,Madrid,ES,student,flat_rate,7_day,B,excellent,0.0,69.01,596.07,129.94,8.6374,1,André Jesus
515,160,542,2,2024-04-03,2024-05-03,2024-05-03,2024-05-03,30,132.0,0.0,5.41,137.41,32.6,104.81,0,0,0,4,Fitbit Wearable SE,Fitbit,138.02,90.94,2023-04-01,2024-01-26,B,Wearables,0.2,medium,Bilbao,ES,professional,flat_rate,7_day,B,fair,0.0,69.01,596.07,129.94,8.6374,1,Nuno Costa
516,160,808,4,2024-05-11,2024-05-18,2024-05-25,2024-05-25,7,32.55,36.05,0.94,69.54,6.22,63.32,0,0,1,4,Fitbit Wearable SE,Fitbit,138.02,90.94,2023-04-01,2024-01-26,B,Wearables,0.2,medium,Bilbao,ES,professional,flat_rate,30_day,B,good,0.0,69.01,596.07,129.94,8.6374,1,João Silva
517,160,791,6,2024-06-06,2024-06-20,2024-06-20,2024-06-20,14,140.98,0.0,2.96,143.94,22.13,121.81,0,0,0,4,Fitbit Wearable SE,Fitbit,138.02,90.94,2023-04-01,2024-01-26,B,Wearables,0.2,medium,Leiria,PT,professional,flat_rate,flexible,B,good,0.0,69.01,596.07,129.94,8.6374,1,Ricardo Oliveira
518,160,1665,8,2024-07-03,2024-08-17,2024-08-17,2024-08-17,45,60.87,0.0,2.01,62.88,13.57,49.31,0,0,0,4,Fitbit Wearable SE,Fitbit,138.02,90.94,2023-04-01,2024-01-26,B,Wearables,0.2,medium,Faro,PT,professional,pct_of_retail,7_day,B,excellent,0.0,69.01,596.07,129.94,8.6374,1,Sara Martins
519,160,1314,8,2024-08-29,2024-09-28,2024-09-28,2024-09-28,30,40.58,0.0,1.34,41.92,8.12,33.8,0,0,0,4,Fitbit Wearable SE,Fitbit,138.02,90.94,2023-04-01,2024-01-26,B,Wearables,0.2,medium,Évora,PT,professional,pct_of_retail,7_day,B,good,35.13,69.01,596.07,129.94,8.6374,1,Rosa Jesus
520,160,1872,2,2024-10-11,2024-10-25,2024-10-30,2024-10-30,14,61.6,36.0,2.53,100.13,11.58,88.55,0,0,1,4,Fitbit Wearable SE,Fitbit,138.02,90.94,2023-04-01,2024-01-26,B,Wearables,0.2,medium,Valencia,ES,business,flat_rate,7_day,B,good,0.0,69.01,596.07,129.94,8.6374,1,Elena Fernández
521,160,86,3,2024-11-05,2024-12-05,2024-12-05,2024-12-05,30,103.47,0.0,2.59,106.06,22.66,83.4,0,0,0,4,Fitbit Wearable SE,Fitbit,138.02,90.94,2023-04-01,2024-01-26,B,Wearables,0.2,medium,Évora,PT,professional,flat_rate,30_day,A,good,0.0,69.01,596.07,129.94,8.6374,1,Marco Ferreira
522,161,1444,4,2024-08-15,2024-08-29,2024-08-29,2024-08-29,14,65.1,0.0,1.89,66.99,12.95,54.04,0,0,0,4,Samsung Wearable,Samsung,82.57,57.81,2023-08-31,2024-06-26,B,Wearables,0.2,medium,Braga,PT,casual,flat_rate,30_day,B,good,0.0,49.54,381.17,111.99,7.6942,1,Nuno Oliveira
523,161,946,9,2024-09-04,2024-09-18,2024-09-18,,14,12.72,0.0,0.36,13.08,1.93,11.15,1,0,0,4,Samsung Wearable,Samsung,82.57,57.81,2023-08-31,2024-06-26,B,Wearables,0.2,medium,Leiria,PT,professional,pct_of_retail,30_day,A,,,49.54,381.17,111.99,7.6942,1,Diego Ferreira
524,161,172,1,2024-09-26,2024-10-26,2024-10-26,2024-10-26,30,191.1,0.0,4.78,195.88,44.34,151.54,0,0,0,4,Samsung Wearable,Samsung,82.57,57.81,2023-08-31,2024-06-26,B,Wearables,0.2,medium,Zaragoza,ES,professional,flat_rate,7_day,A,fair,0.0,49.54,381.17,111.99,7.6942,1,Ricardo Oliveira
525,161,290,1,2024-11-03,2024-12-03,2024-12-03,2024-12-03,30,211.91,0.0,5.3,217.21,52.77,164.44,0,0,0,4,Samsung Wearable,Samsung,82.57,57.81,2023-08-31,2024-06-26,B,Wearables,0.2,medium,Aveiro,PT,business,flat_rate,7_day,A,excellent,0.0,49.54,381.17,111.99,7.6942,1,Nuno Jesus
526,162,1892,2,2022-12-17,2023-01-16,2023-01-16,2023-01-16,30,139.59,0.0,5.72,145.31,29.59,115.72,0,0,0,4,Fitbit Wearable X,Fitbit,87.83,36.56,2022-01-21,2022-11-17,C,Wearables,0.2,medium,Alicante,ES,business,flat_rate,7_day,B,fair,0.0,26.35,701.6,164.42,26.6262,1,Maria García
527,162,1224,3,2023-01-23,2023-03-09,2023-03-09,2023-03-09,45,143.55,0.0,3.59,147.14,28.14,119.0,0,0,0,4,Fitbit Wearable X,Fitbit,87.83,36.56,2022-01-21,2022-11-17,C,Wearables,0.2,medium,Málaga,ES,business,flat_rate,30_day,A,excellent,0.0,26.35,701.6,164.42,26.6262,1,Carmen Rodrigues
528,162,333,5,2023-03-16,2023-04-15,2023-04-15,2023-04-15,30,255.3,0.0,8.68,263.98,59.74,204.24,0,0,0,4,Fitbit Wearable X,Fitbit,87.83,36.56,2022-01-21,2022-11-17,C,Wearables,0.2,medium,Málaga,ES,business,flat_rate,flexible,A,good,7.74,26.35,701.6,164.42,26.6262,1,Luísa Sánchez
529,162,1903,6,2023-04-22,2023-05-06,2023-05-06,2023-05-06,14,140.98,0.0,2.96,143.94,25.09,118.85,0,0,0,4,Fitbit Wearable X,Fitbit,87.83,36.56,2022-01-21,2022-11-17,C,Wearables,0.2,medium,Valencia,ES,casual,flat_rate,flexible,B,good,0.0,26.35,701.6,164.42,26.6262,1,Pablo Rodrigues
530,162,235,5,2023-05-13,2023-05-27,2023-06-03,2023-06-03,14,119.14,26.25,4.05,149.44,19.3,130.14,0,0,1,4,Fitbit Wearable X,Fitbit,87.83,36.56,2022-01-21,2022-11-17,C,Wearables,0.2,medium,Barcelona,ES,student,flat_rate,flexible,A,good,10.02,26.35,701.6,164.42,26.6262,1,Rosa Jesus
531,162,1484,11,2023-06-17,2023-07-01,2023-07-01,2023-07-01,14,15.62,0.0,0.59,16.21,2.56,13.65,0,0,0,4,Fitbit Wearable X,Fitbit,87.83,36.56,2022-01-21,2022-11-17,C,Wearables,0.2,medium,Porto,PT,professional,pct_of_retail,flexible,A,fair,0.0,26.35,701.6,164.42,26.6262,1,Ricardo González
532,163,578,5,2024-12-24,2024-12-31,2024-12-31,2024-12-31,7,67.08,0.0,2.28,69.36,10.6,58.76,0,0,0,4,Garmin Wearable SE,Garmin,111.65,93.92,2024-02-27,2024-12-23,C,Wearables,0.2,medium,Setúbal,PT,casual,flat_rate,flexible,A,excellent,0.0,66.99,58.76,10.6,0.8771,0,Pablo Sánchez
533,164,1811,3,2024-10-21,2024-12-05,2024-12-05,2024-12-05,45,143.55,0.0,3.59,147.14,23.97,123.17,0,0,0,4,Fitbit Wearable,Fitbit,146.63,113.34,2023-11-13,2024-09-08,B,Wearables,0.2,medium,Aveiro,PT,professional,flat_rate,30_day,A,fair,0.0,87.98,175.48,40.39,1.9945,1,Carlos Rodrigues
534,164,978,5,2024-12-14,2024-12-21,2024-12-21,2024-12-21,7,66.47,0.0,2.26,68.73,16.42,52.31,0,0,0,4,Fitbit Wearable,Fitbit,146.63,113.34,2023-11-13,2024-09-08,B,Wearables,0.2,medium,Málaga,ES,business,flat_rate,flexible,A,excellent,0.0,87.98,175.48,40.39,1.9945,1,Lucia Jesus
535,165,146,1,2022-05-02,2022-05-16,2022-05-16,2022-05-16,14,89.18,0.0,2.23,91.41,13.47,77.94,0,0,0,4,Fitbit Wearable,Fitbit,170.95,56.53,2021-04-23,2022-02-17,C,Wearables,0.2,medium,Évora,PT,student,flat_rate,7_day,A,excellent,25.62,42.74,396.68,105.8,9.2812,1,Isabel Silva
536,165,1656,6,2022-05-27,2022-06-10,2022-06-10,2022-06-10,14,140.98,0.0,2.96,143.94,33.13,110.81,0,0,0,4,Fitbit Wearable,Fitbit,170.95,56.53,2021-04-23,2022-02-17,C,Wearables,0.2,medium,Aveiro,PT,professional,flat_rate,flexible,B,excellent,46.76,42.74,396.68,105.8,9.2812,1,Catarina Martins
537,165,1925,5,2022-06-19,2022-07-03,2022-07-03,2022-07-03,14,119.14,0.0,4.05,123.19,26.21,96.98,0,0,0,4,Fitbit Wearable,Fitbit,170.95,56.53,2021-04-23,2022-02-17,C,Wearables,0.2,medium,Alicante,ES,student,flat_rate,flexible,A,good,0.0,42.74,396.68,105.8,9.2812,1,Maria Pereira
538,165,473,6,2022-07-17,2022-07-31,2022-07-31,2022-07-31,14,140.98,0.0,2.96,143.94,32.99,110.95,0,0,0,4,Fitbit Wearable,Fitbit,170.95,56.53,2021-04-23,2022-02-17,C,Wearables,0.2,medium,Zaragoza,ES,casual,flat_rate,flexible,B,good,34.01,42.74,396.68,105.8,9.2812,1,Marco Sánchez
539,166,1004,12,2024-12-01,2025-01-15,2025-01-15,2025-01-15,45,89.13,0.0,2.67,91.8,14.8,77.0,0,0,0,4,Garmin Wearable Pro,Garmin,216.56,174.5,2024-02-02,2024-11-28,B,Wearables,0.2,medium,Barcelona,ES,business,pct_of_retail,flexible,B,damaged,0.0,129.94,77.0,14.8,0.5926,0,Elena López
540,167,1406,8,2024-09-20,2024-10-04,2024-10-04,2024-10-04,14,30.81,0.0,1.02,31.83,6.75,25.08,0,0,0,4,Samsung Wearable Pro,Samsung,224.58,176.04,2023-11-14,2024-09-09,B,Wearables,0.2,medium,Évora,PT,business,pct_of_retail,7_day,B,fair,0.0,134.75,419.72,98.68,3.1148,1,André Pereira
541,167,1633,5,2024-10-16,2024-11-15,2024-11-15,2024-11-15,30,255.3,0.0,8.68,263.98,55.66,208.32,0,0,0,4,Samsung Wearable Pro,Samsung,224.58,176.04,2023-11-14,2024-09-09,B,Wearables,0.2,medium,Valencia,ES,professional,flat_rate,flexible,A,good,0.0,134.75,419.72,98.68,3.1148,1,Marco Costa
542,167,1765,1,2024-11-20,2024-12-20,2024-12-20,2024-12-20,30,217.16,0.0,5.43,222.59,36.27,186.32,0,0,0,4,Samsung Wearable Pro,Samsung,224.58,176.04,2023-11-14,2024-09-09,B,Wearables,0.2,medium,Funchal,PT,student,flat_rate,7_day,A,fair,0.0,134.75,419.72,98.68,3.1148,1,André García
543,168,808,6,2024-07-21,2024-08-20,2024-08-20,2024-08-20,30,302.1,0.0,6.34,308.44,46.83,261.61,0,0,0,4,Garmin Wearable Max,Garmin,126.12,91.82,2023-08-26,2024-06-21,B,Wearables,0.2,medium,Bilbao,ES,professional,flat_rate,flexible,B,excellent,0.0,75.67,591.38,113.19,7.8153,1,João Silva
544,168,1306,5,2024-09-08,2024-09-22,2024-09-22,2024-09-22,14,119.14,0.0,4.05,123.19,21.68,101.51,0,0,0,4,Garmin Wearable Max,Garmin,126.12,91.82,2023-08-26,2024-06-21,B,Wearables,0.2,medium,Valencia,ES,professional,flat_rate,flexible,A,good,0.0,75.67,591.38,113.19,7.8153,1,Rosa Sousa
545,168,1668,3,2024-10-31,2024-11-14,2024-11-14,2024-11-14,14,44.66,0.0,1.12,45.78,11.12,34.66,0,0,0,4,Garmin Wearable Max,Garmin,126.12,91.82,2023-08-26,2024-06-21,B,Wearables,0.2,medium,Funchal,PT,business,flat_rate,30_day,A,good,0.0,75.67,591.38,113.19,7.8153,1,Ricardo Jesus
546,168,141,4,2024-11-24,2025-01-08,2025-01-08,2025-01-08,45,220.76,0.0,6.4,227.16,33.56,193.6,0,0,0,4,Garmin Wearable Max,Garmin,126.12,91.82,2023-08-26,2024-06-21,B,Wearables,0.2,medium,Braga,PT,business,flat_rate,30_day,B,excellent,9.46,75.67,591.38,113.19,7.8153,1,Carlos González
547,169,1798,6,2024-10-03,2024-10-10,2024-10-10,2024-10-10,7,70.49,0.0,1.48,71.97,13.82,58.15,0,0,0,4,Apple Wearable Ultra,Apple,148.4,113.67,2023-11-14,2024-09-09,C,Wearables,0.2,medium,Funchal,PT,business,flat_rate,flexible,B,good,0.0,89.04,170.1,36.06,1.9104,1,Diogo Costa
548,169,204,7,2024-10-21,2024-12-05,2024-12-07,2024-12-07,45,60.1,4.78,2.94,67.82,11.18,56.64,0,0,1,4,Apple Wearable Ultra,Apple,148.4,113.67,2023-11-14,2024-09-09,C,Wearables,0.2,medium,Faro,PT,business,pct_of_retail,7_day,A,good,41.52,89.04,170.1,36.06,1.9104,1,Pablo Rodrigues
549,169,1812,11,2024-12-20,2025-01-19,2025-01-19,2025-01-19,30,63.94,0.0,2.43,66.37,11.06,55.31,0,0,0,4,Apple Wearable Ultra,Apple,148.4,113.67,2023-11-14,2024-09-09,C,Wearables,0.2,medium,Valencia,ES,student,pct_of_retail,flexible,A,excellent,0.0,89.04,170.1,36.06,1.9104,1,Sofia López
550,171,784,1,2022-05-13,2022-06-27,2022-06-27,2022-06-27,45,286.65,0.0,7.17,293.82,59.05,234.77,0,0,0,4,Apple Wearable Ultra,Apple,118.11,42.36,2021-04-29,2022-02-23,A,Wearables,0.2,medium,Zaragoza,ES,professional,flat_rate,7_day,A,fair,0.0,29.53,269.88,69.72,9.1392,1,Diogo López
551,171,282,3,2022-07-03,2022-07-17,2022-07-17,2022-07-17,14,44.66,0.0,1.12,45.78,10.67,35.11,0,0,0,4,Apple Wearable Ultra,Apple,118.11,42.36,2021-04-29,2022-02-23,A,Wearables,0.2,medium,Barcelona,ES,casual,flat_rate,30_day,A,good,0.0,29.53,269.88,69.72,9.1392,1,Lucia García
552,172,1757,2,2022-12-20,2022-12-27,2022-12-27,2022-12-27,7,34.28,0.0,1.41,35.69,6.55,29.14,0,0,0,4,Fitbit Wearable,Fitbit,106.13,54.18,2022-01-27,2022-11-23,B,Wearables,0.2,medium,Setúbal,PT,business,flat_rate,7_day,B,fair,20.17,31.84,515.45,147.79,16.1888,1,Ricardo Martínez
553,172,1968,2,2023-01-07,2023-01-21,2023-01-21,,14,61.6,0.0,2.53,64.13,14.6,49.53,1,0,0,4,Fitbit Wearable,Fitbit,106.13,54.18,2022-01-27,2022-11-23,B,Wearables,0.2,medium,Coimbra,PT,casual,flat_rate,7_day,B,,,31.84,515.45,147.79,16.1888,1,Carmen González
554,172,1212,1,2023-02-03,2023-02-17,2023-02-17,2023-02-17,14,89.18,0.0,2.23,91.41,21.14,70.27,0,0,0,4,Fitbit Wearable,Fitbit,106.13,54.18,2022-01-27,2022-11-23,B,Wearables,0.2,medium,Alicante,ES,student,flat_rate,7_day,A,excellent,0.0,31.84,515.45,147.79,16.1888,1,Miguel Fernández
555,172,469,2,2023-02-26,2023-03-28,2023-03-28,2023-03-28,30,132.0,0.0,5.41,137.41,20.72,116.69,0,0,0,4,Fitbit Wearable,Fitbit,106.13,54.18,2022-01-27,2022-11-23,B,Wearables,0.2,medium,Évora,PT,student,flat_rate,7_day,B,excellent,49.78,31.84,515.45,147.79,16.1888,1,Ricardo Pereira
556,172,32,5,2023-04-06,2023-04-20,2023-04-20,2023-04-20,14,119.14,0.0,4.05,123.19,29.55,93.64,0,0,0,4,Fitbit Wearable,Fitbit,106.13,54.18,2022-01-27,2022-11-23,B,Wearables,0.2,medium,Évora,PT,business,flat_rate,flexible,A,excellent,30.31,31.84,515.45,147.79,16.1888,1,Sofia Sousa
557,172,1397,3,2023-04-28,2023-05-28,2023-05-28,2023-05-28,30,95.7,0.0,2.39,98.09,16.08,82.01,0,0,0,4,Fitbit Wearable,Fitbit,106.13,54.18,2022-01-27,2022-11-23,B,Wearables,0.2,medium,Bilbao,ES,professional,flat_rate,30_day,A,excellent,0.0,31.84,515.45,147.79,16.1888,1,Sara López
558,172,1037,3,2023-06-02,2023-07-02,2023-07-02,2023-07-02,30,95.7,0.0,2.39,98.09,23.92,74.17,0,0,0,4,Fitbit Wearable,Fitbit,106.13,54.18,2022-01-27,2022-11-23,B,Wearables,0.2,medium,Alicante,ES,business,flat_rate,30_day,A,good,0.0,31.84,515.45,147.79,16.1888,1,Rui Ferreira
559,172,1789,6,2023-07-07,2023-07-14,2023-07-14,,7,70.49,0.0,1.48,71.97,15.23,56.74,1,1,0,4,Fitbit Wearable,Fitbit,106.13,54.18,2022-01-27,2022-11-23,B,Wearables,0.2,medium,Faro,PT,casual,flat_rate,flexible,B,,,31.84,515.45,147.79,16.1888,1,Beatriz Costa
560,174,1207,3,2024-08-15,2024-08-29,2024-08-29,2024-08-29,14,44.66,0.0,1.12,45.78,10.27,35.51,0,0,0,4,Garmin Wearable Max,Garmin,230.04,173.31,2023-10-07,2024-08-02,B,Wearables,0.2,medium,Málaga,ES,professional,flat_rate,30_day,A,excellent,0.0,138.02,267.33,73.85,1.9369,1,Elena Rodrigues
561,174,353,3,2024-09-06,2024-09-20,2024-09-20,2024-09-20,14,44.66,0.0,1.12,45.78,7.55,38.23,0,0,0,4,Garmin Wearable Max,Garmin,230.04,173.31,2023-10-07,2024-08-02,B,Wearables,0.2,medium,Sevilla,ES,professional,flat_rate,30_day,A,excellent,0.0,138.02,267.33,73.85,1.9369,1,André Oliveira
562,174,504,2,2024-09-29,2024-10-06,2024-10-06,2024-10-06,7,30.8,0.0,1.26,32.06,6.22,25.84,0,0,0,4,Garmin Wearable Max,Garmin,230.04,173.31,2023-10-07,2024-08-02,B,Wearables,0.2,medium,Porto,PT,casual,flat_rate,7_day,B,good,0.0,138.02,267.33,73.85,1.9369,1,Tiago Santos
563,174,831,6,2024-10-19,2024-11-02,2024-11-02,2024-11-02,14,140.98,0.0,2.96,143.94,35.1,108.84,0,0,0,4,Garmin Wearable Max,Garmin,230.04,173.31,2023-10-07,2024-08-02,B,Wearables,0.2,medium,Évora,PT,professional,flat_rate,flexible,B,excellent,0.0,138.02,267.33,73.85,1.9369,1,João Costa
564,174,458,10,2024-11-09,2024-12-09,2024-12-09,2024-12-09,30,71.75,0.0,1.87,73.62,14.71,58.91,0,0,0,4,Garmin Wearable Max,Garmin,230.04,173.31,2023-10-07,2024-08-02,B,Wearables,0.2,medium,Aveiro,PT,casual,pct_of_retail,30_day,B,excellent,0.0,138.02,267.33,73.85,1.9369,1,Carlos López
565,175,1351,3,2022-07-18,2022-07-25,2022-07-25,2022-07-25,7,22.33,0.0,0.56,22.89,4.62,18.27,0,0,0,4,Fitbit Wearable Ultra,Fitbit,93.7,32.44,2021-08-25,2022-06-21,A,Wearables,0.2,medium,Faro,PT,professional,flat_rate,30_day,A,good,0.0,23.43,174.75,44.48,7.4584,1,Rafael Fernández
566,175,1534,12,2022-08-06,2022-09-05,2022-09-05,2022-09-05,30,23.89,0.0,0.72,24.61,5.73,18.88,0,0,0,4,Fitbit Wearable Ultra,Fitbit,93.7,32.44,2021-08-25,2022-06-21,A,Wearables,0.2,medium,Leiria,PT,casual,pct_of_retail,flexible,B,fair,0.0,23.43,174.75,44.48,7.4584,1,Tiago González
567,175,1436,1,2022-09-11,2022-09-25,2022-09-25,2022-09-25,14,89.18,0.0,2.23,91.41,18.73,72.68,0,0,0,4,Fitbit Wearable Ultra,Fitbit,93.7,32.44,2021-08-25,2022-06-21,A,Wearables,0.2,medium,Lisboa,PT,student,flat_rate,7_day,A,damaged,0.0,23.43,174.75,44.48,7.4584,1,Rosa Ferreira
568,175,2,10,2022-10-02,2022-10-16,2022-10-16,2022-10-16,14,12.99,0.0,0.34,13.33,2.64,10.69,0,0,0,4,Fitbit Wearable Ultra,Fitbit,93.7,32.44,2021-08-25,2022-06-21,A,Wearables,0.2,medium,Barcelona,ES,professional,pct_of_retail,30_day,B,good,0.0,23.43,174.75,44.48,7.4584,1,Filipa Jesus
569,175,548,4,2022-10-26,2022-11-09,2022-11-09,2022-11-09,14,65.1,0.0,1.89,66.99,12.76,54.23,0,0,0,4,Fitbit Wearable Ultra,Fitbit,93.7,32.44,2021-08-25,2022-06-21,A,Wearables,0.2,medium,Évora,PT,professional,flat_rate,30_day,B,good,0.0,23.43,174.75,44.48,7.4584,1,Diego Santos
570,176,1800,2,2024-04-11,2024-04-25,2024-04-25,2024-04-25,14,61.6,0.0,2.53,64.13,11.03,53.1,0,0,0,4,Samsung Wearable Max,Samsung,87.1,55.51,2023-04-04,2024-01-29,A,Wearables,0.2,medium,Braga,PT,business,flat_rate,7_day,B,excellent,0.0,43.55,534.54,136.59,12.2742,1,Tiago Pereira
571,176,1776,5,2024-04-30,2024-05-30,2024-05-30,2024-05-30,30,255.3,0.0,8.68,263.98,54.38,209.6,0,0,0,4,Samsung Wearable Max,Samsung,87.1,55.51,2023-04-04,2024-01-29,A,Wearables,0.2,medium,Coimbra,PT,student,flat_rate,flexible,A,good,11.48,43.55,534.54,136.59,12.2742,1,Beatriz Silva
572,176,753,1,2024-06-12,2024-07-12,2024-07-12,2024-07-12,30,191.1,0.0,4.78,195.88,46.06,149.82,0,0,0,4,Samsung Wearable Max,Samsung,87.1,55.51,2023-04-04,2024-01-29,A,Wearables,0.2,medium,Funchal,PT,student,flat_rate,7_day,A,excellent,0.0,43.55,534.54,136.59,12.2742,1,Sara Santos
573,176,1114,3,2024-07-22,2024-09-05,2024-09-05,2024-09-05,45,143.55,0.0,3.59,147.14,25.12,122.02,0,0,0,4,Samsung Wearable Max,Samsung,87.1,55.51,2023-04-04,2024-01-29,A,Wearables,0.2,medium,Alicante,ES,professional,flat_rate,30_day,A,damaged,0.0,43.55,534.54,136.59,12.2742,1,Rafael Rodrigues
574,177,1334,12,2024-08-18,2024-09-01,2024-09-07,2024-09-07,14,23.41,19.08,0.7,43.19,4.21,38.98,0,0,1,4,Apple Wearable Max,Apple,196.7,149.2,2023-09-19,2024-07-15,A,Wearables,0.2,medium,Évora,PT,professional,pct_of_retail,flexible,B,good,0.0,118.02,390.9,84.99,3.3122,1,Diego Oliveira
575,177,1320,6,2024-09-19,2024-10-19,2024-10-19,2024-10-19,30,302.1,0.0,6.34,308.44,57.7,250.74,0,0,0,4,Apple Wearable Max,Apple,196.7,149.2,2023-09-19,2024-07-15,A,Wearables,0.2,medium,Funchal,PT,student,flat_rate,flexible,B,fair,0.0,118.02,390.9,84.99,3.3122,1,Fernando Silva
576,177,1800,4,2024-11-01,2024-11-08,2024-11-08,2024-11-08,7,34.78,0.0,1.01,35.79,6.71,29.08,0,0,0,4,Apple Wearable Max,Apple,196.7,149.2,2023-09-19,2024-07-15,A,Wearables,0.2,medium,Braga,PT,business,flat_rate,30_day,B,excellent,0.0,118.02,390.9,84.99,3.3122,1,Tiago Pereira
577,177,1456,10,2024-11-21,2024-12-21,2024-12-25,2024-12-25,30,66.27,20.48,1.72,88.47,16.37,72.1,0,0,1,4,Apple Wearable Max,Apple,196.7,149.2,2023-09-19,2024-07-15,A,Wearables,0.2,medium,Madrid,ES,student,pct_of_retail,30_day,B,good,0.0,118.02,390.9,84.99,3.3122,1,Sara Martins
578,178,205,7,2023-12-30,2024-02-13,2024-02-13,2024-02-13,45,52.26,0.0,2.56,54.82,8.62,46.2,0,0,0,4,Garmin Wearable X,Garmin,116.76,79.57,2023-02-09,2023-12-06,A,Wearables,0.2,medium,Lisboa,PT,casual,pct_of_retail,7_day,A,damaged,33.64,58.38,456.16,128.32,7.8136,1,Pedro Silva
579,178,709,4,2024-03-12,2024-03-26,2024-03-26,2024-03-26,14,65.1,0.0,1.89,66.99,11.85,55.14,0,0,0,4,Garmin Wearable X,Garmin,116.76,79.57,2023-02-09,2023-12-06,A,Wearables,0.2,medium,Porto,PT,casual,flat_rate,30_day,B,excellent,0.0,58.38,456.16,128.32,7.8136,1,Carmen Oliveira
580,178,1644,6,2024-05-13,2024-06-27,2024-06-27,2024-06-27,45,453.15,0.0,9.52,462.67,107.85,354.82,0,0,0,4,Garmin Wearable X,Garmin,116.76,79.57,2023-02-09,2023-12-06,A,Wearables,0.2,medium,Porto,PT,professional,flat_rate,flexible,B,damaged,0.0,58.38,456.16,128.32,7.8136,1,Maria Sousa
581,179,488,10,2023-12-26,2024-01-02,2024-01-02,2024-01-02,7,21.04,0.0,0.55,21.59,4.9,16.69,0,0,0,4,Fitbit Wearable Max,Fitbit,270.9,159.76,2023-01-16,2023-11-12,B,Wearables,0.2,medium,Braga,PT,casual,pct_of_retail,30_day,B,fair,0.0,135.45,174.5,43.27,1.2883,1,João Sousa
582,179,755,3,2024-01-30,2024-02-29,2024-02-29,2024-02-29,30,95.7,0.0,2.39,98.09,21.72,76.37,0,0,0,4,Fitbit Wearable Max,Fitbit,270.9,159.76,2023-01-16,2023-11-12,B,Wearables,0.2,medium,Aveiro,PT,professional,flat_rate,30_day,A,fair,0.0,135.45,174.5,43.27,1.2883,1,Marco Martínez
583,179,124,3,2024-04-26,2024-05-26,2024-05-26,2024-05-26,30,95.7,0.0,2.39,98.09,16.65,81.44,0,0,0,4,Fitbit Wearable Max,Fitbit,270.9,159.76,2023-01-16,2023-11-12,B,Wearables,0.2,medium,Braga,PT,professional,flat_rate,30_day,A,excellent,0.0,135.45,174.5,43.27,1.2883,1,Inês Sánchez
584,180,1920,2,2024-04-27,2024-05-27,2024-05-27,2024-05-27,30,132.0,0.0,5.41,137.41,23.76,113.65,0,0,0,4,Apple Wearable Plus,Apple,94.84,64.28,2023-05-31,2024-03-26,C,Wearables,0.2,medium,Faro,PT,business,flat_rate,7_day,B,damaged,0.0,47.42,167.55,36.85,3.5333,1,Maria López
585,180,684,4,2024-06-03,2024-06-17,2024-06-17,2024-06-17,14,65.1,0.0,1.89,66.99,13.09,53.9,0,0,0,4,Apple Wearable Plus,Apple,94.84,64.28,2023-05-31,2024-03-26,C,Wearables,0.2,medium,Barcelona,ES,casual,flat_rate,30_day,B,excellent,0.0,47.42,167.55,36.85,3.5333,1,Rafael Santos
586,181,131,4,2023-09-03,2023-09-17,2023-09-17,2023-09-17,14,65.1,0.0,1.89,66.99,14.0,52.99,0,0,0,4,Garmin Wearable Ultra,Garmin,134.64,65.32,2022-10-28,2023-08-24,B,Wearables,0.2,medium,Faro,PT,business,flat_rate,30_day,B,damaged,7.85,53.86,404.31,121.0,7.5067,1,Marta Martins
587,181,1900,10,2023-09-30,2023-10-14,2023-10-14,2023-10-14,14,18.66,0.0,0.49,19.15,2.95,16.2,0,0,0,4,Garmin Wearable Ultra,Garmin,134.64,65.32,2022-10-28,2023-08-24,B,Wearables,0.2,medium,Málaga,ES,student,pct_of_retail,30_day,B,good,0.0,53.86,404.31,121.0,7.5067,1,Diogo Martínez
588,181,619,6,2023-10-26,2023-11-02,2023-11-02,2023-11-02,7,70.49,0.0,1.48,71.97,15.58,56.39,0,0,0,4,Garmin Wearable Ultra,Garmin,134.64,65.32,2022-10-28,2023-08-24,B,Wearables,0.2,medium,Bilbao,ES,casual,flat_rate,flexible,B,excellent,0.0,53.86,404.31,121.0,7.5067,1,Diego Martínez
589,181,1498,6,2023-11-08,2023-12-08,2023-12-08,2023-12-08,30,323.99,0.0,6.8,330.79,80.67,250.12,0,0,0,4,Garmin Wearable Ultra,Garmin,134.64,65.32,2022-10-28,2023-08-24,B,Wearables,0.2,medium,Zaragoza,ES,casual,flat_rate,flexible,B,excellent,0.0,53.86,404.31,121.0,7.5067,1,Nuno Sousa
590,181,212,2,2023-12-15,2023-12-22,2023-12-22,2023-12-22,7,34.98,0.0,1.43,36.41,7.8,28.61,0,0,0,4,Garmin Wearable Ultra,Garmin,134.64,65.32,2022-10-28,2023-08-24,B,Wearables,0.2,medium,Coimbra,PT,professional,flat_rate,7_day,B,fair,0.0,53.86,404.31,121.0,7.5067,1,Elena Costa
591,182,47,1,2024-09-18,2024-10-02,2024-10-02,,14,89.18,0.0,2.23,91.41,17.48,73.93,1,1,0,4,Fitbit Wearable X,Fitbit,175.2,138.57,2023-11-11,2024-09-06,A,Wearables,0.2,medium,Leiria,PT,professional,flat_rate,7_day,A,,,105.12,231.76,48.31,2.2047,1,Rosa Sánchez
592,182,1797,5,2024-10-10,2024-10-24,2024-10-28,2024-10-28,14,119.14,15.0,4.05,138.19,20.49,117.7,0,0,1,4,Fitbit Wearable X,Fitbit,175.2,138.57,2023-11-11,2024-09-06,A,Wearables,0.2,medium,Zaragoza,ES,business,flat_rate,flexible,A,excellent,13.51,105.12,231.76,48.31,2.2047,1,Rafael Silva
593,182,83,1,2024-11-04,2024-11-11,2024-11-11,2024-11-11,7,49.24,0.0,1.23,50.47,10.34,40.13,0,0,0,4,Fitbit Wearable X,Fitbit,175.2,138.57,2023-11-11,2024-09-06,A,Wearables,0.2,medium,Porto,PT,professional,flat_rate,7_day,A,good,0.0,105.12,231.76,48.31,2.2047,1,Miguel Martínez
594,183,557,7,2024-01-21,2024-03-06,2024-03-06,2024-03-06,45,97.63,0.0,4.78,102.41,16.69,85.72,0,0,0,4,Garmin Wearable Pro,Garmin,241.06,143.28,2023-03-26,2024-01-20,C,Wearables,0.2,medium,Valencia,ES,business,pct_of_retail,7_day,A,fair,33.12,120.53,406.26,91.25,3.3706,1,Marco Pereira
595,183,1406,5,2024-04-08,2024-05-08,2024-05-08,2024-05-08,30,255.3,0.0,8.68,263.98,45.7,218.28,0,0,0,4,Garmin Wearable Pro,Garmin,241.06,143.28,2023-03-26,2024-01-20,C,Wearables,0.2,medium,Évora,PT,business,flat_rate,flexible,A,fair,0.0,120.53,406.26,91.25,3.3706,1,André Pereira
596,183,625,4,2024-05-18,2024-06-01,2024-06-01,2024-06-01,14,65.1,0.0,1.89,66.99,15.62,51.37,0,0,0,4,Garmin Wearable Pro,Garmin,241.06,143.28,2023-03-26,2024-01-20,C,Wearables,0.2,medium,Zaragoza,ES,student,flat_rate,30_day,B,fair,0.0,120.53,406.26,91.25,3.3706,1,Marco Fernández
597,183,274,2,2024-07-23,2024-08-06,2024-08-06,2024-08-06,14,61.6,0.0,2.53,64.13,13.24,50.89,0,0,0,4,Garmin Wearable Pro,Garmin,241.06,143.28,2023-03-26,2024-01-20,C,Wearables,0.2,medium,Coimbra,PT,casual,flat_rate,7_day,B,good,5.49,120.53,406.26,91.25,3.3706,1,João García
598,184,289,11,2024-07-31,2024-08-07,2024-08-07,2024-08-07,7,18.73,0.0,0.71,19.44,4.27,15.17,0,0,0,4,Apple Wearable Ultra,Apple,210.65,165.64,2023-09-19,2024-07-15,C,Wearables,0.2,medium,Braga,PT,student,pct_of_retail,flexible,A,excellent,0.0,126.39,298.86,70.31,2.3646,1,Rui Ferreira
599,184,462,4,2024-08-13,2024-08-27,2024-08-27,2024-08-27,14,65.1,0.0,1.89,66.99,14.91,52.08,0,0,0,4,Apple Wearable Ultra,Apple,210.65,165.64,2023-09-19,2024-07-15,C,Wearables,0.2,medium,Aveiro,PT,professional,flat_rate,30_day,B,damaged,0.0,126.39,298.86,70.31,2.3646,1,Fernando González
600,184,1854,8,2024-09-01,2024-10-01,2024-10-01,2024-10-01,30,61.93,0.0,2.04,63.97,11.77,52.2,0,0,0,4,Apple Wearable Ultra,Apple,210.65,165.64,2023-09-19,2024-07-15,C,Wearables,0.2,medium,Valencia,ES,student,pct_of_retail,7_day,B,excellent,0.0,126.39,298.86,70.31,2.3646,1,Miguel Martínez
601,184,323,3,2024-10-12,2024-10-19,2024-10-19,2024-10-19,7,22.33,0.0,0.56,22.89,4.96,17.93,0,0,0,4,Apple Wearable Ultra,Apple,210.65,165.64,2023-09-19,2024-07-15,C,Wearables,0.2,medium,Valencia,ES,casual,flat_rate,30_day,A,excellent,0.0,126.39,298.86,70.31,2.3646,1,Rafael Fernández
602,184,817,1,2024-10-27,2024-11-26,2024-11-26,2024-11-26,30,191.1,0.0,4.78,195.88,34.4,161.48,0,0,0,4,Apple Wearable Ultra,Apple,210.65,165.64,2023-09-19,2024-07-15,C,Wearables,0.2,medium,Funchal,PT,professional,flat_rate,7_day,A,excellent,0.0,126.39,298.86,70.31,2.3646,1,Isabel Fernández
603,185,1900,2,2024-03-16,2024-03-30,2024-03-30,2024-03-30,14,61.6,0.0,2.53,64.13,10.23,53.9,0,0,0,4,Apple Wearable Lite,Apple,130.7,90.55,2023-04-11,2024-02-05,A,Wearables,0.2,medium,Málaga,ES,student,flat_rate,7_day,B,good,0.0,65.35,1185.0,294.96,18.1331,1,Diogo Martínez
604,185,1816,1,2024-04-09,2024-05-24,2024-05-27,2024-05-27,45,286.65,19.17,7.17,312.99,59.91,253.08,0,0,1,4,Apple Wearable Lite,Apple,130.7,90.55,2023-04-11,2024-02-05,A,Wearables,0.2,medium,Leiria,PT,business,flat_rate,7_day,A,excellent,0.0,65.35,1185.0,294.96,18.1331,1,Rosa Sousa
605,185,919,9,2024-06-06,2024-06-20,2024-06-20,2024-06-20,14,20.13,0.0,0.56,20.69,3.38,17.31,0,0,0,4,Apple Wearable Lite,Apple,130.7,90.55,2023-04-11,2024-02-05,A,Wearables,0.2,medium,Braga,PT,professional,pct_of_retail,30_day,A,good,0.0,65.35,1185.0,294.96,18.1331,1,Isabel Pereira
606,185,782,5,2024-07-20,2024-08-19,2024-08-25,2024-08-25,30,255.3,22.5,8.68,286.48,50.55,235.93,0,0,1,4,Apple Wearable Lite,Apple,130.7,90.55,2023-04-11,2024-02-05,A,Wearables,0.2,medium,Aveiro,PT,student,flat_rate,flexible,A,fair,0.0,65.35,1185.0,294.96,18.1331,1,Diogo Sánchez
607,185,726,2,2024-09-03,2024-10-03,2024-10-06,2024-10-06,30,132.0,21.6,5.41,159.01,30.49,128.52,0,0,1,4,Apple Wearable Lite,Apple,130.7,90.55,2023-04-11,2024-02-05,A,Wearables,0.2,medium,Lisboa,PT,business,flat_rate,7_day,B,damaged,0.0,65.35,1185.0,294.96,18.1331,1,Rui Jesus
608,185,1666,1,2024-10-20,2024-11-19,2024-11-19,,30,191.1,0.0,4.78,195.88,44.91,150.97,1,0,0,4,Apple Wearable Lite,Apple,130.7,90.55,2023-04-11,2024-02-05,A,Wearables,0.2,medium,Madrid,ES,professional,flat_rate,7_day,A,,,65.35,1185.0,294.96,18.1331,1,Tiago Silva
609,185,1151,5,2024-11-30,2025-01-14,2025-01-14,,45,426.29,0.0,14.49,440.78,95.49,345.29,1,0,0,4,Apple Wearable Lite,Apple,130.7,90.55,2023-04-11,2024-02-05,A,Wearables,0.2,medium,Porto,PT,professional,flat_rate,flexible,A,,,65.35,1185.0,294.96,18.1331,1,André Sánchez
610,186,1168,4,2023-05-14,2023-05-28,2023-05-28,2023-05-28,14,65.1,0.0,1.89,66.99,11.26,55.73,0,0,0,4,Garmin Wearable,Garmin,136.02,73.85,2022-07-17,2023-05-13,B,Wearables,0.2,medium,Madrid,ES,professional,flat_rate,30_day,B,fair,0.0,54.41,393.42,87.18,7.2307,1,Rosa García
611,186,1833,5,2023-06-02,2023-06-16,2023-06-16,2023-06-16,14,119.14,0.0,4.05,123.19,26.33,96.86,0,0,0,4,Garmin Wearable,Garmin,136.02,73.85,2022-07-17,2023-05-13,B,Wearables,0.2,medium,Lisboa,PT,business,flat_rate,flexible,A,fair,0.0,54.41,393.42,87.18,7.2307,1,Miguel Santos
612,186,503,1,2023-06-29,2023-07-13,2023-07-13,2023-07-13,14,89.18,0.0,2.23,91.41,15.34,76.07,0,0,0,4,Garmin Wearable,Garmin,136.02,73.85,2022-07-17,2023-05-13,B,Wearables,0.2,medium,Aveiro,PT,business,flat_rate,7_day,A,good,0.0,54.41,393.42,87.18,7.2307,1,Tiago López
613,186,628,2,2023-08-14,2023-09-13,2023-09-13,2023-09-13,30,132.0,0.0,5.41,137.41,23.23,114.18,0,0,0,4,Garmin Wearable,Garmin,136.02,73.85,2022-07-17,2023-05-13,B,Wearables,0.2,medium,Málaga,ES,professional,flat_rate,7_day,B,good,0.0,54.41,393.42,87.18,7.2307,1,Isabel García
614,186,1262,5,2023-09-20,2023-09-27,2023-09-27,2023-09-27,7,59.57,0.0,2.03,61.6,11.02,50.58,0,0,0,4,Garmin Wearable,Garmin,136.02,73.85,2022-07-17,2023-05-13,B,Wearables,0.2,medium,Évora,PT,professional,flat_rate,flexible,A,excellent,0.0,54.41,393.42,87.18,7.2307,1,Sofia Santos
615,187,1721,2,2024-11-04,2024-11-11,2024-11-11,2024-11-11,7,34.0,0.0,1.39,35.39,5.54,29.85,0,0,0,4,Garmin Wearable Lite,Garmin,103.31,81.03,2023-12-29,2024-10-24,A,Wearables,0.2,medium,Barcelona,ES,casual,flat_rate,7_day,B,excellent,0.0,61.99,67.95,13.28,1.0961,1,Isabel Fernández
616,187,537,12,2024-11-18,2025-01-02,2025-01-02,2025-01-02,45,44.5,0.0,1.34,45.84,7.74,38.1,0,0,0,4,Garmin Wearable Lite,Garmin,103.31,81.03,2023-12-29,2024-10-24,A,Wearables,0.2,medium,Funchal,PT,student,pct_of_retail,flexible,B,good,0.0,61.99,67.95,13.28,1.0961,1,Tiago López
617,188,290,7,2023-08-14,2023-08-28,2023-08-28,2023-08-28,14,37.0,0.0,1.81,38.81,7.14,31.67,0,0,0,4,Apple Wearable Lite,Apple,293.64,131.41,2022-09-09,2023-07-06,B,Wearables,0.2,medium,Aveiro,PT,business,pct_of_retail,7_day,A,good,0.0,117.46,146.18,35.85,1.2445,1,Nuno Jesus
618,188,694,11,2023-09-08,2023-10-08,2023-10-08,2023-10-08,30,111.88,0.0,4.25,116.13,22.71,93.42,0,0,0,4,Apple Wearable Lite,Apple,293.64,131.41,2022-09-09,2023-07-06,B,Wearables,0.2,medium,Évora,PT,student,pct_of_retail,flexible,A,excellent,0.0,117.46,146.18,35.85,1.2445,1,Rosa Oliveira
619,188,1293,11,2023-10-27,2023-11-03,2023-11-03,2023-11-03,7,26.1,0.0,0.99,27.09,6.0,21.09,0,0,0,4,Apple Wearable Lite,Apple,293.64,131.41,2022-09-09,2023-07-06,B,Wearables,0.2,medium,Valencia,ES,business,pct_of_retail,flexible,A,good,0.0,117.46,146.18,35.85,1.2445,1,Isabel Pereira
620,189,401,11,2023-08-24,2023-10-08,2023-10-08,2023-10-08,45,150.54,0.0,5.72,156.26,24.09,132.17,0,0,0,4,Samsung Wearable Max,Samsung,263.42,146.87,2022-08-31,2023-06-27,C,Wearables,0.2,medium,Porto,PT,business,pct_of_retail,flexible,A,good,0.0,105.37,274.72,58.85,2.6072,1,Isabel Rodrigues
621,189,960,10,2023-10-19,2023-12-03,2023-12-03,2023-12-03,45,117.35,0.0,3.05,120.4,21.24,99.16,0,0,0,4,Samsung Wearable Max,Samsung,263.42,146.87,2022-08-31,2023-06-27,C,Wearables,0.2,medium,Faro,PT,professional,pct_of_retail,30_day,B,fair,0.0,105.37,274.72,58.85,2.6072,1,Marco Martins
622,189,179,7,2023-12-17,2023-12-24,2023-12-24,2023-12-24,7,18.54,0.0,0.91,19.45,4.54,14.91,0,0,0,4,Samsung Wearable Max,Samsung,263.42,146.87,2022-08-31,2023-06-27,C,Wearables,0.2,medium,Faro,PT,professional,pct_of_retail,7_day,A,good,0.0,105.37,274.72,58.85,2.6072,1,Ana Martins
623,189,354,10,2024-01-22,2024-02-05,2024-02-05,2024-02-05,14,36.51,0.0,0.95,37.46,8.98,28.48,0,0,0,4,Samsung Wearable Max,Samsung,263.42,146.87,2022-08-31,2023-06-27,C,Wearables,0.2,medium,Zaragoza,ES,business,pct_of_retail,30_day,B,excellent,0.0,105.37,274.72,58.85,2.6072,1,Sara García
624,190,521,8,2024-06-15,2024-06-29,2024-06-29,2024-06-29,14,37.91,0.0,1.25,39.16,7.24,31.92,0,0,0,4,Garmin Wearable,Garmin,276.3,210.86,2023-08-16,2024-06-11,B,Wearables,0.2,medium,Leiria,PT,casual,pct_of_retail,7_day,B,fair,0.0,165.78,185.18,48.92,1.117,1,Nuno García
625,190,1210,6,2024-08-18,2024-09-01,2024-09-01,2024-09-01,14,140.98,0.0,2.96,143.94,29.89,114.05,0,0,0,4,Garmin Wearable,Garmin,276.3,210.86,2023-08-16,2024-06-11,B,Wearables,0.2,medium,Zaragoza,ES,professional,flat_rate,flexible,B,fair,0.0,165.78,185.18,48.92,1.117,1,André Pereira
626,190,516,11,2024-09-10,2024-09-24,2024-09-24,2024-09-24,14,49.13,0.0,1.87,51.0,11.79,39.21,0,0,0,4,Garmin Wearable,Garmin,276.3,210.86,2023-08-16,2024-06-11,B,Wearables,0.2,medium,Madrid,ES,professional,pct_of_retail,flexible,A,fair,4.32,165.78,185.18,48.92,1.117,1,Lucia Ferreira
627,191,1919,5,2023-12-03,2023-12-17,2023-12-17,,14,128.08,0.0,4.35,132.43,19.85,112.58,1,1,0,4,Garmin Wearable Pro,Garmin,267.3,173.53,2023-01-14,2023-11-10,A,Wearables,0.2,medium,Faro,PT,professional,flat_rate,flexible,A,,,133.65,217.19,45.59,1.6251,1,Sofia García
628,191,1752,2,2023-12-22,2024-01-05,2024-01-05,2024-01-05,14,68.84,0.0,2.82,71.66,13.77,57.89,0,0,0,4,Garmin Wearable Pro,Garmin,267.3,173.53,2023-01-14,2023-11-10,A,Wearables,0.2,medium,Bilbao,ES,student,flat_rate,7_day,B,excellent,47.2,133.65,217.19,45.59,1.6251,1,Fernando Silva
629,191,1615,9,2024-01-17,2024-01-31,2024-01-31,2024-01-31,14,41.16,0.0,1.15,42.31,9.3,33.01,0,0,0,4,Garmin Wearable Pro,Garmin,267.3,173.53,2023-01-14,2023-11-10,A,Wearables,0.2,medium,Málaga,ES,professional,pct_of_retail,30_day,A,excellent,0.0,133.65,217.19,45.59,1.6251,1,Lucia García
630,191,750,12,2024-02-05,2024-02-12,2024-02-12,2024-02-12,7,15.9,0.0,0.48,16.38,2.67,13.71,0,0,0,4,Garmin Wearable Pro,Garmin,267.3,173.53,2023-01-14,2023-11-10,A,Wearables,0.2,medium,Porto,PT,professional,pct_of_retail,flexible,B,good,0.0,133.65,217.19,45.59,1.6251,1,Isabel Rodrigues
631,192,1847,3,2024-05-01,2024-06-15,2024-06-19,2024-06-19,45,143.55,27.96,3.59,175.1,23.69,151.41,0,0,1,4,Samsung Wearable Plus,Samsung,195.83,140.4,2023-06-13,2024-04-08,B,Wearables,0.2,medium,Bilbao,ES,professional,flat_rate,30_day,A,excellent,0.0,97.92,800.32,181.87,8.1732,1,Tiago Martínez
632,192,460,5,2024-06-27,2024-08-11,2024-08-11,2024-08-11,45,382.95,0.0,13.02,395.97,72.76,323.21,0,0,0,4,Samsung Wearable Plus,Samsung,195.83,140.4,2023-06-13,2024-04-08,B,Wearables,0.2,medium,Madrid,ES,professional,flat_rate,flexible,A,excellent,0.0,97.92,800.32,181.87,8.1732,1,Sofia Costa
633,192,1132,5,2024-08-17,2024-09-16,2024-09-16,2024-09-16,30,255.3,0.0,8.68,263.98,61.02,202.96,0,0,0,4,Samsung Wearable Plus,Samsung,195.83,140.4,2023-06-13,2024-04-08,B,Wearables,0.2,medium,Zaragoza,ES,professional,flat_rate,flexible,A,excellent,0.0,97.92,800.32,181.87,8.1732,1,André Ferreira
634,192,1012,3,2024-09-26,2024-11-10,2024-11-10,2024-11-10,45,143.55,0.0,3.59,147.14,24.4,122.74,0,0,0,4,Samsung Wearable Plus,Samsung,195.83,140.4,2023-06-13,2024-04-08,B,Wearables,0.2,medium,Málaga,ES,student,flat_rate,30_day,A,good,0.0,97.92,800.32,181.87,8.1732,1,Ana Fernández
635,193,1667,5,2024-12-05,2024-12-12,2024-12-12,2024-12-12,7,66.19,0.0,2.25,68.44,10.13,58.31,0,0,0,4,Samsung Wearable Plus,Samsung,298.82,247.47,2024-02-07,2024-12-03,C,Wearables,0.2,medium,Barcelona,ES,professional,flat_rate,flexible,A,damaged,0.0,179.29,58.31,10.13,0.3252,0,Isabel Jesus
636,194,432,1,2022-05-07,2022-05-14,2022-05-18,2022-05-18,7,44.59,25.56,1.11,71.26,10.92,60.34,0,0,1,4,Garmin Wearable Ultra,Garmin,195.7,38.48,2021-05-28,2022-03-24,B,Wearables,0.2,medium,Zaragoza,ES,student,flat_rate,7_day,A,fair,0.0,48.92,458.9,110.5,9.3806,1,Marta González
637,194,1581,5,2022-05-29,2022-06-28,2022-06-28,2022-06-28,30,255.3,0.0,8.68,263.98,57.44,206.54,0,0,0,4,Garmin Wearable Ultra,Garmin,195.7,38.48,2021-05-28,2022-03-24,B,Wearables,0.2,medium,Sevilla,ES,business,flat_rate,flexible,A,excellent,0.0,48.92,458.9,110.5,9.3806,1,Carmen Sánchez
638,194,492,3,2022-07-10,2022-07-17,2022-07-17,2022-07-17,7,22.33,0.0,0.56,22.89,4.27,18.62,0,0,0,4,Garmin Wearable Ultra,Garmin,195.7,38.48,2021-05-28,2022-03-24,B,Wearables,0.2,medium,Porto,PT,professional,flat_rate,30_day,A,excellent,0.0,48.92,458.9,110.5,9.3806,1,Rui Ferreira
639,194,1574,2,2022-07-24,2022-08-07,2022-08-07,2022-08-07,14,61.6,0.0,2.53,64.13,10.6,53.53,0,0,0,4,Garmin Wearable Ultra,Garmin,195.7,38.48,2021-05-28,2022-03-24,B,Wearables,0.2,medium,Évora,PT,casual,flat_rate,7_day,B,good,0.0,48.92,458.9,110.5,9.3806,1,Elena Costa
640,194,931,3,2022-08-19,2022-10-03,2022-10-03,2022-10-03,45,143.55,0.0,3.59,147.14,27.27,119.87,0,0,0,4,Garmin Wearable Ultra,Garmin,195.7,38.48,2021-05-28,2022-03-24,B,Wearables,0.2,medium,Lisboa,PT,casual,flat_rate,30_day,A,fair,28.13,48.92,458.9,110.5,9.3806,1,Pedro Martínez
641,195,1979,5,2024-11-22,2024-12-22,2024-12-22,2024-12-22,30,281.22,0.0,9.56,290.78,59.34,231.44,0,0,0,4,Garmin Wearable Max,Garmin,492.29,377.3,2024-01-24,2024-11-19,A,Wearables,0.2,medium,Leiria,PT,business,flat_rate,flexible,A,excellent,5.09,295.37,231.44,59.34,0.7836,0,Fernando Silva
642,196,630,6,2023-12-01,2023-12-08,2023-12-08,2023-12-08,7,74.17,0.0,1.56,75.73,13.94,61.79,0,0,0,4,Garmin Wearable SE,Garmin,90.25,56.38,2023-01-25,2023-11-21,A,Wearables,0.2,medium,Funchal,PT,casual,flat_rate,flexible,B,good,0.0,45.12,549.83,118.25,12.1859,1,Lucia López
643,196,740,3,2023-12-15,2023-12-29,2023-12-29,2023-12-29,14,47.76,0.0,1.19,48.95,9.03,39.92,0,0,0,4,Garmin Wearable SE,Garmin,90.25,56.38,2023-01-25,2023-11-21,A,Wearables,0.2,medium,Aveiro,PT,business,flat_rate,30_day,A,good,0.0,45.12,549.83,118.25,12.1859,1,Beatriz Jesus
644,196,722,6,2024-01-11,2024-02-10,2024-02-10,2024-02-10,30,302.1,0.0,6.34,308.44,46.22,262.22,0,0,0,4,Garmin Wearable SE,Garmin,90.25,56.38,2023-01-25,2023-11-21,A,Wearables,0.2,medium,Bilbao,ES,professional,flat_rate,flexible,B,good,0.0,45.12,549.83,118.25,12.1859,1,Filipa Jesus
645,196,1328,4,2024-02-23,2024-03-24,2024-03-24,2024-03-24,30,139.5,0.0,4.05,143.55,33.9,109.65,0,0,0,4,Garmin Wearable SE,Garmin,90.25,56.38,2023-01-25,2023-11-21,A,Wearables,0.2,medium,Alicante,ES,business,flat_rate,30_day,B,fair,0.0,45.12,549.83,118.25,12.1859,1,Luísa López
646,196,1955,1,2024-05-20,2024-06-03,2024-06-03,2024-06-03,14,89.18,0.0,2.23,91.41,15.16,76.25,0,0,0,4,Garmin Wearable SE,Garmin,90.25,56.38,2023-01-25,2023-11-21,A,Wearables,0.2,medium,Valencia,ES,professional,flat_rate,7_day,A,fair,0.0,45.12,549.83,118.25,12.1859,1,Diogo Martínez
647,197,1292,7,2024-02-19,2024-03-04,2024-03-04,2024-03-04,14,37.15,0.0,1.82,38.97,7.1,31.87,0,0,0,4,Samsung Wearable Lite,Samsung,294.87,223.97,2023-04-24,2024-02-18,B,Wearables,0.2,medium,Setúbal,PT,business,pct_of_retail,7_day,A,fair,0.0,147.44,74.11,17.82,0.5026,0,Inês Rodrigues
648,197,1641,8,2024-03-10,2024-03-17,2024-03-17,2024-03-17,7,20.23,0.0,0.67,20.9,4.96,15.94,0,0,0,4,Samsung Wearable Lite,Samsung,294.87,223.97,2023-04-24,2024-02-18,B,Wearables,0.2,medium,Faro,PT,professional,pct_of_retail,7_day,B,excellent,0.0,147.44,74.11,17.82,0.5026,0,Luísa Sousa
649,197,975,2,2024-04-13,2024-04-20,2024-04-20,2024-04-20,7,30.8,0.0,1.26,32.06,5.76,26.3,0,0,0,4,Samsung Wearable Lite,Samsung,294.87,223.97,2023-04-24,2024-02-18,B,Wearables,0.2,medium,Madrid,ES,business,flat_rate,7_day,B,good,0.0,147.44,74.11,17.82,0.5026,0,Diogo Martínez
650,198,962,6,2022-12-03,2022-12-17,2022-12-17,2022-12-17,14,154.6,0.0,3.25,157.85,32.16,125.69,0,0,0,4,Fitbit Wearable Plus,Fitbit,247.53,97.73,2022-01-23,2022-11-19,A,Wearables,0.2,medium,Évora,PT,professional,flat_rate,flexible,B,excellent,0.0,74.26,515.47,117.91,6.9414,1,Marta Jesus
651,198,622,1,2022-12-23,2023-02-06,2023-02-06,2023-02-06,45,323.5,0.0,8.09,331.59,50.79,280.8,0,0,0,4,Fitbit Wearable Plus,Fitbit,247.53,97.73,2022-01-23,2022-11-19,A,Wearables,0.2,medium,Valencia,ES,casual,flat_rate,7_day,A,excellent,0.0,74.26,515.47,117.91,6.9414,1,Ricardo Sánchez
652,198,927,6,2023-03-13,2023-03-27,2023-03-27,2023-03-27,14,140.98,0.0,2.96,143.94,34.96,108.98,0,0,0,4,Fitbit Wearable Plus,Fitbit,247.53,97.73,2022-01-23,2022-11-19,A,Wearables,0.2,medium,Funchal,PT,business,flat_rate,flexible,B,fair,0.0,74.26,515.47,117.91,6.9414,1,Ana Sánchez
653,199,1167,3,2024-11-08,2024-12-08,2024-12-08,2024-12-08,30,109.28,0.0,2.73,112.01,22.18,89.83,0,0,0,4,Apple Wearable SE,Apple,317.33,256.46,2023-12-26,2024-10-21,A,Wearables,0.2,medium,Bilbao,ES,professional,flat_rate,30_day,A,good,0.0,190.4,89.83,22.18,0.4718,0,André Ferreira
654,200,601,4,2024-11-09,2024-12-09,2024-12-12,2024-12-12,30,157.21,15.45,4.56,177.22,38.83,138.39,0,0,1,4,Apple Wearable X,Apple,159.34,128.61,2023-12-30,2024-10-25,B,Wearables,0.2,medium,Barcelona,ES,casual,flat_rate,30_day,B,excellent,0.0,95.6,280.15,63.56,2.9304,1,Rosa Fernández
655,200,316,6,2024-12-22,2025-01-05,2025-01-08,2025-01-08,14,148.11,15.27,3.11,166.49,24.73,141.76,0,0,1,4,Apple Wearable X,Apple,159.34,128.61,2023-12-30,2024-10-25,B,Wearables,0.2,medium,Bilbao,ES,student,flat_rate,flexible,B,fair,0.0,95.6,280.15,63.56,2.9304,1,Lucia Costa
656,201,1178,11,2024-02-07,2024-03-08,2024-03-08,2024-03-08,30,270.82,0.0,10.29,281.11,63.64,217.47,0,0,0,5,DJI Drone Ultra,DJI,710.82,528.02,2023-02-17,2023-12-14,A,Drones,0.14,medium,Porto,PT,business,pct_of_retail,flexible,A,good,0.0,426.49,412.77,112.29,0.9678,0,Ricardo Silva
657,201,1382,3,2024-03-14,2024-03-21,2024-03-21,2024-03-21,7,22.33,0.0,0.56,22.89,4.35,18.54,0,0,0,5,DJI Drone Ultra,DJI,710.82,528.02,2023-02-17,2023-12-14,A,Drones,0.14,medium,Madrid,ES,professional,flat_rate,30_day,A,fair,0.0,426.49,412.77,112.29,0.9678,0,Nuno Oliveira
658,201,1036,8,2024-04-03,2024-05-03,2024-05-05,2024-05-05,30,208.98,5.18,6.9,221.06,44.3,176.76,0,0,1,5,DJI Drone Ultra,DJI,710.82,528.02,2023-02-17,2023-12-14,A,Drones,0.14,medium,Porto,PT,professional,pct_of_retail,7_day,B,fair,41.02,426.49,412.77,112.29,0.9678,0,Maria Martínez
659,202,393,10,2024-11-11,2024-12-26,2024-12-26,2024-12-26,45,789.98,0.0,20.54,810.52,155.63,654.89,0,0,0,5,Parrot Drone Max,Parrot,1560.25,1311.62,2024-01-02,2024-10-28,A,Drones,0.14,medium,Faro,PT,professional,pct_of_retail,30_day,B,good,0.0,1092.17,654.89,155.63,0.5996,0,Maria Jesus
660,203,994,5,2023-06-18,2023-06-25,2023-06-25,2023-06-25,7,59.57,0.0,2.03,61.6,14.77,46.83,0,0,0,5,Autel Drone Lite,Autel,440.07,309.73,2022-07-15,2023-05-11,A,Drones,0.14,medium,Alicante,ES,professional,flat_rate,flexible,A,good,0.0,220.03,561.99,144.1,2.5542,1,Ricardo Oliveira
661,203,558,10,2023-07-03,2023-08-02,2023-08-02,2023-08-02,30,130.7,0.0,3.4,134.1,32.02,102.08,0,0,0,5,Autel Drone Lite,Autel,440.07,309.73,2022-07-15,2023-05-11,A,Drones,0.14,medium,Porto,PT,casual,pct_of_retail,30_day,B,good,0.0,220.03,561.99,144.1,2.5542,1,Marco Jesus
662,203,230,3,2023-08-10,2023-08-24,2023-08-24,2023-08-24,14,44.66,0.0,1.12,45.78,9.87,35.91,0,0,0,5,Autel Drone Lite,Autel,440.07,309.73,2022-07-15,2023-05-11,A,Drones,0.14,medium,Lisboa,PT,casual,flat_rate,30_day,A,excellent,30.83,220.03,561.99,144.1,2.5542,1,Rosa Ferreira
663,203,1186,2,2023-09-05,2023-10-20,2023-10-21,,45,198.0,7.2,8.12,213.32,44.55,168.77,1,1,1,5,Autel Drone Lite,Autel,440.07,309.73,2022-07-15,2023-05-11,A,Drones,0.14,medium,Braga,PT,professional,flat_rate,7_day,B,,,220.03,561.99,144.1,2.5542,1,Elena Martins
664,203,443,7,2023-11-04,2023-11-18,2023-11-18,2023-11-18,14,60.39,0.0,2.96,63.35,13.83,49.52,0,0,0,5,Autel Drone Lite,Autel,440.07,309.73,2022-07-15,2023-05-11,A,Drones,0.14,medium,Sevilla,ES,business,pct_of_retail,7_day,A,fair,0.0,220.03,561.99,144.1,2.5542,1,Carmen Silva
665,203,1218,2,2023-11-30,2023-12-30,2024-01-05,2024-01-05,30,139.04,43.2,5.7,187.94,29.06,158.88,0,0,1,5,Autel Drone Lite,Autel,440.07,309.73,2022-07-15,2023-05-11,A,Drones,0.14,medium,Valencia,ES,student,flat_rate,7_day,B,excellent,0.0,220.03,561.99,144.1,2.5542,1,Carmen López
666,204,228,10,2024-12-16,2024-12-30,2024-12-30,2024-12-30,14,43.14,0.0,1.12,44.26,9.92,34.34,0,0,0,5,Parrot Drone,Parrot,281.8,247.26,2024-02-14,2024-12-10,B,Drones,0.14,medium,Coimbra,PT,professional,pct_of_retail,30_day,B,good,0.0,197.26,34.34,9.92,0.1741,0,Lucia Rodrigues
667,205,321,9,2024-11-26,2024-12-10,2024-12-10,2024-12-10,14,215.08,0.0,6.02,221.1,38.28,182.82,0,0,0,5,DJI Drone Pro,DJI,1253.15,1082.42,2024-01-25,2024-11-20,B,Drones,0.14,medium,Coimbra,PT,student,pct_of_retail,30_day,A,fair,0.0,877.21,182.82,38.28,0.2084,0,Lucia García
668,206,1831,3,2023-08-22,2023-09-05,2023-09-05,2023-09-05,14,44.66,0.0,1.12,45.78,8.93,36.85,0,0,0,5,Autel Drone Lite,Autel,482.58,348.3,2022-10-13,2023-08-09,B,Drones,0.14,medium,Valencia,ES,business,flat_rate,30_day,A,good,12.75,241.29,307.32,61.26,1.2737,1,Elena García
669,206,1754,9,2023-09-12,2023-09-19,2023-09-21,2023-09-21,7,37.16,4.42,1.04,42.62,5.83,36.79,0,0,1,5,Autel Drone Lite,Autel,482.58,348.3,2022-10-13,2023-08-09,B,Drones,0.14,medium,Barcelona,ES,professional,pct_of_retail,30_day,A,good,0.0,241.29,307.32,61.26,1.2737,1,Carlos Santos
670,206,167,10,2023-09-26,2023-10-03,2023-10-03,2023-10-03,7,33.44,0.0,0.87,34.31,6.35,27.96,0,0,0,5,Autel Drone Lite,Autel,482.58,348.3,2022-10-13,2023-08-09,B,Drones,0.14,medium,Lisboa,PT,business,pct_of_retail,30_day,B,excellent,0.0,241.29,307.32,61.26,1.2737,1,Diogo Sánchez
671,206,1063,1,2023-10-15,2023-10-29,2023-10-29,2023-10-29,14,89.18,0.0,2.23,91.41,17.75,73.66,0,0,0,5,Autel Drone Lite,Autel,482.58,348.3,2022-10-13,2023-08-09,B,Drones,0.14,medium,Funchal,PT,professional,flat_rate,7_day,A,excellent,0.0,241.29,307.32,61.26,1.2737,1,André García
672,206,570,12,2023-11-10,2023-11-17,2023-11-22,2023-11-22,7,31.1,15.9,0.93,47.93,5.88,42.05,0,0,1,5,Autel Drone Lite,Autel,482.58,348.3,2022-10-13,2023-08-09,B,Drones,0.14,medium,Funchal,PT,professional,pct_of_retail,flexible,B,excellent,0.0,241.29,307.32,61.26,1.2737,1,Lucia García
673,206,1706,3,2023-12-03,2024-01-02,2024-01-02,2024-01-02,30,103.93,0.0,2.6,106.53,16.52,90.01,0,0,0,5,Autel Drone Lite,Autel,482.58,348.3,2022-10-13,2023-08-09,B,Drones,0.14,medium,Funchal,PT,business,flat_rate,30_day,A,good,0.0,241.29,307.32,61.26,1.2737,1,Tiago López
674,207,816,12,2022-06-15,2022-07-30,2022-07-30,2022-07-30,45,285.18,0.0,8.56,293.74,45.34,248.4,0,0,0,5,DJI Drone Lite,DJI,745.57,358.22,2021-07-09,2022-05-05,B,Drones,0.14,medium,Faro,PT,professional,pct_of_retail,flexible,B,good,0.0,260.95,442.35,86.89,1.6952,1,Rafael Costa
675,207,1093,3,2022-08-12,2022-09-11,2022-09-11,2022-09-11,30,95.7,0.0,2.39,98.09,15.41,82.68,0,0,0,5,DJI Drone Lite,DJI,745.57,358.22,2021-07-09,2022-05-05,B,Drones,0.14,medium,Porto,PT,casual,flat_rate,30_day,A,good,0.0,260.95,442.35,86.89,1.6952,1,Diogo Jesus
676,207,731,2,2022-09-16,2022-10-16,2022-10-16,,30,132.0,0.0,5.41,137.41,26.14,111.27,1,0,0,5,DJI Drone Lite,DJI,745.57,358.22,2021-07-09,2022-05-05,B,Drones,0.14,medium,Sevilla,ES,professional,flat_rate,7_day,B,,,260.95,442.35,86.89,1.6952,1,Luísa González
677,208,665,2,2021-12-24,2022-01-07,2022-01-07,2022-01-07,14,64.75,0.0,2.65,67.4,10.62,56.78,0,0,0,5,DJI Drone X,DJI,429.08,215.92,2021-01-27,2021-11-23,B,Drones,0.14,medium,Valencia,ES,business,flat_rate,7_day,B,excellent,39.07,150.18,841.65,194.64,5.6043,1,Rosa Ferreira
678,208,30,8,2022-01-13,2022-02-12,2022-02-12,2022-02-12,30,126.15,0.0,4.16,130.31,21.7,108.61,0,0,0,5,DJI Drone X,DJI,429.08,215.92,2021-01-27,2021-11-23,B,Drones,0.14,medium,Funchal,PT,professional,pct_of_retail,7_day,B,good,0.0,150.18,841.65,194.64,5.6043,1,Ana Jesus
679,208,1089,1,2022-02-18,2022-02-25,2022-02-25,2022-02-25,7,44.59,0.0,1.11,45.7,9.85,35.85,0,0,0,5,DJI Drone X,DJI,429.08,215.92,2021-01-27,2021-11-23,B,Drones,0.14,medium,Alicante,ES,professional,flat_rate,7_day,A,fair,0.0,150.18,841.65,194.64,5.6043,1,Luísa Santos
680,208,1584,5,2022-03-04,2022-04-03,2022-04-03,2022-04-03,30,255.3,0.0,8.68,263.98,42.89,221.09,0,0,0,5,DJI Drone X,DJI,429.08,215.92,2021-01-27,2021-11-23,B,Drones,0.14,medium,Alicante,ES,student,flat_rate,flexible,A,good,0.0,150.18,841.65,194.64,5.6043,1,Fernando López
681,208,926,5,2022-04-12,2022-05-12,2022-05-12,2022-05-12,30,255.3,0.0,8.68,263.98,56.68,207.3,0,0,0,5,DJI Drone X,DJI,429.08,215.92,2021-01-27,2021-11-23,B,Drones,0.14,medium,Bilbao,ES,professional,flat_rate,flexible,A,good,0.0,150.18,841.65,194.64,5.6043,1,Pedro Martins
682,208,1251,12,2022-05-23,2022-06-22,2022-06-22,2022-06-22,30,109.42,0.0,3.28,112.7,24.73,87.97,0,0,0,5,DJI Drone X,DJI,429.08,215.92,2021-01-27,2021-11-23,B,Drones,0.14,medium,Porto,PT,student,pct_of_retail,flexible,B,good,0.0,150.18,841.65,194.64,5.6043,1,João Martínez
683,208,102,1,2022-06-27,2022-07-11,2022-07-11,2022-07-11,14,89.18,0.0,2.23,91.41,17.93,73.48,0,0,0,5,DJI Drone X,DJI,429.08,215.92,2021-01-27,2021-11-23,B,Drones,0.14,medium,Lisboa,PT,professional,flat_rate,7_day,A,excellent,0.0,150.18,841.65,194.64,5.6043,1,Maria Fernández
684,208,63,8,2022-07-23,2022-08-06,2022-08-06,2022-08-06,14,58.87,0.0,1.94,60.81,10.24,50.57,0,0,0,5,DJI Drone X,DJI,429.08,215.92,2021-01-27,2021-11-23,B,Drones,0.14,medium,Barcelona,ES,casual,pct_of_retail,7_day,B,excellent,0.0,150.18,841.65,194.64,5.6043,1,Ricardo García
685,210,478,6,2022-06-16,2022-07-31,2022-07-31,2022-07-31,45,453.15,0.0,9.52,462.67,99.24,363.43,0,0,0,5,DJI Drone Lite,DJI,356.07,152.54,2021-07-07,2022-05-03,B,Drones,0.14,medium,Sevilla,ES,business,flat_rate,flexible,B,damaged,0.0,124.62,1072.25,260.25,8.6042,1,Pedro Jesus
686,210,1226,4,2022-08-14,2022-09-13,2022-09-13,2022-09-13,30,139.5,0.0,4.05,143.55,21.34,122.21,0,0,0,5,DJI Drone Lite,DJI,356.07,152.54,2021-07-07,2022-05-03,B,Drones,0.14,medium,Évora,PT,student,flat_rate,30_day,B,good,0.0,124.62,1072.25,260.25,8.6042,1,Marta García
687,210,686,10,2022-09-19,2022-11-03,2022-11-03,2022-11-03,45,158.63,0.0,4.12,162.75,38.23,124.52,0,0,0,5,DJI Drone Lite,DJI,356.07,152.54,2021-07-07,2022-05-03,B,Drones,0.14,medium,Zaragoza,ES,business,pct_of_retail,30_day,B,good,0.0,124.62,1072.25,260.25,8.6042,1,Rui Martins
688,210,848,12,2022-11-15,2022-11-29,2022-11-29,2022-11-29,14,47.19,0.0,1.42,48.61,10.15,38.46,0,0,0,5,DJI Drone Lite,DJI,356.07,152.54,2021-07-07,2022-05-03,B,Drones,0.14,medium,Setúbal,PT,professional,pct_of_retail,flexible,B,good,0.0,124.62,1072.25,260.25,8.6042,1,Filipa Sánchez
689,210,439,3,2022-12-10,2022-12-24,2022-12-24,2022-12-24,14,50.98,0.0,1.27,52.25,8.82,43.43,0,0,0,5,DJI Drone Lite,DJI,356.07,152.54,2021-07-07,2022-05-03,B,Drones,0.14,medium,Sevilla,ES,professional,flat_rate,30_day,A,good,0.0,124.62,1072.25,260.25,8.6042,1,Lucia López
690,210,612,6,2023-01-02,2023-02-16,2023-02-16,2023-02-16,45,453.15,0.0,9.52,462.67,82.47,380.2,0,0,0,5,DJI Drone Lite,DJI,356.07,152.54,2021-07-07,2022-05-03,B,Drones,0.14,medium,Sevilla,ES,business,flat_rate,flexible,B,excellent,0.0,124.62,1072.25,260.25,8.6042,1,Ana López
691,211,1210,7,2022-03-02,2022-04-01,2022-04-01,2022-04-01,30,405.17,0.0,19.85,425.02,95.21,329.81,0,0,0,5,DJI Drone Plus,DJI,1500.62,737.56,2021-04-04,2022-01-29,A,Drones,0.14,medium,Zaragoza,ES,professional,pct_of_retail,7_day,A,excellent,0.0,525.22,1843.62,449.94,3.5102,1,André Pereira
692,211,889,9,2022-04-11,2022-05-11,2022-05-11,2022-05-11,30,495.2,0.0,13.87,509.07,121.32,387.75,0,0,0,5,DJI Drone Plus,DJI,1500.62,737.56,2021-04-04,2022-01-29,A,Drones,0.14,medium,Braga,PT,professional,pct_of_retail,30_day,A,good,0.0,525.22,1843.62,449.94,3.5102,1,Rafael López
693,211,185,10,2022-05-24,2022-07-08,2022-07-08,2022-07-08,45,668.53,0.0,17.38,685.91,106.96,578.95,0,0,0,5,DJI Drone Plus,DJI,1500.62,737.56,2021-04-04,2022-01-29,A,Drones,0.14,medium,Aveiro,PT,professional,pct_of_retail,30_day,B,excellent,0.0,525.22,1843.62,449.94,3.5102,1,Sara García
694,211,312,11,2022-08-01,2022-08-15,2022-08-15,2022-08-15,14,266.81,0.0,10.14,276.95,43.22,233.73,0,0,0,5,DJI Drone Plus,DJI,1500.62,737.56,2021-04-04,2022-01-29,A,Drones,0.14,medium,Évora,PT,casual,pct_of_retail,flexible,A,fair,0.0,525.22,1843.62,449.94,3.5102,1,André Santos
695,211,768,8,2022-08-24,2022-09-07,2022-09-07,,14,205.89,0.0,6.79,212.68,41.8,170.88,1,0,0,5,DJI Drone Plus,DJI,1500.62,737.56,2021-04-04,2022-01-29,A,Drones,0.14,medium,Lisboa,PT,business,pct_of_retail,7_day,B,,,525.22,1843.62,449.94,3.5102,1,Maria Sánchez
696,211,1997,12,2022-09-14,2022-09-28,2022-09-28,2022-09-28,14,178.57,0.0,5.36,183.93,41.43,142.5,0,0,0,5,DJI Drone Plus,DJI,1500.62,737.56,2021-04-04,2022-01-29,A,Drones,0.14,medium,Aveiro,PT,student,pct_of_retail,flexible,B,excellent,0.0,525.22,1843.62,449.94,3.5102,1,Beatriz Martínez
697,212,366,12,2023-12-12,2023-12-26,2023-12-26,2023-12-26,14,68.85,0.0,2.07,70.92,13.15,57.77,0,0,0,5,DJI Drone X,DJI,550.09,407.15,2023-02-11,2023-12-08,C,Drones,0.14,medium,Madrid,ES,casual,pct_of_retail,flexible,B,excellent,25.52,330.05,694.77,149.42,2.105,1,Sofia Jesus
698,212,1448,11,2024-01-04,2024-02-03,2024-02-10,2024-02-10,30,209.58,53.48,7.96,271.02,39.4,231.62,0,0,1,5,DJI Drone X,DJI,550.09,407.15,2023-02-11,2023-12-08,C,Drones,0.14,medium,Sevilla,ES,business,pct_of_retail,flexible,A,excellent,0.0,330.05,694.77,149.42,2.105,1,Beatriz Sánchez
699,212,1977,9,2024-02-16,2024-03-01,2024-03-01,2024-03-01,14,84.71,0.0,2.37,87.08,16.86,70.22,0,0,0,5,DJI Drone X,DJI,550.09,407.15,2023-02-11,2023-12-08,C,Drones,0.14,medium,Évora,PT,professional,pct_of_retail,30_day,A,excellent,0.0,330.05,694.77,149.42,2.105,1,Carlos Jesus
700,212,1206,7,2024-03-14,2024-04-13,2024-04-19,2024-04-19,30,148.52,14.34,7.28,170.14,26.73,143.41,0,0,1,5,DJI Drone X,DJI,550.09,407.15,2023-02-11,2023-12-08,C,Drones,0.14,medium,Funchal,PT,student,pct_of_retail,7_day,A,fair,17.47,330.05,694.77,149.42,2.105,1,Marta López
701,212,1620,8,2024-04-28,2024-05-12,2024-05-12,2024-05-12,14,75.47,0.0,2.49,77.96,16.08,61.88,0,0,0,5,DJI Drone X,DJI,550.09,407.15,2023-02-11,2023-12-08,C,Drones,0.14,medium,Leiria,PT,professional,pct_of_retail,7_day,B,excellent,0.0,330.05,694.77,149.42,2.105,1,Pablo Silva
702,212,419,8,2024-05-19,2024-06-18,2024-06-18,2024-06-18,30,161.73,0.0,5.34,167.07,37.2,129.87,0,0,0,5,DJI Drone X,DJI,550.09,407.15,2023-02-11,2023-12-08,C,Drones,0.14,medium,Madrid,ES,professional,pct_of_retail,7_day,B,excellent,0.0,330.05,694.77,149.42,2.105,1,Miguel Rodrigues
703,213,588,3,2022-01-23,2022-03-09,2022-03-12,2022-03-12,45,143.55,20.97,3.59,168.11,29.86,138.25,0,0,1,5,Autel Drone Max,Autel,562.66,292.5,2021-02-10,2021-12-07,A,Drones,0.14,medium,Bilbao,ES,business,flat_rate,30_day,A,fair,0.0,196.93,563.07,127.53,2.8592,1,Rui Martins
704,213,32,8,2022-03-20,2022-04-19,2022-04-24,2022-04-24,30,165.42,12.95,5.46,183.83,40.36,143.47,0,0,1,5,Autel Drone Max,Autel,562.66,292.5,2021-02-10,2021-12-07,A,Drones,0.14,medium,Évora,PT,business,pct_of_retail,7_day,B,good,0.0,196.93,563.07,127.53,2.8592,1,Sofia Sousa
705,213,1053,12,2022-05-28,2022-06-27,2022-06-27,2022-06-27,30,143.48,0.0,4.3,147.78,24.82,122.96,0,0,0,5,Autel Drone Max,Autel,562.66,292.5,2021-02-10,2021-12-07,A,Drones,0.14,medium,Zaragoza,ES,professional,pct_of_retail,flexible,B,good,0.0,196.93,563.07,127.53,2.8592,1,Fernando Oliveira
706,213,1362,9,2022-07-02,2022-08-01,2022-08-01,2022-08-01,30,185.68,0.0,5.2,190.88,32.49,158.39,0,0,0,5,Autel Drone Max,Autel,562.66,292.5,2021-02-10,2021-12-07,A,Drones,0.14,medium,Zaragoza,ES,student,pct_of_retail,30_day,A,good,31.46,196.93,563.07,127.53,2.8592,1,Marco González
707,214,1435,10,2023-01-30,2023-02-06,2023-02-08,2023-02-08,7,77.38,10.24,2.01,89.63,16.87,72.76,0,0,1,5,Parrot Drone Pro,Parrot,1116.62,665.85,2022-03-14,2023-01-08,B,Drones,0.14,medium,Madrid,ES,student,pct_of_retail,30_day,B,good,0.0,446.65,728.79,153.76,1.6317,1,Pablo Oliveira
708,214,316,7,2023-02-16,2023-03-18,2023-03-18,2023-03-18,30,301.49,0.0,14.77,316.26,46.13,270.13,0,0,0,5,Parrot Drone Pro,Parrot,1116.62,665.85,2022-03-14,2023-01-08,B,Drones,0.14,medium,Bilbao,ES,student,pct_of_retail,7_day,A,good,0.0,446.65,728.79,153.76,1.6317,1,Lucia Costa
709,214,1083,11,2023-03-23,2023-03-30,2023-03-30,2023-03-30,7,99.27,0.0,3.77,103.04,19.56,83.48,0,0,0,5,Parrot Drone Pro,Parrot,1116.62,665.85,2022-03-14,2023-01-08,B,Drones,0.14,medium,Funchal,PT,business,pct_of_retail,flexible,A,fair,0.0,446.65,728.79,153.76,1.6317,1,Tiago Santos
710,214,137,12,2023-04-04,2023-04-11,2023-04-14,2023-04-14,7,66.44,9.54,1.99,77.97,16.28,61.69,0,0,1,5,Parrot Drone Pro,Parrot,1116.62,665.85,2022-03-14,2023-01-08,B,Drones,0.14,medium,Leiria,PT,professional,pct_of_retail,flexible,B,excellent,0.0,446.65,728.79,153.76,1.6317,1,Lucia Fernández
711,214,1305,10,2023-04-22,2023-05-06,2023-05-06,2023-05-06,14,154.76,0.0,4.02,158.78,27.55,131.23,0,0,0,5,Parrot Drone Pro,Parrot,1116.62,665.85,2022-03-14,2023-01-08,B,Drones,0.14,medium,Bilbao,ES,professional,pct_of_retail,30_day,B,excellent,9.39,446.65,728.79,153.76,1.6317,1,André Rodrigues
712,214,1228,12,2023-05-14,2023-05-28,2023-05-28,2023-05-28,14,132.88,0.0,3.99,136.87,27.37,109.5,0,0,0,5,Parrot Drone Pro,Parrot,1116.62,665.85,2022-03-14,2023-01-08,B,Drones,0.14,medium,Faro,PT,business,pct_of_retail,flexible,B,good,0.0,446.65,728.79,153.76,1.6317,1,Catarina Pereira
713,216,1905,10,2023-05-26,2023-06-25,2023-06-25,2023-06-25,30,442.69,0.0,11.51,454.2,75.7,378.5,0,0,0,5,Autel Drone Pro,Autel,1490.55,1037.33,2022-07-18,2023-05-14,C,Drones,0.14,medium,Coimbra,PT,business,pct_of_retail,30_day,B,good,0.0,745.27,1488.12,372.57,1.9968,1,Sofia Jesus
714,216,598,9,2023-07-02,2023-08-01,2023-08-01,,30,491.88,0.0,13.77,505.65,108.21,397.44,1,0,0,5,Autel Drone Pro,Autel,1490.55,1037.33,2022-07-18,2023-05-14,C,Drones,0.14,medium,Zaragoza,ES,student,pct_of_retail,30_day,A,,,745.27,1488.12,372.57,1.9968,1,Marco González
715,216,1380,11,2023-09-21,2023-10-21,2023-10-21,2023-10-21,30,567.9,0.0,21.58,589.48,138.57,450.91,0,0,0,5,Autel Drone Pro,Autel,1490.55,1037.33,2022-07-18,2023-05-14,C,Drones,0.14,medium,Setúbal,PT,business,pct_of_retail,flexible,A,excellent,0.0,745.27,1488.12,372.57,1.9968,1,João Rodrigues
716,216,1725,11,2023-11-03,2023-11-17,2023-11-17,2023-11-17,14,299.96,0.0,11.4,311.36,50.09,261.27,0,0,0,5,Autel Drone Pro,Autel,1490.55,1037.33,2022-07-18,2023-05-14,C,Drones,0.14,medium,Lisboa,PT,professional,pct_of_retail,flexible,A,good,0.0,745.27,1488.12,372.57,1.9968,1,Filipa Martins
717,217,341,5,2024-09-10,2024-09-24,2024-09-24,2024-09-24,14,119.14,0.0,4.05,123.19,28.12,95.07,0,0,0,5,DJI Drone Max,DJI,282.93,235.84,2023-10-26,2024-08-21,B,Drones,0.14,medium,Évora,PT,business,flat_rate,flexible,A,good,0.0,198.05,253.72,71.53,1.2811,1,Luísa Costa
718,217,1213,12,2024-10-02,2024-11-16,2024-11-16,2024-11-16,45,108.22,0.0,3.25,111.47,23.48,87.99,0,0,0,5,DJI Drone Max,DJI,282.93,235.84,2023-10-26,2024-08-21,B,Drones,0.14,medium,Coimbra,PT,student,pct_of_retail,flexible,B,excellent,0.0,198.05,253.72,71.53,1.2811,1,Elena García
719,217,1484,4,2024-11-29,2024-12-13,2024-12-13,2024-12-13,14,68.86,0.0,2.0,70.86,15.22,55.64,0,0,0,5,DJI Drone Max,DJI,282.93,235.84,2023-10-26,2024-08-21,B,Drones,0.14,medium,Porto,PT,professional,flat_rate,30_day,B,excellent,0.0,198.05,253.72,71.53,1.2811,1,Ricardo González
720,217,1174,12,2024-12-23,2024-12-30,2024-12-30,2024-12-30,7,19.16,0.0,0.57,19.73,4.71,15.02,0,0,0,5,DJI Drone Max,DJI,282.93,235.84,2023-10-26,2024-08-21,B,Drones,0.14,medium,Lisboa,PT,student,pct_of_retail,flexible,B,good,0.0,198.05,253.72,71.53,1.2811,1,Inês Ferreira
721,218,7,9,2024-08-26,2024-09-25,2024-09-25,2024-09-25,30,204.28,0.0,5.72,210.0,36.97,173.03,0,0,0,5,Autel Drone SE,Autel,619.02,529.53,2023-09-09,2024-07-05,B,Drones,0.14,medium,Barcelona,ES,professional,pct_of_retail,30_day,A,damaged,0.0,433.31,458.99,107.71,1.0593,1,Tiago González
722,218,1233,8,2024-10-03,2024-10-17,2024-10-17,2024-10-17,14,84.93,0.0,2.8,87.73,19.28,68.45,0,0,0,5,Autel Drone SE,Autel,619.02,529.53,2023-09-09,2024-07-05,B,Drones,0.14,medium,Leiria,PT,casual,pct_of_retail,7_day,B,good,0.0,433.31,458.99,107.71,1.0593,1,Filipa Jesus
723,218,602,10,2024-10-24,2024-11-23,2024-11-23,2024-11-23,30,183.85,0.0,4.78,188.63,34.38,154.25,0,0,0,5,Autel Drone SE,Autel,619.02,529.53,2023-09-09,2024-07-05,B,Drones,0.14,medium,Aveiro,PT,professional,pct_of_retail,30_day,B,excellent,0.0,433.31,458.99,107.71,1.0593,1,Nuno Martins
724,218,1085,6,2024-12-01,2024-12-08,2024-12-08,2024-12-08,7,78.69,0.0,1.65,80.34,17.08,63.26,0,0,0,5,Autel Drone SE,Autel,619.02,529.53,2023-09-09,2024-07-05,B,Drones,0.14,medium,Braga,PT,student,flat_rate,flexible,B,good,0.0,433.31,458.99,107.71,1.0593,1,Lucia López
725,219,699,1,2022-03-10,2022-04-09,2022-04-09,2022-04-09,30,191.1,0.0,4.78,195.88,45.67,150.21,0,0,0,5,Parrot Drone Plus,Parrot,365.39,179.12,2021-04-01,2022-01-26,A,Drones,0.14,medium,Aveiro,PT,student,flat_rate,7_day,A,good,0.0,127.89,645.29,166.09,5.0457,1,Isabel Ferreira
726,219,1694,3,2022-04-18,2022-05-18,2022-05-18,2022-05-18,30,95.7,0.0,2.39,98.09,15.31,82.78,0,0,0,5,Parrot Drone Plus,Parrot,365.39,179.12,2021-04-01,2022-01-26,A,Drones,0.14,medium,Aveiro,PT,professional,flat_rate,30_day,A,damaged,0.0,127.89,645.29,166.09,5.0457,1,Catarina Costa
727,219,825,6,2022-05-30,2022-06-29,2022-07-05,2022-07-05,30,302.1,30.54,6.34,338.98,70.69,268.29,0,0,1,5,Parrot Drone Plus,Parrot,365.39,179.12,2021-04-01,2022-01-26,A,Drones,0.14,medium,Valencia,ES,casual,flat_rate,flexible,B,good,0.0,127.89,645.29,166.09,5.0457,1,Rui Ferreira
728,219,1141,1,2022-07-19,2022-08-02,2022-08-02,2022-08-02,14,89.18,0.0,2.23,91.41,18.19,73.22,0,0,0,5,Parrot Drone Plus,Parrot,365.39,179.12,2021-04-01,2022-01-26,A,Drones,0.14,medium,Barcelona,ES,business,flat_rate,7_day,A,damaged,0.0,127.89,645.29,166.09,5.0457,1,Luísa Santos
729,219,1375,2,2022-08-13,2022-08-27,2022-08-27,2022-08-27,14,61.6,0.0,2.53,64.13,11.83,52.3,0,0,0,5,Parrot Drone Plus,Parrot,365.39,179.12,2021-04-01,2022-01-26,A,Drones,0.14,medium,Aveiro,PT,professional,flat_rate,7_day,B,good,0.0,127.89,645.29,166.09,5.0457,1,Luísa Sánchez
730,219,1789,3,2022-09-10,2022-09-17,2022-09-17,2022-09-17,7,22.33,0.0,0.56,22.89,4.4,18.49,0,0,0,5,Parrot Drone Plus,Parrot,365.39,179.12,2021-04-01,2022-01-26,A,Drones,0.14,medium,Faro,PT,casual,flat_rate,30_day,A,damaged,0.0,127.89,645.29,166.09,5.0457,1,Beatriz Costa
731,220,1856,9,2023-05-28,2023-06-04,2023-06-04,2023-06-04,7,57.47,0.0,1.61,59.08,10.86,48.22,0,0,0,5,DJI Drone Pro,DJI,746.39,503.44,2022-05-10,2023-03-06,B,Drones,0.14,medium,Barcelona,ES,student,pct_of_retail,30_day,A,good,47.67,298.56,380.7,79.34,1.2751,1,Diogo Ferreira
732,220,477,8,2023-06-15,2023-06-29,2023-06-29,2023-06-29,14,102.4,0.0,3.38,105.78,23.55,82.23,0,0,0,5,DJI Drone Pro,DJI,746.39,503.44,2022-05-10,2023-03-06,B,Drones,0.14,medium,Leiria,PT,casual,pct_of_retail,7_day,B,excellent,0.0,298.56,380.7,79.34,1.2751,1,Sofia Martins
733,220,1433,11,2023-07-26,2023-08-25,2023-08-25,2023-08-25,30,284.37,0.0,10.81,295.18,44.93,250.25,0,0,0,5,DJI Drone Pro,DJI,746.39,503.44,2022-05-10,2023-03-06,B,Drones,0.14,medium,Faro,PT,professional,pct_of_retail,flexible,A,fair,0.0,298.56,380.7,79.34,1.2751,1,Catarina Martínez
734,221,872,3,2024-02-17,2024-03-18,2024-03-18,2024-03-18,30,95.7,0.0,2.39,98.09,19.43,78.66,0,0,0,6,JBL Audio,JBL,124.59,102.71,2023-03-15,2024-01-09,A,Audio,0.1,medium,Madrid,ES,casual,flat_rate,30_day,A,excellent,46.89,74.75,464.89,119.97,6.2193,1,Inês López
735,221,1059,5,2024-03-31,2024-04-30,2024-04-30,,30,255.3,0.0,8.68,263.98,58.72,205.26,1,1,0,6,JBL Audio,JBL,124.59,102.71,2023-03-15,2024-01-09,A,Audio,0.1,medium,Aveiro,PT,student,flat_rate,flexible,A,,,74.75,464.89,119.97,6.2193,1,Rui Fernández
736,221,1797,1,2024-05-06,2024-05-20,2024-05-20,2024-05-20,14,89.18,0.0,2.23,91.41,20.24,71.17,0,0,0,6,JBL Audio,JBL,124.59,102.71,2023-03-15,2024-01-09,A,Audio,0.1,medium,Zaragoza,ES,business,flat_rate,7_day,A,good,0.0,74.75,464.89,119.97,6.2193,1,Rafael Silva
737,221,1256,4,2024-05-30,2024-06-13,2024-06-13,2024-06-13,14,65.1,0.0,1.89,66.99,15.56,51.43,0,0,0,6,JBL Audio,JBL,124.59,102.71,2023-03-15,2024-01-09,A,Audio,0.1,medium,Funchal,PT,business,flat_rate,30_day,B,good,0.0,74.75,464.89,119.97,6.2193,1,Pablo Martínez
738,221,447,4,2024-07-23,2024-07-30,2024-08-05,2024-08-05,7,32.55,30.9,0.94,64.39,6.02,58.37,0,0,1,6,JBL Audio,JBL,124.59,102.71,2023-03-15,2024-01-09,A,Audio,0.1,medium,Lisboa,PT,casual,flat_rate,30_day,B,excellent,35.53,74.75,464.89,119.97,6.2193,1,Sara Costa
739,222,1082,5,2024-05-02,2024-05-16,2024-05-16,2024-05-16,14,119.14,0.0,4.05,123.19,19.06,104.13,0,0,0,6,Sennheiser Audio Plus,Sennheiser,499.08,415.05,2023-06-13,2024-04-08,C,Audio,0.1,medium,Coimbra,PT,business,flat_rate,flexible,A,damaged,0.0,299.45,770.07,177.69,2.5716,1,Marco García
740,222,1477,1,2024-05-28,2024-06-04,2024-06-04,2024-06-04,7,44.59,0.0,1.11,45.7,8.47,37.23,0,0,0,6,Sennheiser Audio Plus,Sennheiser,499.08,415.05,2023-06-13,2024-04-08,C,Audio,0.1,medium,Lisboa,PT,casual,flat_rate,7_day,A,excellent,0.0,299.45,770.07,177.69,2.5716,1,Diego García
741,222,1562,5,2024-07-14,2024-08-28,2024-08-28,2024-08-28,45,382.95,0.0,13.02,395.97,83.87,312.1,0,0,0,6,Sennheiser Audio Plus,Sennheiser,499.08,415.05,2023-06-13,2024-04-08,C,Audio,0.1,medium,Lisboa,PT,casual,flat_rate,flexible,A,fair,0.0,299.45,770.07,177.69,2.5716,1,Marta Martins
742,222,1509,11,2024-09-11,2024-09-25,2024-09-25,2024-09-25,14,88.74,0.0,3.37,92.11,14.55,77.56,0,0,0,6,Sennheiser Audio Plus,Sennheiser,499.08,415.05,2023-06-13,2024-04-08,C,Audio,0.1,medium,Málaga,ES,professional,pct_of_retail,flexible,A,fair,0.0,299.45,770.07,177.69,2.5716,1,Inês Sánchez
743,222,782,9,2024-09-30,2024-10-14,2024-10-14,2024-10-14,14,76.86,0.0,2.15,79.01,14.76,64.25,0,0,0,6,Sennheiser Audio Plus,Sennheiser,499.08,415.05,2023-06-13,2024-04-08,C,Audio,0.1,medium,Aveiro,PT,student,pct_of_retail,30_day,A,good,0.0,299.45,770.07,177.69,2.5716,1,Diogo Sánchez
744,222,403,2,2024-10-26,2024-11-25,2024-11-25,2024-11-25,30,132.0,0.0,5.41,137.41,22.31,115.1,0,0,0,6,Sennheiser Audio Plus,Sennheiser,499.08,415.05,2023-06-13,2024-04-08,C,Audio,0.1,medium,Málaga,ES,professional,flat_rate,7_day,B,excellent,0.0,299.45,770.07,177.69,2.5716,1,Marta Martínez
745,222,1891,4,2024-12-09,2024-12-23,2024-12-23,2024-12-23,14,72.27,0.0,2.1,74.37,14.67,59.7,0,0,0,6,Sennheiser Audio Plus,Sennheiser,499.08,415.05,2023-06-13,2024-04-08,C,Audio,0.1,medium,Alicante,ES,student,flat_rate,30_day,B,excellent,31.59,299.45,770.07,177.69,2.5716,1,Filipa Sánchez
746,223,1530,4,2023-11-10,2023-12-10,2023-12-13,2023-12-13,30,157.85,15.45,4.58,177.88,32.99,144.89,0,0,1,6,Sony Audio X,Sony,173.64,149.54,2023-01-02,2023-10-29,A,Audio,0.1,medium,Sevilla,ES,business,flat_rate,30_day,B,good,41.22,104.18,1092.37,245.96,10.4854,1,Beatriz Santos
747,223,985,5,2023-12-26,2024-01-25,2024-01-25,2024-01-25,30,291.89,0.0,9.92,301.81,46.12,255.69,0,0,0,6,Sony Audio X,Sony,173.64,149.54,2023-01-02,2023-10-29,A,Audio,0.1,medium,Coimbra,PT,business,flat_rate,flexible,A,excellent,0.0,104.18,1092.37,245.96,10.4854,1,Nuno Martins
748,223,140,6,2024-02-24,2024-04-09,2024-04-09,2024-04-09,45,453.15,0.0,9.52,462.67,73.41,389.26,0,0,0,6,Sony Audio X,Sony,173.64,149.54,2023-01-02,2023-10-29,A,Audio,0.1,medium,Aveiro,PT,student,flat_rate,flexible,B,good,0.0,104.18,1092.37,245.96,10.4854,1,Elena Rodrigues
749,223,1307,5,2024-04-18,2024-06-02,2024-06-02,2024-06-02,45,382.95,0.0,13.02,395.97,93.44,302.53,0,0,0,6,Sony Audio X,Sony,173.64,149.54,2023-01-02,2023-10-29,A,Audio,0.1,medium,Porto,PT,student,flat_rate,flexible,A,good,0.0,104.18,1092.37,245.96,10.4854,1,João Costa
750,224,257,6,2022-06-06,2022-07-21,2022-07-21,2022-07-21,45,453.15,0.0,9.52,462.67,112.83,349.84,0,0,0,6,JBL Audio SE,JBL,203.5,116.28,2021-07-31,2022-05-27,B,Audio,0.1,medium,Funchal,PT,professional,flat_rate,flexible,B,good,0.0,71.22,640.6,173.86,8.9947,1,Rui Silva
751,224,336,12,2022-08-04,2022-08-18,2022-08-24,2022-08-24,14,24.22,19.08,0.73,44.03,4.87,39.16,0,0,1,6,JBL Audio SE,JBL,203.5,116.28,2021-07-31,2022-05-27,B,Audio,0.1,medium,Lisboa,PT,professional,pct_of_retail,flexible,B,damaged,0.0,71.22,640.6,173.86,8.9947,1,João Sánchez
752,224,1022,9,2022-09-01,2022-10-01,2022-10-01,2022-10-01,30,67.15,0.0,1.88,69.03,15.44,53.59,0,0,0,6,JBL Audio SE,JBL,203.5,116.28,2021-07-31,2022-05-27,B,Audio,0.1,medium,Porto,PT,professional,pct_of_retail,30_day,A,fair,0.0,71.22,640.6,173.86,8.9947,1,Diego García
753,224,1229,7,2022-10-14,2022-10-28,2022-10-28,,14,25.64,0.0,1.26,26.9,5.28,21.62,1,0,0,6,JBL Audio SE,JBL,203.5,116.28,2021-07-31,2022-05-27,B,Audio,0.1,medium,Porto,PT,professional,pct_of_retail,7_day,A,,,71.22,640.6,173.86,8.9947,1,Filipa Santos
754,224,513,11,2022-11-09,2022-12-24,2022-12-25,2022-12-25,45,132.18,7.64,5.02,144.84,23.66,121.18,0,0,1,6,JBL Audio SE,JBL,203.5,116.28,2021-07-31,2022-05-27,B,Audio,0.1,medium,Aveiro,PT,professional,pct_of_retail,flexible,A,excellent,0.0,71.22,640.6,173.86,8.9947,1,Lucia García
755,224,731,4,2023-01-03,2023-01-17,2023-01-17,2023-01-17,14,65.1,0.0,1.89,66.99,11.78,55.21,0,0,0,6,JBL Audio SE,JBL,203.5,116.28,2021-07-31,2022-05-27,B,Audio,0.1,medium,Sevilla,ES,professional,flat_rate,30_day,B,excellent,0.0,71.22,640.6,173.86,8.9947,1,Luísa González
756,225,1624,6,2023-08-30,2023-10-14,2023-10-14,2023-10-14,45,453.15,0.0,9.52,462.67,89.27,373.4,0,0,0,6,Bose Audio,Bose,224.65,183.78,2022-10-29,2023-08-25,A,Audio,0.1,medium,Setúbal,PT,business,flat_rate,flexible,B,good,0.0,112.33,612.92,143.61,5.4564,1,Pedro Santos
757,225,1602,3,2023-10-24,2023-11-07,2023-11-07,2023-11-07,14,44.66,0.0,1.12,45.78,7.28,38.5,0,0,0,6,Bose Audio,Bose,224.65,183.78,2022-10-29,2023-08-25,A,Audio,0.1,medium,Faro,PT,professional,flat_rate,30_day,A,good,0.0,112.33,612.92,143.61,5.4564,1,Ana Sánchez
758,225,1878,6,2023-11-17,2023-11-24,2023-11-24,2023-11-24,7,74.29,0.0,1.56,75.85,15.97,59.88,0,0,0,6,Bose Audio,Bose,224.65,183.78,2022-10-29,2023-08-25,A,Audio,0.1,medium,Barcelona,ES,student,flat_rate,flexible,B,excellent,0.0,112.33,612.92,143.61,5.4564,1,Lucia González
759,225,915,9,2023-12-07,2024-01-21,2024-01-21,2024-01-21,45,123.01,0.0,3.44,126.45,21.53,104.92,0,0,0,6,Bose Audio,Bose,224.65,183.78,2022-10-29,2023-08-25,A,Audio,0.1,medium,Bilbao,ES,professional,pct_of_retail,30_day,A,excellent,0.0,112.33,612.92,143.61,5.4564,1,Tiago Ferreira
760,225,1517,3,2024-01-28,2024-02-11,2024-02-11,2024-02-11,14,44.66,0.0,1.12,45.78,9.56,36.22,0,0,0,6,Bose Audio,Bose,224.65,183.78,2022-10-29,2023-08-25,A,Audio,0.1,medium,Setúbal,PT,student,flat_rate,30_day,A,good,0.0,112.33,612.92,143.61,5.4564,1,João Fernández
761,226,1614,12,2024-05-30,2024-06-13,2024-06-13,2024-06-13,14,26.48,0.0,0.79,27.27,5.91,21.36,0,0,0,6,Sennheiser Audio Max,Sennheiser,222.52,187.79,2023-06-10,2024-04-05,A,Audio,0.1,medium,Valencia,ES,student,pct_of_retail,flexible,B,good,0.0,133.51,429.5,117.53,3.217,1,Carmen Martínez
762,226,148,3,2024-06-19,2024-07-19,2024-07-19,2024-07-19,30,95.7,0.0,2.39,98.09,23.54,74.55,0,0,0,6,Sennheiser Audio Max,Sennheiser,222.52,187.79,2023-06-10,2024-04-05,A,Audio,0.1,medium,Faro,PT,casual,flat_rate,30_day,A,excellent,0.0,133.51,429.5,117.53,3.217,1,Pablo Martins
763,226,1655,6,2024-07-28,2024-08-27,2024-08-27,2024-08-27,30,302.1,0.0,6.34,308.44,68.58,239.86,0,0,0,6,Sennheiser Audio Max,Sennheiser,222.52,187.79,2023-06-10,2024-04-05,A,Audio,0.1,medium,Funchal,PT,business,flat_rate,flexible,B,good,0.0,133.51,429.5,117.53,3.217,1,Carmen Costa
764,226,1008,9,2024-09-21,2024-11-05,2024-11-05,2024-11-05,45,110.15,0.0,3.08,113.23,19.5,93.73,0,0,0,6,Sennheiser Audio Max,Sennheiser,222.52,187.79,2023-06-10,2024-04-05,A,Audio,0.1,medium,Funchal,PT,student,pct_of_retail,30_day,A,good,0.0,133.51,429.5,117.53,3.217,1,Miguel Jesus
765,227,1880,1,2024-08-26,2024-09-02,2024-09-02,2024-09-02,7,44.59,0.0,1.11,45.7,9.54,36.16,0,0,0,6,Sennheiser Audio SE,Sennheiser,57.65,51.85,2023-09-26,2024-07-22,B,Audio,0.1,medium,Leiria,PT,casual,flat_rate,7_day,A,excellent,0.0,40.35,567.09,135.21,14.0543,1,Miguel Martins
766,227,1907,3,2024-09-13,2024-09-20,2024-09-20,2024-09-20,7,22.33,0.0,0.56,22.89,4.31,18.58,0,0,0,6,Sennheiser Audio SE,Sennheiser,57.65,51.85,2023-09-26,2024-07-22,B,Audio,0.1,medium,Zaragoza,ES,casual,flat_rate,30_day,A,excellent,0.0,40.35,567.09,135.21,14.0543,1,Sofia Rodrigues
767,227,1864,1,2024-10-03,2024-11-17,2024-11-17,2024-11-17,45,286.65,0.0,7.17,293.82,43.86,249.96,0,0,0,6,Sennheiser Audio SE,Sennheiser,57.65,51.85,2023-09-26,2024-07-22,B,Audio,0.1,medium,Leiria,PT,casual,flat_rate,7_day,A,good,0.0,40.35,567.09,135.21,14.0543,1,Marta Fernández
768,227,1563,6,2024-11-29,2024-12-29,2024-12-31,2024-12-31,30,322.93,10.18,6.78,339.89,77.5,262.39,0,0,1,6,Sennheiser Audio SE,Sennheiser,57.65,51.85,2023-09-26,2024-07-22,B,Audio,0.1,medium,Lisboa,PT,casual,flat_rate,flexible,B,good,0.0,40.35,567.09,135.21,14.0543,1,Luísa Sánchez
769,228,895,8,2024-07-04,2024-08-03,2024-08-03,2024-08-03,30,67.38,0.0,2.22,69.6,15.43,54.17,0,0,0,6,Sennheiser Audio X,Sennheiser,229.17,184.24,2023-07-28,2024-05-23,A,Audio,0.1,medium,Aveiro,PT,student,pct_of_retail,7_day,B,excellent,0.0,160.42,285.97,97.93,1.7826,1,Rui Oliveira
770,228,414,2,2024-08-11,2024-09-10,2024-09-10,2024-09-10,30,132.0,0.0,5.41,137.41,26.93,110.48,0,0,0,6,Sennheiser Audio X,Sennheiser,229.17,184.24,2023-07-28,2024-05-23,A,Audio,0.1,medium,Braga,PT,casual,flat_rate,7_day,B,good,0.0,160.42,285.97,97.93,1.7826,1,Marco Sánchez
771,228,758,7,2024-09-18,2024-09-25,2024-09-25,2024-09-25,7,14.44,0.0,0.71,15.15,2.67,12.48,0,0,0,6,Sennheiser Audio X,Sennheiser,229.17,184.24,2023-07-28,2024-05-23,A,Audio,0.1,medium,Funchal,PT,casual,pct_of_retail,7_day,A,good,0.0,160.42,285.97,97.93,1.7826,1,André Fernández
772,228,1410,6,2024-10-05,2024-10-19,2024-10-19,2024-10-19,14,140.98,0.0,2.96,143.94,35.1,108.84,0,0,0,6,Sennheiser Audio X,Sennheiser,229.17,184.24,2023-07-28,2024-05-23,A,Audio,0.1,medium,Barcelona,ES,business,flat_rate,flexible,B,fair,0.0,160.42,285.97,97.93,1.7826,1,Pablo Martínez
773,228,985,3,2024-10-26,2024-11-25,2024-11-25,,30,95.7,0.0,2.39,98.09,17.8,80.29,1,1,0,6,Sennheiser Audio X,Sennheiser,229.17,184.24,2023-07-28,2024-05-23,A,Audio,0.1,medium,Coimbra,PT,business,flat_rate,30_day,A,,,160.42,285.97,97.93,1.7826,1,Nuno Martins
774,229,1836,3,2022-10-27,2022-11-10,2022-11-10,2022-11-10,14,44.66,0.0,1.12,45.78,7.1,38.68,0,0,0,6,Sony Audio Ultra,Sony,42.1,28.38,2021-10-31,2022-08-27,C,Audio,0.1,medium,Porto,PT,business,flat_rate,30_day,A,excellent,0.0,14.73,279.54,56.97,18.9776,1,Rui Martins
775,229,1935,1,2022-11-15,2022-11-22,2022-11-22,2022-11-22,7,47.63,0.0,1.19,48.82,10.1,38.72,0,0,0,6,Sony Audio Ultra,Sony,42.1,28.38,2021-10-31,2022-08-27,C,Audio,0.1,medium,Madrid,ES,professional,flat_rate,7_day,A,good,0.0,14.73,279.54,56.97,18.9776,1,Carmen Costa
776,229,1990,4,2022-12-01,2022-12-31,2022-12-31,2022-12-31,30,159.52,0.0,4.63,164.15,24.73,139.42,0,0,0,6,Sony Audio Ultra,Sony,42.1,28.38,2021-10-31,2022-08-27,C,Audio,0.1,medium,Évora,PT,professional,flat_rate,30_day,B,fair,0.0,14.73,279.54,56.97,18.9776,1,Sofia Martínez
777,229,631,2,2023-01-12,2023-01-19,2023-01-19,2023-01-19,7,30.8,0.0,1.26,32.06,5.45,26.61,0,0,0,6,Sony Audio Ultra,Sony,42.1,28.38,2021-10-31,2022-08-27,C,Audio,0.1,medium,Alicante,ES,professional,flat_rate,7_day,B,excellent,28.84,14.73,279.54,56.97,18.9776,1,Pablo Silva
778,229,304,1,2023-02-01,2023-02-08,2023-02-08,2023-02-08,7,44.59,0.0,1.11,45.7,9.59,36.11,0,0,0,6,Sony Audio Ultra,Sony,42.1,28.38,2021-10-31,2022-08-27,C,Audio,0.1,medium,Funchal,PT,professional,flat_rate,7_day,A,fair,0.0,14.73,279.54,56.97,18.9776,1,Rafael Pereira
779,230,1631,1,2024-12-04,2025-01-03,2025-01-03,2025-01-03,30,215.8,0.0,5.4,221.2,38.84,182.36,0,0,0,6,Sony Audio X,Sony,233.45,219.73,2024-02-03,2024-11-29,A,Audio,0.1,medium,Porto,PT,professional,flat_rate,7_day,A,excellent,38.12,163.41,182.36,38.84,1.116,1,Diego Sousa
780,231,340,9,2024-06-06,2024-06-20,2024-06-20,2024-06-20,14,7.15,0.0,0.2,7.35,1.19,6.16,0,0,0,6,Bose Audio Pro,Bose,46.45,37.14,2023-07-01,2024-04-26,A,Audio,0.1,medium,Porto,PT,business,pct_of_retail,30_day,A,fair,0.0,27.87,180.6,38.83,6.4801,1,Nuno López
781,231,1767,7,2024-07-27,2024-08-10,2024-08-10,2024-08-10,14,5.85,0.0,0.29,6.14,1.26,4.88,0,0,0,6,Bose Audio Pro,Bose,46.45,37.14,2023-07-01,2024-04-26,A,Audio,0.1,medium,Madrid,ES,professional,pct_of_retail,7_day,A,good,0.0,27.87,180.6,38.83,6.4801,1,Diogo Martínez
782,231,1483,2,2024-08-19,2024-09-02,2024-09-09,2024-09-09,14,61.6,50.4,2.53,114.53,14.17,100.36,0,0,1,6,Bose Audio Pro,Bose,46.45,37.14,2023-07-01,2024-04-26,A,Audio,0.1,medium,Faro,PT,professional,flat_rate,7_day,B,good,0.0,27.87,180.6,38.83,6.4801,1,Beatriz Ferreira
783,231,79,1,2024-09-19,2024-10-03,2024-10-03,2024-10-03,14,89.18,0.0,2.23,91.41,22.21,69.2,0,0,0,6,Bose Audio Pro,Bose,46.45,37.14,2023-07-01,2024-04-26,A,Audio,0.1,medium,Aveiro,PT,student,flat_rate,7_day,A,excellent,0.0,27.87,180.6,38.83,6.4801,1,Inês Sousa
784,232,1418,3,2024-11-16,2024-12-31,2024-12-31,2024-12-31,45,154.46,0.0,3.86,158.32,28.42,129.9,0,0,0,6,Bose Audio,Bose,100.11,90.62,2023-12-16,2024-10-11,A,Audio,0.1,medium,Faro,PT,casual,flat_rate,30_day,A,good,0.0,70.08,129.9,28.42,1.8536,1,Fernando Sánchez
785,233,1870,1,2024-12-12,2025-01-11,2025-01-11,2025-01-11,30,218.95,0.0,5.47,224.42,33.72,190.7,0,0,0,6,Bose Audio Pro,Bose,59.76,53.56,2024-02-15,2024-12-11,B,Audio,0.1,medium,Bilbao,ES,student,flat_rate,7_day,A,good,6.24,41.83,190.7,33.72,4.5589,1,Lucia Oliveira
786,234,182,6,2022-11-04,2022-11-18,2022-11-18,,14,158.26,0.0,3.32,161.58,26.75,134.83,1,1,0,6,Sony Audio X,Sony,124.37,92.05,2021-11-27,2022-09-23,B,Audio,0.1,medium,Alicante,ES,student,flat_rate,flexible,B,,,43.53,522.89,134.26,12.0122,1,Luísa Rodrigues
787,234,1417,2,2022-11-23,2022-12-07,2022-12-07,2022-12-07,14,69.3,0.0,2.84,72.14,15.8,56.34,0,0,0,6,Sony Audio X,Sony,124.37,92.05,2021-11-27,2022-09-23,B,Audio,0.1,medium,Bilbao,ES,professional,flat_rate,7_day,B,fair,0.0,43.53,522.89,134.26,12.0122,1,Sara Silva
788,234,1005,6,2022-12-15,2023-01-14,2023-01-18,2023-01-18,30,344.66,20.36,7.24,372.26,81.34,290.92,0,0,1,6,Sony Audio X,Sony,124.37,92.05,2021-11-27,2022-09-23,B,Audio,0.1,medium,Sevilla,ES,professional,flat_rate,flexible,B,good,0.0,43.53,522.89,134.26,12.0122,1,Luísa Pereira
789,234,321,10,2023-01-30,2023-02-06,2023-02-06,2023-02-06,7,8.62,0.0,0.22,8.84,1.53,7.31,0,0,0,6,Sony Audio X,Sony,124.37,92.05,2021-11-27,2022-09-23,B,Audio,0.1,medium,Coimbra,PT,student,pct_of_retail,30_day,B,excellent,0.0,43.53,522.89,134.26,12.0122,1,Lucia García
790,234,1954,4,2023-03-10,2023-03-17,2023-03-17,2023-03-17,7,32.55,0.0,0.94,33.49,7.19,26.3,0,0,0,6,Sony Audio X,Sony,124.37,92.05,2021-11-27,2022-09-23,B,Audio,0.1,medium,Faro,PT,casual,flat_rate,30_day,B,damaged,0.0,43.53,522.89,134.26,12.0122,1,Lucia Fernández
791,234,543,10,2023-03-31,2023-04-07,2023-04-07,2023-04-07,7,8.62,0.0,0.22,8.84,1.65,7.19,0,0,0,6,Sony Audio X,Sony,124.37,92.05,2021-11-27,2022-09-23,B,Audio,0.1,medium,Braga,PT,student,pct_of_retail,30_day,B,good,0.0,43.53,522.89,134.26,12.0122,1,Marco Jesus
792,235,1361,1,2022-07-13,2022-08-12,2022-08-12,2022-08-12,30,191.1,0.0,4.78,195.88,46.63,149.25,0,0,0,6,JBL Audio X,JBL,111.99,74.12,2021-08-31,2022-06-27,A,Audio,0.1,medium,Leiria,PT,business,flat_rate,7_day,A,good,0.0,39.2,793.23,189.49,20.2355,1,Fernando López
793,235,459,5,2022-08-24,2022-09-23,2022-09-23,2022-09-23,30,255.3,0.0,8.68,263.98,43.4,220.58,0,0,0,6,JBL Audio X,JBL,111.99,74.12,2021-08-31,2022-06-27,A,Audio,0.1,medium,Zaragoza,ES,student,flat_rate,flexible,A,good,0.0,39.2,793.23,189.49,20.2355,1,Fernando González
794,235,100,11,2022-10-05,2022-10-12,2022-10-12,2022-10-12,7,9.96,0.0,0.38,10.34,1.84,8.5,0,0,0,6,JBL Audio X,JBL,111.99,74.12,2021-08-31,2022-06-27,A,Audio,0.1,medium,Sevilla,ES,student,pct_of_retail,flexible,A,damaged,33.99,39.2,793.23,189.49,20.2355,1,Ricardo Sousa
795,235,598,7,2022-10-19,2022-11-18,2022-11-18,2022-11-18,30,30.24,0.0,1.48,31.72,5.72,26.0,0,0,0,6,JBL Audio X,JBL,111.99,74.12,2021-08-31,2022-06-27,A,Audio,0.1,medium,Zaragoza,ES,student,pct_of_retail,7_day,A,excellent,0.0,39.2,793.23,189.49,20.2355,1,Marco González
796,235,1648,5,2022-11-27,2022-12-11,2022-12-11,2022-12-11,14,127.96,0.0,4.35,132.31,24.18,108.13,0,0,0,6,JBL Audio X,JBL,111.99,74.12,2021-08-31,2022-06-27,A,Audio,0.1,medium,Lisboa,PT,professional,flat_rate,flexible,A,good,29.29,39.2,793.23,189.49,20.2355,1,Inês Oliveira
797,235,1287,6,2022-12-19,2023-01-02,2023-01-02,2023-01-02,14,149.47,0.0,3.14,152.61,35.42,117.19,0,0,0,6,JBL Audio X,JBL,111.99,74.12,2021-08-31,2022-06-27,A,Audio,0.1,medium,Setúbal,PT,professional,flat_rate,flexible,B,excellent,0.0,39.2,793.23,189.49,20.2355,1,Filipa Martins
798,235,1193,1,2023-01-09,2023-02-08,2023-02-08,2023-02-08,30,191.1,0.0,4.78,195.88,32.3,163.58,0,0,0,6,JBL Audio X,JBL,111.99,74.12,2021-08-31,2022-06-27,A,Audio,0.1,medium,Zaragoza,ES,professional,flat_rate,7_day,A,good,0.0,39.2,793.23,189.49,20.2355,1,Marta Sánchez
799,236,1793,2,2024-12-19,2024-12-26,2024-12-26,2024-12-26,7,32.82,0.0,1.35,34.17,7.78,26.39,0,0,0,6,JBL Audio Lite,JBL,98.47,88.98,2024-02-16,2024-12-12,A,Audio,0.1,medium,Madrid,ES,business,flat_rate,7_day,B,excellent,0.0,68.93,26.39,7.78,0.3829,0,Pedro Oliveira
800,237,560,8,2024-03-16,2024-03-30,2024-03-30,2024-03-30,14,33.8,0.0,1.12,34.92,7.57,27.35,0,0,0,6,JBL Audio Max,JBL,246.36,211.64,2023-05-08,2024-03-03,B,Audio,0.1,medium,Braga,PT,professional,pct_of_retail,7_day,B,good,45.04,147.82,410.52,116.43,2.7772,1,Isabel Pereira
801,237,1252,3,2024-04-13,2024-05-13,2024-05-19,2024-05-19,30,95.7,41.94,2.39,140.03,17.61,122.42,0,0,1,6,JBL Audio Max,JBL,246.36,211.64,2023-05-08,2024-03-03,B,Audio,0.1,medium,Faro,PT,business,flat_rate,30_day,A,good,14.09,147.82,410.52,116.43,2.7772,1,Isabel Martínez
802,237,1455,12,2024-06-29,2024-08-13,2024-08-13,2024-08-13,45,94.23,0.0,2.83,97.06,15.74,81.32,0,0,0,6,JBL Audio Max,JBL,246.36,211.64,2023-05-08,2024-03-03,B,Audio,0.1,medium,Zaragoza,ES,casual,pct_of_retail,flexible,B,excellent,0.0,147.82,410.52,116.43,2.7772,1,Rosa Martins
803,237,968,12,2024-08-18,2024-08-25,2024-08-25,2024-08-25,7,14.66,0.0,0.44,15.1,2.67,12.43,0,0,0,6,JBL Audio Max,JBL,246.36,211.64,2023-05-08,2024-03-03,B,Audio,0.1,medium,Leiria,PT,professional,pct_of_retail,flexible,B,good,0.0,147.82,410.52,116.43,2.7772,1,João Santos
804,237,251,4,2024-09-06,2024-09-13,2024-09-18,2024-09-18,7,32.55,25.75,0.94,59.24,5.34,53.9,0,0,1,6,JBL Audio Max,JBL,246.36,211.64,2023-05-08,2024-03-03,B,Audio,0.1,medium,Faro,PT,professional,flat_rate,30_day,B,excellent,0.0,147.82,410.52,116.43,2.7772,1,Fernando Martins
805,237,1647,11,2024-10-01,2024-10-31,2024-11-05,2024-11-05,30,93.86,38.2,3.57,135.63,22.53,113.1,0,0,1,6,JBL Audio Max,JBL,246.36,211.64,2023-05-08,2024-03-03,B,Audio,0.1,medium,Málaga,ES,professional,pct_of_retail,flexible,A,excellent,0.0,147.82,410.52,116.43,2.7772,1,Diogo Martínez
806,237,742,1,2024-11-19,2024-12-19,2024-12-19,,30,214.13,0.0,5.35,219.48,44.97,174.51,1,1,0,6,JBL Audio Max,JBL,246.36,211.64,2023-05-08,2024-03-03,B,Audio,0.1,medium,Valencia,ES,business,flat_rate,7_day,A,,,147.82,410.52,116.43,2.7772,1,Ana López
807,238,576,1,2023-12-13,2023-12-27,2023-12-27,2023-12-27,14,99.64,0.0,2.49,102.13,15.94,86.19,0,0,0,6,Bose Audio Pro,Bose,108.81,91.17,2023-01-25,2023-11-21,B,Audio,0.1,medium,Zaragoza,ES,professional,flat_rate,7_day,A,good,35.55,65.29,150.94,32.56,2.3118,1,Ana Santos
808,238,373,7,2024-01-08,2024-01-22,2024-01-22,2024-01-22,14,13.71,0.0,0.67,14.38,2.82,11.56,0,0,0,6,Bose Audio Pro,Bose,108.81,91.17,2023-01-25,2023-11-21,B,Audio,0.1,medium,Alicante,ES,professional,pct_of_retail,7_day,A,good,0.0,65.29,150.94,32.56,2.3118,1,Diego Silva
809,238,123,4,2024-02-21,2024-03-06,2024-03-06,2024-03-06,14,65.1,0.0,1.89,66.99,13.8,53.19,0,0,0,6,Bose Audio Pro,Bose,108.81,91.17,2023-01-25,2023-11-21,B,Audio,0.1,medium,Leiria,PT,student,flat_rate,30_day,B,excellent,14.09,65.29,150.94,32.56,2.3118,1,Carmen Sánchez
810,239,841,6,2023-11-13,2023-11-27,2023-11-27,2023-11-27,14,159.35,0.0,3.35,162.7,28.05,134.65,0,0,0,6,Bose Audio,Bose,183.01,142.12,2022-12-12,2023-10-08,A,Audio,0.1,medium,Zaragoza,ES,professional,flat_rate,flexible,B,good,0.0,91.5,622.31,149.6,6.8012,1,Rosa González
811,239,1502,5,2023-12-04,2024-01-03,2024-01-08,,30,268.35,18.75,9.12,296.22,67.09,229.13,1,0,1,6,Bose Audio,Bose,183.01,142.12,2022-12-12,2023-10-08,A,Audio,0.1,medium,Braga,PT,professional,flat_rate,flexible,A,,,91.5,622.31,149.6,6.8012,1,Ana Ferreira
812,239,363,1,2024-02-24,2024-04-09,2024-04-12,2024-04-12,45,286.65,19.17,7.17,312.99,54.46,258.53,0,0,1,6,Bose Audio,Bose,183.01,142.12,2022-12-12,2023-10-08,A,Audio,0.1,medium,Lisboa,PT,casual,flat_rate,7_day,A,excellent,0.0,91.5,622.31,149.6,6.8012,1,Tiago Oliveira
813,240,1882,4,2024-09-24,2024-10-08,2024-10-08,2024-10-08,14,65.1,0.0,1.89,66.99,14.78,52.21,0,0,0,6,Bose Audio Ultra,Bose,128.1,110.03,2023-10-22,2024-08-17,A,Audio,0.1,medium,Coimbra,PT,business,flat_rate,30_day,B,fair,0.0,89.67,380.79,77.25,4.2466,1,Pedro Pereira
814,240,1707,1,2024-10-15,2024-11-29,2024-11-29,2024-11-29,45,286.65,0.0,7.17,293.82,47.58,246.24,0,0,0,6,Bose Audio Ultra,Bose,128.1,110.03,2023-10-22,2024-08-17,A,Audio,0.1,medium,Funchal,PT,professional,flat_rate,7_day,A,fair,0.0,89.67,380.79,77.25,4.2466,1,Rafael Ferreira
815,240,611,1,2024-12-10,2024-12-24,2024-12-24,2024-12-24,14,94.86,0.0,2.37,97.23,14.89,82.34,0,0,0,6,Bose Audio Ultra,Bose,128.1,110.03,2023-10-22,2024-08-17,A,Audio,0.1,medium,Madrid,ES,casual,flat_rate,7_day,A,excellent,0.0,89.67,380.79,77.25,4.2466,1,Rafael Oliveira
816,241,1319,1,2023-04-04,2023-04-11,2023-04-11,2023-04-11,7,44.59,0.0,1.11,45.7,10.52,35.18,0,0,0,6,Sennheiser Audio,Sennheiser,60.69,44.08,2022-05-01,2023-02-25,C,Audio,0.1,medium,Lisboa,PT,professional,flat_rate,7_day,A,good,0.0,24.28,244.83,54.18,10.0836,1,João Ferreira
817,241,403,7,2023-04-18,2023-04-25,2023-05-01,2023-05-01,7,3.82,14.34,0.19,18.35,0.93,17.42,0,0,1,6,Sennheiser Audio,Sennheiser,60.69,44.08,2022-05-01,2023-02-25,C,Audio,0.1,medium,Málaga,ES,professional,pct_of_retail,7_day,A,good,0.0,24.28,244.83,54.18,10.0836,1,Marta Martínez
818,241,1294,4,2023-06-07,2023-07-07,2023-07-07,2023-07-07,30,139.5,0.0,4.05,143.55,25.25,118.3,0,0,0,6,Sennheiser Audio,Sennheiser,60.69,44.08,2022-05-01,2023-02-25,C,Audio,0.1,medium,Lisboa,PT,casual,flat_rate,30_day,B,fair,0.0,24.28,244.83,54.18,10.0836,1,Ricardo González
819,241,1431,1,2023-08-15,2023-08-29,2023-08-29,2023-08-29,14,89.18,0.0,2.23,91.41,17.48,73.93,0,0,0,6,Sennheiser Audio,Sennheiser,60.69,44.08,2022-05-01,2023-02-25,C,Audio,0.1,medium,Lisboa,PT,casual,flat_rate,7_day,A,excellent,0.0,24.28,244.83,54.18,10.0836,1,Rui Martins
820,242,1165,8,2024-11-21,2024-12-21,2024-12-21,2024-12-21,30,104.68,0.0,3.45,108.13,17.8,90.33,0,0,0,6,Bose Audio Pro,Bose,309.7,267.99,2023-12-26,2024-10-21,A,Audio,0.1,medium,Funchal,PT,professional,pct_of_retail,7_day,B,fair,0.0,216.79,90.33,17.8,0.4167,0,Carmen Sousa
821,243,127,11,2024-05-07,2024-06-06,2024-06-07,2024-06-07,30,90.75,7.64,3.45,101.84,22.6,79.24,0,0,1,6,Sony Audio Ultra,Sony,238.2,200.23,2023-07-01,2024-04-26,A,Audio,0.1,medium,Coimbra,PT,casual,pct_of_retail,flexible,A,excellent,16.46,142.92,175.15,49.88,1.2255,1,Miguel Ferreira
822,243,287,5,2024-08-30,2024-09-13,2024-09-13,2024-09-13,14,119.14,0.0,4.05,123.19,27.28,95.91,0,0,0,6,Sony Audio Ultra,Sony,238.2,200.23,2023-07-01,2024-04-26,A,Audio,0.1,medium,Funchal,PT,professional,flat_rate,flexible,A,excellent,0.0,142.92,175.15,49.88,1.2255,1,Diego Martínez
823,244,100,4,2024-02-12,2024-03-13,2024-03-13,2024-03-13,30,139.5,0.0,4.05,143.55,22.74,120.81,0,0,0,6,Sennheiser Audio Pro,Sennheiser,300.94,257.09,2023-04-15,2024-02-09,B,Audio,0.1,medium,Sevilla,ES,student,flat_rate,30_day,B,damaged,0.0,180.56,678.07,158.77,3.7554,1,Ricardo Sousa
824,244,191,9,2024-03-27,2024-05-11,2024-05-11,2024-05-11,45,148.97,0.0,4.17,153.14,27.71,125.43,0,0,0,6,Sennheiser Audio Pro,Sennheiser,300.94,257.09,2023-04-15,2024-02-09,B,Audio,0.1,medium,Sevilla,ES,professional,pct_of_retail,30_day,A,fair,0.0,180.56,678.07,158.77,3.7554,1,Rui Sousa
825,244,1806,4,2024-05-23,2024-06-06,2024-06-06,2024-06-06,14,65.1,0.0,1.89,66.99,14.39,52.6,0,0,0,6,Sennheiser Audio Pro,Sennheiser,300.94,257.09,2023-04-15,2024-02-09,B,Audio,0.1,medium,Braga,PT,professional,flat_rate,30_day,B,excellent,0.0,180.56,678.07,158.77,3.7554,1,Elena González
826,244,594,1,2024-06-16,2024-06-23,2024-06-23,2024-06-23,7,44.59,0.0,1.11,45.7,7.85,37.85,0,0,0,6,Sennheiser Audio Pro,Sennheiser,300.94,257.09,2023-04-15,2024-02-09,B,Audio,0.1,medium,Valencia,ES,student,flat_rate,7_day,A,good,0.0,180.56,678.07,158.77,3.7554,1,Sara Ferreira
827,244,201,11,2024-07-06,2024-08-05,2024-08-05,2024-08-05,30,114.66,0.0,4.36,119.02,20.52,98.5,0,0,0,6,Sennheiser Audio Pro,Sennheiser,300.94,257.09,2023-04-15,2024-02-09,B,Audio,0.1,medium,Aveiro,PT,business,pct_of_retail,flexible,A,good,0.0,180.56,678.07,158.77,3.7554,1,Catarina Oliveira
828,244,1366,6,2024-09-25,2024-10-25,2024-10-25,2024-10-25,30,302.1,0.0,6.34,308.44,65.56,242.88,0,0,0,6,Sennheiser Audio Pro,Sennheiser,300.94,257.09,2023-04-15,2024-02-09,B,Audio,0.1,medium,Madrid,ES,professional,flat_rate,flexible,B,good,0.0,180.56,678.07,158.77,3.7554,1,Tiago González
829,246,1292,9,2024-12-05,2024-12-19,2024-12-19,2024-12-19,14,52.36,0.0,1.47,53.83,8.38,45.45,0,0,0,6,Sony Audio Lite,Sony,319.23,294.53,2024-01-26,2024-11-21,A,Audio,0.1,medium,Setúbal,PT,business,pct_of_retail,30_day,A,excellent,16.19,223.46,45.45,8.38,0.2034,0,Inês Rodrigues
830,247,493,2,2024-07-15,2024-07-22,2024-07-22,2024-07-22,7,30.8,0.0,1.26,32.06,6.5,25.56,0,0,0,6,Sennheiser Audio Pro,Sennheiser,139.77,120.3,2023-08-13,2024-06-08,A,Audio,0.1,medium,Lisboa,PT,business,flat_rate,7_day,B,excellent,0.0,97.84,524.29,109.38,5.3586,1,Rafael Santos
831,247,808,5,2024-07-29,2024-08-28,2024-08-28,2024-08-28,30,255.3,0.0,8.68,263.98,41.61,222.37,0,0,0,6,Sennheiser Audio Pro,Sennheiser,139.77,120.3,2023-08-13,2024-06-08,A,Audio,0.1,medium,Bilbao,ES,professional,flat_rate,flexible,A,excellent,0.0,97.84,524.29,109.38,5.3586,1,João Silva
832,247,357,4,2024-09-11,2024-09-25,2024-09-25,2024-09-25,14,65.1,0.0,1.89,66.99,10.09,56.9,0,0,0,6,Sennheiser Audio Pro,Sennheiser,139.77,120.3,2023-08-13,2024-06-08,A,Audio,0.1,medium,Sevilla,ES,business,flat_rate,30_day,B,good,0.0,97.84,524.29,109.38,5.3586,1,Diego López
833,247,599,1,2024-10-28,2024-11-27,2024-11-27,2024-11-27,30,191.1,0.0,4.78,195.88,39.56,156.32,0,0,0,6,Sennheiser Audio Pro,Sennheiser,139.77,120.3,2023-08-13,2024-06-08,A,Audio,0.1,medium,Braga,PT,professional,flat_rate,7_day,A,good,0.0,97.84,524.29,109.38,5.3586,1,Diogo Sánchez
834,247,1821,4,2024-12-09,2024-12-23,2024-12-23,2024-12-23,14,72.65,0.0,2.11,74.76,11.62,63.14,0,0,0,6,Sennheiser Audio Pro,Sennheiser,139.77,120.3,2023-08-13,2024-06-08,A,Audio,0.1,medium,Porto,PT,casual,flat_rate,30_day,B,good,0.0,97.84,524.29,109.38,5.3586,1,Fernando Fernández
835,248,1122,5,2023-09-23,2023-10-07,2023-10-07,2023-10-07,14,119.14,0.0,4.05,123.19,22.52,100.67,0,0,0,6,JBL Audio Ultra,JBL,202.51,147.44,2022-11-18,2023-09-14,A,Audio,0.1,medium,Sevilla,ES,casual,flat_rate,flexible,A,excellent,0.0,101.25,391.0,89.71,3.8617,1,Catarina Jesus
836,248,1106,8,2023-10-17,2023-10-31,2023-11-04,2023-11-04,14,27.78,10.36,0.92,39.06,5.36,33.7,0,0,1,6,JBL Audio Ultra,JBL,202.51,147.44,2022-11-18,2023-09-14,A,Audio,0.1,medium,Porto,PT,professional,pct_of_retail,7_day,B,good,0.0,101.25,391.0,89.71,3.8617,1,Marta Martins
837,248,358,1,2023-11-11,2023-12-26,2023-12-26,2023-12-26,45,310.69,0.0,7.77,318.46,61.83,256.63,0,0,0,6,JBL Audio Ultra,JBL,202.51,147.44,2022-11-18,2023-09-14,A,Audio,0.1,medium,Coimbra,PT,professional,flat_rate,7_day,A,fair,0.0,101.25,391.0,89.71,3.8617,1,Isabel Silva
838,249,40,4,2024-10-08,2024-11-07,2024-11-07,2024-11-07,30,139.5,0.0,4.05,143.55,27.34,116.21,0,0,0,6,Sony Audio SE,Sony,188.56,166.77,2023-11-21,2024-09-16,C,Audio,0.1,medium,Lisboa,PT,professional,flat_rate,30_day,B,excellent,0.0,131.99,271.99,74.78,2.0607,1,Marta Fernández
839,249,642,1,2024-11-20,2024-11-27,2024-11-27,2024-11-27,7,49.55,0.0,1.24,50.79,11.15,39.64,0,0,0,6,Sony Audio SE,Sony,188.56,166.77,2023-11-21,2024-09-16,C,Audio,0.1,medium,Setúbal,PT,casual,flat_rate,7_day,A,good,0.0,131.99,271.99,74.78,2.0607,1,Isabel Silva
840,249,89,4,2024-12-03,2025-01-02,2025-01-02,2025-01-02,30,148.13,0.0,4.3,152.43,36.29,116.14,0,0,0,6,Sony Audio SE,Sony,188.56,166.77,2023-11-21,2024-09-16,C,Audio,0.1,medium,Faro,PT,professional,flat_rate,30_day,B,damaged,0.0,131.99,271.99,74.78,2.0607,1,Tiago Martins
841,250,1639,10,2023-05-15,2023-05-29,2023-05-29,2023-05-29,14,29.43,0.0,0.77,30.2,4.94,25.26,0,0,0,6,JBL Audio SE,JBL,212.33,162.38,2022-06-21,2023-04-17,A,Audio,0.1,medium,Leiria,PT,student,pct_of_retail,30_day,B,good,0.0,84.93,171.02,47.32,2.0137,1,Ana Rodrigues
842,250,589,1,2023-06-09,2023-06-23,2023-06-23,,14,89.18,0.0,2.23,91.41,19.44,71.97,1,1,0,6,JBL Audio SE,JBL,212.33,162.38,2022-06-21,2023-04-17,A,Audio,0.1,medium,Sevilla,ES,student,flat_rate,7_day,A,,,84.93,171.02,47.32,2.0137,1,Carmen Sousa
843,250,1649,8,2023-07-05,2023-08-19,2023-08-19,2023-08-19,45,93.64,0.0,3.09,96.73,22.94,73.79,0,0,0,6,JBL Audio SE,JBL,212.33,162.38,2022-06-21,2023-04-17,A,Audio,0.1,medium,Porto,PT,student,pct_of_retail,7_day,B,good,0.0,84.93,171.02,47.32,2.0137,1,Lucia Sánchez
844,251,715,6,2023-01-22,2023-02-05,2023-02-05,2023-02-05,14,140.98,0.0,2.96,143.94,21.43,122.51,0,0,0,6,Bose Audio Pro,Bose,227.67,152.48,2022-03-05,2022-12-30,A,Audio,0.1,medium,Leiria,PT,casual,flat_rate,flexible,B,excellent,0.0,91.07,443.03,87.33,4.8647,1,Carmen Sousa
845,251,285,2,2023-03-17,2023-04-16,2023-04-16,2023-04-16,30,132.0,0.0,5.41,137.41,25.48,111.93,0,0,0,6,Bose Audio Pro,Bose,227.67,152.48,2022-03-05,2022-12-30,A,Audio,0.1,medium,Porto,PT,professional,flat_rate,7_day,B,good,0.0,91.07,443.03,87.33,4.8647,1,Catarina Costa
846,251,196,1,2023-04-28,2023-05-05,2023-05-05,2023-05-05,7,44.59,0.0,1.11,45.7,7.98,37.72,0,0,0,6,Bose Audio Pro,Bose,227.67,152.48,2022-03-05,2022-12-30,A,Audio,0.1,medium,Bilbao,ES,professional,flat_rate,7_day,A,good,0.0,91.07,443.03,87.33,4.8647,1,Inês Santos
847,251,1437,10,2023-06-17,2023-07-17,2023-07-24,2023-07-24,30,67.62,35.84,1.76,105.22,14.54,90.68,0,0,1,6,Bose Audio Pro,Bose,227.67,152.48,2022-03-05,2022-12-30,A,Audio,0.1,medium,Faro,PT,professional,pct_of_retail,30_day,B,fair,0.0,91.07,443.03,87.33,4.8647,1,Ana Sánchez
848,251,1669,3,2023-08-05,2023-09-04,2023-09-04,2023-09-04,30,95.7,0.0,2.39,98.09,17.9,80.19,0,0,0,6,Bose Audio Pro,Bose,227.67,152.48,2022-03-05,2022-12-30,A,Audio,0.1,medium,Lisboa,PT,professional,flat_rate,30_day,A,fair,0.0,91.07,443.03,87.33,4.8647,1,Diogo Santos
849,252,201,8,2024-07-10,2024-07-24,2024-07-24,2024-07-24,14,10.43,0.0,0.34,10.77,2.05,8.72,0,0,0,6,Sennheiser Audio,Sennheiser,76.03,64.64,2023-08-26,2024-06-21,A,Audio,0.1,medium,Aveiro,PT,business,pct_of_retail,7_day,B,good,0.0,53.22,488.57,121.58,9.1802,1,Catarina Oliveira
850,252,1712,1,2024-08-17,2024-09-16,2024-09-20,2024-09-20,30,191.1,25.56,4.78,221.44,38.79,182.65,0,0,1,6,Sennheiser Audio,Sennheiser,76.03,64.64,2023-08-26,2024-06-21,A,Audio,0.1,medium,Faro,PT,casual,flat_rate,7_day,A,good,0.0,53.22,488.57,121.58,9.1802,1,Sara Silva
851,252,318,6,2024-10-02,2024-11-01,2024-11-01,2024-11-01,30,302.1,0.0,6.34,308.44,66.16,242.28,0,0,0,6,Sennheiser Audio,Sennheiser,76.03,64.64,2023-08-26,2024-06-21,A,Audio,0.1,medium,Porto,PT,professional,flat_rate,flexible,B,fair,13.02,53.22,488.57,121.58,9.1802,1,Catarina Pereira
852,252,1206,5,2024-11-10,2024-11-17,2024-11-17,2024-11-17,7,67.21,0.0,2.29,69.5,14.58,54.92,0,0,0,6,Sennheiser Audio,Sennheiser,76.03,64.64,2023-08-26,2024-06-21,A,Audio,0.1,medium,Funchal,PT,student,flat_rate,flexible,A,excellent,6.77,53.22,488.57,121.58,9.1802,1,Marta López
853,253,326,8,2023-12-25,2024-01-08,2024-01-08,2024-01-08,14,35.67,0.0,1.18,36.85,7.38,29.47,0,0,0,6,Sennheiser Audio,Sennheiser,247.28,211.87,2023-02-16,2023-12-13,A,Audio,0.1,medium,Coimbra,PT,professional,pct_of_retail,7_day,B,good,15.55,148.37,299.73,75.35,2.0202,1,Beatriz Sousa
854,253,838,9,2024-01-28,2024-02-11,2024-02-11,2024-02-11,14,38.08,0.0,1.07,39.15,8.8,30.35,0,0,0,6,Sennheiser Audio,Sennheiser,247.28,211.87,2023-02-16,2023-12-13,A,Audio,0.1,medium,Évora,PT,casual,pct_of_retail,30_day,A,excellent,0.0,148.37,299.73,75.35,2.0202,1,Catarina Sánchez
855,253,1182,3,2024-02-24,2024-03-09,2024-03-09,2024-03-09,14,44.66,0.0,1.12,45.78,7.82,37.96,0,0,0,6,Sennheiser Audio,Sennheiser,247.28,211.87,2023-02-16,2023-12-13,A,Audio,0.1,medium,Porto,PT,professional,flat_rate,30_day,A,good,0.0,148.37,299.73,75.35,2.0202,1,Lucia Oliveira
856,253,803,5,2024-03-15,2024-03-29,2024-03-29,2024-03-29,14,119.14,0.0,4.05,123.19,25.14,98.05,0,0,0,6,Sennheiser Audio,Sennheiser,247.28,211.87,2023-02-16,2023-12-13,A,Audio,0.1,medium,Sevilla,ES,student,flat_rate,flexible,A,excellent,0.0,148.37,299.73,75.35,2.0202,1,Rui González
857,253,1003,7,2024-04-04,2024-04-18,2024-04-18,2024-04-18,14,31.16,0.0,1.53,32.69,4.74,27.95,0,0,0,6,Sennheiser Audio,Sennheiser,247.28,211.87,2023-02-16,2023-12-13,A,Audio,0.1,medium,Braga,PT,student,pct_of_retail,7_day,A,fair,32.64,148.37,299.73,75.35,2.0202,1,Lucia Sousa
858,253,672,12,2024-04-26,2024-06-10,2024-06-10,2024-06-10,45,94.58,0.0,2.84,97.42,21.47,75.95,0,0,0,6,Sennheiser Audio,Sennheiser,247.28,211.87,2023-02-16,2023-12-13,A,Audio,0.1,medium,Coimbra,PT,professional,pct_of_retail,flexible,B,fair,31.56,148.37,299.73,75.35,2.0202,1,Rosa López
859,254,1451,4,2024-12-20,2025-01-03,2025-01-03,2025-01-03,14,71.11,0.0,2.06,73.17,16.92,56.25,0,0,0,6,JBL Audio Ultra,JBL,306.79,274.02,2024-02-20,2024-12-16,B,Audio,0.1,medium,Aveiro,PT,business,flat_rate,30_day,B,good,0.0,214.75,56.25,16.92,0.2619,0,Pedro Oliveira
860,255,1824,1,2022-04-20,2022-05-04,2022-05-04,2022-05-04,14,89.18,0.0,2.23,91.41,15.7,75.71,0,0,0,6,Sennheiser Audio Pro,Sennheiser,57.01,33.76,2021-04-21,2022-02-15,B,Audio,0.1,medium,Coimbra,PT,professional,flat_rate,7_day,A,excellent,0.0,19.95,325.6,81.78,16.3208,1,Diogo Santos
861,255,771,6,2022-05-15,2022-06-14,2022-06-14,2022-06-14,30,302.1,0.0,6.34,308.44,64.65,243.79,0,0,0,6,Sennheiser Audio Pro,Sennheiser,57.01,33.76,2021-04-21,2022-02-15,B,Audio,0.1,medium,Barcelona,ES,business,flat_rate,flexible,B,fair,0.0,19.95,325.6,81.78,16.3208,1,Marta Fernández
862,255,481,7,2022-06-21,2022-07-05,2022-07-05,2022-07-05,14,7.18,0.0,0.35,7.53,1.43,6.1,0,0,0,6,Sennheiser Audio Pro,Sennheiser,57.01,33.76,2021-04-21,2022-02-15,B,Audio,0.1,medium,Bilbao,ES,student,pct_of_retail,7_day,A,good,0.0,19.95,325.6,81.78,16.3208,1,Filipa Sánchez
863,257,542,1,2024-04-17,2024-04-24,2024-04-24,2024-04-24,7,44.59,0.0,1.11,45.7,6.96,38.74,0,0,0,6,Sennheiser Audio Max,Sennheiser,232.39,198.73,2023-05-19,2024-03-14,C,Audio,0.1,medium,Bilbao,ES,professional,flat_rate,7_day,A,excellent,0.0,139.43,306.84,68.75,2.2007,1,Nuno Costa
864,257,201,5,2024-05-05,2024-05-19,2024-05-19,2024-05-19,14,119.14,0.0,4.05,123.19,18.7,104.49,0,0,0,6,Sennheiser Audio Max,Sennheiser,232.39,198.73,2023-05-19,2024-03-14,C,Audio,0.1,medium,Aveiro,PT,business,flat_rate,flexible,A,good,0.0,139.43,306.84,68.75,2.2007,1,Catarina Oliveira
865,257,314,10,2024-05-26,2024-06-02,2024-06-02,2024-06-02,7,16.1,0.0,0.42,16.52,4.03,12.49,0,0,0,6,Sennheiser Audio Max,Sennheiser,232.39,198.73,2023-05-19,2024-03-14,C,Audio,0.1,medium,Funchal,PT,professional,pct_of_retail,30_day,B,good,0.0,139.43,306.84,68.75,2.2007,1,Rosa Oliveira
866,257,1581,4,2024-06-09,2024-06-23,2024-06-23,2024-06-23,14,65.1,0.0,1.89,66.99,13.8,53.19,0,0,0,6,Sennheiser Audio Max,Sennheiser,232.39,198.73,2023-05-19,2024-03-14,C,Audio,0.1,medium,Sevilla,ES,business,flat_rate,30_day,B,good,0.0,139.43,306.84,68.75,2.2007,1,Carmen Sánchez
867,257,1056,5,2024-06-30,2024-07-14,2024-07-14,2024-07-14,14,119.14,0.0,4.05,123.19,25.26,97.93,0,0,0,6,Sennheiser Audio Max,Sennheiser,232.39,198.73,2023-05-19,2024-03-14,C,Audio,0.1,medium,Aveiro,PT,business,flat_rate,flexible,A,good,0.0,139.43,306.84,68.75,2.2007,1,Catarina Santos
868,259,445,2,2024-12-19,2025-01-02,2025-01-02,,14,66.32,0.0,2.72,69.04,14.79,54.25,1,1,0,6,Sennheiser Audio Pro,Sennheiser,159.62,144.83,2024-02-20,2024-12-16,A,Audio,0.1,medium,Madrid,ES,student,flat_rate,7_day,B,,,111.73,0.0,14.79,0.0,0,Marta Santos
869,260,147,9,2024-03-30,2024-04-06,2024-04-06,2024-04-06,7,12.26,0.0,0.34,12.6,2.62,9.98,0,0,0,6,JBL Audio Max,JBL,159.16,122.07,2023-04-19,2024-02-13,B,Audio,0.1,medium,Braga,PT,student,pct_of_retail,30_day,A,excellent,0.0,95.5,199.3,48.65,2.0869,1,Catarina Oliveira
870,260,204,6,2024-04-25,2024-05-09,2024-05-09,2024-05-09,14,140.98,0.0,2.96,143.94,30.87,113.07,0,0,0,6,JBL Audio Max,JBL,159.16,122.07,2023-04-19,2024-02-13,B,Audio,0.1,medium,Faro,PT,business,flat_rate,flexible,B,good,0.0,95.5,199.3,48.65,2.0869,1,Pablo Rodrigues
871,260,1730,1,2024-05-21,2024-06-04,2024-06-04,2024-06-04,14,89.18,0.0,2.23,91.41,15.16,76.25,0,0,0,6,JBL Audio Max,JBL,159.16,122.07,2023-04-19,2024-02-13,B,Audio,0.1,medium,Valencia,ES,professional,flat_rate,7_day,A,good,0.0,95.5,199.3,48.65,2.0869,1,Isabel Costa
872,261,1324,7,2024-08-07,2024-08-14,2024-08-14,2024-08-14,7,29.17,0.0,1.43,30.6,6.53,24.07,0,0,0,6,Sony Audio,Sony,463.07,399.22,2023-08-05,2024-05-31,A,Audio,0.1,medium,Porto,PT,professional,pct_of_retail,7_day,A,excellent,0.0,324.15,186.03,48.97,0.5739,0,Elena Costa
873,261,946,4,2024-09-09,2024-09-23,2024-09-23,2024-09-23,14,65.1,0.0,1.89,66.99,14.06,52.93,0,0,0,6,Sony Audio,Sony,463.07,399.22,2023-08-05,2024-05-31,A,Audio,0.1,medium,Leiria,PT,professional,flat_rate,30_day,B,good,0.0,324.15,186.03,48.97,0.5739,0,Diego Ferreira
874,261,215,2,2024-10-04,2024-11-03,2024-11-03,2024-11-03,30,132.0,0.0,5.41,137.41,28.38,109.03,0,0,0,6,Sony Audio,Sony,463.07,399.22,2023-08-05,2024-05-31,A,Audio,0.1,medium,Bilbao,ES,student,flat_rate,7_day,B,excellent,8.27,324.15,186.03,48.97,0.5739,0,Tiago Costa
875,262,131,9,2023-12-30,2024-01-13,2024-01-13,2024-01-13,14,76.1,0.0,2.13,78.23,17.73,60.5,0,0,0,6,Sennheiser Audio X,Sennheiser,463.92,377.09,2023-01-24,2023-11-20,B,Audio,0.1,medium,Faro,PT,business,pct_of_retail,30_day,A,damaged,0.0,278.35,371.26,84.72,1.3338,1,Marta Martins
876,262,1668,12,2024-03-06,2024-03-20,2024-03-20,2024-03-20,14,55.21,0.0,1.66,56.87,10.21,46.66,0,0,0,6,Sennheiser Audio X,Sennheiser,463.92,377.09,2023-01-24,2023-11-20,B,Audio,0.1,medium,Funchal,PT,business,pct_of_retail,flexible,B,good,0.0,278.35,371.26,84.72,1.3338,1,Ricardo Jesus
877,262,879,2,2024-04-01,2024-05-01,2024-05-01,2024-05-01,30,132.0,0.0,5.41,137.41,21.78,115.63,0,0,0,6,Sennheiser Audio X,Sennheiser,463.92,377.09,2023-01-24,2023-11-20,B,Audio,0.1,medium,Alicante,ES,student,flat_rate,7_day,B,good,0.0,278.35,371.26,84.72,1.3338,1,Tiago Ferreira
878,262,1736,11,2024-05-15,2024-06-14,2024-06-14,2024-06-14,30,176.75,0.0,6.72,183.47,35.0,148.47,0,0,0,6,Sennheiser Audio X,Sennheiser,463.92,377.09,2023-01-24,2023-11-20,B,Audio,0.1,medium,Funchal,PT,casual,pct_of_retail,flexible,A,good,31.96,278.35,371.26,84.72,1.3338,1,Diego Rodrigues
879,263,912,5,2024-10-08,2024-10-15,2024-10-15,2024-10-15,7,59.57,0.0,2.03,61.6,8.94,52.66,0,0,0,6,Sony Audio Lite,Sony,112.77,99.05,2023-10-30,2024-08-25,A,Audio,0.1,medium,Porto,PT,student,flat_rate,flexible,A,good,0.0,78.94,553.76,134.8,7.0149,1,Fernando Sánchez
880,263,378,2,2024-10-21,2024-10-28,2024-10-28,2024-10-28,7,30.8,0.0,1.26,32.06,6.41,25.65,0,0,0,6,Sony Audio Lite,Sony,112.77,99.05,2023-10-30,2024-08-25,A,Audio,0.1,medium,Alicante,ES,student,flat_rate,7_day,B,good,5.9,78.94,553.76,134.8,7.0149,1,Inês Sousa
881,263,1773,4,2024-11-02,2024-12-02,2024-12-02,2024-12-02,30,151.6,0.0,4.4,156.0,34.56,121.44,0,0,0,6,Sony Audio Lite,Sony,112.77,99.05,2023-10-30,2024-08-25,A,Audio,0.1,medium,Lisboa,PT,professional,flat_rate,30_day,B,good,0.0,78.94,553.76,134.8,7.0149,1,Luísa Ferreira
882,263,1395,5,2024-12-10,2025-01-24,2025-01-24,,45,424.47,0.0,14.43,438.9,84.89,354.01,1,0,0,6,Sony Audio Lite,Sony,112.77,99.05,2023-10-30,2024-08-25,A,Audio,0.1,medium,Porto,PT,student,flat_rate,flexible,A,,,78.94,553.76,134.8,7.0149,1,Sofia Ferreira
883,264,1109,3,2024-10-30,2024-12-14,2024-12-14,2024-12-14,45,143.55,0.0,3.59,147.14,22.54,124.6,0,0,0,6,Sony Audio Max,Sony,220.6,191.22,2023-11-22,2024-09-17,B,Audio,0.1,medium,Aveiro,PT,professional,flat_rate,30_day,A,good,0.0,154.42,153.26,29.25,0.9925,0,Tiago Sousa
884,264,1857,8,2024-12-21,2025-01-04,2025-01-04,2025-01-04,14,34.24,0.0,1.13,35.37,6.71,28.66,0,0,0,6,Sony Audio Max,Sony,220.6,191.22,2023-11-22,2024-09-17,B,Audio,0.1,medium,Funchal,PT,professional,pct_of_retail,7_day,B,excellent,0.0,154.42,153.26,29.25,0.9925,0,Carmen Costa
885,265,1594,10,2023-05-16,2023-05-30,2023-06-01,2023-06-01,14,29.29,10.24,0.76,40.29,5.48,34.81,0,0,1,6,Sony Audio Ultra,Sony,211.34,161.35,2022-07-07,2023-05-03,B,Audio,0.1,medium,Madrid,ES,casual,pct_of_retail,30_day,B,good,0.0,105.67,155.75,27.56,1.4739,1,Ana Pereira
886,265,375,3,2023-06-08,2023-06-15,2023-06-15,2023-06-15,7,22.33,0.0,0.56,22.89,3.91,18.98,0,0,0,6,Sony Audio Ultra,Sony,211.34,161.35,2022-07-07,2023-05-03,B,Audio,0.1,medium,Setúbal,PT,professional,flat_rate,30_day,A,good,0.0,105.67,155.75,27.56,1.4739,1,Diego Sánchez
887,265,255,12,2023-06-25,2023-07-09,2023-07-16,2023-07-16,14,25.15,22.26,0.75,48.16,5.48,42.68,0,0,1,6,Sony Audio Ultra,Sony,211.34,161.35,2022-07-07,2023-05-03,B,Audio,0.1,medium,Aveiro,PT,business,pct_of_retail,flexible,B,fair,0.0,105.67,155.75,27.56,1.4739,1,Diogo Silva
888,265,636,6,2023-08-12,2023-08-19,2023-08-19,2023-08-19,7,70.49,0.0,1.48,71.97,12.69,59.28,0,0,0,6,Sony Audio Ultra,Sony,211.34,161.35,2022-07-07,2023-05-03,B,Audio,0.1,medium,Funchal,PT,professional,flat_rate,flexible,B,good,0.0,105.67,155.75,27.56,1.4739,1,Fernando López
889,266,1507,4,2024-07-02,2024-07-09,2024-07-12,2024-07-12,7,32.55,15.45,0.94,48.94,6.12,42.82,0,0,1,6,Bose Audio Max,Bose,216.67,192.04,2023-08-20,2024-06-15,A,Audio,0.1,medium,Braga,PT,casual,flat_rate,30_day,B,good,0.0,151.67,446.58,96.65,2.9444,1,Catarina Martins
890,266,959,5,2024-07-24,2024-08-07,2024-08-07,2024-08-07,14,119.14,0.0,4.05,123.19,21.92,101.27,0,0,0,6,Bose Audio Max,Bose,216.67,192.04,2023-08-20,2024-06-15,A,Audio,0.1,medium,Málaga,ES,professional,flat_rate,flexible,A,good,29.85,151.67,446.58,96.65,2.9444,1,Rui Martins
891,266,53,10,2024-08-15,2024-08-29,2024-08-29,2024-08-29,14,30.03,0.0,0.78,30.81,6.82,23.99,0,0,0,6,Bose Audio Max,Bose,216.67,192.04,2023-08-20,2024-06-15,A,Audio,0.1,medium,Leiria,PT,business,pct_of_retail,30_day,B,excellent,0.0,151.67,446.58,96.65,2.9444,1,Ana Ferreira
892,266,735,1,2024-09-05,2024-09-19,2024-09-25,2024-09-25,14,89.18,38.34,2.23,129.75,14.54,115.21,0,0,1,6,Bose Audio Max,Bose,216.67,192.04,2023-08-20,2024-06-15,A,Audio,0.1,medium,Évora,PT,casual,flat_rate,7_day,A,damaged,0.0,151.67,446.58,96.65,2.9444,1,Sara Sousa
893,266,21,4,2024-10-01,2024-10-15,2024-10-15,2024-10-15,14,65.1,0.0,1.89,66.99,15.17,51.82,0,0,0,6,Bose Audio Max,Bose,216.67,192.04,2023-08-20,2024-06-15,A,Audio,0.1,medium,Barcelona,ES,business,flat_rate,30_day,B,good,0.0,151.67,446.58,96.65,2.9444,1,Elena López
894,266,1778,4,2024-10-28,2024-11-27,2024-11-27,2024-11-27,30,139.5,0.0,4.05,143.55,32.08,111.47,0,0,0,6,Bose Audio Max,Bose,216.67,192.04,2023-08-20,2024-06-15,A,Audio,0.1,medium,Alicante,ES,business,flat_rate,30_day,B,excellent,0.0,151.67,446.58,96.65,2.9444,1,Carmen Rodrigues
895,267,470,5,2023-02-14,2023-02-21,2023-02-21,2023-02-21,7,59.57,0.0,2.03,61.6,11.5,50.1,0,0,0,6,JBL Audio,JBL,125.93,101.28,2022-04-12,2023-02-06,A,Audio,0.1,medium,Funchal,PT,student,flat_rate,flexible,A,damaged,0.0,50.37,232.24,55.21,4.6107,1,Diogo González
896,267,778,7,2023-02-28,2023-03-30,2023-03-30,2023-03-30,30,34.0,0.0,1.67,35.67,5.3,30.37,0,0,0,6,JBL Audio,JBL,125.93,101.28,2022-04-12,2023-02-06,A,Audio,0.1,medium,Zaragoza,ES,professional,pct_of_retail,7_day,A,good,0.0,50.37,232.24,55.21,4.6107,1,Rui García
897,267,1117,5,2023-04-13,2023-04-27,2023-04-27,2023-04-27,14,119.14,0.0,4.05,123.19,23.83,99.36,0,0,0,6,JBL Audio,JBL,125.93,101.28,2022-04-12,2023-02-06,A,Audio,0.1,medium,Alicante,ES,business,flat_rate,flexible,A,excellent,0.0,50.37,232.24,55.21,4.6107,1,Elena Jesus
898,267,421,4,2023-05-17,2023-05-31,2023-05-31,2023-05-31,14,65.1,0.0,1.89,66.99,14.58,52.41,0,0,0,6,JBL Audio,JBL,125.93,101.28,2022-04-12,2023-02-06,A,Audio,0.1,medium,Valencia,ES,professional,flat_rate,30_day,B,fair,0.0,50.37,232.24,55.21,4.6107,1,Fernando Ferreira
899,268,452,2,2022-03-07,2022-03-21,2022-03-21,2022-03-21,14,61.6,0.0,2.53,64.13,11.4,52.73,0,0,0,6,JBL Audio SE,JBL,120.72,75.8,2021-03-21,2022-01-15,A,Audio,0.1,medium,Sevilla,ES,student,flat_rate,7_day,B,good,0.0,42.25,291.85,64.21,6.9077,1,Sara Martins
900,268,821,7,2022-03-29,2022-04-28,2022-04-28,2022-04-28,30,32.59,0.0,1.6,34.19,5.21,28.98,0,0,0,6,JBL Audio SE,JBL,120.72,75.8,2021-03-21,2022-01-15,A,Audio,0.1,medium,Málaga,ES,business,pct_of_retail,7_day,A,excellent,0.0,42.25,291.85,64.21,6.9077,1,Diogo Jesus
901,268,929,4,2022-05-05,2022-05-19,2022-05-25,2022-05-25,14,65.1,30.9,1.89,97.89,11.98,85.91,0,0,1,6,JBL Audio SE,JBL,120.72,75.8,2021-03-21,2022-01-15,A,Audio,0.1,medium,Barcelona,ES,business,flat_rate,30_day,B,damaged,0.0,42.25,291.85,64.21,6.9077,1,Rafael Sousa
902,268,789,5,2022-06-05,2022-06-19,2022-06-19,2022-06-19,14,119.14,0.0,4.05,123.19,27.28,95.91,0,0,0,6,JBL Audio SE,JBL,120.72,75.8,2021-03-21,2022-01-15,A,Audio,0.1,medium,Zaragoza,ES,professional,flat_rate,flexible,A,fair,0.0,42.25,291.85,64.21,6.9077,1,Luísa Oliveira
903,268,453,8,2022-06-28,2022-07-28,2022-07-28,2022-07-28,30,35.49,0.0,1.17,36.66,8.34,28.32,0,0,0,6,JBL Audio SE,JBL,120.72,75.8,2021-03-21,2022-01-15,A,Audio,0.1,medium,Lisboa,PT,professional,pct_of_retail,7_day,B,excellent,0.0,42.25,291.85,64.21,6.9077,1,Carmen Pereira
904,269,69,4,2024-03-02,2024-03-09,2024-03-09,2024-03-09,7,32.55,0.0,0.94,33.49,5.11,28.38,0,0,0,6,Sony Audio Pro,Sony,393.01,328.08,2023-04-18,2024-02-12,B,Audio,0.1,medium,Leiria,PT,business,flat_rate,30_day,B,damaged,0.0,235.81,234.29,55.71,0.9936,0,Tiago García
905,269,675,5,2024-05-08,2024-05-22,2024-05-22,2024-05-22,14,119.14,0.0,4.05,123.19,20.25,102.94,0,0,0,6,Sony Audio Pro,Sony,393.01,328.08,2023-04-18,2024-02-12,B,Audio,0.1,medium,Braga,PT,casual,flat_rate,flexible,A,excellent,0.0,235.81,234.29,55.71,0.9936,0,Sara Martínez
906,269,156,9,2024-06-05,2024-07-05,2024-07-05,2024-07-05,30,129.69,0.0,3.63,133.32,30.35,102.97,0,0,0,6,Sony Audio Pro,Sony,393.01,328.08,2023-04-18,2024-02-12,B,Audio,0.1,medium,Barcelona,ES,professional,pct_of_retail,30_day,A,good,0.0,235.81,234.29,55.71,0.9936,0,João Sousa
907,271,1654,1,2024-03-26,2024-04-02,2024-04-09,2024-04-09,7,44.59,44.73,1.11,90.43,10.17,80.26,0,0,1,7,Razer Gaming X,Razer,278.92,223.37,2023-05-31,2024-03-26,A,Gaming,0.12,high,Porto,PT,business,flat_rate,7_day,A,excellent,0.0,167.35,180.43,33.63,1.0782,1,Carlos Sousa
908,271,1137,2,2024-04-23,2024-05-07,2024-05-07,2024-05-07,14,61.6,0.0,2.53,64.13,10.35,53.78,0,0,0,7,Razer Gaming X,Razer,278.92,223.37,2023-05-31,2024-03-26,A,Gaming,0.12,high,Setúbal,PT,business,flat_rate,7_day,B,excellent,29.86,167.35,180.43,33.63,1.0782,1,Isabel Fernández
909,271,313,10,2024-05-19,2024-06-09,2024-06-09,2024-06-09,21,57.99,0.0,1.51,59.5,13.11,46.39,0,0,0,7,Razer Gaming X,Razer,278.92,223.37,2023-05-31,2024-03-26,A,Gaming,0.12,high,Coimbra,PT,student,pct_of_retail,30_day,B,good,0.0,167.35,180.43,33.63,1.0782,1,Inês González
910,272,1361,10,2022-06-27,2022-07-18,2022-07-18,2022-07-18,21,230.89,0.0,6.0,236.89,48.26,188.63,0,0,0,7,Nintendo Gaming Max,Nintendo,1110.6,624.21,2021-08-21,2022-06-17,A,Gaming,0.12,high,Leiria,PT,business,pct_of_retail,30_day,B,excellent,0.0,388.71,489.71,130.29,1.2598,1,Fernando López
911,272,325,12,2022-07-26,2022-08-25,2022-08-25,2022-08-25,30,283.2,0.0,8.5,291.7,67.4,224.3,0,0,0,7,Nintendo Gaming Max,Nintendo,1110.6,624.21,2021-08-21,2022-06-17,A,Gaming,0.12,high,Málaga,ES,business,pct_of_retail,flexible,B,good,0.0,388.71,489.71,130.29,1.2598,1,Carlos García
912,272,1852,1,2022-10-13,2022-10-27,2022-10-27,2022-10-27,14,89.18,0.0,2.23,91.41,14.63,76.78,0,0,0,7,Nintendo Gaming Max,Nintendo,1110.6,624.21,2021-08-21,2022-06-17,A,Gaming,0.12,high,Braga,PT,casual,flat_rate,7_day,A,fair,0.0,388.71,489.71,130.29,1.2598,1,Carmen Martínez
913,273,547,7,2023-04-02,2023-05-02,2023-05-02,2023-05-02,30,163.61,0.0,8.02,171.63,31.58,140.05,0,0,0,7,Nintendo Gaming Lite,Nintendo,605.98,483.95,2022-05-21,2023-03-17,A,Gaming,0.12,high,Coimbra,PT,professional,pct_of_retail,7_day,A,good,0.0,242.39,350.62,76.78,1.4465,1,Marta Silva
914,273,966,6,2023-05-13,2023-05-27,2023-05-27,2023-05-27,14,140.98,0.0,2.96,143.94,29.04,114.9,0,0,0,7,Nintendo Gaming Lite,Nintendo,605.98,483.95,2022-05-21,2023-03-17,A,Gaming,0.12,high,Aveiro,PT,professional,flat_rate,flexible,B,good,0.0,242.39,350.62,76.78,1.4465,1,Carmen Martínez
915,273,599,11,2023-06-04,2023-06-18,2023-06-18,2023-06-18,14,107.74,0.0,4.09,111.83,16.16,95.67,0,0,0,7,Nintendo Gaming Lite,Nintendo,605.98,483.95,2022-05-21,2023-03-17,A,Gaming,0.12,high,Braga,PT,professional,pct_of_retail,flexible,A,excellent,0.0,242.39,350.62,76.78,1.4465,1,Diogo Sánchez
916,274,166,5,2024-10-08,2024-11-07,2024-11-07,2024-11-07,30,255.3,0.0,8.68,263.98,63.82,200.16,0,0,0,7,Nintendo Gaming X,Nintendo,216.04,191.85,2023-12-10,2024-10-05,B,Gaming,0.12,high,Lisboa,PT,casual,flat_rate,flexible,A,good,0.0,151.23,226.44,69.86,1.4973,1,Sofia Oliveira
917,274,585,7,2024-11-14,2024-11-28,2024-11-28,2024-11-28,14,30.81,0.0,1.51,32.32,6.04,26.28,0,0,0,7,Nintendo Gaming X,Nintendo,216.04,191.85,2023-12-10,2024-10-05,B,Gaming,0.12,high,Málaga,ES,business,pct_of_retail,7_day,A,excellent,5.62,151.23,226.44,69.86,1.4973,1,Fernando Martínez
918,275,340,12,2024-11-07,2024-11-28,2024-11-28,2024-11-28,21,82.27,0.0,2.47,84.74,13.82,70.92,0,0,0,7,Razer Gaming Max,Razer,403.04,342.08,2023-11-30,2024-09-25,A,Gaming,0.12,high,Porto,PT,business,pct_of_retail,flexible,B,good,20.68,282.13,248.16,48.69,0.8796,0,Nuno López
919,275,1566,5,2024-12-11,2025-01-01,2025-01-01,2025-01-01,21,205.14,0.0,6.97,212.11,34.87,177.24,0,0,0,7,Razer Gaming Max,Razer,403.04,342.08,2023-11-30,2024-09-25,A,Gaming,0.12,high,Valencia,ES,professional,flat_rate,flexible,A,excellent,0.0,282.13,248.16,48.69,0.8796,0,Diego Ferreira
920,276,1097,5,2022-11-03,2022-11-24,2022-11-24,2022-11-24,21,193.57,0.0,6.58,200.15,41.23,158.92,0,0,0,7,Microsoft Gaming SE,Microsoft,306.79,191.48,2022-01-05,2022-11-01,A,Gaming,0.12,high,Leiria,PT,student,flat_rate,flexible,A,good,0.0,122.72,250.68,59.68,2.0427,1,Beatriz Rodrigues
921,276,249,12,2023-01-03,2023-01-10,2023-01-10,2023-01-10,7,18.25,0.0,0.55,18.8,4.45,14.35,0,0,0,7,Microsoft Gaming SE,Microsoft,306.79,191.48,2022-01-05,2022-11-01,A,Gaming,0.12,high,Lisboa,PT,student,pct_of_retail,flexible,B,good,0.0,122.72,250.68,59.68,2.0427,1,Filipa Santos
922,276,1817,1,2023-01-18,2023-02-01,2023-02-01,2023-02-01,14,89.18,0.0,2.23,91.41,14.0,77.41,0,0,0,7,Microsoft Gaming SE,Microsoft,306.79,191.48,2022-01-05,2022-11-01,A,Gaming,0.12,high,Faro,PT,student,flat_rate,7_day,A,excellent,0.0,122.72,250.68,59.68,2.0427,1,André Pereira
923,277,472,11,2023-06-28,2023-07-12,2023-07-17,,14,73.45,38.2,2.79,114.44,13.59,100.85,1,1,1,7,Sony Gaming Max,Sony,413.12,266.41,2022-07-23,2023-05-19,B,Gaming,0.12,high,Valencia,ES,professional,pct_of_retail,flexible,A,,,206.56,611.58,120.71,2.9608,1,Isabel López
924,277,1548,1,2023-07-29,2023-08-12,2023-08-12,2023-08-12,14,89.18,0.0,2.23,91.41,16.5,74.91,0,0,0,7,Sony Gaming Max,Sony,413.12,266.41,2022-07-23,2023-05-19,B,Gaming,0.12,high,Setúbal,PT,student,flat_rate,7_day,A,good,0.0,206.56,611.58,120.71,2.9608,1,Lucia Rodrigues
925,277,660,2,2023-08-22,2023-09-05,2023-09-10,2023-09-10,14,61.6,36.0,2.53,100.13,11.09,89.04,0,0,1,7,Sony Gaming Max,Sony,413.12,266.41,2022-07-23,2023-05-19,B,Gaming,0.12,high,Setúbal,PT,business,flat_rate,7_day,B,damaged,0.0,206.56,611.58,120.71,2.9608,1,André Sousa
926,277,1223,1,2023-09-24,2023-10-15,2023-10-15,2023-10-15,21,133.77,0.0,3.34,137.11,30.1,107.01,0,0,0,7,Sony Gaming Max,Sony,413.12,266.41,2022-07-23,2023-05-19,B,Gaming,0.12,high,Setúbal,PT,student,flat_rate,7_day,A,good,0.0,206.56,611.58,120.71,2.9608,1,Rosa Martins
927,277,872,3,2023-10-28,2023-11-04,2023-11-09,2023-11-09,7,22.33,34.95,0.56,57.84,4.67,53.17,0,0,1,7,Sony Gaming Max,Sony,413.12,266.41,2022-07-23,2023-05-19,B,Gaming,0.12,high,Madrid,ES,casual,flat_rate,30_day,A,good,0.0,206.56,611.58,120.71,2.9608,1,Inês López
928,277,1398,5,2023-11-15,2023-11-22,2023-11-22,2023-11-22,7,66.27,0.0,2.25,68.52,14.38,54.14,0,0,0,7,Sony Gaming Max,Sony,413.12,266.41,2022-07-23,2023-05-19,B,Gaming,0.12,high,Coimbra,PT,student,flat_rate,flexible,A,good,0.0,206.56,611.58,120.71,2.9608,1,Lucia García
929,277,884,9,2023-12-04,2023-12-18,2023-12-18,2023-12-18,14,72.68,0.0,2.04,74.72,13.37,61.35,0,0,0,7,Sony Gaming Max,Sony,413.12,266.41,2022-07-23,2023-05-19,B,Gaming,0.12,high,Valencia,ES,professional,pct_of_retail,30_day,A,good,0.0,206.56,611.58,120.71,2.9608,1,Tiago Pereira
930,277,1850,10,2024-01-01,2024-01-22,2024-01-22,2024-01-22,21,85.89,0.0,2.23,88.12,17.01,71.11,0,0,0,7,Sony Gaming Max,Sony,413.12,266.41,2022-07-23,2023-05-19,B,Gaming,0.12,high,Zaragoza,ES,professional,pct_of_retail,30_day,B,damaged,0.0,206.56,611.58,120.71,2.9608,1,Ana Martínez
931,278,1334,7,2023-03-04,2023-03-25,2023-03-25,2023-03-25,21,113.76,0.0,5.57,119.33,21.61,97.72,0,0,0,7,Microsoft Gaming Max,Microsoft,601.89,435.28,2022-04-22,2023-02-16,A,Gaming,0.12,high,Évora,PT,professional,pct_of_retail,7_day,A,fair,2.38,240.76,418.54,106.12,1.7384,1,Diego Oliveira
932,278,1422,12,2023-04-01,2023-04-15,2023-04-15,2023-04-15,14,71.62,0.0,2.15,73.77,14.9,58.87,0,0,0,7,Microsoft Gaming Max,Microsoft,601.89,435.28,2022-04-22,2023-02-16,A,Gaming,0.12,high,Braga,PT,business,pct_of_retail,flexible,B,damaged,0.0,240.76,418.54,106.12,1.7384,1,Sofia Silva
933,278,135,1,2023-04-28,2023-05-05,2023-05-05,2023-05-05,7,44.59,0.0,1.11,45.7,10.52,35.18,0,0,0,7,Microsoft Gaming Max,Microsoft,601.89,435.28,2022-04-22,2023-02-16,A,Gaming,0.12,high,Setúbal,PT,student,flat_rate,7_day,A,excellent,0.0,240.76,418.54,106.12,1.7384,1,Luísa González
934,278,1236,9,2023-05-11,2023-06-01,2023-06-01,2023-06-01,21,139.04,0.0,3.89,142.93,34.06,108.87,0,0,0,7,Microsoft Gaming Max,Microsoft,601.89,435.28,2022-04-22,2023-02-16,A,Gaming,0.12,high,Alicante,ES,business,pct_of_retail,30_day,A,good,0.0,240.76,418.54,106.12,1.7384,1,Carmen Silva
935,278,672,9,2023-06-07,2023-06-28,2023-06-28,,21,139.04,0.0,3.89,142.93,25.03,117.9,1,0,0,7,Microsoft Gaming Max,Microsoft,601.89,435.28,2022-04-22,2023-02-16,A,Gaming,0.12,high,Coimbra,PT,professional,pct_of_retail,30_day,A,,,240.76,418.54,106.12,1.7384,1,Rosa López
936,280,345,10,2023-04-23,2023-04-30,2023-05-07,2023-05-07,7,35.51,35.84,0.92,72.27,7.67,64.6,0,0,1,7,Razer Gaming X,Razer,512.37,400.41,2022-06-07,2023-04-03,C,Gaming,0.12,high,Aveiro,PT,professional,pct_of_retail,30_day,B,damaged,34.07,204.95,294.49,62.38,1.4369,1,Lucia González
937,280,1207,10,2023-05-20,2023-06-10,2023-06-10,2023-06-10,21,106.52,0.0,2.77,109.29,25.03,84.26,0,0,0,7,Razer Gaming X,Razer,512.37,400.41,2022-06-07,2023-04-03,C,Gaming,0.12,high,Málaga,ES,professional,pct_of_retail,30_day,B,damaged,17.41,204.95,294.49,62.38,1.4369,1,Elena Rodrigues
938,280,930,12,2023-06-20,2023-07-11,2023-07-11,2023-07-11,21,91.46,0.0,2.74,94.2,17.29,76.91,0,0,0,7,Razer Gaming X,Razer,512.37,400.41,2022-06-07,2023-04-03,C,Gaming,0.12,high,Évora,PT,student,pct_of_retail,flexible,B,fair,0.0,204.95,294.49,62.38,1.4369,1,Rafael López
939,280,1151,9,2023-07-19,2023-08-02,2023-08-02,2023-08-02,14,78.9,0.0,2.21,81.11,12.39,68.72,0,0,0,7,Razer Gaming X,Razer,512.37,400.41,2022-06-07,2023-04-03,C,Gaming,0.12,high,Porto,PT,professional,pct_of_retail,30_day,A,good,0.0,204.95,294.49,62.38,1.4369,1,André Sánchez
940,281,451,5,2024-07-30,2024-08-29,2024-08-29,2024-08-29,30,255.3,0.0,8.68,263.98,41.1,222.88,0,0,0,7,Microsoft Gaming Ultra,Microsoft,205.09,174.66,2023-08-21,2024-06-16,A,Gaming,0.12,high,Sevilla,ES,student,flat_rate,flexible,A,good,0.0,143.56,344.6,74.14,2.4004,1,Pablo Costa
941,281,1564,8,2024-09-07,2024-09-28,2024-09-28,2024-09-28,21,42.21,0.0,1.39,43.6,9.08,34.52,0,0,0,7,Microsoft Gaming Ultra,Microsoft,205.09,174.66,2023-08-21,2024-06-16,A,Gaming,0.12,high,Málaga,ES,student,pct_of_retail,7_day,B,excellent,0.0,143.56,344.6,74.14,2.4004,1,Carlos González
942,281,1132,2,2024-10-04,2024-10-25,2024-10-25,,21,92.4,0.0,3.79,96.19,21.81,74.38,1,0,0,7,Microsoft Gaming Ultra,Microsoft,205.09,174.66,2023-08-21,2024-06-16,A,Gaming,0.12,high,Zaragoza,ES,professional,flat_rate,7_day,B,,,143.56,344.6,74.14,2.4004,1,André Ferreira
943,281,49,7,2024-11-01,2024-11-08,2024-11-08,2024-11-08,7,14.27,0.0,0.7,14.97,2.15,12.82,0,0,0,7,Microsoft Gaming Ultra,Microsoft,205.09,174.66,2023-08-21,2024-06-16,A,Gaming,0.12,high,Porto,PT,professional,pct_of_retail,7_day,A,good,0.0,143.56,344.6,74.14,2.4004,1,Filipa Costa
944,282,983,1,2023-11-09,2023-11-23,2023-11-23,2023-11-23,14,95.92,0.0,2.4,98.32,16.59,81.73,0,0,0,7,Sony Gaming Lite,Sony,509.38,390.58,2022-12-27,2023-10-23,B,Gaming,0.12,high,Alicante,ES,business,flat_rate,7_day,A,excellent,0.0,254.69,234.95,57.35,0.9225,0,Pedro Martínez
945,282,1296,7,2023-11-30,2023-12-14,2023-12-14,2023-12-14,14,73.72,0.0,3.61,77.33,15.63,61.7,0,0,0,7,Sony Gaming Lite,Sony,509.38,390.58,2022-12-27,2023-10-23,B,Gaming,0.12,high,Valencia,ES,student,pct_of_retail,7_day,A,good,0.0,254.69,234.95,57.35,0.9225,0,Ricardo Jesus
946,282,1228,1,2023-12-19,2024-01-02,2024-01-04,2024-01-04,14,101.34,12.78,2.53,116.65,25.13,91.52,0,0,1,7,Sony Gaming Lite,Sony,509.38,390.58,2022-12-27,2023-10-23,B,Gaming,0.12,high,Faro,PT,business,flat_rate,7_day,A,good,0.0,254.69,234.95,57.35,0.9225,0,Catarina Pereira
947,283,1188,8,2024-10-29,2024-11-12,2024-11-12,2024-11-12,14,56.01,0.0,1.85,57.86,9.02,48.84,0,0,0,7,Microsoft Gaming Ultra,Microsoft,408.26,361.09,2023-12-18,2024-10-13,A,Gaming,0.12,high,Aveiro,PT,business,pct_of_retail,7_day,B,good,0.0,285.78,78.77,15.36,0.2756,0,André Ferreira
948,283,1364,4,2024-11-26,2024-12-03,2024-12-03,2024-12-03,7,35.25,0.0,1.02,36.27,6.34,29.93,0,0,0,7,Microsoft Gaming Ultra,Microsoft,408.26,361.09,2023-12-18,2024-10-13,A,Gaming,0.12,high,Alicante,ES,professional,flat_rate,30_day,B,good,0.0,285.78,78.77,15.36,0.2756,0,Carmen Costa
949,284,875,8,2024-03-05,2024-03-26,2024-03-26,,21,72.29,0.0,2.39,74.68,12.36,62.32,1,1,0,7,Sony Gaming Plus,Sony,351.24,280.39,2023-04-16,2024-02-10,A,Gaming,0.12,high,Alicante,ES,student,pct_of_retail,7_day,B,,,210.74,223.17,45.84,1.059,1,Diego Jesus
950,284,444,9,2024-04-05,2024-04-19,2024-04-19,2024-04-19,14,54.09,0.0,1.51,55.6,8.22,47.38,0,0,0,7,Sony Gaming Plus,Sony,351.24,280.39,2023-04-16,2024-02-10,A,Gaming,0.12,high,Lisboa,PT,professional,pct_of_retail,30_day,A,good,0.0,210.74,223.17,45.84,1.059,1,Carmen Silva
951,284,707,9,2024-06-17,2024-07-01,2024-07-01,,14,54.09,0.0,1.51,55.6,9.57,46.03,1,0,0,7,Sony Gaming Plus,Sony,351.24,280.39,2023-04-16,2024-02-10,A,Gaming,0.12,high,Málaga,ES,student,pct_of_retail,30_day,A,,,210.74,223.17,45.84,1.059,1,Ricardo Rodrigues
952,284,504,12,2024-07-12,2024-07-19,2024-07-19,2024-07-19,7,20.9,0.0,0.63,21.53,3.72,17.81,0,0,0,7,Sony Gaming Plus,Sony,351.24,280.39,2023-04-16,2024-02-10,A,Gaming,0.12,high,Porto,PT,casual,pct_of_retail,flexible,B,good,0.0,210.74,223.17,45.84,1.059,1,Tiago Santos
953,284,1632,5,2024-07-30,2024-08-06,2024-08-06,2024-08-06,7,59.57,0.0,2.03,61.6,11.97,49.63,0,0,0,7,Sony Gaming Plus,Sony,351.24,280.39,2023-04-16,2024-02-10,A,Gaming,0.12,high,Valencia,ES,business,flat_rate,flexible,A,good,0.0,210.74,223.17,45.84,1.059,1,Carlos López
954,285,1326,4,2024-10-07,2024-10-21,2024-10-21,2024-10-21,14,65.1,0.0,1.89,66.99,9.96,57.03,0,0,0,7,Sony Gaming,Sony,377.68,325.36,2023-10-29,2024-08-24,A,Gaming,0.12,high,Faro,PT,casual,flat_rate,30_day,B,fair,0.0,264.38,361.69,76.51,1.3681,1,Rui Silva
955,285,1359,5,2024-11-03,2024-11-17,2024-11-17,2024-11-17,14,134.68,0.0,4.58,139.26,24.38,114.88,0,0,0,7,Sony Gaming,Sony,377.68,325.36,2023-10-29,2024-08-24,A,Gaming,0.12,high,Lisboa,PT,student,flat_rate,flexible,A,fair,15.71,264.38,361.69,76.51,1.3681,1,Lucia Jesus
956,285,1192,8,2024-11-29,2024-12-20,2024-12-20,2024-12-20,21,84.04,0.0,2.77,86.81,15.55,71.26,0,0,0,7,Sony Gaming,Sony,377.68,325.36,2023-10-29,2024-08-24,A,Gaming,0.12,high,Funchal,PT,student,pct_of_retail,7_day,B,excellent,0.0,264.38,361.69,76.51,1.3681,1,Sofia García
957,285,1130,1,2024-12-28,2025-01-18,2025-01-18,2025-01-18,21,141.6,0.0,3.54,145.14,26.62,118.52,0,0,0,7,Sony Gaming,Sony,377.68,325.36,2023-10-29,2024-08-24,A,Gaming,0.12,high,Funchal,PT,business,flat_rate,7_day,A,good,25.54,264.38,361.69,76.51,1.3681,1,Filipa Sousa
958,286,1793,11,2024-08-04,2024-08-18,2024-08-18,2024-08-18,14,55.25,0.0,2.1,57.35,10.11,47.24,0,0,0,7,Nintendo Gaming Lite,Nintendo,310.74,261.12,2023-10-06,2024-08-01,A,Gaming,0.12,high,Madrid,ES,business,pct_of_retail,flexible,A,damaged,15.9,217.52,331.92,69.62,1.5259,1,Pedro Oliveira
959,286,1099,6,2024-10-03,2024-10-24,2024-10-25,2024-10-25,21,211.47,5.09,4.44,221.0,40.81,180.19,0,0,1,7,Nintendo Gaming Lite,Nintendo,310.74,261.12,2023-10-06,2024-08-01,A,Gaming,0.12,high,Braga,PT,business,flat_rate,flexible,B,excellent,0.0,217.52,331.92,69.62,1.5259,1,Ricardo Rodrigues
960,286,979,5,2024-10-31,2024-11-14,2024-11-14,2024-11-14,14,119.14,0.0,4.05,123.19,18.7,104.49,0,0,0,7,Nintendo Gaming Lite,Nintendo,310.74,261.12,2023-10-06,2024-08-01,A,Gaming,0.12,high,Braga,PT,business,flat_rate,flexible,A,excellent,0.0,217.52,331.92,69.62,1.5259,1,Beatriz Ferreira
961,287,336,9,2022-04-13,2022-05-13,2022-05-13,2022-05-13,30,78.84,0.0,2.21,81.05,17.66,63.39,0,0,0,7,Razer Gaming Lite,Razer,238.92,168.6,2021-05-05,2022-03-01,A,Gaming,0.12,high,Lisboa,PT,professional,pct_of_retail,30_day,A,good,48.59,83.62,206.55,52.48,2.4701,1,João Sánchez
962,287,1451,7,2022-06-11,2022-06-18,2022-06-18,,7,15.05,0.0,0.74,15.79,3.57,12.22,1,1,0,7,Razer Gaming Lite,Razer,238.92,168.6,2021-05-05,2022-03-01,A,Gaming,0.12,high,Aveiro,PT,business,pct_of_retail,7_day,A,,,83.62,206.55,52.48,2.4701,1,Pedro Oliveira
963,287,932,1,2022-06-30,2022-07-07,2022-07-07,2022-07-07,7,44.59,0.0,1.11,45.7,9.99,35.71,0,0,0,7,Razer Gaming Lite,Razer,238.92,168.6,2021-05-05,2022-03-01,A,Gaming,0.12,high,Braga,PT,business,flat_rate,7_day,A,good,0.0,83.62,206.55,52.48,2.4701,1,Marta Martins
964,287,1946,12,2022-07-16,2022-08-06,2022-08-06,2022-08-06,21,42.65,0.0,1.28,43.93,6.44,37.49,0,0,0,7,Razer Gaming Lite,Razer,238.92,168.6,2021-05-05,2022-03-01,A,Gaming,0.12,high,Setúbal,PT,student,pct_of_retail,flexible,B,good,0.0,83.62,206.55,52.48,2.4701,1,Nuno González
965,287,1354,8,2022-09-09,2022-10-09,2022-10-09,2022-10-09,30,70.24,0.0,2.32,72.56,14.82,57.74,0,0,0,7,Razer Gaming Lite,Razer,238.92,168.6,2021-05-05,2022-03-01,A,Gaming,0.12,high,Madrid,ES,professional,pct_of_retail,7_day,B,fair,0.0,83.62,206.55,52.48,2.4701,1,Marta Ferreira
966,288,914,2,2024-11-03,2024-11-10,2024-11-10,2024-11-10,7,33.3,0.0,1.37,34.67,5.59,29.08,0,0,0,7,Razer Gaming Plus,Razer,546.67,472.29,2023-12-29,2024-10-24,B,Gaming,0.12,high,Aveiro,PT,student,flat_rate,7_day,B,excellent,0.0,382.67,121.31,22.52,0.317,0,Beatriz Martínez
967,288,429,11,2024-11-24,2024-12-08,2024-12-08,2024-12-08,14,105.16,0.0,4.0,109.16,16.93,92.23,0,0,0,7,Razer Gaming Plus,Razer,546.67,472.29,2023-12-29,2024-10-24,B,Gaming,0.12,high,Sevilla,ES,business,pct_of_retail,flexible,A,good,0.0,382.67,121.31,22.52,0.317,0,Filipa Sousa
968,289,434,5,2023-12-07,2023-12-21,2023-12-21,2023-12-21,14,127.03,0.0,4.32,131.35,26.3,105.05,0,0,0,7,Nintendo Gaming Lite,Nintendo,460.39,304.25,2023-01-15,2023-11-11,C,Gaming,0.12,high,Valencia,ES,professional,flat_rate,flexible,A,good,0.0,276.23,286.5,57.34,1.0372,1,Ana Santos
969,289,1783,3,2024-02-16,2024-03-17,2024-03-24,2024-03-24,30,95.7,48.93,2.39,147.02,17.13,129.89,0,0,1,7,Nintendo Gaming Lite,Nintendo,460.39,304.25,2023-01-15,2023-11-11,C,Gaming,0.12,high,Coimbra,PT,business,flat_rate,30_day,A,good,0.0,276.23,286.5,57.34,1.0372,1,Beatriz Sousa
970,289,406,10,2024-04-23,2024-05-07,2024-05-07,,14,63.81,0.0,1.66,65.47,13.91,51.56,1,0,0,7,Nintendo Gaming Lite,Nintendo,460.39,304.25,2023-01-15,2023-11-11,C,Gaming,0.12,high,Leiria,PT,professional,pct_of_retail,30_day,B,,,276.23,286.5,57.34,1.0372,1,João Ferreira
971,290,1386,5,2024-12-02,2024-12-16,2024-12-22,2024-12-22,14,129.74,22.5,4.41,156.65,26.73,129.92,0,0,1,7,Nintendo Gaming Lite,Nintendo,560.02,512.83,2024-01-24,2024-11-19,A,Gaming,0.12,high,Leiria,PT,casual,flat_rate,flexible,A,excellent,0.0,392.01,129.92,26.73,0.3314,0,Lucia Fernández
972,291,1669,9,2024-11-29,2024-12-13,2024-12-13,2024-12-13,14,61.2,0.0,1.71,62.91,14.5,48.41,0,0,0,7,Razer Gaming SE,Razer,375.42,330.95,2024-01-27,2024-11-22,C,Gaming,0.12,high,Lisboa,PT,professional,pct_of_retail,30_day,A,fair,0.0,262.79,48.41,14.5,0.1842,0,Diogo Santos
973,292,720,3,2023-09-10,2023-09-24,2023-09-24,2023-09-24,14,44.66,0.0,1.12,45.78,7.06,38.72,0,0,0,7,Nintendo Gaming Ultra,Nintendo,485.74,355.91,2022-10-06,2023-08-02,B,Gaming,0.12,high,Faro,PT,student,flat_rate,30_day,A,good,0.0,242.87,503.39,93.56,2.0727,1,Diego Martins
974,292,187,5,2023-10-02,2023-11-01,2023-11-01,2023-11-01,30,255.3,0.0,8.68,263.98,41.61,222.37,0,0,0,7,Nintendo Gaming Ultra,Nintendo,485.74,355.91,2022-10-06,2023-08-02,B,Gaming,0.12,high,Zaragoza,ES,casual,flat_rate,flexible,A,fair,0.0,242.87,503.39,93.56,2.0727,1,Lucia Costa
975,292,150,4,2023-11-11,2023-12-02,2023-12-02,,21,109.83,0.0,3.19,113.02,18.34,94.68,1,1,0,7,Nintendo Gaming Ultra,Nintendo,485.74,355.91,2022-10-06,2023-08-02,B,Gaming,0.12,high,Évora,PT,professional,flat_rate,30_day,B,,,242.87,503.39,93.56,2.0727,1,Ricardo García
976,292,497,12,2023-12-08,2023-12-22,2023-12-22,2023-12-22,14,65.37,0.0,1.96,67.33,9.94,57.39,0,0,0,7,Nintendo Gaming Ultra,Nintendo,485.74,355.91,2022-10-06,2023-08-02,B,Gaming,0.12,high,Braga,PT,business,pct_of_retail,flexible,B,excellent,0.0,242.87,503.39,93.56,2.0727,1,André Silva
977,292,1966,4,2023-12-30,2024-01-20,2024-01-20,2024-01-20,21,103.83,0.0,3.01,106.84,16.61,90.23,0,0,0,7,Nintendo Gaming Ultra,Nintendo,485.74,355.91,2022-10-06,2023-08-02,B,Gaming,0.12,high,Alicante,ES,casual,flat_rate,30_day,B,good,0.0,242.87,503.39,93.56,2.0727,1,Luísa Fernández
978,294,1254,2,2024-09-24,2024-10-01,2024-10-01,2024-10-01,7,30.8,0.0,1.26,32.06,6.25,25.81,0,0,0,7,Razer Gaming,Razer,370.79,313.95,2023-11-06,2024-09-01,A,Gaming,0.12,high,Coimbra,PT,casual,flat_rate,7_day,B,good,0.0,259.55,121.74,42.3,0.469,0,Miguel Fernández
979,294,720,11,2024-10-13,2024-10-27,2024-10-27,2024-10-27,14,65.93,0.0,2.51,68.44,13.71,54.73,0,0,0,7,Razer Gaming,Razer,370.79,313.95,2023-11-06,2024-09-01,A,Gaming,0.12,high,Faro,PT,student,pct_of_retail,flexible,A,excellent,11.6,259.55,121.74,42.3,0.469,0,Diego Martins
980,294,575,1,2024-11-05,2024-11-12,2024-11-12,2024-11-12,7,47.91,0.0,1.2,49.11,7.91,41.2,0,0,0,7,Razer Gaming,Razer,370.79,313.95,2023-11-06,2024-09-01,A,Gaming,0.12,high,Aveiro,PT,professional,flat_rate,7_day,A,good,0.0,259.55,121.74,42.3,0.469,0,Pablo López
981,294,878,5,2024-11-22,2024-11-29,2024-11-29,,7,67.11,0.0,2.28,69.39,14.43,54.96,1,1,0,7,Razer Gaming,Razer,370.79,313.95,2023-11-06,2024-09-01,A,Gaming,0.12,high,Évora,PT,professional,flat_rate,flexible,A,,,259.55,121.74,42.3,0.469,0,André Santos
982,295,1934,12,2024-10-04,2024-10-25,2024-10-25,2024-10-25,21,98.73,0.0,2.96,101.69,24.49,77.2,0,0,0,7,Sony Gaming Max,Sony,553.13,482.07,2023-12-05,2024-09-30,B,Gaming,0.12,high,Sevilla,ES,business,pct_of_retail,flexible,B,good,0.0,387.19,266.01,72.04,0.687,0,Tiago Rodrigues
983,295,933,12,2024-10-31,2024-11-14,2024-11-14,2024-11-14,14,65.82,0.0,1.97,67.79,10.2,57.59,0,0,0,7,Sony Gaming Max,Sony,553.13,482.07,2023-12-05,2024-09-30,B,Gaming,0.12,high,Alicante,ES,business,pct_of_retail,flexible,B,good,0.0,387.19,266.01,72.04,0.687,0,Marta Rodrigues
984,295,19,11,2024-11-25,2024-12-16,2024-12-16,2024-12-16,21,162.4,0.0,6.17,168.57,37.35,131.22,0,0,0,7,Sony Gaming Max,Sony,553.13,482.07,2023-12-05,2024-09-30,B,Gaming,0.12,high,Leiria,PT,professional,pct_of_retail,flexible,A,fair,0.0,387.19,266.01,72.04,0.687,0,Isabel González
985,296,609,12,2024-09-15,2024-09-29,2024-09-29,2024-09-29,14,30.93,0.0,0.93,31.86,6.65,25.21,0,0,0,7,Razer Gaming Ultra,Razer,259.88,224.96,2023-10-21,2024-08-16,A,Gaming,0.12,high,Madrid,ES,professional,pct_of_retail,flexible,B,good,19.68,181.92,207.31,47.13,1.1396,1,Diogo Fernández
986,296,954,6,2024-10-07,2024-10-21,2024-10-21,2024-10-21,14,140.98,0.0,2.96,143.94,23.83,120.11,0,0,0,7,Razer Gaming Ultra,Razer,259.88,224.96,2023-10-21,2024-08-16,A,Gaming,0.12,high,Funchal,PT,professional,flat_rate,flexible,B,excellent,0.0,181.92,207.31,47.13,1.1396,1,Catarina Rodrigues
987,296,688,3,2024-11-03,2024-11-24,2024-11-24,2024-11-24,21,76.72,0.0,1.92,78.64,16.65,61.99,0,0,0,7,Razer Gaming Ultra,Razer,259.88,224.96,2023-10-21,2024-08-16,A,Gaming,0.12,high,Aveiro,PT,casual,flat_rate,30_day,A,fair,18.86,181.92,207.31,47.13,1.1396,1,Rafael Fernández
988,297,265,9,2024-10-16,2024-10-23,2024-10-23,2024-10-23,7,30.77,0.0,0.86,31.63,6.28,25.35,0,0,0,7,Sony Gaming Lite,Sony,399.56,336.54,2023-10-30,2024-08-25,A,Gaming,0.12,high,Sevilla,ES,business,pct_of_retail,30_day,A,excellent,0.0,279.69,152.92,41.97,0.5467,0,Diogo Jesus
989,297,551,5,2024-10-28,2024-11-11,2024-11-11,2024-11-11,14,119.14,0.0,4.05,123.19,26.93,96.26,0,0,0,7,Sony Gaming Lite,Sony,399.56,336.54,2023-10-30,2024-08-25,A,Gaming,0.12,high,Faro,PT,student,flat_rate,flexible,A,fair,0.0,279.69,152.92,41.97,0.5467,0,Lucia González
990,297,711,11,2024-11-24,2024-12-01,2024-12-01,2024-12-01,7,38.6,0.0,1.47,40.07,8.76,31.31,0,0,0,7,Sony Gaming Lite,Sony,399.56,336.54,2023-10-30,2024-08-25,A,Gaming,0.12,high,Funchal,PT,student,pct_of_retail,flexible,A,damaged,0.0,279.69,152.92,41.97,0.5467,0,Nuno López
991,299,398,1,2023-12-17,2024-01-07,2024-01-07,2024-01-07,21,153.2,0.0,3.83,157.03,32.78,124.25,0,0,0,7,Razer Gaming X,Razer,281.51,224.8,2023-01-25,2023-11-21,C,Gaming,0.12,high,Porto,PT,professional,flat_rate,7_day,A,excellent,0.0,168.91,406.89,82.48,2.4089,1,Isabel Sánchez
992,299,1539,7,2024-02-04,2024-02-11,2024-02-12,2024-02-12,7,17.74,2.39,0.87,21.0,3.0,18.0,0,0,1,7,Razer Gaming X,Razer,281.51,224.8,2023-01-25,2023-11-21,C,Gaming,0.12,high,Aveiro,PT,casual,pct_of_retail,7_day,A,excellent,34.88,168.91,406.89,82.48,2.4089,1,Pedro González
993,299,801,1,2024-02-22,2024-03-14,2024-03-14,2024-03-14,21,133.77,0.0,3.34,137.11,25.28,111.83,0,0,0,7,Razer Gaming X,Razer,281.51,224.8,2023-01-25,2023-11-21,C,Gaming,0.12,high,Porto,PT,professional,flat_rate,7_day,A,good,13.82,168.91,406.89,82.48,2.4089,1,Diego Martínez
994,299,1742,11,2024-03-27,2024-04-10,2024-04-15,2024-04-15,14,50.05,38.2,1.9,90.15,7.66,82.49,0,0,1,7,Razer Gaming X,Razer,281.51,224.8,2023-01-25,2023-11-21,C,Gaming,0.12,high,Valencia,ES,professional,pct_of_retail,flexible,A,excellent,0.0,168.91,406.89,82.48,2.4089,1,Tiago Santos
995,299,1772,8,2024-05-22,2024-05-29,2024-05-29,,7,19.31,0.0,0.64,19.95,4.46,15.49,1,0,0,7,Razer Gaming X,Razer,281.51,224.8,2023-01-25,2023-11-21,C,Gaming,0.12,high,Funchal,PT,casual,pct_of_retail,7_day,B,,,168.91,406.89,82.48,2.4089,1,Marta Fernández
996,299,105,2,2024-06-05,2024-06-19,2024-06-19,2024-06-19,14,61.6,0.0,2.53,64.13,9.3,54.83,0,0,0,7,Razer Gaming X,Razer,281.51,224.8,2023-01-25,2023-11-21,C,Gaming,0.12,high,Coimbra,PT,professional,flat_rate,7_day,B,good,0.0,168.91,406.89,82.48,2.4089,1,Diego Costa
997,300,375,10,2022-12-14,2022-12-21,2022-12-21,2022-12-21,7,74.91,0.0,1.95,76.86,17.83,59.03,0,0,0,7,Nintendo Gaming Plus,Nintendo,961.29,641.38,2022-01-29,2022-11-25,B,Gaming,0.12,high,Setúbal,PT,professional,pct_of_retail,30_day,B,good,0.0,384.52,466.89,108.73,1.2142,1,Diego Sánchez
998,300,1385,6,2023-01-04,2023-01-18,2023-01-18,2023-01-18,14,140.98,0.0,2.96,143.94,21.85,122.09,0,0,0,7,Nintendo Gaming Plus,Nintendo,961.29,641.38,2022-01-29,2022-11-25,B,Gaming,0.12,high,Leiria,PT,casual,flat_rate,flexible,B,good,0.0,384.52,466.89,108.73,1.2142,1,Nuno González
999,300,1670,11,2023-02-26,2023-03-12,2023-03-12,,14,170.92,0.0,6.49,177.41,39.14,138.27,1,0,0,7,Nintendo Gaming Plus,Nintendo,961.29,641.38,2022-01-29,2022-11-25,B,Gaming,0.12,high,Setúbal,PT,business,pct_of_retail,flexible,A,,,384.52,466.89,108.73,1.2142,1,Fernando Fernández
1000,300,1448,11,2023-03-17,2023-03-31,2023-03-31,2023-03-31,14,170.92,0.0,6.49,177.41,29.91,147.5,0,0,0,7,Nintendo Gaming Plus,Nintendo,961.29,641.38,2022-01-29,2022-11-25,B,Gaming,0.12,high,Sevilla,ES,business,pct_of_retail,flexible,A,fair,0.0,384.52,466.89,108.73,1.2142,1,Beatriz Sánchez
1001,301,591,9,2024-04-10,2024-04-17,2024-04-17,2024-04-17,7,16.52,0.0,0.46,16.98,2.96,14.02,0,0,0,7,Razer Gaming Lite,Razer,214.58,176.26,2023-04-18,2024-02-12,C,Gaming,0.12,high,Valencia,ES,student,pct_of_retail,30_day,A,good,27.48,128.75,117.3,16.93,0.9111,0,Diego Martínez
1002,301,763,1,2024-04-22,2024-04-29,2024-05-04,2024-05-04,7,44.59,31.95,1.11,77.65,7.98,69.67,0,0,1,7,Razer Gaming Lite,Razer,214.58,176.26,2023-04-18,2024-02-12,C,Gaming,0.12,high,Setúbal,PT,professional,flat_rate,7_day,A,good,1.18,128.75,117.3,16.93,0.9111,0,Rafael Santos
1003,301,1794,11,2024-05-18,2024-06-01,2024-06-01,2024-06-01,14,38.15,0.0,1.45,39.6,5.99,33.61,0,0,0,7,Razer Gaming Lite,Razer,214.58,176.26,2023-04-18,2024-02-12,C,Gaming,0.12,high,Funchal,PT,casual,pct_of_retail,flexible,A,excellent,0.0,128.75,117.3,16.93,0.9111,0,Rosa Pereira
1004,302,400,7,2024-04-12,2024-05-12,2024-05-12,2024-05-12,30,232.4,0.0,11.39,243.79,38.11,205.68,0,0,0,7,Sony Gaming Max,Sony,860.75,706.1,2023-03-24,2024-01-18,C,Gaming,0.12,high,Funchal,PT,business,pct_of_retail,7_day,A,fair,0.0,516.45,266.06,57.16,0.5152,0,Diogo Rodrigues
1005,302,512,11,2024-05-19,2024-05-26,2024-05-26,2024-05-26,7,76.52,0.0,2.91,79.43,19.05,60.38,0,0,0,7,Sony Gaming Max,Sony,860.75,706.1,2023-03-24,2024-01-18,C,Gaming,0.12,high,Lisboa,PT,casual,pct_of_retail,flexible,A,good,0.0,516.45,266.06,57.16,0.5152,0,Fernando González
1006,303,627,10,2023-10-27,2023-11-17,2023-11-17,2023-11-17,21,123.57,0.0,3.21,126.78,30.77,96.01,0,0,0,7,Microsoft Gaming SE,Microsoft,594.35,519.51,2022-11-21,2023-09-17,B,Gaming,0.12,high,Valencia,ES,student,pct_of_retail,30_day,B,excellent,0.0,297.18,352.69,82.41,1.1868,1,André Martínez
1007,303,845,8,2023-11-23,2023-12-07,2023-12-07,2023-12-07,14,89.54,0.0,2.95,92.49,17.37,75.12,0,0,0,7,Microsoft Gaming SE,Microsoft,594.35,519.51,2022-11-21,2023-09-17,B,Gaming,0.12,high,Alicante,ES,business,pct_of_retail,7_day,B,good,0.0,297.18,352.69,82.41,1.1868,1,Miguel Fernández
1008,303,216,7,2023-12-14,2023-12-28,2024-01-03,2024-01-03,14,79.75,14.34,3.91,98.0,16.75,81.25,0,0,1,7,Microsoft Gaming SE,Microsoft,594.35,519.51,2022-11-21,2023-09-17,B,Gaming,0.12,high,Zaragoza,ES,student,pct_of_retail,7_day,A,fair,0.0,297.18,352.69,82.41,1.1868,1,Carlos González
1009,303,1309,7,2024-01-08,2024-01-29,2024-01-29,2024-01-29,21,112.33,0.0,5.5,117.83,17.52,100.31,0,0,0,7,Microsoft Gaming SE,Microsoft,594.35,519.51,2022-11-21,2023-09-17,B,Gaming,0.12,high,Málaga,ES,professional,pct_of_retail,7_day,A,damaged,0.0,297.18,352.69,82.41,1.1868,1,Rafael Sousa
1010,304,1569,11,2024-10-05,2024-10-19,2024-10-19,2024-10-19,14,84.02,0.0,3.19,87.21,16.8,70.41,0,0,0,7,Razer Gaming Lite,Razer,472.58,403.72,2023-10-28,2024-08-23,B,Gaming,0.12,high,Sevilla,ES,business,pct_of_retail,flexible,A,good,15.36,330.81,230.27,58.71,0.6961,0,Ana Pereira
1011,304,306,1,2024-11-01,2024-11-08,2024-11-08,,7,48.6,0.0,1.22,49.82,8.5,41.32,1,0,0,7,Razer Gaming Lite,Razer,472.58,403.72,2023-10-28,2024-08-23,B,Gaming,0.12,high,Leiria,PT,professional,flat_rate,7_day,A,,,330.81,230.27,58.71,0.6961,0,Diogo Silva
1012,304,567,6,2024-11-20,2024-11-27,2024-11-27,2024-11-27,7,75.04,0.0,1.58,76.62,16.51,60.11,0,0,0,7,Razer Gaming Lite,Razer,472.58,403.72,2023-10-28,2024-08-23,B,Gaming,0.12,high,Porto,PT,professional,flat_rate,flexible,B,fair,0.0,330.81,230.27,58.71,0.6961,0,Elena Ferreira
1013,304,1668,3,2024-12-11,2025-01-01,2025-01-01,2025-01-01,21,73.49,0.0,1.84,75.33,16.9,58.43,0,0,0,7,Razer Gaming Lite,Razer,472.58,403.72,2023-10-28,2024-08-23,B,Gaming,0.12,high,Funchal,PT,business,flat_rate,30_day,A,excellent,0.0,330.81,230.27,58.71,0.6961,0,Ricardo Jesus
1014,305,882,12,2023-05-16,2023-05-23,2023-05-23,2023-05-23,7,21.13,0.0,0.63,21.76,4.27,17.49,0,0,0,7,Microsoft Gaming Lite,Microsoft,355.07,260.73,2022-07-01,2023-04-27,A,Gaming,0.12,high,Leiria,PT,business,pct_of_retail,flexible,B,excellent,6.42,142.03,388.63,85.97,2.7363,1,Luísa Martínez
1015,305,1909,3,2023-06-03,2023-06-24,2023-06-24,2023-06-24,21,66.99,0.0,1.67,68.66,15.61,53.05,0,0,0,7,Microsoft Gaming Lite,Microsoft,355.07,260.73,2022-07-01,2023-04-27,A,Gaming,0.12,high,Porto,PT,casual,flat_rate,30_day,A,excellent,0.0,142.03,388.63,85.97,2.7363,1,Maria Santos
1016,305,1400,6,2023-07-02,2023-08-01,2023-08-01,,30,302.1,0.0,6.34,308.44,53.17,255.27,1,1,0,7,Microsoft Gaming Lite,Microsoft,355.07,260.73,2022-07-01,2023-04-27,A,Gaming,0.12,high,Braga,PT,professional,flat_rate,flexible,B,,,142.03,388.63,85.97,2.7363,1,Pablo Santos
1017,305,167,10,2023-08-09,2023-08-30,2023-08-30,2023-08-30,21,73.82,0.0,1.92,75.74,12.92,62.82,0,0,0,7,Microsoft Gaming Lite,Microsoft,355.07,260.73,2022-07-01,2023-04-27,A,Gaming,0.12,high,Lisboa,PT,business,pct_of_retail,30_day,B,excellent,0.0,142.03,388.63,85.97,2.7363,1,Diogo Sánchez
1018,306,1759,2,2023-12-02,2023-12-16,2023-12-16,2023-12-16,14,70.58,0.0,2.89,73.47,12.07,61.4,0,0,0,7,Razer Gaming Max,Razer,200.03,156.34,2023-01-18,2023-11-14,B,Gaming,0.12,high,Alicante,ES,business,flat_rate,7_day,B,excellent,0.0,120.02,374.04,95.84,3.1165,1,Rui Martins
1019,306,1303,2,2023-12-21,2024-01-04,2024-01-04,2024-01-04,14,66.92,0.0,2.74,69.66,13.99,55.67,0,0,0,7,Razer Gaming Max,Razer,200.03,156.34,2023-01-18,2023-11-14,B,Gaming,0.12,high,Funchal,PT,business,flat_rate,7_day,B,excellent,0.0,120.02,374.04,95.84,3.1165,1,Miguel Silva
1020,306,1639,6,2024-01-09,2024-01-23,2024-01-23,2024-01-23,14,140.98,0.0,2.96,143.94,31.3,112.64,0,0,0,7,Razer Gaming Max,Razer,200.03,156.34,2023-01-18,2023-11-14,B,Gaming,0.12,high,Leiria,PT,student,flat_rate,flexible,B,damaged,0.0,120.02,374.04,95.84,3.1165,1,Ana Rodrigues
1021,306,1138,1,2024-02-05,2024-02-26,2024-02-26,2024-02-26,21,133.77,0.0,3.34,137.11,31.7,105.41,0,0,0,7,Razer Gaming Max,Razer,200.03,156.34,2023-01-18,2023-11-14,B,Gaming,0.12,high,Aveiro,PT,professional,flat_rate,7_day,A,excellent,11.72,120.02,374.04,95.84,3.1165,1,Marco Santos
1022,306,878,1,2024-03-10,2024-03-17,2024-03-17,2024-03-17,7,44.59,0.0,1.11,45.7,6.78,38.92,0,0,0,7,Razer Gaming Max,Razer,200.03,156.34,2023-01-18,2023-11-14,B,Gaming,0.12,high,Évora,PT,professional,flat_rate,7_day,A,fair,0.0,120.02,374.04,95.84,3.1165,1,André Santos
1023,307,951,9,2023-08-04,2023-08-11,2023-08-11,2023-08-11,7,54.05,0.0,1.51,55.56,13.24,42.32,0,0,0,7,Sony Gaming Ultra,Sony,701.91,532.41,2022-09-28,2023-07-25,A,Gaming,0.12,high,Barcelona,ES,professional,pct_of_retail,30_day,A,excellent,0.0,350.95,465.34,98.98,1.3259,1,Inês Pereira
1024,307,1873,5,2023-08-21,2023-08-28,2023-08-28,2023-08-28,7,59.57,0.0,2.03,61.6,14.77,46.83,0,0,0,7,Sony Gaming Ultra,Sony,701.91,532.41,2022-09-28,2023-07-25,A,Gaming,0.12,high,Aveiro,PT,casual,flat_rate,flexible,A,excellent,0.0,350.95,465.34,98.98,1.3259,1,André López
1025,307,1031,8,2023-09-04,2023-09-11,2023-09-17,2023-09-17,7,48.15,15.54,1.59,65.28,7.9,57.38,0,0,1,7,Sony Gaming Ultra,Sony,701.91,532.41,2022-09-28,2023-07-25,A,Gaming,0.12,high,Funchal,PT,professional,pct_of_retail,7_day,B,excellent,0.0,350.95,465.34,98.98,1.3259,1,Catarina Martins
1026,307,930,2,2023-09-30,2023-10-30,2023-10-30,2023-10-30,30,132.0,0.0,5.41,137.41,19.8,117.61,0,0,0,7,Sony Gaming Ultra,Sony,701.91,532.41,2022-09-28,2023-07-25,A,Gaming,0.12,high,Évora,PT,student,flat_rate,7_day,B,good,0.0,350.95,465.34,98.98,1.3259,1,Rafael López
1027,307,602,7,2023-11-06,2023-11-20,2023-11-20,2023-11-20,14,97.01,0.0,4.75,101.76,15.42,86.34,0,0,0,7,Sony Gaming Ultra,Sony,701.91,532.41,2022-09-28,2023-07-25,A,Gaming,0.12,high,Aveiro,PT,professional,pct_of_retail,7_day,A,fair,0.0,350.95,465.34,98.98,1.3259,1,Nuno Martins
1028,307,1655,12,2023-11-28,2023-12-19,2023-12-19,2023-12-19,21,138.55,0.0,4.16,142.71,27.85,114.86,0,0,0,7,Sony Gaming Ultra,Sony,701.91,532.41,2022-09-28,2023-07-25,A,Gaming,0.12,high,Funchal,PT,business,pct_of_retail,flexible,B,fair,0.0,350.95,465.34,98.98,1.3259,1,Carmen Costa
1029,309,1390,6,2024-04-14,2024-05-05,2024-05-05,2024-05-05,21,211.47,0.0,4.44,215.91,34.47,181.44,0,0,0,7,Microsoft Gaming Lite,Microsoft,337.4,256.57,2023-05-22,2024-03-17,A,Gaming,0.12,high,Évora,PT,student,flat_rate,flexible,B,good,0.0,202.44,381.74,73.56,1.8857,1,Maria Martínez
1030,309,863,12,2024-05-17,2024-05-31,2024-05-31,2024-05-31,14,40.15,0.0,1.2,41.35,6.62,34.73,0,0,0,7,Microsoft Gaming Lite,Microsoft,337.4,256.57,2023-05-22,2024-03-17,A,Gaming,0.12,high,Sevilla,ES,professional,pct_of_retail,flexible,B,fair,0.0,202.44,381.74,73.56,1.8857,1,Rui González
1031,309,1972,12,2024-06-23,2024-07-14,2024-07-14,2024-07-14,21,60.23,0.0,1.81,62.04,11.81,50.23,0,0,0,7,Microsoft Gaming Lite,Microsoft,337.4,256.57,2023-05-22,2024-03-17,A,Gaming,0.12,high,Bilbao,ES,business,pct_of_retail,flexible,B,excellent,0.0,202.44,381.74,73.56,1.8857,1,Tiago González
1032,309,585,7,2024-08-10,2024-08-24,2024-08-24,2024-08-24,14,42.51,0.0,2.08,44.59,6.84,37.75,0,0,0,7,Microsoft Gaming Lite,Microsoft,337.4,256.57,2023-05-22,2024-03-17,A,Gaming,0.12,high,Málaga,ES,business,pct_of_retail,7_day,A,excellent,0.0,202.44,381.74,73.56,1.8857,1,Fernando Martínez
1033,309,802,1,2024-09-07,2024-09-21,2024-09-21,,14,89.18,0.0,2.23,91.41,13.82,77.59,1,0,0,7,Microsoft Gaming Lite,Microsoft,337.4,256.57,2023-05-22,2024-03-17,A,Gaming,0.12,high,Setúbal,PT,casual,flat_rate,7_day,A,,,202.44,381.74,73.56,1.8857,1,Lucia Martínez
1034,311,368,12,2022-03-29,2022-04-12,2022-04-12,2022-04-12,14,70.6,0.0,2.12,72.72,12.14,60.58,0,0,0,7,Sony Gaming Ultra,Sony,593.24,334.01,2021-05-12,2022-03-08,A,Gaming,0.12,high,Barcelona,ES,student,pct_of_retail,flexible,B,good,0.0,207.63,373.31,86.35,1.798,1,Isabel Jesus
1035,311,283,11,2022-04-19,2022-04-26,2022-04-26,2022-04-26,7,52.74,0.0,2.0,54.74,8.91,45.83,0,0,0,7,Sony Gaming Ultra,Sony,593.24,334.01,2021-05-12,2022-03-08,A,Gaming,0.12,high,Málaga,ES,student,pct_of_retail,flexible,A,fair,0.0,207.63,373.31,86.35,1.798,1,Sara Santos
1036,311,1992,1,2022-05-03,2022-05-17,2022-05-17,2022-05-17,14,89.18,0.0,2.23,91.41,19.08,72.33,0,0,0,7,Sony Gaming Ultra,Sony,593.24,334.01,2021-05-12,2022-03-08,A,Gaming,0.12,high,Lisboa,PT,professional,flat_rate,7_day,A,excellent,33.67,207.63,373.31,86.35,1.798,1,Marta Santos
1037,311,1537,12,2022-05-30,2022-06-06,2022-06-06,2022-06-06,7,35.3,0.0,1.06,36.36,7.13,29.23,0,0,0,7,Sony Gaming Ultra,Sony,593.24,334.01,2021-05-12,2022-03-08,A,Gaming,0.12,high,Sevilla,ES,professional,pct_of_retail,flexible,B,good,0.0,207.63,373.31,86.35,1.798,1,Sara Silva
1038,311,974,7,2022-06-16,2022-06-23,2022-06-23,2022-06-23,7,37.37,0.0,1.83,39.2,8.71,30.49,0,0,0,7,Sony Gaming Ultra,Sony,593.24,334.01,2021-05-12,2022-03-08,A,Gaming,0.12,high,Faro,PT,business,pct_of_retail,7_day,A,damaged,0.0,207.63,373.31,86.35,1.798,1,André González
1039,311,347,5,2022-07-05,2022-07-19,2022-07-19,2022-07-19,14,119.14,0.0,4.05,123.19,20.49,102.7,0,0,0,7,Sony Gaming Ultra,Sony,593.24,334.01,2021-05-12,2022-03-08,A,Gaming,0.12,high,Porto,PT,professional,flat_rate,flexible,A,good,0.0,207.63,373.31,86.35,1.798,1,Sara Rodrigues
1040,311,1865,8,2022-08-18,2022-08-25,2022-08-25,2022-08-25,7,40.7,0.0,1.34,42.04,9.89,32.15,0,0,0,7,Sony Gaming Ultra,Sony,593.24,334.01,2021-05-12,2022-03-08,A,Gaming,0.12,high,Valencia,ES,professional,pct_of_retail,7_day,B,fair,0.0,207.63,373.31,86.35,1.798,1,Carlos Rodrigues
1041,312,633,10,2022-08-25,2022-09-08,2022-09-08,2022-09-08,14,70.82,0.0,1.84,72.66,15.93,56.73,0,0,0,7,Microsoft Gaming X,Microsoft,510.94,292.86,2021-10-08,2022-08-04,B,Gaming,0.12,high,Alicante,ES,casual,pct_of_retail,30_day,B,fair,0.0,178.83,312.51,76.56,1.7475,1,Carmen González
1042,312,757,1,2022-09-17,2022-10-08,2022-10-08,2022-10-08,21,133.77,0.0,3.34,137.11,32.37,104.74,0,0,0,7,Microsoft Gaming X,Microsoft,510.94,292.86,2021-10-08,2022-08-04,B,Gaming,0.12,high,Aveiro,PT,professional,flat_rate,7_day,A,excellent,0.0,178.83,312.51,76.56,1.7475,1,Pablo Sánchez
1043,312,1898,12,2022-10-16,2022-10-30,2022-10-30,,14,60.8,0.0,1.82,62.62,10.52,52.1,1,0,0,7,Microsoft Gaming X,Microsoft,510.94,292.86,2021-10-08,2022-08-04,B,Gaming,0.12,high,Zaragoza,ES,student,pct_of_retail,flexible,B,,,178.83,312.51,76.56,1.7475,1,Elena Rodrigues
1044,312,1355,10,2022-11-13,2022-12-04,2022-12-04,2022-12-04,21,113.72,0.0,2.96,116.68,17.74,98.94,0,0,0,7,Microsoft Gaming X,Microsoft,510.94,292.86,2021-10-08,2022-08-04,B,Gaming,0.12,high,Madrid,ES,casual,pct_of_retail,30_day,B,fair,18.03,178.83,312.51,76.56,1.7475,1,Luísa Fernández
1045,313,1358,4,2024-09-28,2024-10-12,2024-10-12,2024-10-12,14,65.1,0.0,1.89,66.99,10.35,56.64,0,0,0,7,Sony Gaming X,Sony,331.47,281.92,2023-11-18,2024-09-13,A,Gaming,0.12,high,Valencia,ES,business,flat_rate,30_day,B,good,0.0,232.03,117.48,29.75,0.5063,0,Tiago Santos
1046,313,799,10,2024-11-21,2024-12-12,2024-12-12,2024-12-12,21,78.21,0.0,2.03,80.24,19.4,60.84,0,0,0,7,Sony Gaming X,Sony,331.47,281.92,2023-11-18,2024-09-13,A,Gaming,0.12,high,Coimbra,PT,professional,pct_of_retail,30_day,B,good,0.0,232.03,117.48,29.75,0.5063,0,Ricardo Oliveira
1047,314,207,2,2023-07-12,2023-08-11,2023-08-11,2023-08-11,30,132.0,0.0,5.41,137.41,21.12,116.29,0,0,0,7,Sony Gaming SE,Sony,621.58,477.23,2022-08-24,2023-06-20,B,Gaming,0.12,high,Valencia,ES,professional,flat_rate,7_day,B,good,0.0,310.79,668.61,150.82,2.1513,1,Miguel Oliveira
1048,314,1034,10,2023-08-17,2023-09-16,2023-09-16,2023-09-16,30,184.61,0.0,4.8,189.41,39.14,150.27,0,0,0,7,Sony Gaming SE,Sony,621.58,477.23,2022-08-24,2023-06-20,B,Gaming,0.12,high,Coimbra,PT,business,pct_of_retail,30_day,B,fair,0.0,310.79,668.61,150.82,2.1513,1,Rosa García
1049,314,1895,9,2023-09-23,2023-10-07,2023-10-07,2023-10-07,14,95.72,0.0,2.68,98.4,19.72,78.68,0,0,0,7,Sony Gaming SE,Sony,621.58,477.23,2022-08-24,2023-06-20,B,Gaming,0.12,high,Funchal,PT,business,pct_of_retail,30_day,A,excellent,43.42,310.79,668.61,150.82,2.1513,1,Catarina Sánchez
1050,314,1489,9,2023-10-12,2023-10-19,2023-10-19,2023-10-19,7,47.86,0.0,1.34,49.2,7.51,41.69,0,0,0,7,Sony Gaming SE,Sony,621.58,477.23,2022-08-24,2023-06-20,B,Gaming,0.12,high,Zaragoza,ES,business,pct_of_retail,30_day,A,fair,0.0,310.79,668.61,150.82,2.1513,1,Luísa Sánchez
1051,314,1007,10,2023-10-30,2023-11-06,2023-11-06,2023-11-06,7,43.08,0.0,1.12,44.2,8.62,35.58,0,0,0,7,Sony Gaming SE,Sony,621.58,477.23,2022-08-24,2023-06-20,B,Gaming,0.12,high,Leiria,PT,student,pct_of_retail,30_day,B,good,0.0,310.79,668.61,150.82,2.1513,1,Inês García
1052,314,1328,8,2023-11-12,2023-11-26,2023-11-26,2023-11-26,14,94.6,0.0,3.12,97.72,19.58,78.14,0,0,0,7,Sony Gaming SE,Sony,621.58,477.23,2022-08-24,2023-06-20,B,Gaming,0.12,high,Alicante,ES,business,pct_of_retail,7_day,B,excellent,0.0,310.79,668.61,150.82,2.1513,1,Luísa López
1053,314,483,11,2023-12-01,2023-12-15,2023-12-15,2023-12-15,14,124.83,0.0,4.74,129.57,24.47,105.1,0,0,0,7,Sony Gaming SE,Sony,621.58,477.23,2022-08-24,2023-06-20,B,Gaming,0.12,high,Évora,PT,professional,pct_of_retail,flexible,A,good,0.0,310.79,668.61,150.82,2.1513,1,Rosa López
1054,314,1417,2,2023-12-20,2024-01-03,2024-01-03,2024-01-03,14,70.62,0.0,2.9,73.52,10.66,62.86,0,0,0,7,Sony Gaming SE,Sony,621.58,477.23,2022-08-24,2023-06-20,B,Gaming,0.12,high,Bilbao,ES,professional,flat_rate,7_day,B,good,1.96,310.79,668.61,150.82,2.1513,1,Sara Silva
1055,315,126,10,2023-12-06,2023-12-27,2023-12-27,2023-12-27,21,191.06,0.0,4.97,196.03,31.91,164.12,0,0,0,7,Razer Gaming Lite,Razer,843.7,645.7,2023-01-22,2023-11-18,B,Gaming,0.12,high,Coimbra,PT,business,pct_of_retail,30_day,B,excellent,0.0,506.22,705.47,166.72,1.3936,1,Miguel Martins
1056,315,768,9,2024-01-08,2024-01-22,2024-01-22,2024-01-22,14,129.93,0.0,3.64,133.57,20.66,112.91,0,0,0,7,Razer Gaming Lite,Razer,843.7,645.7,2023-01-22,2023-11-18,B,Gaming,0.12,high,Lisboa,PT,business,pct_of_retail,30_day,A,good,0.0,506.22,705.47,166.72,1.3936,1,Maria Sánchez
1057,315,1479,12,2024-02-04,2024-02-18,2024-02-18,2024-02-18,14,100.4,0.0,3.01,103.41,20.08,83.33,0,0,0,7,Razer Gaming Lite,Razer,843.7,645.7,2023-01-22,2023-11-18,B,Gaming,0.12,high,Coimbra,PT,student,pct_of_retail,flexible,B,good,0.0,506.22,705.47,166.72,1.3936,1,Carmen Pereira
1058,315,967,3,2024-02-25,2024-03-03,2024-03-03,2024-03-03,7,22.33,0.0,0.56,22.89,4.06,18.83,0,0,0,7,Razer Gaming Lite,Razer,843.7,645.7,2023-01-22,2023-11-18,B,Gaming,0.12,high,Coimbra,PT,business,flat_rate,30_day,A,excellent,0.0,506.22,705.47,166.72,1.3936,1,Rosa Sánchez
1059,315,1964,5,2024-04-10,2024-05-01,2024-05-01,2024-05-01,21,178.71,0.0,6.08,184.79,40.75,144.04,0,0,0,7,Razer Gaming Lite,Razer,843.7,645.7,2023-01-22,2023-11-18,B,Gaming,0.12,high,Alicante,ES,professional,flat_rate,flexible,A,excellent,0.0,506.22,705.47,166.72,1.3936,1,Catarina Costa
1060,315,1740,10,2024-05-12,2024-05-26,2024-05-26,2024-05-26,14,116.94,0.0,3.04,119.98,26.08,93.9,0,0,0,7,Razer Gaming Lite,Razer,843.7,645.7,2023-01-22,2023-11-18,B,Gaming,0.12,high,Aveiro,PT,student,pct_of_retail,30_day,B,fair,0.0,506.22,705.47,166.72,1.3936,1,Lucia Sousa
1061,315,1953,7,2024-06-09,2024-06-23,2024-06-23,,14,106.31,0.0,5.21,111.52,23.18,88.34,1,0,0,7,Razer Gaming Lite,Razer,843.7,645.7,2023-01-22,2023-11-18,B,Gaming,0.12,high,Madrid,ES,professional,pct_of_retail,7_day,A,,,506.22,705.47,166.72,1.3936,1,Diego Sousa
1062,316,1585,8,2022-01-23,2022-02-22,2022-02-23,2022-02-23,30,235.91,2.59,7.79,246.29,48.6,197.69,0,0,1,8,Nikon Camera Ultra,Nikon,802.41,522.58,2021-02-15,2021-12-12,A,Cameras,0.11,medium,Lisboa,PT,professional,pct_of_retail,7_day,B,excellent,0.0,280.84,329.67,76.14,1.1739,1,Elena García
1063,316,1037,3,2022-03-06,2022-03-20,2022-03-20,,14,44.66,0.0,1.12,45.78,7.5,38.28,1,0,0,8,Nikon Camera Ultra,Nikon,802.41,522.58,2021-02-15,2021-12-12,A,Cameras,0.11,medium,Alicante,ES,business,flat_rate,30_day,A,,,280.84,329.67,76.14,1.1739,1,Rui Ferreira
1064,316,1528,8,2022-04-19,2022-04-26,2022-04-26,2022-04-26,7,55.05,0.0,1.82,56.87,8.97,47.9,0,0,0,8,Nikon Camera Ultra,Nikon,802.41,522.58,2021-02-15,2021-12-12,A,Cameras,0.11,medium,Málaga,ES,business,pct_of_retail,7_day,B,excellent,0.0,280.84,329.67,76.14,1.1739,1,Rui Pereira
1065,316,418,8,2022-05-01,2022-05-08,2022-05-08,2022-05-08,7,55.05,0.0,1.82,56.87,11.07,45.8,0,0,0,8,Nikon Camera Ultra,Nikon,802.41,522.58,2021-02-15,2021-12-12,A,Cameras,0.11,medium,Lisboa,PT,professional,pct_of_retail,7_day,B,excellent,32.46,280.84,329.67,76.14,1.1739,1,Rosa Fernández
1066,317,1859,12,2022-04-28,2022-06-12,2022-06-12,2022-06-12,45,366.08,0.0,10.98,377.06,72.12,304.94,0,0,0,8,Nikon Camera Pro,Nikon,957.08,583.19,2021-06-19,2022-04-15,A,Cameras,0.11,medium,Évora,PT,student,pct_of_retail,flexible,B,good,0.0,334.98,626.94,156.43,1.8716,1,Fernando Rodrigues
1067,317,1285,7,2022-06-18,2022-06-25,2022-06-25,2022-06-25,7,60.3,0.0,2.95,63.25,13.57,49.68,0,0,0,8,Nikon Camera Pro,Nikon,957.08,583.19,2021-06-19,2022-04-15,A,Cameras,0.11,medium,Barcelona,ES,casual,pct_of_retail,7_day,A,damaged,0.0,334.98,626.94,156.43,1.8716,1,João Oliveira
1068,317,31,5,2022-07-07,2022-08-06,2022-08-09,2022-08-09,30,255.3,11.25,8.68,275.23,58.72,216.51,0,0,1,8,Nikon Camera Pro,Nikon,957.08,583.19,2021-06-19,2022-04-15,A,Cameras,0.11,medium,Madrid,ES,business,flat_rate,flexible,A,excellent,0.0,334.98,626.94,156.43,1.8716,1,Isabel Ferreira
1069,317,1250,8,2022-08-14,2022-08-21,2022-08-21,2022-08-21,7,65.66,0.0,2.17,67.83,12.02,55.81,0,0,0,8,Nikon Camera Pro,Nikon,957.08,583.19,2021-06-19,2022-04-15,A,Cameras,0.11,medium,Leiria,PT,professional,pct_of_retail,7_day,B,excellent,0.0,334.98,626.94,156.43,1.8716,1,Marco Ferreira
1070,318,241,8,2024-12-05,2024-12-19,2024-12-19,2024-12-19,14,250.73,0.0,8.27,259.0,54.66,204.34,0,0,0,8,Canon Camera Plus,Canon,1721.3,1525.67,2024-01-23,2024-11-18,B,Cameras,0.11,medium,Madrid,ES,casual,pct_of_retail,7_day,B,fair,0.0,1204.91,204.34,54.66,0.1696,0,Filipa González
1071,319,823,12,2022-03-27,2022-05-11,2022-05-11,2022-05-11,45,145.22,0.0,4.36,149.58,34.85,114.73,0,0,0,8,Fujifilm Camera Pro,Fujifilm,379.67,221.99,2021-04-18,2022-02-12,A,Cameras,0.11,medium,Alicante,ES,casual,pct_of_retail,flexible,B,excellent,0.0,132.88,352.55,87.75,2.6531,1,Marta Rodrigues
1072,319,91,7,2022-06-14,2022-07-14,2022-07-14,2022-07-14,30,102.51,0.0,5.02,107.53,15.58,91.95,0,0,0,8,Fujifilm Camera Pro,Fujifilm,379.67,221.99,2021-04-18,2022-02-12,A,Cameras,0.11,medium,Zaragoza,ES,casual,pct_of_retail,7_day,A,damaged,0.0,132.88,352.55,87.75,2.6531,1,Nuno Pereira
1073,319,63,3,2022-07-25,2022-08-08,2022-08-08,2022-08-08,14,44.66,0.0,1.12,45.78,10.0,35.78,0,0,0,8,Fujifilm Camera Pro,Fujifilm,379.67,221.99,2021-04-18,2022-02-12,A,Cameras,0.11,medium,Barcelona,ES,casual,flat_rate,30_day,A,good,0.0,132.88,352.55,87.75,2.6531,1,Ricardo García
1074,319,242,2,2022-08-16,2022-09-15,2022-09-15,2022-09-15,30,132.0,0.0,5.41,137.41,27.32,110.09,0,0,0,8,Fujifilm Camera Pro,Fujifilm,379.67,221.99,2021-04-18,2022-02-12,A,Cameras,0.11,medium,Bilbao,ES,professional,flat_rate,7_day,B,good,0.0,132.88,352.55,87.75,2.6531,1,Beatriz Sánchez
1075,321,1042,8,2024-03-28,2024-04-11,2024-04-11,2024-04-11,14,227.48,0.0,7.51,234.99,36.17,198.82,0,0,0,8,Sony Camera SE,Sony,1658.0,1354.02,2023-04-21,2024-02-15,A,Cameras,0.11,medium,Porto,PT,professional,pct_of_retail,7_day,B,good,0.0,994.8,1005.44,244.19,1.0107,1,Pedro Fernández
1076,321,1402,7,2024-04-19,2024-04-26,2024-04-26,2024-04-26,7,104.45,0.0,5.12,109.57,19.53,90.04,0,0,0,8,Sony Camera SE,Sony,1658.0,1354.02,2023-04-21,2024-02-15,A,Cameras,0.11,medium,Valencia,ES,business,pct_of_retail,7_day,A,good,0.0,994.8,1005.44,244.19,1.0107,1,Tiago Rodrigues
1077,321,490,12,2024-05-06,2024-06-05,2024-06-05,2024-06-05,30,422.79,0.0,12.68,435.47,98.51,336.96,0,0,0,8,Sony Camera SE,Sony,1658.0,1354.02,2023-04-21,2024-02-15,A,Cameras,0.11,medium,Funchal,PT,business,pct_of_retail,flexible,B,fair,0.0,994.8,1005.44,244.19,1.0107,1,Pablo Costa
1078,321,810,7,2024-06-16,2024-07-16,2024-07-16,2024-07-16,30,447.66,0.0,21.94,469.6,89.98,379.62,0,0,0,8,Sony Camera SE,Sony,1658.0,1354.02,2023-04-21,2024-02-15,A,Cameras,0.11,medium,Zaragoza,ES,professional,pct_of_retail,7_day,A,good,0.0,994.8,1005.44,244.19,1.0107,1,João Sánchez
1079,323,1293,4,2023-01-09,2023-01-23,2023-01-23,2023-01-23,14,65.1,0.0,1.89,66.99,12.11,54.88,0,0,0,8,Canon Camera Ultra,Canon,735.23,450.0,2022-02-21,2022-12-18,A,Cameras,0.11,medium,Valencia,ES,business,flat_rate,30_day,B,good,0.0,294.09,771.4,161.12,2.623,1,Isabel Pereira
1080,323,1292,7,2023-02-26,2023-03-28,2023-03-28,2023-03-28,30,198.51,0.0,9.73,208.24,33.75,174.49,0,0,0,8,Canon Camera Ultra,Canon,735.23,450.0,2022-02-21,2022-12-18,A,Cameras,0.11,medium,Setúbal,PT,business,pct_of_retail,7_day,A,good,25.21,294.09,771.4,161.12,2.623,1,Inês Rodrigues
1081,323,1267,8,2023-04-06,2023-05-21,2023-05-21,2023-05-21,45,324.24,0.0,10.7,334.94,49.93,285.01,0,0,0,8,Canon Camera Ultra,Canon,735.23,450.0,2022-02-21,2022-12-18,A,Cameras,0.11,medium,Madrid,ES,business,pct_of_retail,7_day,B,excellent,10.8,294.09,771.4,161.12,2.623,1,Diego González
1082,323,1415,10,2023-05-26,2023-06-09,2023-06-09,2023-06-09,14,101.9,0.0,2.65,104.55,23.84,80.71,0,0,0,8,Canon Camera Ultra,Canon,735.23,450.0,2022-02-21,2022-12-18,A,Cameras,0.11,medium,Bilbao,ES,business,pct_of_retail,30_day,B,good,0.0,294.09,771.4,161.12,2.623,1,Inês Rodrigues
1083,323,1214,7,2023-06-17,2023-07-17,2023-07-21,2023-07-21,30,198.51,9.56,9.73,217.8,41.49,176.31,0,0,1,8,Canon Camera Ultra,Canon,735.23,450.0,2022-02-21,2022-12-18,A,Cameras,0.11,medium,Lisboa,PT,professional,pct_of_retail,7_day,A,good,47.77,294.09,771.4,161.12,2.623,1,Fernando Fernández
1084,324,464,4,2024-03-04,2024-04-03,2024-04-03,2024-04-03,30,139.5,0.0,4.05,143.55,28.32,115.23,0,0,0,8,Canon Camera Lite,Canon,832.9,657.07,2023-04-05,2024-01-30,C,Cameras,0.11,medium,Braga,PT,professional,flat_rate,30_day,B,excellent,45.74,499.74,805.54,177.31,1.6119,1,Inês Pereira
1085,324,1940,11,2024-04-08,2024-05-23,2024-05-23,2024-05-23,45,476.0,0.0,18.09,494.09,76.64,417.45,0,0,0,8,Canon Camera Lite,Canon,832.9,657.07,2023-04-05,2024-01-30,C,Cameras,0.11,medium,Sevilla,ES,business,pct_of_retail,flexible,A,good,0.0,499.74,805.54,177.31,1.6119,1,Isabel Ferreira
1086,324,737,10,2024-06-03,2024-07-03,2024-07-03,2024-07-03,30,247.37,0.0,6.43,253.8,53.18,200.62,0,0,0,8,Canon Camera Lite,Canon,832.9,657.07,2023-04-05,2024-01-30,C,Cameras,0.11,medium,Málaga,ES,professional,pct_of_retail,30_day,B,good,0.0,499.74,805.54,177.31,1.6119,1,Lucia Sánchez
1087,324,1404,1,2024-07-13,2024-07-27,2024-07-27,2024-07-27,14,89.18,0.0,2.23,91.41,19.17,72.24,0,0,0,8,Canon Camera Lite,Canon,832.9,657.07,2023-04-05,2024-01-30,C,Cameras,0.11,medium,Aveiro,PT,professional,flat_rate,7_day,A,excellent,4.06,499.74,805.54,177.31,1.6119,1,Sara Silva
1088,325,920,9,2023-11-25,2023-12-09,2023-12-09,2023-12-09,14,196.01,0.0,5.49,201.5,44.3,157.2,0,0,0,8,Nikon Camera Pro,Nikon,1134.08,928.84,2023-01-23,2023-11-19,C,Cameras,0.11,medium,Aveiro,PT,student,pct_of_retail,30_day,A,excellent,0.0,680.45,819.6,168.66,1.2045,1,Marta Santos
1089,325,1850,9,2023-12-21,2024-02-04,2024-02-04,2024-02-04,45,619.52,0.0,17.35,636.87,98.5,538.37,0,0,0,8,Nikon Camera Pro,Nikon,1134.08,928.84,2023-01-23,2023-11-19,C,Cameras,0.11,medium,Zaragoza,ES,professional,pct_of_retail,30_day,A,fair,0.0,680.45,819.6,168.66,1.2045,1,Ana Martínez
1090,325,1130,7,2024-03-27,2024-04-10,2024-04-10,2024-04-10,14,142.89,0.0,7.0,149.89,25.86,124.03,0,0,0,8,Nikon Camera Pro,Nikon,1134.08,928.84,2023-01-23,2023-11-19,C,Cameras,0.11,medium,Funchal,PT,business,pct_of_retail,7_day,A,good,0.0,680.45,819.6,168.66,1.2045,1,Filipa Sousa
1091,326,1266,2,2023-12-10,2023-12-17,2023-12-17,2023-12-17,7,34.59,0.0,1.42,36.01,8.47,27.54,0,0,0,8,Nikon Camera Max,Nikon,450.18,318.57,2023-01-28,2023-11-24,B,Cameras,0.11,medium,Évora,PT,student,flat_rate,7_day,B,fair,6.55,270.11,179.52,47.75,0.6646,0,Ana Pereira
1092,326,901,5,2023-12-31,2024-01-07,2024-01-07,2024-01-07,7,65.83,0.0,2.24,68.07,14.02,54.05,0,0,0,8,Nikon Camera Max,Nikon,450.18,318.57,2023-01-28,2023-11-24,B,Cameras,0.11,medium,Sevilla,ES,professional,flat_rate,flexible,A,fair,0.0,270.11,179.52,47.75,0.6646,0,Ricardo Oliveira
1093,326,1280,5,2024-02-21,2024-03-06,2024-03-06,2024-03-06,14,119.14,0.0,4.05,123.19,25.26,97.93,0,0,0,8,Nikon Camera Max,Nikon,450.18,318.57,2023-01-28,2023-11-24,B,Cameras,0.11,medium,Porto,PT,casual,flat_rate,flexible,A,good,18.42,270.11,179.52,47.75,0.6646,0,Sara Silva
1094,327,960,12,2022-02-02,2022-03-04,2022-03-04,2022-03-04,30,219.22,0.0,6.58,225.8,42.75,183.05,0,0,0,8,Sony Camera SE,Sony,859.69,590.88,2021-03-02,2021-12-27,B,Cameras,0.11,medium,Faro,PT,professional,pct_of_retail,flexible,B,good,0.0,300.89,769.01,205.93,2.5558,1,Marco Martins
1095,327,175,7,2022-03-18,2022-04-01,2022-04-01,2022-04-01,14,108.32,0.0,5.31,113.63,23.51,90.12,0,0,0,8,Sony Camera SE,Sony,859.69,590.88,2021-03-02,2021-12-27,B,Cameras,0.11,medium,Barcelona,ES,business,pct_of_retail,7_day,A,excellent,0.0,300.89,769.01,205.93,2.5558,1,Elena Costa
1096,327,169,3,2022-04-13,2022-04-27,2022-04-27,2022-04-27,14,44.66,0.0,1.12,45.78,7.41,38.37,0,0,0,8,Sony Camera SE,Sony,859.69,590.88,2021-03-02,2021-12-27,B,Cameras,0.11,medium,Évora,PT,business,flat_rate,30_day,A,excellent,0.0,300.89,769.01,205.93,2.5558,1,Maria Santos
1097,327,1982,12,2022-05-04,2022-05-18,2022-05-18,2022-05-18,14,102.3,0.0,3.07,105.37,18.93,86.44,0,0,0,8,Sony Camera SE,Sony,859.69,590.88,2021-03-02,2021-12-27,B,Cameras,0.11,medium,Funchal,PT,student,pct_of_retail,flexible,B,fair,0.0,300.89,769.01,205.93,2.5558,1,Rafael Pereira
1098,327,597,1,2022-06-17,2022-07-01,2022-07-01,2022-07-01,14,89.18,0.0,2.23,91.41,18.73,72.68,0,0,0,8,Sony Camera SE,Sony,859.69,590.88,2021-03-02,2021-12-27,B,Cameras,0.11,medium,Barcelona,ES,casual,flat_rate,7_day,A,good,0.0,300.89,769.01,205.93,2.5558,1,Marco Santos
1099,327,1661,10,2022-07-13,2022-08-27,2022-08-27,2022-08-27,45,382.99,0.0,9.96,392.95,94.6,298.35,0,0,0,8,Sony Camera SE,Sony,859.69,590.88,2021-03-02,2021-12-27,B,Cameras,0.11,medium,Zaragoza,ES,business,pct_of_retail,30_day,B,damaged,0.0,300.89,769.01,205.93,2.5558,1,João Costa
1100,328,1823,12,2023-10-25,2023-11-08,2023-11-08,2023-11-08,14,244.4,0.0,7.33,251.73,59.14,192.59,0,0,0,8,Fujifilm Camera SE,Fujifilm,2053.78,1615.02,2022-12-17,2023-10-13,C,Cameras,0.11,medium,Madrid,ES,business,pct_of_retail,flexible,B,excellent,0.0,1026.89,1583.11,380.18,1.5417,1,Pablo Santos
1101,328,17,11,2023-11-13,2023-11-27,2023-11-27,2023-11-27,14,413.77,0.0,15.72,429.49,82.75,346.74,0,0,0,8,Fujifilm Camera SE,Fujifilm,2053.78,1615.02,2022-12-17,2023-10-13,C,Cameras,0.11,medium,Faro,PT,professional,pct_of_retail,flexible,A,excellent,0.0,1026.89,1583.11,380.18,1.5417,1,Ana Jesus
1102,328,1063,11,2023-12-04,2024-01-03,2024-01-03,2024-01-03,30,859.56,0.0,32.66,892.22,156.44,735.78,0,0,0,8,Fujifilm Camera SE,Fujifilm,2053.78,1615.02,2022-12-17,2023-10-13,C,Cameras,0.11,medium,Funchal,PT,professional,pct_of_retail,flexible,A,excellent,0.0,1026.89,1583.11,380.18,1.5417,1,André García
1103,328,712,12,2024-01-13,2024-01-20,2024-01-20,2024-01-20,7,122.2,0.0,3.67,125.87,25.17,100.7,0,0,0,8,Fujifilm Camera SE,Fujifilm,2053.78,1615.02,2022-12-17,2023-10-13,C,Cameras,0.11,medium,Funchal,PT,business,pct_of_retail,flexible,B,fair,0.0,1026.89,1583.11,380.18,1.5417,1,Tiago Santos
1104,328,1546,5,2024-01-29,2024-02-28,2024-02-28,2024-02-28,30,255.3,0.0,8.68,263.98,56.68,207.3,0,0,0,8,Fujifilm Camera SE,Fujifilm,2053.78,1615.02,2022-12-17,2023-10-13,C,Cameras,0.11,medium,Évora,PT,professional,flat_rate,flexible,A,excellent,0.0,1026.89,1583.11,380.18,1.5417,1,Pedro Fernández
1105,329,1797,8,2024-03-14,2024-04-13,2024-04-13,2024-04-13,30,349.47,0.0,11.53,361.0,86.67,274.33,0,0,0,8,Sony Camera Max,Sony,1188.69,877.0,2023-04-05,2024-01-30,B,Cameras,0.11,medium,Zaragoza,ES,business,pct_of_retail,7_day,B,fair,40.01,713.21,435.9,131.22,0.6112,0,Rafael Silva
1106,329,1609,2,2024-04-20,2024-06-04,2024-06-04,2024-06-04,45,198.0,0.0,8.12,206.12,44.55,161.57,0,0,0,8,Sony Camera Max,Sony,1188.69,877.0,2023-04-05,2024-01-30,B,Cameras,0.11,medium,Funchal,PT,professional,flat_rate,7_day,B,good,0.0,713.21,435.9,131.22,0.6112,0,Pablo Sánchez
1107,331,194,7,2024-08-12,2024-08-26,2024-08-26,2024-08-26,14,171.57,0.0,8.41,179.98,30.37,149.61,0,0,0,8,Sony Camera Pro,Sony,1361.67,1144.49,2023-09-20,2024-07-16,A,Cameras,0.11,medium,Funchal,PT,business,pct_of_retail,7_day,A,excellent,27.91,953.17,1199.16,288.5,1.2581,1,Miguel Costa
1108,331,877,9,2024-08-31,2024-10-15,2024-10-15,2024-10-15,45,674.03,0.0,18.87,692.9,149.63,543.27,0,0,0,8,Sony Camera Pro,Sony,1361.67,1144.49,2023-09-20,2024-07-16,A,Cameras,0.11,medium,Coimbra,PT,professional,pct_of_retail,30_day,A,excellent,0.0,953.17,1199.16,288.5,1.2581,1,Marco Silva
1109,331,573,6,2024-10-23,2024-11-22,2024-11-22,2024-11-22,30,302.1,0.0,6.34,308.44,60.72,247.72,0,0,0,8,Sony Camera Pro,Sony,1361.67,1144.49,2023-09-20,2024-07-16,A,Cameras,0.11,medium,Leiria,PT,professional,flat_rate,flexible,B,good,0.0,953.17,1199.16,288.5,1.2581,1,Isabel López
1110,331,78,11,2024-11-30,2024-12-14,2024-12-17,2024-12-17,14,273.04,22.92,10.38,306.34,47.78,258.56,0,0,1,8,Sony Camera Pro,Sony,1361.67,1144.49,2023-09-20,2024-07-16,A,Cameras,0.11,medium,Braga,PT,casual,pct_of_retail,flexible,A,damaged,0.0,953.17,1199.16,288.5,1.2581,1,Beatriz Silva
1111,332,1232,10,2021-11-29,2021-12-29,2021-12-29,2021-12-29,30,578.3,0.0,15.04,593.34,116.82,476.52,0,0,0,8,Canon Camera SE,Canon,1698.9,1128.33,2021-01-04,2021-10-31,C,Cameras,0.11,medium,Coimbra,PT,professional,pct_of_retail,30_day,B,good,0.0,594.62,1220.26,304.49,2.0522,1,Catarina Sánchez
1112,332,1533,3,2022-01-29,2022-02-05,2022-02-08,2022-02-08,7,22.33,20.97,0.56,43.86,5.4,38.46,0,0,1,8,Canon Camera SE,Canon,1698.9,1128.33,2021-01-04,2021-10-31,C,Cameras,0.11,medium,Sevilla,ES,professional,flat_rate,30_day,A,excellent,0.0,594.62,1220.26,304.49,2.0522,1,Carmen Fernández
1113,332,1005,2,2022-02-15,2022-03-17,2022-03-17,2022-03-17,30,132.0,0.0,5.41,137.41,28.12,109.29,0,0,0,8,Canon Camera SE,Canon,1698.9,1128.33,2021-01-04,2021-10-31,C,Cameras,0.11,medium,Sevilla,ES,professional,flat_rate,7_day,B,damaged,0.0,594.62,1220.26,304.49,2.0522,1,Luísa Pereira
1114,332,1369,7,2022-03-24,2022-04-23,2022-04-23,2022-04-23,30,458.7,0.0,22.48,481.18,96.33,384.85,0,0,0,8,Canon Camera SE,Canon,1698.9,1128.33,2021-01-04,2021-10-31,C,Cameras,0.11,medium,Faro,PT,professional,pct_of_retail,7_day,A,excellent,0.0,594.62,1220.26,304.49,2.0522,1,Catarina Sousa
1115,332,403,9,2022-05-05,2022-05-19,2022-05-19,2022-05-19,14,261.63,0.0,7.33,268.96,57.82,211.14,0,0,0,8,Canon Camera SE,Canon,1698.9,1128.33,2021-01-04,2021-10-31,C,Cameras,0.11,medium,Málaga,ES,professional,pct_of_retail,30_day,A,good,0.0,594.62,1220.26,304.49,2.0522,1,Marta Martínez
1116,333,450,7,2023-09-02,2023-09-09,2023-09-09,2023-09-09,7,46.19,0.0,2.26,48.45,8.36,40.09,0,0,0,8,Canon Camera Ultra,Canon,733.25,574.4,2022-11-06,2023-09-02,A,Cameras,0.11,medium,Lisboa,PT,casual,pct_of_retail,7_day,A,excellent,17.89,366.62,897.32,210.63,2.4475,1,Marta García
1117,333,1976,7,2023-09-15,2023-10-30,2023-10-30,2023-10-30,45,296.97,0.0,14.55,311.52,45.44,266.08,0,0,0,8,Canon Camera Ultra,Canon,733.25,574.4,2022-11-06,2023-09-02,A,Cameras,0.11,medium,Coimbra,PT,business,pct_of_retail,7_day,A,good,0.0,366.62,897.32,210.63,2.4475,1,Beatriz López
1118,333,838,9,2023-11-07,2023-12-22,2023-12-22,2023-12-22,45,408.77,0.0,11.45,420.22,94.83,325.39,0,0,0,8,Canon Camera Ultra,Canon,733.25,574.4,2022-11-06,2023-09-02,A,Cameras,0.11,medium,Évora,PT,casual,pct_of_retail,30_day,A,good,0.0,366.62,897.32,210.63,2.4475,1,Catarina Sánchez
1119,333,190,7,2023-12-27,2024-01-10,2024-01-10,2024-01-10,14,99.45,0.0,4.87,104.32,20.19,84.13,0,0,0,8,Canon Camera Ultra,Canon,733.25,574.4,2022-11-06,2023-09-02,A,Cameras,0.11,medium,Málaga,ES,business,pct_of_retail,7_day,A,good,0.0,366.62,897.32,210.63,2.4475,1,Sara Oliveira
1120,333,338,10,2024-02-19,2024-03-20,2024-03-20,2024-03-20,30,217.78,0.0,5.66,223.44,41.81,181.63,0,0,0,8,Canon Camera Ultra,Canon,733.25,574.4,2022-11-06,2023-09-02,A,Cameras,0.11,medium,Valencia,ES,professional,pct_of_retail,30_day,B,good,0.0,366.62,897.32,210.63,2.4475,1,Pablo Fernández
1121,334,1721,5,2023-04-26,2023-05-26,2023-05-26,2023-05-26,30,255.3,0.0,8.68,263.98,60.25,203.73,0,0,0,8,Sony Camera Plus,Sony,671.1,469.67,2022-05-26,2023-03-22,C,Cameras,0.11,medium,Barcelona,ES,casual,flat_rate,flexible,A,excellent,0.0,268.44,1032.0,226.85,3.8444,1,Isabel Fernández
1122,334,984,7,2023-06-14,2023-07-14,2023-07-14,,30,181.2,0.0,8.88,190.08,28.09,161.99,1,1,0,8,Sony Camera Plus,Sony,671.1,469.67,2022-05-26,2023-03-22,C,Cameras,0.11,medium,Bilbao,ES,professional,pct_of_retail,7_day,A,,,268.44,1032.0,226.85,3.8444,1,Pablo Jesus
1123,334,43,10,2023-07-26,2023-08-09,2023-08-09,2023-08-09,14,93.01,0.0,2.42,95.43,14.14,81.29,0,0,0,8,Sony Camera Plus,Sony,671.1,469.67,2022-05-26,2023-03-22,C,Cameras,0.11,medium,Bilbao,ES,professional,pct_of_retail,30_day,B,excellent,0.0,268.44,1032.0,226.85,3.8444,1,Sara Rodrigues
1124,334,1530,12,2023-08-22,2023-10-06,2023-10-06,2023-10-06,45,256.7,0.0,7.7,264.4,38.5,225.9,0,0,0,8,Sony Camera Plus,Sony,671.1,469.67,2022-05-26,2023-03-22,C,Cameras,0.11,medium,Sevilla,ES,business,pct_of_retail,flexible,B,fair,0.0,268.44,1032.0,226.85,3.8444,1,Beatriz Santos
1125,334,881,10,2023-10-14,2023-11-13,2023-11-13,2023-11-13,30,199.32,0.0,5.18,204.5,40.26,164.24,0,0,0,8,Sony Camera Plus,Sony,671.1,469.67,2022-05-26,2023-03-22,C,Cameras,0.11,medium,Bilbao,ES,professional,pct_of_retail,30_day,B,good,0.0,268.44,1032.0,226.85,3.8444,1,Rui López
1126,334,392,9,2023-11-27,2023-12-27,2023-12-27,2023-12-27,30,233.91,0.0,6.55,240.46,45.61,194.85,0,0,0,8,Sony Camera Plus,Sony,671.1,469.67,2022-05-26,2023-03-22,C,Cameras,0.11,medium,Faro,PT,professional,pct_of_retail,30_day,A,good,0.0,268.44,1032.0,226.85,3.8444,1,João Oliveira
1127,335,563,10,2024-08-06,2024-09-05,2024-09-05,2024-09-05,30,466.8,0.0,12.14,478.94,82.62,396.32,0,0,0,8,Nikon Camera X,Nikon,1571.72,1429.34,2023-10-03,2024-07-29,A,Cameras,0.11,medium,Barcelona,ES,professional,pct_of_retail,30_day,B,excellent,0.0,1100.2,817.27,196.97,0.7428,0,Isabel Ferreira
1128,335,293,11,2024-09-13,2024-09-27,2024-09-27,2024-09-27,14,279.45,0.0,10.62,290.07,64.55,225.52,0,0,0,8,Nikon Camera X,Nikon,1571.72,1429.34,2023-10-03,2024-07-29,A,Cameras,0.11,medium,Zaragoza,ES,professional,pct_of_retail,flexible,A,excellent,0.0,1100.2,817.27,196.97,0.7428,0,Fernando González
1129,335,1048,1,2024-10-08,2024-10-15,2024-10-15,2024-10-15,7,44.59,0.0,1.11,45.7,9.99,35.71,0,0,0,8,Nikon Camera X,Nikon,1571.72,1429.34,2023-10-03,2024-07-29,A,Cameras,0.11,medium,Porto,PT,business,flat_rate,7_day,A,excellent,0.0,1100.2,817.27,196.97,0.7428,0,Rosa Martínez
1130,335,1238,3,2024-10-22,2024-11-21,2024-11-24,2024-11-24,30,95.7,20.97,2.39,119.06,23.26,95.8,0,0,1,8,Nikon Camera X,Nikon,1571.72,1429.34,2023-10-03,2024-07-29,A,Cameras,0.11,medium,Málaga,ES,student,flat_rate,30_day,A,good,0.0,1100.2,817.27,196.97,0.7428,0,Rui Martínez
1131,335,1883,6,2024-12-05,2024-12-12,2024-12-12,2024-12-12,7,78.81,0.0,1.66,80.47,16.55,63.92,0,0,0,8,Nikon Camera X,Nikon,1571.72,1429.34,2023-10-03,2024-07-29,A,Cameras,0.11,medium,Alicante,ES,casual,flat_rate,flexible,B,damaged,0.0,1100.2,817.27,196.97,0.7428,0,Carlos Ferreira
1132,336,1306,2,2023-01-13,2023-01-20,2023-01-20,2023-01-20,7,30.8,0.0,1.26,32.06,7.3,24.76,0,0,0,8,Canon Camera SE,Canon,993.98,630.34,2022-03-11,2023-01-05,A,Cameras,0.11,medium,Valencia,ES,professional,flat_rate,7_day,B,damaged,27.04,397.59,456.87,108.28,1.1491,1,Rosa Sousa
1133,336,594,9,2023-02-18,2023-03-04,2023-03-04,2023-03-04,14,153.07,0.0,4.29,157.36,23.88,133.48,0,0,0,8,Canon Camera SE,Canon,993.98,630.34,2022-03-11,2023-01-05,A,Cameras,0.11,medium,Valencia,ES,student,pct_of_retail,30_day,A,excellent,25.47,397.59,456.87,108.28,1.1491,1,Sara Ferreira
1134,336,209,8,2023-03-13,2023-04-12,2023-04-17,2023-04-17,30,292.23,12.95,9.64,314.82,66.34,248.48,0,0,1,8,Canon Camera SE,Canon,993.98,630.34,2022-03-11,2023-01-05,A,Cameras,0.11,medium,Braga,PT,professional,pct_of_retail,7_day,B,fair,0.0,397.59,456.87,108.28,1.1491,1,Sara Costa
1135,336,1267,12,2023-04-23,2023-04-30,2023-04-30,2023-04-30,7,59.14,0.0,1.77,60.91,10.76,50.15,0,0,0,8,Canon Camera SE,Canon,993.98,630.34,2022-03-11,2023-01-05,A,Cameras,0.11,medium,Madrid,ES,business,pct_of_retail,flexible,B,fair,0.0,397.59,456.87,108.28,1.1491,1,Diego González
1136,337,637,8,2022-01-18,2022-02-01,2022-02-01,2022-02-01,14,42.76,0.0,1.41,44.17,7.01,37.16,0,0,0,8,Canon Camera SE,Canon,311.68,190.17,2021-03-05,2021-12-30,B,Cameras,0.11,medium,Aveiro,PT,professional,pct_of_retail,7_day,B,good,0.0,109.09,385.43,80.42,3.5331,1,Sofia Rodrigues
1137,337,1666,1,2022-02-11,2022-03-13,2022-03-13,2022-03-13,30,191.1,0.0,4.78,195.88,35.35,160.53,0,0,0,8,Canon Camera SE,Canon,311.68,190.17,2021-03-05,2021-12-30,B,Cameras,0.11,medium,Madrid,ES,professional,flat_rate,7_day,A,good,0.0,109.09,385.43,80.42,3.5331,1,Tiago Silva
1138,337,67,12,2022-03-19,2022-04-18,2022-04-18,2022-04-18,30,79.48,0.0,2.38,81.86,14.23,67.63,0,0,0,8,Canon Camera SE,Canon,311.68,190.17,2021-03-05,2021-12-30,B,Cameras,0.11,medium,Funchal,PT,student,pct_of_retail,flexible,B,good,0.0,109.09,385.43,80.42,3.5331,1,Lucia Rodrigues
1139,337,969,6,2022-04-29,2022-05-13,2022-05-13,2022-05-13,14,140.98,0.0,2.96,143.94,23.83,120.11,0,0,0,8,Canon Camera SE,Canon,311.68,190.17,2021-03-05,2021-12-30,B,Cameras,0.11,medium,Madrid,ES,business,flat_rate,flexible,B,excellent,0.0,109.09,385.43,80.42,3.5331,1,Rui Costa
1140,338,1700,9,2024-12-21,2025-01-04,2025-01-04,2025-01-04,14,152.91,0.0,4.28,157.19,23.24,133.95,0,0,0,8,Fujifilm Camera Lite,Fujifilm,910.02,813.16,2024-02-21,2024-12-17,C,Cameras,0.11,medium,Barcelona,ES,casual,pct_of_retail,30_day,A,fair,0.0,637.01,133.95,23.24,0.2103,0,Luísa Oliveira
1141,340,1554,12,2021-12-06,2021-12-20,2021-12-20,2021-12-20,14,188.27,0.0,5.65,193.92,44.81,149.11,0,0,0,8,Sony Camera Ultra,Sony,1407.08,799.9,2021-01-26,2021-11-22,B,Cameras,0.11,medium,Faro,PT,professional,pct_of_retail,flexible,B,excellent,0.0,492.48,995.42,268.35,2.0212,1,Isabel Oliveira
1142,340,850,11,2021-12-25,2022-01-08,2022-01-08,2022-01-08,14,287.55,0.0,10.93,298.48,56.07,242.41,0,0,0,8,Sony Camera Ultra,Sony,1407.08,799.9,2021-01-26,2021-11-22,B,Cameras,0.11,medium,Évora,PT,professional,pct_of_retail,flexible,A,good,0.0,492.48,995.42,268.35,2.0212,1,Miguel Santos
1143,340,1305,6,2022-01-22,2022-02-05,2022-02-10,2022-02-10,14,140.98,25.45,2.96,169.39,28.2,141.19,0,0,1,8,Sony Camera Ultra,Sony,1407.08,799.9,2021-01-26,2021-11-22,B,Cameras,0.11,medium,Bilbao,ES,professional,flat_rate,flexible,B,fair,0.0,492.48,995.42,268.35,2.0212,1,André Rodrigues
1144,340,238,9,2022-02-17,2022-02-24,2022-02-24,2022-02-24,7,108.35,0.0,3.03,111.38,26.44,84.94,0,0,0,8,Sony Camera Ultra,Sony,1407.08,799.9,2021-01-26,2021-11-22,B,Cameras,0.11,medium,Alicante,ES,business,pct_of_retail,30_day,A,damaged,0.0,492.48,995.42,268.35,2.0212,1,André Sousa
1145,340,198,9,2022-03-09,2022-04-08,2022-04-14,2022-04-14,30,464.34,13.26,13.0,490.6,112.83,377.77,0,0,1,8,Sony Camera Ultra,Sony,1407.08,799.9,2021-01-26,2021-11-22,B,Cameras,0.11,medium,Funchal,PT,professional,pct_of_retail,30_day,A,good,0.0,492.48,995.42,268.35,2.0212,1,Marta Martins
1146,341,5,2,2023-07-13,2023-07-20,2023-07-20,2023-07-20,7,30.8,0.0,1.26,32.06,6.04,26.02,0,0,0,8,Sony Camera Plus,Sony,2035.83,1455.34,2022-09-11,2023-07-08,C,Cameras,0.11,medium,Lisboa,PT,business,flat_rate,7_day,B,good,0.0,1017.91,887.32,186.38,0.8717,0,Ricardo Costa
1147,341,1146,2,2023-08-01,2023-08-15,2023-08-15,2023-08-15,14,61.6,0.0,2.53,64.13,9.49,54.64,0,0,0,8,Sony Camera Plus,Sony,2035.83,1455.34,2022-09-11,2023-07-08,C,Cameras,0.11,medium,Alicante,ES,student,flat_rate,7_day,B,good,0.0,1017.91,887.32,186.38,0.8717,0,Rui Sousa
1148,341,1041,11,2023-08-26,2023-09-09,2023-09-09,2023-09-09,14,361.97,0.0,13.75,375.72,59.36,316.36,0,0,0,8,Sony Camera Plus,Sony,2035.83,1455.34,2022-09-11,2023-07-08,C,Cameras,0.11,medium,Málaga,ES,professional,pct_of_retail,flexible,A,fair,0.0,1017.91,887.32,186.38,0.8717,0,Pablo Silva
1149,341,844,11,2023-09-21,2023-09-28,2023-09-28,2023-09-28,7,180.99,0.0,6.88,187.87,29.68,158.19,0,0,0,8,Sony Camera Plus,Sony,2035.83,1455.34,2022-09-11,2023-07-08,C,Cameras,0.11,medium,Setúbal,PT,business,pct_of_retail,flexible,A,good,0.0,1017.91,887.32,186.38,0.8717,0,Marta Oliveira
1150,341,294,11,2023-10-05,2023-10-19,2023-10-24,2023-10-24,14,361.97,38.2,13.75,413.92,81.81,332.11,0,0,1,8,Sony Camera Plus,Sony,2035.83,1455.34,2022-09-11,2023-07-08,C,Cameras,0.11,medium,Faro,PT,student,pct_of_retail,flexible,A,excellent,0.0,1017.91,887.32,186.38,0.8717,0,Marta Santos
1151,342,1865,9,2022-01-21,2022-03-07,2022-03-07,2022-03-07,45,211.65,0.0,5.93,217.58,43.81,173.77,0,0,0,8,Nikon Camera Pro,Nikon,427.57,205.86,2021-02-16,2021-12-13,A,Cameras,0.11,medium,Valencia,ES,professional,pct_of_retail,30_day,A,excellent,0.0,149.65,1041.76,241.56,6.9613,1,Carlos Rodrigues
1152,342,375,9,2022-03-12,2022-04-26,2022-04-26,2022-04-26,45,211.65,0.0,5.93,217.58,34.29,183.29,0,0,0,8,Nikon Camera Pro,Nikon,427.57,205.86,2021-02-16,2021-12-13,A,Cameras,0.11,medium,Setúbal,PT,professional,pct_of_retail,30_day,A,good,17.81,149.65,1041.76,241.56,6.9613,1,Diego Sánchez
1153,342,757,10,2022-05-01,2022-05-31,2022-05-31,2022-05-31,30,126.99,0.0,3.3,130.29,30.86,99.43,0,0,0,8,Nikon Camera Pro,Nikon,427.57,205.86,2021-02-16,2021-12-13,A,Cameras,0.11,medium,Aveiro,PT,professional,pct_of_retail,30_day,B,excellent,0.0,149.65,1041.76,241.56,6.9613,1,Pablo Sánchez
1154,342,748,9,2022-06-05,2022-06-19,2022-06-19,2022-06-19,14,65.85,0.0,1.84,67.69,11.52,56.17,0,0,0,8,Nikon Camera Pro,Nikon,427.57,205.86,2021-02-16,2021-12-13,A,Cameras,0.11,medium,Braga,PT,student,pct_of_retail,30_day,A,good,0.0,149.65,1041.76,241.56,6.9613,1,Diogo Ferreira
1155,342,606,5,2022-06-24,2022-07-24,2022-07-24,2022-07-24,30,255.3,0.0,8.68,263.98,41.1,222.88,0,0,0,8,Nikon Camera Pro,Nikon,427.57,205.86,2021-02-16,2021-12-13,A,Cameras,0.11,medium,Évora,PT,student,flat_rate,flexible,A,good,0.0,149.65,1041.76,241.56,6.9613,1,Rosa Sousa
1156,342,1478,1,2022-08-03,2022-08-10,2022-08-10,2022-08-10,7,44.59,0.0,1.11,45.7,6.78,38.92,0,0,0,8,Nikon Camera Pro,Nikon,427.57,205.86,2021-02-16,2021-12-13,A,Cameras,0.11,medium,Coimbra,PT,casual,flat_rate,7_day,A,good,0.0,149.65,1041.76,241.56,6.9613,1,Filipa Santos
1157,342,1489,6,2022-08-18,2022-09-17,2022-09-17,2022-09-17,30,302.1,0.0,6.34,308.44,67.07,241.37,0,0,0,8,Nikon Camera Pro,Nikon,427.57,205.86,2021-02-16,2021-12-13,A,Cameras,0.11,medium,Zaragoza,ES,business,flat_rate,flexible,B,excellent,0.0,149.65,1041.76,241.56,6.9613,1,Luísa Sánchez
1158,342,1062,2,2022-10-01,2022-10-08,2022-10-08,2022-10-08,7,30.8,0.0,1.26,32.06,6.13,25.93,0,0,0,8,Nikon Camera Pro,Nikon,427.57,205.86,2021-02-16,2021-12-13,A,Cameras,0.11,medium,Lisboa,PT,student,flat_rate,7_day,B,excellent,0.0,149.65,1041.76,241.56,6.9613,1,Ricardo Rodrigues
1159,343,1016,12,2024-12-08,2024-12-15,2024-12-15,2024-12-15,7,41.37,0.0,1.24,42.61,8.94,33.67,0,0,0,8,Sony Camera,Sony,632.78,583.05,2024-02-10,2024-12-06,A,Cameras,0.11,medium,Lisboa,PT,business,pct_of_retail,flexible,B,good,0.0,442.95,33.67,8.94,0.076,0,André Rodrigues
1160,344,1910,5,2024-08-09,2024-08-23,2024-08-23,2024-08-23,14,119.14,0.0,4.05,123.19,18.94,104.25,0,0,0,8,Canon Camera X,Canon,2603.73,2314.04,2023-09-28,2024-07-24,A,Cameras,0.11,medium,Lisboa,PT,professional,flat_rate,flexible,A,excellent,11.78,1822.61,1692.08,331.89,0.9284,0,Elena Sánchez
1161,344,880,8,2024-10-13,2024-11-12,2024-11-12,2024-11-12,30,765.5,0.0,25.26,790.76,117.89,672.87,0,0,0,8,Canon Camera X,Canon,2603.73,2314.04,2023-09-28,2024-07-24,A,Cameras,0.11,medium,Évora,PT,professional,pct_of_retail,7_day,B,excellent,0.0,1822.61,1692.08,331.89,0.9284,0,Tiago Santos
1162,344,1386,12,2024-11-24,2025-01-08,2025-01-08,2025-01-08,45,1077.69,0.0,32.33,1110.02,195.06,914.96,0,0,0,8,Canon Camera X,Canon,2603.73,2314.04,2023-09-28,2024-07-24,A,Cameras,0.11,medium,Leiria,PT,casual,pct_of_retail,flexible,B,fair,0.0,1822.61,1692.08,331.89,0.9284,0,Lucia Fernández
1163,345,1918,7,2024-12-13,2024-12-27,2024-12-27,2024-12-27,14,69.23,0.0,3.39,72.62,11.35,61.27,0,0,0,8,Nikon Camera SE,Nikon,513.79,454.88,2024-02-02,2024-11-28,C,Cameras,0.11,medium,Alicante,ES,casual,pct_of_retail,7_day,A,good,0.0,359.65,61.27,11.35,0.1704,0,Carlos Ferreira
1164,346,421,10,2023-12-21,2024-01-04,2024-01-04,2024-01-04,14,144.38,0.0,3.75,148.13,32.63,115.5,0,0,0,8,Sony Camera Plus,Sony,954.38,761.7,2023-01-29,2023-11-25,B,Cameras,0.11,medium,Valencia,ES,professional,pct_of_retail,30_day,B,good,0.0,572.63,219.95,54.3,0.3841,0,Fernando Ferreira
1165,346,939,8,2024-02-24,2024-03-02,2024-03-02,2024-03-02,7,65.47,0.0,2.16,67.63,11.39,56.24,0,0,0,8,Sony Camera Plus,Sony,954.38,761.7,2023-01-29,2023-11-25,B,Cameras,0.11,medium,Porto,PT,professional,pct_of_retail,7_day,B,good,0.0,572.63,219.95,54.3,0.3841,0,Rafael Fernández
1166,346,628,12,2024-03-11,2024-03-18,2024-03-18,2024-03-18,7,56.79,0.0,1.7,58.49,10.28,48.21,0,0,0,8,Sony Camera Plus,Sony,954.38,761.7,2023-01-29,2023-11-25,B,Cameras,0.11,medium,Málaga,ES,professional,pct_of_retail,flexible,B,excellent,0.0,572.63,219.95,54.3,0.3841,0,Isabel García
1167,347,903,6,2024-11-10,2024-12-25,2024-12-25,2024-12-25,45,495.49,0.0,10.41,505.9,114.46,391.44,0,0,0,8,Fujifilm Camera Lite,Fujifilm,1783.77,1568.56,2024-01-08,2024-11-03,B,Cameras,0.11,medium,Barcelona,ES,student,flat_rate,flexible,B,excellent,0.0,1248.64,391.44,114.46,0.3135,0,Luísa Costa
1168,348,1129,4,2024-03-15,2024-04-14,2024-04-14,2024-04-14,30,139.5,0.0,4.05,143.55,28.46,115.09,0,0,0,8,Canon Camera Lite,Canon,454.16,394.88,2023-05-15,2024-03-10,B,Cameras,0.11,medium,Sevilla,ES,business,flat_rate,30_day,B,excellent,28.75,272.5,267.42,64.14,0.9814,0,Ricardo Sánchez
1169,348,439,12,2024-04-19,2024-05-19,2024-05-20,2024-05-20,30,115.81,3.18,3.47,122.46,22.24,100.22,0,0,1,8,Canon Camera Lite,Canon,454.16,394.88,2023-05-15,2024-03-10,B,Cameras,0.11,medium,Sevilla,ES,professional,pct_of_retail,flexible,B,good,0.0,272.5,267.42,64.14,0.9814,0,Lucia López
1170,348,1123,4,2024-05-27,2024-06-03,2024-06-03,2024-06-03,7,32.55,0.0,0.94,33.49,7.0,26.49,0,0,0,8,Canon Camera Lite,Canon,454.16,394.88,2023-05-15,2024-03-10,B,Cameras,0.11,medium,Alicante,ES,casual,flat_rate,30_day,B,good,0.0,272.5,267.42,64.14,0.9814,0,Beatriz López
1171,348,243,2,2024-08-28,2024-09-04,2024-09-04,2024-09-04,7,30.8,0.0,1.26,32.06,6.44,25.62,0,0,0,8,Canon Camera Lite,Canon,454.16,394.88,2023-05-15,2024-03-10,B,Cameras,0.11,medium,Braga,PT,business,flat_rate,7_day,B,good,45.25,272.5,267.42,64.14,0.9814,0,Miguel González
1172,351,868,10,2024-01-20,2024-02-19,2024-02-19,2024-02-19,30,681.54,0.0,17.72,699.26,122.0,577.26,0,0,0,9,LG TV Pro,LG,2294.76,1940.78,2023-03-01,2023-12-26,A,TVs,0.07,low,Aveiro,PT,professional,pct_of_retail,30_day,B,damaged,0.0,1606.33,3802.72,958.12,2.3673,1,Diego Oliveira
1173,351,1819,9,2024-03-04,2024-04-03,2024-04-06,2024-04-06,30,757.27,6.63,21.2,785.1,130.25,654.85,0,0,1,9,LG TV Pro,LG,2294.76,1940.78,2023-03-01,2023-12-26,A,TVs,0.07,low,Setúbal,PT,casual,pct_of_retail,30_day,A,damaged,0.0,1606.33,3802.72,958.12,2.3673,1,Marco Costa
1174,351,126,7,2024-04-19,2024-05-19,2024-05-19,2024-05-19,30,619.59,0.0,30.36,649.95,141.27,508.68,0,0,0,9,LG TV Pro,LG,2294.76,1940.78,2023-03-01,2023-12-26,A,TVs,0.07,low,Coimbra,PT,business,pct_of_retail,7_day,A,good,0.0,1606.33,3802.72,958.12,2.3673,1,Miguel Martins
1175,351,1832,12,2024-05-26,2024-06-25,2024-06-25,2024-06-25,30,585.16,0.0,17.55,602.71,132.25,470.46,0,0,0,9,LG TV Pro,LG,2294.76,1940.78,2023-03-01,2023-12-26,A,TVs,0.07,low,Braga,PT,business,pct_of_retail,flexible,B,fair,44.27,1606.33,3802.72,958.12,2.3673,1,Rui Oliveira
1176,351,45,10,2024-07-04,2024-08-18,2024-08-18,2024-08-18,45,1022.32,0.0,26.58,1048.9,216.73,832.17,0,0,0,9,LG TV Pro,LG,2294.76,1940.78,2023-03-01,2023-12-26,A,TVs,0.07,low,Porto,PT,business,pct_of_retail,30_day,B,damaged,0.0,1606.33,3802.72,958.12,2.3673,1,João Pereira
1177,351,1935,7,2024-08-30,2024-10-14,2024-10-14,2024-10-14,45,929.38,0.0,45.54,974.92,215.62,759.3,0,0,0,9,LG TV Pro,LG,2294.76,1940.78,2023-03-01,2023-12-26,A,TVs,0.07,low,Madrid,ES,professional,pct_of_retail,7_day,A,good,0.0,1606.33,3802.72,958.12,2.3673,1,Carmen Costa
1178,353,465,10,2022-05-26,2022-06-25,2022-06-25,2022-06-25,30,263.38,0.0,6.85,270.23,43.98,226.25,0,0,0,9,Samsung TV,Samsung,886.81,626.47,2021-07-04,2022-04-30,B,TVs,0.07,low,Valencia,ES,professional,pct_of_retail,30_day,B,good,0.0,399.06,1418.35,326.09,3.5542,1,Sara Fernández
1179,353,224,5,2022-07-02,2022-07-16,2022-07-16,2022-07-16,14,119.14,0.0,4.05,123.19,24.07,99.12,0,0,0,9,Samsung TV,Samsung,886.81,626.47,2021-07-04,2022-04-30,B,TVs,0.07,low,Coimbra,PT,professional,flat_rate,flexible,A,excellent,22.67,399.06,1418.35,326.09,3.5542,1,Fernando Costa
1180,353,143,6,2022-07-27,2022-08-10,2022-08-10,2022-08-10,14,140.98,0.0,2.96,143.94,31.3,112.64,0,0,0,9,Samsung TV,Samsung,886.81,626.47,2021-07-04,2022-04-30,B,TVs,0.07,low,Setúbal,PT,business,flat_rate,flexible,B,good,0.0,399.06,1418.35,326.09,3.5542,1,Diogo Ferreira
1181,353,835,9,2022-09-18,2022-11-02,2022-11-02,2022-11-02,45,438.97,0.0,12.29,451.26,69.8,381.46,0,0,0,9,Samsung TV,Samsung,886.81,626.47,2021-07-04,2022-04-30,B,TVs,0.07,low,Leiria,PT,student,pct_of_retail,30_day,A,good,0.0,399.06,1418.35,326.09,3.5542,1,Elena García
1182,353,1606,9,2022-11-16,2022-12-31,2022-12-31,2022-12-31,45,463.17,0.0,12.97,476.14,107.92,368.22,0,0,0,9,Samsung TV,Samsung,886.81,626.47,2021-07-04,2022-04-30,B,TVs,0.07,low,Leiria,PT,casual,pct_of_retail,30_day,A,good,0.0,399.06,1418.35,326.09,3.5542,1,Catarina Costa
1183,353,1624,8,2023-01-09,2023-02-08,2023-02-12,2023-02-12,30,260.72,10.36,8.6,279.68,49.02,230.66,0,0,1,9,Samsung TV,Samsung,886.81,626.47,2021-07-04,2022-04-30,B,TVs,0.07,low,Setúbal,PT,business,pct_of_retail,7_day,B,fair,0.0,399.06,1418.35,326.09,3.5542,1,Pedro Santos
1184,354,34,7,2024-12-04,2024-12-18,2024-12-18,2024-12-18,14,76.7,0.0,3.76,80.46,18.33,62.13,0,0,0,9,Philips TV SE,Philips,552.69,512.67,2024-01-29,2024-11-24,A,TVs,0.07,low,Málaga,ES,professional,pct_of_retail,7_day,A,good,0.0,414.52,62.13,18.33,0.1499,0,Filipa Jesus
1185,355,30,10,2023-06-25,2023-07-09,2023-07-09,2023-07-09,14,202.03,0.0,5.25,207.28,35.36,171.92,0,0,0,9,Sony TV Ultra,Sony,1457.68,1131.38,2022-08-17,2023-06-13,A,TVs,0.07,low,Funchal,PT,professional,pct_of_retail,30_day,B,good,0.0,874.61,953.46,204.18,1.0902,1,Ana Jesus
1186,355,32,7,2023-07-19,2023-08-02,2023-08-02,2023-08-02,14,183.67,0.0,9.0,192.67,43.16,149.51,0,0,0,9,Sony TV Ultra,Sony,1457.68,1131.38,2022-08-17,2023-06-13,A,TVs,0.07,low,Évora,PT,business,pct_of_retail,7_day,A,good,29.75,874.61,953.46,204.18,1.0902,1,Sofia Sousa
1187,355,863,10,2023-08-11,2023-09-25,2023-09-25,2023-09-25,45,649.4,0.0,16.88,666.28,108.45,557.83,0,0,0,9,Sony TV Ultra,Sony,1457.68,1131.38,2022-08-17,2023-06-13,A,TVs,0.07,low,Sevilla,ES,professional,pct_of_retail,30_day,B,good,0.0,874.61,953.46,204.18,1.0902,1,Rui González
1188,355,999,1,2023-10-04,2023-10-18,2023-10-18,2023-10-18,14,89.18,0.0,2.23,91.41,17.21,74.2,0,0,0,9,Sony TV Ultra,Sony,1457.68,1131.38,2022-08-17,2023-06-13,A,TVs,0.07,low,Valencia,ES,professional,flat_rate,7_day,A,excellent,0.0,874.61,953.46,204.18,1.0902,1,Ricardo Pereira
1189,356,1158,3,2023-04-12,2023-05-27,2023-05-27,2023-05-27,45,143.55,0.0,3.59,147.14,25.98,121.16,0,0,0,9,Sony TV SE,Sony,387.21,308.68,2022-04-22,2023-02-16,B,TVs,0.07,low,Setúbal,PT,business,flat_rate,30_day,A,good,38.75,193.6,592.67,151.12,3.0613,1,Ana Fernández
1190,356,735,8,2023-06-04,2023-07-19,2023-07-19,2023-07-19,45,170.76,0.0,5.64,176.4,41.84,134.56,0,0,0,9,Sony TV SE,Sony,387.21,308.68,2022-04-22,2023-02-16,B,TVs,0.07,low,Évora,PT,casual,pct_of_retail,7_day,B,excellent,0.0,193.6,592.67,151.12,3.0613,1,Sara Sousa
1191,356,1531,2,2023-07-24,2023-09-07,2023-09-07,2023-09-07,45,198.0,0.0,8.12,206.12,39.8,166.32,0,0,0,9,Sony TV SE,Sony,387.21,308.68,2022-04-22,2023-02-16,B,TVs,0.07,low,Braga,PT,business,flat_rate,7_day,B,fair,0.0,193.6,592.67,151.12,3.0613,1,Diego García
1192,356,1955,4,2023-10-11,2023-10-25,2023-10-25,2023-10-25,14,65.1,0.0,1.89,66.99,13.93,53.06,0,0,0,9,Sony TV SE,Sony,387.21,308.68,2022-04-22,2023-02-16,B,TVs,0.07,low,Valencia,ES,professional,flat_rate,30_day,B,good,0.0,193.6,592.67,151.12,3.0613,1,Diogo Martínez
1193,356,1315,3,2023-10-31,2023-12-15,2023-12-15,2023-12-15,45,143.55,0.0,3.59,147.14,29.57,117.57,0,0,0,9,Sony TV SE,Sony,387.21,308.68,2022-04-22,2023-02-16,B,TVs,0.07,low,Alicante,ES,casual,flat_rate,30_day,A,good,0.0,193.6,592.67,151.12,3.0613,1,Sofia García
1194,357,1124,12,2022-08-26,2022-09-25,2022-09-25,,30,301.71,0.0,9.05,310.76,70.9,239.86,1,1,0,9,Sony TV Max,Sony,1183.17,957.56,2021-10-14,2022-08-10,A,TVs,0.07,low,Faro,PT,professional,pct_of_retail,flexible,B,,,532.43,872.5,240.56,1.6387,1,Ana Sousa
1195,357,1048,12,2022-10-31,2022-11-30,2022-11-30,2022-11-30,30,301.71,0.0,9.05,310.76,68.79,241.97,0,0,0,9,Sony TV Max,Sony,1183.17,957.56,2021-10-14,2022-08-10,A,TVs,0.07,low,Porto,PT,business,pct_of_retail,flexible,B,excellent,0.0,532.43,872.5,240.56,1.6387,1,Rosa Martínez
1196,357,434,11,2022-12-07,2023-01-06,2023-01-06,2023-01-06,30,473.55,0.0,17.99,491.54,100.87,390.67,0,0,0,9,Sony TV Max,Sony,1183.17,957.56,2021-10-14,2022-08-10,A,TVs,0.07,low,Valencia,ES,professional,pct_of_retail,flexible,A,good,0.0,532.43,872.5,240.56,1.6387,1,Ana Santos
1197,358,1104,3,2024-07-04,2024-08-03,2024-08-04,2024-08-04,30,95.7,6.99,2.39,105.08,16.94,88.14,0,0,1,9,Sony TV Lite,Sony,877.78,835.96,2023-09-03,2024-06-29,A,TVs,0.07,low,Madrid,ES,student,flat_rate,30_day,A,excellent,0.0,658.34,1179.87,283.45,1.7922,1,Rafael Martínez
1198,358,241,9,2024-08-10,2024-09-09,2024-09-09,2024-09-09,30,289.67,0.0,8.11,297.78,57.93,239.85,0,0,0,9,Sony TV Lite,Sony,877.78,835.96,2023-09-03,2024-06-29,A,TVs,0.07,low,Madrid,ES,casual,pct_of_retail,30_day,A,fair,0.0,658.34,1179.87,283.45,1.7922,1,Filipa González
1199,358,1427,12,2024-10-04,2024-11-03,2024-11-03,2024-11-03,30,223.83,0.0,6.71,230.54,36.04,194.5,0,0,0,9,Sony TV Lite,Sony,877.78,835.96,2023-09-03,2024-06-29,A,TVs,0.07,low,Madrid,ES,business,pct_of_retail,flexible,B,damaged,0.0,658.34,1179.87,283.45,1.7922,1,Diogo Pereira
1200,358,1299,8,2024-11-12,2024-12-12,2024-12-12,2024-12-12,30,295.39,0.0,9.75,305.14,57.9,247.24,0,0,0,9,Sony TV Lite,Sony,877.78,835.96,2023-09-03,2024-06-29,A,TVs,0.07,low,Alicante,ES,professional,pct_of_retail,7_day,B,good,0.0,658.34,1179.87,283.45,1.7922,1,Pablo Rodrigues
1201,358,1774,12,2024-12-17,2025-02-15,2025-02-15,2025-02-15,60,509.5,0.0,15.28,524.78,114.64,410.14,0,0,0,9,Sony TV Lite,Sony,877.78,835.96,2023-09-03,2024-06-29,A,TVs,0.07,low,Aveiro,PT,professional,pct_of_retail,flexible,B,excellent,0.0,658.34,1179.87,283.45,1.7922,1,Sofia Sousa
1202,359,1460,1,2023-02-26,2023-03-12,2023-03-12,2023-03-12,14,89.18,0.0,2.23,91.41,17.48,73.93,0,0,0,9,LG TV Max,LG,970.96,767.48,2022-04-11,2023-02-05,B,TVs,0.07,low,Porto,PT,casual,flat_rate,7_day,A,good,0.0,485.48,2098.44,520.43,4.3224,1,Rafael González
1203,359,1286,11,2023-03-20,2023-05-04,2023-05-06,2023-05-06,45,554.9,15.28,21.09,591.27,99.33,491.94,0,0,1,9,LG TV Max,LG,970.96,767.48,2022-04-11,2023-02-05,B,TVs,0.07,low,Évora,PT,professional,pct_of_retail,flexible,A,fair,0.0,485.48,2098.44,520.43,4.3224,1,Fernando Pereira
1204,359,50,8,2023-05-12,2023-06-11,2023-06-11,,30,285.46,0.0,9.42,294.88,60.8,234.08,1,1,0,9,LG TV Max,LG,970.96,767.48,2022-04-11,2023-02-05,B,TVs,0.07,low,Alicante,ES,student,pct_of_retail,7_day,B,,,485.48,2098.44,520.43,4.3224,1,Elena Pereira
1205,359,791,8,2023-06-18,2023-08-17,2023-08-17,2023-08-17,60,570.92,0.0,18.84,589.76,137.02,452.74,0,0,0,9,LG TV Max,LG,970.96,767.48,2022-04-11,2023-02-05,B,TVs,0.07,low,Leiria,PT,professional,pct_of_retail,7_day,B,excellent,0.0,485.48,2098.44,520.43,4.3224,1,Ricardo Oliveira
1206,359,1313,2,2023-08-29,2023-10-28,2023-10-28,2023-10-28,60,264.0,0.0,10.82,274.82,57.02,217.8,0,0,0,9,LG TV Max,LG,970.96,767.48,2022-04-11,2023-02-05,B,TVs,0.07,low,Zaragoza,ES,casual,flat_rate,7_day,B,damaged,0.0,485.48,2098.44,520.43,4.3224,1,Nuno Pereira
1207,359,1224,9,2023-11-04,2023-12-19,2023-12-19,2023-12-19,45,507.5,0.0,14.21,521.71,90.84,430.87,0,0,0,9,LG TV Max,LG,970.96,767.48,2022-04-11,2023-02-05,B,TVs,0.07,low,Málaga,ES,business,pct_of_retail,30_day,A,good,0.0,485.48,2098.44,520.43,4.3224,1,Carmen Rodrigues
1208,359,1567,12,2024-01-02,2024-02-01,2024-02-01,2024-02-01,30,247.59,0.0,7.43,255.02,57.94,197.08,0,0,0,9,LG TV Max,LG,970.96,767.48,2022-04-11,2023-02-05,B,TVs,0.07,low,Valencia,ES,casual,pct_of_retail,flexible,B,fair,0.0,485.48,2098.44,520.43,4.3224,1,Carlos Costa
1209,360,1554,7,2024-08-08,2024-08-22,2024-08-22,2024-08-22,14,221.59,0.0,10.86,232.45,42.55,189.9,0,0,0,9,LG TV SE,LG,1758.62,1605.3,2023-09-27,2024-07-23,A,TVs,0.07,low,Faro,PT,professional,pct_of_retail,7_day,A,fair,0.0,1318.96,1204.13,326.52,0.9129,0,Isabel Oliveira
1210,360,549,5,2024-09-05,2024-09-19,2024-09-24,2024-09-24,14,119.14,18.75,4.05,141.94,25.97,115.97,0,0,1,9,LG TV SE,LG,1758.62,1605.3,2023-09-27,2024-07-23,A,TVs,0.07,low,Leiria,PT,professional,flat_rate,flexible,A,damaged,3.72,1318.96,1204.13,326.52,0.9129,0,Tiago González
1211,360,1558,7,2024-10-04,2024-10-18,2024-10-18,2024-10-18,14,221.59,0.0,10.86,232.45,45.43,187.02,0,0,0,9,LG TV SE,LG,1758.62,1605.3,2023-09-27,2024-07-23,A,TVs,0.07,low,Málaga,ES,student,pct_of_retail,7_day,A,good,0.0,1318.96,1204.13,326.52,0.9129,0,Catarina Sousa
1212,360,533,12,2024-10-28,2024-12-27,2024-12-27,2024-12-27,60,896.9,0.0,26.91,923.81,212.57,711.24,0,0,0,9,LG TV SE,LG,1758.62,1605.3,2023-09-27,2024-07-23,A,TVs,0.07,low,Sevilla,ES,casual,pct_of_retail,flexible,B,excellent,0.0,1318.96,1204.13,326.52,0.9129,0,Lucia Martins
1213,361,648,12,2023-05-07,2023-05-21,2023-05-21,2023-05-21,14,72.08,0.0,2.16,74.24,16.36,57.88,0,0,0,9,LG TV Max,LG,605.71,527.07,2022-06-26,2023-04-22,C,TVs,0.07,low,Málaga,ES,casual,pct_of_retail,flexible,B,fair,0.0,302.86,907.1,220.26,2.9951,1,Filipa Costa
1214,361,381,3,2023-05-27,2023-07-11,2023-07-11,2023-07-11,45,143.55,0.0,3.59,147.14,28.42,118.72,0,0,0,9,LG TV Max,LG,605.71,527.07,2022-06-26,2023-04-22,C,TVs,0.07,low,Madrid,ES,casual,flat_rate,30_day,A,excellent,0.0,302.86,907.1,220.26,2.9951,1,Marta Martins
1215,361,190,12,2023-07-18,2023-08-01,2023-08-01,2023-08-01,14,72.08,0.0,2.16,74.24,13.98,60.26,0,0,0,9,LG TV Max,LG,605.71,527.07,2022-06-26,2023-04-22,C,TVs,0.07,low,Málaga,ES,business,pct_of_retail,flexible,B,good,0.0,302.86,907.1,220.26,2.9951,1,Sara Oliveira
1216,361,231,9,2023-08-29,2023-09-28,2023-09-28,2023-09-28,30,199.88,0.0,5.6,205.48,39.98,165.5,0,0,0,9,LG TV Max,LG,605.71,527.07,2022-06-26,2023-04-22,C,TVs,0.07,low,Madrid,ES,professional,pct_of_retail,30_day,A,excellent,0.0,302.86,907.1,220.26,2.9951,1,Marco Martínez
1217,361,1561,12,2023-10-09,2023-11-08,2023-11-08,2023-11-08,30,154.46,0.0,4.63,159.09,36.3,122.79,0,0,0,9,LG TV Max,LG,605.71,527.07,2022-06-26,2023-04-22,C,TVs,0.07,low,Madrid,ES,professional,pct_of_retail,flexible,B,damaged,0.0,302.86,907.1,220.26,2.9951,1,Nuno Sousa
1218,361,1447,9,2023-11-16,2024-01-15,2024-01-21,2024-01-21,60,441.55,13.26,12.36,467.17,85.22,381.95,0,0,1,9,LG TV Max,LG,605.71,527.07,2022-06-26,2023-04-22,C,TVs,0.07,low,Valencia,ES,professional,pct_of_retail,30_day,A,excellent,0.0,302.86,907.1,220.26,2.9951,1,André González
1219,362,1988,2,2024-12-23,2025-01-06,2025-01-06,2025-01-06,14,68.69,0.0,2.82,71.51,17.04,54.47,0,0,0,9,LG TV SE,LG,268.9,257.43,2024-02-23,2024-12-19,B,TVs,0.07,low,Valencia,ES,professional,flat_rate,7_day,B,excellent,0.0,201.67,54.47,17.04,0.2701,0,Maria Fernández
1220,363,790,7,2022-10-27,2022-11-26,2022-11-30,2022-11-30,30,163.88,9.56,8.03,181.47,34.41,147.06,0,0,1,9,Samsung TV,Samsung,606.96,448.09,2021-12-19,2022-10-15,B,TVs,0.07,low,Valencia,ES,professional,pct_of_retail,7_day,A,excellent,0.0,273.13,614.99,150.48,2.2516,1,Diogo Sánchez
1221,363,1244,7,2022-12-09,2023-01-08,2023-01-08,2023-01-08,30,185.02,0.0,9.07,194.09,29.6,164.49,0,0,0,9,Samsung TV,Samsung,606.96,448.09,2021-12-19,2022-10-15,B,TVs,0.07,low,Évora,PT,student,pct_of_retail,7_day,A,good,0.0,273.13,614.99,150.48,2.2516,1,Rafael García
1222,363,1141,1,2023-01-21,2023-03-07,2023-03-07,2023-03-07,45,286.65,0.0,7.17,293.82,68.8,225.02,0,0,0,9,Samsung TV,Samsung,606.96,448.09,2021-12-19,2022-10-15,B,TVs,0.07,low,Barcelona,ES,business,flat_rate,7_day,A,good,36.7,273.13,614.99,150.48,2.2516,1,Luísa Santos
1223,363,34,9,2023-03-12,2023-03-26,2023-03-26,2023-03-26,14,93.47,0.0,2.62,96.09,17.67,78.42,0,0,0,9,Samsung TV,Samsung,606.96,448.09,2021-12-19,2022-10-15,B,TVs,0.07,low,Málaga,ES,professional,pct_of_retail,30_day,A,fair,0.0,273.13,614.99,150.48,2.2516,1,Filipa Jesus
1224,365,771,12,2023-06-02,2023-08-01,2023-08-01,2023-08-01,60,774.23,0.0,23.23,797.46,147.1,650.36,0,0,0,9,Philips TV Pro,Philips,1518.1,1184.85,2022-08-03,2023-05-30,A,TVs,0.07,low,Barcelona,ES,business,pct_of_retail,flexible,B,good,0.0,910.86,1585.54,329.45,1.7407,1,Marta Fernández
1225,365,397,7,2023-08-08,2023-10-07,2023-10-07,2023-10-07,60,819.77,0.0,40.17,859.94,134.44,725.5,0,0,0,9,Philips TV Pro,Philips,1518.1,1184.85,2022-08-03,2023-05-30,A,TVs,0.07,low,Alicante,ES,professional,pct_of_retail,7_day,A,damaged,0.0,910.86,1585.54,329.45,1.7407,1,Pedro Silva
1226,365,1079,3,2023-10-16,2023-10-30,2023-11-01,2023-11-01,14,44.66,13.98,1.12,59.76,9.69,50.07,0,0,1,9,Philips TV Pro,Philips,1518.1,1184.85,2022-08-03,2023-05-30,A,TVs,0.07,low,Lisboa,PT,business,flat_rate,30_day,A,good,0.0,910.86,1585.54,329.45,1.7407,1,Beatriz Santos
1227,365,1331,12,2023-11-24,2023-12-08,2023-12-08,2023-12-08,14,192.07,0.0,5.76,197.83,38.22,159.61,0,0,0,9,Philips TV Pro,Philips,1518.1,1184.85,2022-08-03,2023-05-30,A,TVs,0.07,low,Braga,PT,professional,pct_of_retail,flexible,B,fair,0.0,910.86,1585.54,329.45,1.7407,1,Inês Jesus
1228,367,1065,8,2022-05-15,2022-06-14,2022-06-14,2022-06-14,30,512.34,0.0,16.91,529.25,86.07,443.18,0,0,0,9,Sony TV Pro,Sony,1742.65,1279.5,2021-06-08,2022-04-04,A,TVs,0.07,low,Bilbao,ES,business,pct_of_retail,7_day,B,excellent,0.0,784.19,512.29,108.37,0.6533,0,Fernando Jesus
1229,367,1180,1,2022-06-28,2022-07-12,2022-07-12,2022-07-12,14,89.18,0.0,2.23,91.41,22.3,69.11,0,0,0,9,Sony TV Pro,Sony,1742.65,1279.5,2021-06-08,2022-04-04,A,TVs,0.07,low,Aveiro,PT,student,flat_rate,7_day,A,good,0.0,784.19,512.29,108.37,0.6533,0,Sofia Santos
1230,368,27,11,2022-06-17,2022-08-01,2022-08-01,2022-08-01,45,451.13,0.0,17.14,468.27,106.92,361.35,0,0,0,9,Samsung TV Ultra,Samsung,789.38,620.8,2021-08-04,2022-05-31,B,TVs,0.07,low,Funchal,PT,student,pct_of_retail,flexible,A,excellent,0.0,355.22,1122.03,273.67,3.1587,1,Sara Jesus
1231,368,1353,11,2022-08-15,2022-09-14,2022-09-14,2022-09-14,30,300.75,0.0,11.43,312.18,50.83,261.35,0,0,0,9,Samsung TV Ultra,Samsung,789.38,620.8,2021-08-04,2022-05-31,B,TVs,0.07,low,Bilbao,ES,business,pct_of_retail,flexible,A,excellent,11.74,355.22,1122.03,273.67,3.1587,1,João Martins
1232,368,909,1,2022-09-23,2022-11-22,2022-11-22,2022-11-22,60,382.2,0.0,9.56,391.76,81.03,310.73,0,0,0,9,Samsung TV Ultra,Samsung,789.38,620.8,2021-08-04,2022-05-31,B,TVs,0.07,low,Setúbal,PT,professional,flat_rate,7_day,A,fair,0.0,355.22,1122.03,273.67,3.1587,1,Inês García
1233,368,1292,1,2022-12-06,2023-01-05,2023-01-05,2023-01-05,30,218.04,0.0,5.45,223.49,34.89,188.6,0,0,0,9,Samsung TV Ultra,Samsung,789.38,620.8,2021-08-04,2022-05-31,B,TVs,0.07,low,Setúbal,PT,business,flat_rate,7_day,A,fair,23.32,355.22,1122.03,273.67,3.1587,1,Inês Rodrigues
1234,369,824,8,2023-10-20,2023-11-19,2023-11-19,2023-11-19,30,283.41,0.0,9.35,292.76,70.57,222.19,0,0,0,9,Samsung TV Ultra,Samsung,963.97,852.78,2022-11-17,2023-09-13,A,TVs,0.07,low,Braga,PT,professional,pct_of_retail,7_day,B,excellent,0.0,578.38,1416.24,379.49,2.4486,1,André Sousa
1235,369,1112,6,2023-12-02,2024-01-01,2024-01-01,2024-01-01,30,326.1,0.0,6.85,332.95,57.07,275.88,0,0,0,9,Samsung TV Ultra,Samsung,963.97,852.78,2022-11-17,2023-09-13,A,TVs,0.07,low,Lisboa,PT,student,flat_rate,flexible,B,excellent,15.03,578.38,1416.24,379.49,2.4486,1,Filipa Ferreira
1236,369,128,11,2024-01-13,2024-02-12,2024-02-12,2024-02-12,30,367.27,0.0,13.96,381.23,91.08,290.15,0,0,0,9,Samsung TV Ultra,Samsung,963.97,852.78,2022-11-17,2023-09-13,A,TVs,0.07,low,Porto,PT,professional,pct_of_retail,flexible,A,good,0.0,578.38,1416.24,379.49,2.4486,1,Miguel López
1237,369,509,9,2024-02-22,2024-04-07,2024-04-08,2024-04-08,45,477.17,2.21,13.36,492.74,96.39,396.35,0,0,1,9,Samsung TV Ultra,Samsung,963.97,852.78,2022-11-17,2023-09-13,A,TVs,0.07,low,Lisboa,PT,professional,pct_of_retail,30_day,A,excellent,0.0,578.38,1416.24,379.49,2.4486,1,Marta Martínez
1238,369,391,12,2024-04-21,2024-05-05,2024-05-05,2024-05-05,14,114.71,0.0,3.44,118.15,27.19,90.96,0,0,0,9,Samsung TV Ultra,Samsung,963.97,852.78,2022-11-17,2023-09-13,A,TVs,0.07,low,Coimbra,PT,business,pct_of_retail,flexible,B,excellent,0.0,578.38,1416.24,379.49,2.4486,1,Inês Pereira
1239,369,1986,11,2024-05-13,2024-05-27,2024-05-27,2024-05-27,14,171.39,0.0,6.51,177.9,37.19,140.71,0,0,0,9,Samsung TV Ultra,Samsung,963.97,852.78,2022-11-17,2023-09-13,A,TVs,0.07,low,Braga,PT,student,pct_of_retail,flexible,A,excellent,0.0,578.38,1416.24,379.49,2.4486,1,Carmen Santos
1240,370,1608,7,2024-08-06,2024-09-05,2024-09-05,2024-09-05,30,214.13,0.0,10.49,224.62,48.82,175.8,0,0,0,9,LG TV Max,LG,793.09,733.88,2023-09-03,2024-06-29,C,TVs,0.07,low,Funchal,PT,professional,pct_of_retail,7_day,A,excellent,0.0,594.82,1110.92,301.68,1.8677,1,João Costa
1241,370,1830,7,2024-09-19,2024-11-03,2024-11-03,2024-11-03,45,321.2,0.0,15.74,336.94,73.88,263.06,0,0,0,9,LG TV Max,LG,793.09,733.88,2023-09-03,2024-06-29,C,TVs,0.07,low,Setúbal,PT,professional,pct_of_retail,7_day,A,good,0.0,594.82,1110.92,301.68,1.8677,1,Miguel Rodrigues
1242,370,265,11,2024-11-15,2024-12-15,2024-12-15,2024-12-15,30,331.21,0.0,12.59,343.8,77.83,265.97,0,0,0,9,LG TV Max,LG,793.09,733.88,2023-09-03,2024-06-29,C,TVs,0.07,low,Sevilla,ES,business,pct_of_retail,flexible,A,good,10.01,594.82,1110.92,301.68,1.8677,1,Diogo Jesus
1243,370,474,8,2024-12-27,2025-02-25,2025-02-25,2025-02-25,60,491.04,0.0,16.2,507.24,101.15,406.09,0,0,0,9,LG TV Max,LG,793.09,733.88,2023-09-03,2024-06-29,C,TVs,0.07,low,Braga,PT,professional,pct_of_retail,7_day,B,good,0.0,594.82,1110.92,301.68,1.8677,1,Rui Rodrigues
1244,374,740,11,2022-09-17,2022-11-01,2022-11-01,2022-11-01,45,499.78,0.0,18.99,518.77,85.96,432.81,0,0,0,9,LG TV,LG,874.51,641.65,2021-10-29,2022-08-25,A,TVs,0.07,low,Aveiro,PT,business,pct_of_retail,flexible,A,good,0.0,393.53,2092.34,469.22,5.3169,1,Beatriz Jesus
1245,374,1692,9,2022-11-12,2023-01-11,2023-01-11,2023-01-11,60,624.63,0.0,17.49,642.12,125.55,516.57,0,0,0,9,LG TV,LG,874.51,641.65,2021-10-29,2022-08-25,A,TVs,0.07,low,Bilbao,ES,business,pct_of_retail,30_day,A,damaged,0.0,393.53,2092.34,469.22,5.3169,1,André Santos
1246,374,976,12,2023-01-17,2023-02-16,2023-02-16,2023-02-16,30,223.0,0.0,6.69,229.69,34.79,194.9,0,0,0,9,LG TV,LG,874.51,641.65,2021-10-29,2022-08-25,A,TVs,0.07,low,Coimbra,PT,professional,pct_of_retail,flexible,B,excellent,0.0,393.53,2092.34,469.22,5.3169,1,Luísa Jesus
1247,374,1604,10,2023-02-26,2023-04-27,2023-04-27,2023-04-27,60,519.46,0.0,13.51,532.97,86.75,446.22,0,0,0,9,LG TV,LG,874.51,641.65,2021-10-29,2022-08-25,A,TVs,0.07,low,Sevilla,ES,casual,pct_of_retail,30_day,B,good,0.0,393.53,2092.34,469.22,5.3169,1,Lucia Fernández
1248,374,556,10,2023-05-09,2023-06-08,2023-06-08,2023-06-08,30,259.73,0.0,6.75,266.48,62.85,203.63,0,0,0,9,LG TV,LG,874.51,641.65,2021-10-29,2022-08-25,A,TVs,0.07,low,Leiria,PT,professional,pct_of_retail,30_day,B,good,23.51,393.53,2092.34,469.22,5.3169,1,Elena Santos
1249,374,279,7,2023-06-16,2023-07-31,2023-07-31,2023-07-31,45,354.18,0.0,17.35,371.53,73.32,298.21,0,0,0,9,LG TV,LG,874.51,641.65,2021-10-29,2022-08-25,A,TVs,0.07,low,Alicante,ES,professional,pct_of_retail,7_day,A,good,0.0,393.53,2092.34,469.22,5.3169,1,Beatriz Sousa
1250,375,824,3,2022-05-05,2022-06-19,2022-06-19,,45,143.55,0.0,3.59,147.14,26.41,120.73,1,0,0,9,LG TV Pro,LG,701.05,553.09,2021-06-29,2022-04-25,A,TVs,0.07,low,Braga,PT,professional,flat_rate,30_day,A,,,315.47,1071.5,274.06,3.3965,1,André Sousa
1251,375,1446,10,2022-07-21,2022-08-20,2022-08-20,2022-08-20,30,208.21,0.0,5.41,213.62,50.8,162.82,0,0,0,9,LG TV Pro,LG,701.05,553.09,2021-06-29,2022-04-25,A,TVs,0.07,low,Sevilla,ES,professional,pct_of_retail,30_day,B,fair,0.0,315.47,1071.5,274.06,3.3965,1,Diogo Ferreira
1252,375,1528,10,2022-09-02,2022-10-17,2022-10-17,2022-10-17,45,312.32,0.0,8.12,320.44,67.15,253.29,0,0,0,9,LG TV Pro,LG,701.05,553.09,2021-06-29,2022-04-25,A,TVs,0.07,low,Málaga,ES,business,pct_of_retail,30_day,B,good,0.0,315.47,1071.5,274.06,3.3965,1,Rui Pereira
1253,375,1715,6,2022-11-27,2022-12-27,2022-12-27,2022-12-27,30,336.85,0.0,7.07,343.92,74.11,269.81,0,0,0,9,LG TV Pro,LG,701.05,553.09,2021-06-29,2022-04-25,A,TVs,0.07,low,Leiria,PT,business,flat_rate,flexible,B,good,0.0,315.47,1071.5,274.06,3.3965,1,Filipa Oliveira
1254,375,191,10,2023-01-07,2023-02-21,2023-02-21,2023-02-21,45,312.32,0.0,8.12,320.44,55.59,264.85,0,0,0,9,LG TV Pro,LG,701.05,553.09,2021-06-29,2022-04-25,A,TVs,0.07,low,Sevilla,ES,professional,pct_of_retail,30_day,B,fair,0.0,315.47,1071.5,274.06,3.3965,1,Rui Sousa
1255,376,1331,8,2023-08-20,2023-10-19,2023-10-19,2023-10-19,60,157.36,0.0,5.19,162.55,35.09,127.46,0,0,0,9,Sony TV Ultra,Sony,267.62,205.78,2022-08-31,2023-06-27,B,TVs,0.07,low,Braga,PT,professional,pct_of_retail,7_day,B,excellent,0.0,160.57,544.53,121.15,3.3912,1,Inês Jesus
1256,376,219,7,2023-10-26,2023-12-25,2023-12-25,2023-12-25,60,144.51,0.0,7.08,151.59,24.28,127.31,0,0,0,9,Sony TV Ultra,Sony,267.62,205.78,2022-08-31,2023-06-27,B,TVs,0.07,low,Málaga,ES,professional,pct_of_retail,7_day,A,good,0.0,160.57,544.53,121.15,3.3912,1,Diogo Rodrigues
1257,376,403,2,2024-02-01,2024-03-02,2024-03-02,2024-03-02,30,132.0,0.0,5.41,137.41,22.44,114.97,0,0,0,9,Sony TV Ultra,Sony,267.62,205.78,2022-08-31,2023-06-27,B,TVs,0.07,low,Málaga,ES,professional,flat_rate,7_day,B,good,0.0,160.57,544.53,121.15,3.3912,1,Marta Martínez
1258,376,1579,4,2024-03-15,2024-03-29,2024-03-29,,14,65.1,0.0,1.89,66.99,16.08,50.91,1,1,0,9,Sony TV Ultra,Sony,267.62,205.78,2022-08-31,2023-06-27,B,TVs,0.07,low,Málaga,ES,professional,flat_rate,30_day,B,,,160.57,544.53,121.15,3.3912,1,Luísa Pereira
1259,376,1622,3,2024-04-08,2024-05-23,2024-05-23,2024-05-23,45,143.55,0.0,3.59,147.14,23.26,123.88,0,0,0,9,Sony TV Ultra,Sony,267.62,205.78,2022-08-31,2023-06-27,B,TVs,0.07,low,Lisboa,PT,professional,flat_rate,30_day,A,damaged,0.0,160.57,544.53,121.15,3.3912,1,André Jesus
1260,377,1409,1,2023-01-27,2023-02-26,2023-02-26,2023-02-26,30,191.1,0.0,4.78,195.88,42.62,153.26,0,0,0,9,Samsung TV X,Samsung,322.3,207.95,2022-04-02,2023-01-27,A,TVs,0.07,low,Coimbra,PT,professional,flat_rate,7_day,A,fair,0.0,161.15,465.8,117.45,2.8905,1,Sara Ferreira
1261,377,59,3,2023-03-27,2023-05-26,2023-05-26,2023-05-26,60,191.4,0.0,4.78,196.18,45.36,150.82,0,0,0,9,Samsung TV X,Samsung,322.3,207.95,2022-04-02,2023-01-27,A,TVs,0.07,low,Barcelona,ES,professional,flat_rate,30_day,A,good,0.0,161.15,465.8,117.45,2.8905,1,Isabel Pereira
1262,377,1781,11,2023-06-23,2023-08-07,2023-08-07,2023-08-07,45,184.19,0.0,7.0,191.19,29.47,161.72,0,0,0,9,Samsung TV X,Samsung,322.3,207.95,2022-04-02,2023-01-27,A,TVs,0.07,low,Valencia,ES,professional,pct_of_retail,flexible,A,excellent,0.0,161.15,465.8,117.45,2.8905,1,Ricardo Oliveira
1263,379,414,1,2023-04-11,2023-05-26,2023-06-02,2023-06-02,45,286.65,44.73,7.17,338.55,67.65,270.9,0,0,1,9,LG TV Pro,LG,2826.85,2284.9,2022-05-24,2023-03-20,C,TVs,0.07,low,Braga,PT,casual,flat_rate,7_day,A,fair,0.0,1413.42,3205.73,681.68,2.2681,1,Marco Sánchez
1264,379,902,8,2023-06-27,2023-07-11,2023-07-11,2023-07-11,14,387.84,0.0,12.8,400.64,72.53,328.11,0,0,0,9,LG TV Pro,LG,2826.85,2284.9,2022-05-24,2023-03-20,C,TVs,0.07,low,Faro,PT,business,pct_of_retail,7_day,B,excellent,0.0,1413.42,3205.73,681.68,2.2681,1,Tiago Sánchez
1265,379,1448,8,2023-07-25,2023-09-08,2023-09-08,2023-09-08,45,1246.64,0.0,41.14,1287.78,221.9,1065.88,0,0,0,9,LG TV Pro,LG,2826.85,2284.9,2022-05-24,2023-03-20,C,TVs,0.07,low,Sevilla,ES,business,pct_of_retail,7_day,B,good,0.0,1413.42,3205.73,681.68,2.2681,1,Beatriz Sánchez
1266,379,204,12,2023-09-18,2023-10-18,2023-10-18,2023-10-18,30,720.85,0.0,21.63,742.48,113.89,628.59,0,0,0,9,LG TV Pro,LG,2826.85,2284.9,2022-05-24,2023-03-20,C,TVs,0.07,low,Faro,PT,business,pct_of_retail,flexible,B,good,37.53,1413.42,3205.73,681.68,2.2681,1,Pablo Rodrigues
1267,379,272,11,2023-10-23,2023-11-22,2023-11-22,,30,1077.03,0.0,40.93,1117.96,205.71,912.25,1,0,0,9,LG TV Pro,LG,2826.85,2284.9,2022-05-24,2023-03-20,C,TVs,0.07,low,Alicante,ES,student,pct_of_retail,flexible,A,,,1413.42,3205.73,681.68,2.2681,1,Marta Ferreira
1268,380,490,9,2024-05-16,2024-06-30,2024-06-30,2024-06-30,45,743.06,0.0,20.81,763.87,171.65,592.22,0,0,0,9,LG TV Pro,LG,1501.13,1197.07,2023-06-10,2024-04-05,A,TVs,0.07,low,Funchal,PT,business,pct_of_retail,30_day,A,excellent,0.0,1050.79,1534.29,393.75,1.4601,1,Pablo Costa
1269,380,1917,2,2024-07-09,2024-08-23,2024-08-29,2024-08-29,45,198.0,43.2,8.12,249.32,34.85,214.47,0,0,1,9,LG TV Pro,LG,1501.13,1197.07,2023-06-10,2024-04-05,A,TVs,0.07,low,Barcelona,ES,professional,flat_rate,7_day,B,excellent,10.0,1050.79,1534.29,393.75,1.4601,1,Beatriz Martínez
1270,380,563,10,2024-10-01,2024-11-30,2024-11-30,2024-11-30,60,891.67,0.0,23.18,914.85,187.25,727.6,0,0,0,9,LG TV Pro,LG,1501.13,1197.07,2023-06-10,2024-04-05,A,TVs,0.07,low,Barcelona,ES,professional,pct_of_retail,30_day,B,good,0.0,1050.79,1534.29,393.75,1.4601,1,Isabel Ferreira
1271,381,1003,12,2023-01-03,2023-02-17,2023-02-17,2023-02-17,45,161.98,0.0,4.86,166.84,30.94,135.9,0,0,0,9,LG TV Max,LG,423.49,314.12,2022-02-12,2022-12-09,A,TVs,0.07,low,Braga,PT,student,pct_of_retail,flexible,B,good,0.0,211.75,471.69,113.76,2.2276,1,Lucia Sousa
1272,381,1511,8,2023-03-02,2023-04-16,2023-04-16,2023-04-16,45,186.76,0.0,6.16,192.92,45.2,147.72,0,0,0,9,LG TV Max,LG,423.49,314.12,2022-02-12,2022-12-09,A,TVs,0.07,low,Lisboa,PT,professional,pct_of_retail,7_day,B,good,0.0,211.75,471.69,113.76,2.2276,1,Ricardo Ferreira
1273,381,1952,7,2023-04-24,2023-06-08,2023-06-08,2023-06-08,45,171.51,0.0,8.4,179.91,27.44,152.47,0,0,0,9,LG TV Max,LG,423.49,314.12,2022-02-12,2022-12-09,A,TVs,0.07,low,Sevilla,ES,professional,pct_of_retail,7_day,A,excellent,0.0,211.75,471.69,113.76,2.2276,1,André Santos
1274,381,1681,3,2023-07-08,2023-07-22,2023-07-22,2023-07-22,14,44.66,0.0,1.12,45.78,10.18,35.6,0,0,0,9,LG TV Max,LG,423.49,314.12,2022-02-12,2022-12-09,A,TVs,0.07,low,Barcelona,ES,professional,flat_rate,30_day,A,good,0.0,211.75,471.69,113.76,2.2276,1,Lucia Silva
1275,383,217,9,2022-12-21,2023-01-04,2023-01-04,2023-01-04,14,121.07,0.0,3.39,124.46,18.89,105.57,0,0,0,9,Sony TV Max,Sony,743.1,650.29,2022-01-22,2022-11-18,C,TVs,0.07,low,Valencia,ES,business,pct_of_retail,30_day,A,excellent,0.0,371.55,766.46,204.46,2.0629,1,André Jesus
1276,383,832,12,2023-01-15,2023-02-14,2023-02-14,2023-02-14,30,189.49,0.0,5.68,195.17,41.69,153.48,0,0,0,9,Sony TV Max,Sony,743.1,650.29,2022-01-22,2022-11-18,C,TVs,0.07,low,Leiria,PT,professional,pct_of_retail,flexible,B,good,0.0,371.55,766.46,204.46,2.0629,1,Rui Silva
1277,383,933,11,2023-02-22,2023-04-08,2023-04-08,2023-04-08,45,424.68,0.0,16.14,440.82,102.35,338.47,0,0,0,9,Sony TV Max,Sony,743.1,650.29,2022-01-22,2022-11-18,C,TVs,0.07,low,Alicante,ES,business,pct_of_retail,flexible,A,fair,0.0,371.55,766.46,204.46,2.0629,1,Marta Rodrigues
1278,383,159,7,2023-04-15,2023-05-15,2023-05-15,2023-05-15,30,200.64,0.0,9.83,210.47,41.53,168.94,0,0,0,9,Sony TV Max,Sony,743.1,650.29,2022-01-22,2022-11-18,C,TVs,0.07,low,Barcelona,ES,professional,pct_of_retail,7_day,A,good,0.0,371.55,766.46,204.46,2.0629,1,Tiago Ferreira
1279,384,1359,4,2024-05-21,2024-06-20,2024-06-20,,30,139.5,0.0,4.05,143.55,32.08,111.47,1,1,0,9,LG TV,LG,666.31,609.19,2023-07-17,2024-05-12,B,TVs,0.07,low,Lisboa,PT,student,flat_rate,30_day,B,,,499.73,283.3,71.29,0.5669,0,Lucia Jesus
1280,384,915,7,2024-07-02,2024-07-16,2024-07-16,2024-07-16,14,83.96,0.0,4.11,88.07,20.49,67.58,0,0,0,9,LG TV,LG,666.31,609.19,2023-07-17,2024-05-12,B,TVs,0.07,low,Bilbao,ES,professional,pct_of_retail,7_day,A,good,0.0,499.73,283.3,71.29,0.5669,0,Tiago Ferreira
1281,384,333,11,2024-08-17,2024-08-31,2024-08-31,2024-08-31,14,118.47,0.0,4.5,122.97,18.72,104.25,0,0,0,9,LG TV,LG,666.31,609.19,2023-07-17,2024-05-12,B,TVs,0.07,low,Málaga,ES,business,pct_of_retail,flexible,A,damaged,0.0,499.73,283.3,71.29,0.5669,0,Luísa Sánchez
1282,386,16,10,2023-04-10,2023-04-24,2023-04-24,2023-04-24,14,58.63,0.0,1.52,60.15,9.97,50.18,0,0,0,9,Samsung TV Ultra,Samsung,423.02,343.9,2022-05-24,2023-03-20,A,TVs,0.07,low,Lisboa,PT,professional,pct_of_retail,30_day,B,good,0.0,211.51,900.58,217.2,4.2579,1,Sara Fernández
1283,386,1397,2,2023-05-01,2023-06-15,2023-06-15,2023-06-15,45,198.0,0.0,8.12,206.12,38.21,167.91,0,0,0,9,Samsung TV Ultra,Samsung,423.02,343.9,2022-05-24,2023-03-20,A,TVs,0.07,low,Bilbao,ES,professional,flat_rate,7_day,B,fair,0.0,211.51,900.58,217.2,4.2579,1,Sara López
1284,386,1729,12,2023-06-20,2023-08-19,2023-08-19,2023-08-19,60,215.74,0.0,6.47,222.21,40.34,181.87,0,0,0,9,Samsung TV Ultra,Samsung,423.02,343.9,2022-05-24,2023-03-20,A,TVs,0.07,low,Coimbra,PT,professional,pct_of_retail,flexible,B,damaged,5.29,211.51,900.58,217.2,4.2579,1,Pablo Pereira
1285,386,1309,12,2023-10-02,2023-11-01,2023-11-01,2023-11-01,30,107.87,0.0,3.24,111.11,23.62,87.49,0,0,0,9,Samsung TV Ultra,Samsung,423.02,343.9,2022-05-24,2023-03-20,A,TVs,0.07,low,Málaga,ES,professional,pct_of_retail,flexible,B,excellent,42.99,211.51,900.58,217.2,4.2579,1,Rafael Sousa
1286,386,1934,6,2023-11-08,2023-12-23,2023-12-23,2023-12-23,45,507.53,0.0,10.66,518.19,105.06,413.13,0,0,0,9,Samsung TV Ultra,Samsung,423.02,343.9,2022-05-24,2023-03-20,A,TVs,0.07,low,Sevilla,ES,business,flat_rate,flexible,B,good,0.0,211.51,900.58,217.2,4.2579,1,Tiago Rodrigues
1287,387,1465,12,2024-11-08,2025-01-07,2025-01-07,2025-01-07,60,297.21,0.0,8.92,306.13,58.85,247.28,0,0,0,9,Samsung TV Ultra,Samsung,507.25,447.2,2024-01-13,2024-11-08,B,TVs,0.07,low,Alicante,ES,professional,pct_of_retail,flexible,B,damaged,14.56,380.44,247.28,58.85,0.65,0,Filipa Sánchez
1288,388,576,1,2024-09-20,2024-10-20,2024-10-20,2024-10-20,30,191.1,0.0,4.78,195.88,37.65,158.23,0,0,0,9,Samsung TV Max,Samsung,430.86,406.9,2023-11-02,2024-08-28,B,TVs,0.07,low,Zaragoza,ES,professional,flat_rate,7_day,A,fair,0.0,323.14,462.64,127.69,1.4317,1,Ana Santos
1289,388,1698,12,2024-10-28,2024-12-12,2024-12-12,2024-12-12,45,164.8,0.0,4.94,169.74,36.09,133.65,0,0,0,9,Samsung TV Max,Samsung,430.86,406.9,2023-11-02,2024-08-28,B,TVs,0.07,low,Braga,PT,student,pct_of_retail,flexible,B,good,0.0,323.14,462.64,127.69,1.4317,1,Nuno González
1290,388,1236,8,2024-12-19,2025-02-02,2025-02-02,2025-02-02,45,217.53,0.0,7.18,224.71,53.95,170.76,0,0,0,9,Samsung TV Max,Samsung,430.86,406.9,2023-11-02,2024-08-28,B,TVs,0.07,low,Alicante,ES,business,pct_of_retail,7_day,B,good,0.0,323.14,462.64,127.69,1.4317,1,Carmen Silva
1291,389,886,8,2024-01-23,2024-02-22,2024-02-22,2024-02-22,30,240.09,0.0,7.92,248.01,54.98,193.03,0,0,0,9,LG TV Pro,LG,816.62,736.4,2023-03-08,2024-01-02,B,TVs,0.07,low,Zaragoza,ES,business,pct_of_retail,7_day,B,excellent,0.0,571.63,1560.41,399.59,2.7298,1,Diogo Oliveira
1292,389,162,12,2024-03-05,2024-04-19,2024-04-19,2024-04-19,45,312.36,0.0,9.37,321.73,63.72,258.01,0,0,0,9,LG TV Pro,LG,816.62,736.4,2023-03-08,2024-01-02,B,TVs,0.07,low,Lisboa,PT,casual,pct_of_retail,flexible,B,excellent,0.0,571.63,1560.41,399.59,2.7298,1,Rafael Costa
1293,389,1893,5,2024-04-28,2024-06-12,2024-06-12,2024-06-12,45,382.95,0.0,13.02,395.97,88.84,307.13,0,0,0,9,LG TV Pro,LG,816.62,736.4,2023-03-08,2024-01-02,B,TVs,0.07,low,Madrid,ES,professional,flat_rate,flexible,A,damaged,49.68,571.63,1560.41,399.59,2.7298,1,Isabel García
1294,389,1205,7,2024-06-23,2024-07-23,2024-07-23,2024-07-23,30,220.49,0.0,10.8,231.29,41.67,189.62,0,0,0,9,LG TV Pro,LG,816.62,736.4,2023-03-08,2024-01-02,B,TVs,0.07,low,Barcelona,ES,professional,pct_of_retail,7_day,A,good,0.0,571.63,1560.41,399.59,2.7298,1,Tiago Martínez
1295,389,784,8,2024-07-29,2024-09-27,2024-10-04,2024-10-04,60,480.17,18.13,15.85,514.15,94.11,420.04,0,0,1,9,LG TV Pro,LG,816.62,736.4,2023-03-08,2024-01-02,B,TVs,0.07,low,Zaragoza,ES,professional,pct_of_retail,7_day,B,good,0.0,571.63,1560.41,399.59,2.7298,1,Diogo López
1296,389,340,10,2024-10-12,2024-11-11,2024-11-11,2024-11-11,30,242.54,0.0,6.31,248.85,56.27,192.58,0,0,0,9,LG TV Pro,LG,816.62,736.4,2023-03-08,2024-01-02,B,TVs,0.07,low,Porto,PT,business,pct_of_retail,30_day,B,excellent,0.0,571.63,1560.41,399.59,2.7298,1,Nuno López
1297,391,1413,6,2024-09-03,2024-09-17,2024-09-22,2024-09-22,14,140.98,25.45,2.96,169.39,22.13,147.26,0,0,1,10,Philips Appliance Ultra,Philips,133.34,128.55,2023-10-21,2024-08-16,A,Appliances,0.06,low,Setúbal,PT,professional,flat_rate,flexible,B,good,0.0,100.0,342.24,69.11,3.4224,1,Diego Costa
1298,391,16,3,2024-10-04,2024-10-18,2024-10-18,2024-10-18,14,44.66,0.0,1.12,45.78,10.81,34.97,0,0,0,10,Philips Appliance Ultra,Philips,133.34,128.55,2023-10-21,2024-08-16,A,Appliances,0.06,low,Lisboa,PT,professional,flat_rate,30_day,A,good,0.0,100.0,342.24,69.11,3.4224,1,Sara Fernández
1299,391,955,3,2024-10-28,2024-12-27,2024-12-27,2024-12-27,60,191.4,0.0,4.78,196.18,36.17,160.01,0,0,0,10,Philips Appliance Ultra,Philips,133.34,128.55,2023-10-21,2024-08-16,A,Appliances,0.06,low,Madrid,ES,casual,flat_rate,30_day,A,good,0.0,100.0,342.24,69.11,3.4224,1,Miguel García
1300,392,1557,7,2024-08-16,2024-09-15,2024-09-15,2024-09-15,30,18.78,0.0,0.92,19.7,3.72,15.98,0,0,0,10,Bosch Appliance Lite,Bosch,69.57,63.13,2023-09-21,2024-07-17,B,Appliances,0.06,low,Lisboa,PT,professional,pct_of_retail,7_day,A,excellent,0.0,52.18,281.22,71.67,5.3894,1,Lucia Sánchez
1301,392,11,3,2024-09-21,2024-10-21,2024-10-21,2024-10-21,30,95.7,0.0,2.39,98.09,15.31,82.78,0,0,0,10,Bosch Appliance Lite,Bosch,69.57,63.13,2023-09-21,2024-07-17,B,Appliances,0.06,low,Faro,PT,professional,flat_rate,30_day,A,good,0.0,52.18,281.22,71.67,5.3894,1,André Costa
1302,392,486,3,2024-11-03,2025-01-02,2025-01-04,2025-01-04,60,215.73,13.98,5.39,235.1,52.64,182.46,0,0,1,10,Bosch Appliance Lite,Bosch,69.57,63.13,2023-09-21,2024-07-17,B,Appliances,0.06,low,Aveiro,PT,professional,flat_rate,30_day,A,good,0.0,52.18,281.22,71.67,5.3894,1,Rosa García
1303,393,382,1,2023-11-29,2023-12-29,2023-12-29,2023-12-29,30,207.67,0.0,5.19,212.86,36.55,176.31,0,0,0,10,Philips Appliance,Philips,92.93,79.57,2023-01-02,2023-10-29,A,Appliances,0.06,low,Madrid,ES,professional,flat_rate,7_day,A,damaged,0.0,65.05,790.03,162.18,12.145,1,Miguel Jesus
1304,393,1356,12,2024-01-10,2024-02-24,2024-02-24,2024-02-24,45,35.55,0.0,1.07,36.62,7.47,29.15,0,0,0,10,Philips Appliance,Philips,92.93,79.57,2023-01-02,2023-10-29,A,Appliances,0.06,low,Funchal,PT,student,pct_of_retail,flexible,B,good,20.73,65.05,790.03,162.18,12.145,1,Filipa Sousa
1305,393,1410,11,2024-03-05,2024-03-19,2024-03-19,2024-03-19,14,16.52,0.0,0.63,17.15,3.5,13.65,0,0,0,10,Philips Appliance,Philips,92.93,79.57,2023-01-02,2023-10-29,A,Appliances,0.06,low,Barcelona,ES,business,pct_of_retail,flexible,A,good,0.0,65.05,790.03,162.18,12.145,1,Pablo Martínez
1306,393,251,1,2024-04-22,2024-06-21,2024-06-21,2024-06-21,60,382.2,0.0,9.56,391.76,67.65,324.11,0,0,0,10,Philips Appliance,Philips,92.93,79.57,2023-01-02,2023-10-29,A,Appliances,0.06,low,Faro,PT,professional,flat_rate,7_day,A,excellent,49.44,65.05,790.03,162.18,12.145,1,Fernando Martins
1307,393,1252,1,2024-07-05,2024-08-19,2024-08-19,2024-08-19,45,286.65,0.0,7.17,293.82,47.01,246.81,0,0,0,10,Philips Appliance,Philips,92.93,79.57,2023-01-02,2023-10-29,A,Appliances,0.06,low,Faro,PT,business,flat_rate,7_day,A,excellent,0.0,65.05,790.03,162.18,12.145,1,Isabel Martínez
1308,395,11,6,2023-02-04,2023-02-18,2023-02-18,2023-02-18,14,140.98,0.0,2.96,143.94,28.48,115.46,0,0,0,10,Dyson Appliance,Dyson,253.61,206.7,2022-03-13,2023-01-07,B,Appliances,0.06,low,Faro,PT,professional,flat_rate,flexible,B,excellent,0.0,126.81,810.49,187.07,6.3914,1,André Costa
1309,395,634,10,2023-02-25,2023-04-11,2023-04-11,2023-04-11,45,112.98,0.0,2.94,115.92,18.87,97.05,0,0,0,10,Dyson Appliance,Dyson,253.61,206.7,2022-03-13,2023-01-07,B,Appliances,0.06,low,Coimbra,PT,student,pct_of_retail,30_day,B,good,0.0,126.81,810.49,187.07,6.3914,1,Marta García
1310,395,1187,2,2023-04-25,2023-06-09,2023-06-09,2023-06-09,45,198.0,0.0,8.12,206.12,35.84,170.28,0,0,0,10,Dyson Appliance,Dyson,253.61,206.7,2022-03-13,2023-01-07,B,Appliances,0.06,low,Funchal,PT,business,flat_rate,7_day,B,good,0.0,126.81,810.49,187.07,6.3914,1,Fernando Rodrigues
1311,395,1467,10,2023-06-17,2023-07-17,2023-07-20,2023-07-20,30,75.32,15.36,1.96,92.64,16.19,76.45,0,0,1,10,Dyson Appliance,Dyson,253.61,206.7,2022-03-13,2023-01-07,B,Appliances,0.06,low,Porto,PT,professional,pct_of_retail,30_day,B,good,0.0,126.81,810.49,187.07,6.3914,1,Rui Costa
1312,395,1188,9,2023-08-02,2023-10-01,2023-10-01,2023-10-01,60,167.38,0.0,4.69,172.07,40.84,131.23,0,0,0,10,Dyson Appliance,Dyson,253.61,206.7,2022-03-13,2023-01-07,B,Appliances,0.06,low,Aveiro,PT,business,pct_of_retail,30_day,A,good,0.0,126.81,810.49,187.07,6.3914,1,André Ferreira
1313,395,1114,3,2023-10-09,2023-11-08,2023-11-08,2023-11-08,30,95.7,0.0,2.39,98.09,17.42,80.67,0,0,0,10,Dyson Appliance,Dyson,253.61,206.7,2022-03-13,2023-01-07,B,Appliances,0.06,low,Alicante,ES,professional,flat_rate,30_day,A,good,0.0,126.81,810.49,187.07,6.3914,1,Rafael Rodrigues
1314,395,1060,12,2023-11-16,2023-12-16,2023-12-16,2023-12-16,30,68.79,0.0,2.06,70.85,12.38,58.47,0,0,0,10,Dyson Appliance,Dyson,253.61,206.7,2022-03-13,2023-01-07,B,Appliances,0.06,low,Barcelona,ES,student,pct_of_retail,flexible,B,good,17.38,126.81,810.49,187.07,6.3914,1,Diego Santos
1315,395,518,9,2023-12-21,2024-01-20,2024-01-20,2024-01-20,30,95.26,0.0,2.67,97.93,17.05,80.88,0,0,0,10,Dyson Appliance,Dyson,253.61,206.7,2022-03-13,2023-01-07,B,Appliances,0.06,low,Bilbao,ES,professional,pct_of_retail,30_day,A,damaged,0.0,126.81,810.49,187.07,6.3914,1,Rafael Martins
1316,396,1044,2,2024-06-20,2024-08-04,2024-08-04,2024-08-04,45,198.0,0.0,8.12,206.12,33.66,172.46,0,0,0,10,Bosch Appliance SE,Bosch,280.04,253.47,2023-08-19,2024-06-14,A,Appliances,0.06,low,Coimbra,PT,professional,flat_rate,7_day,B,excellent,6.78,210.03,800.68,187.04,3.8122,1,Pablo Pereira
1317,396,197,5,2024-08-11,2024-09-10,2024-09-10,2024-09-10,30,255.3,0.0,8.68,263.98,46.98,217.0,0,0,0,10,Bosch Appliance SE,Bosch,280.04,253.47,2023-08-19,2024-06-14,A,Appliances,0.06,low,Málaga,ES,professional,flat_rate,flexible,A,good,0.0,210.03,800.68,187.04,3.8122,1,Maria Santos
1318,396,1931,1,2024-09-19,2024-11-18,2024-11-22,2024-11-22,60,382.2,25.56,9.56,417.32,88.29,329.03,0,0,1,10,Bosch Appliance SE,Bosch,280.04,253.47,2023-08-19,2024-06-14,A,Appliances,0.06,low,Porto,PT,student,flat_rate,7_day,A,good,0.0,210.03,800.68,187.04,3.8122,1,Ana López
1319,396,1676,8,2024-11-27,2024-12-27,2024-12-31,2024-12-31,30,87.07,10.36,2.87,100.3,18.11,82.19,0,0,1,10,Bosch Appliance SE,Bosch,280.04,253.47,2023-08-19,2024-06-14,A,Appliances,0.06,low,Barcelona,ES,student,pct_of_retail,7_day,B,good,0.0,210.03,800.68,187.04,3.8122,1,Rui Sánchez
1320,397,10,2,2023-02-07,2023-02-21,2023-02-21,,14,61.6,0.0,2.53,64.13,9.36,54.77,1,1,0,10,Tefal Appliance Plus,Tefal,56.18,48.03,2022-03-30,2023-01-24,B,Appliances,0.06,low,Leiria,PT,business,flat_rate,7_day,B,,,28.09,875.05,227.11,31.1517,1,Filipa Martins
1321,397,131,3,2023-03-01,2023-04-30,2023-04-30,2023-04-30,60,191.4,0.0,4.78,196.18,42.3,153.88,0,0,0,10,Tefal Appliance Plus,Tefal,56.18,48.03,2022-03-30,2023-01-24,B,Appliances,0.06,low,Faro,PT,business,flat_rate,30_day,A,fair,0.0,28.09,875.05,227.11,31.1517,1,Marta Martins
1322,397,651,3,2023-05-11,2023-05-25,2023-05-25,2023-05-25,14,44.66,0.0,1.12,45.78,9.42,36.36,0,0,0,10,Tefal Appliance Plus,Tefal,56.18,48.03,2022-03-30,2023-01-24,B,Appliances,0.06,low,Sevilla,ES,professional,flat_rate,30_day,A,fair,0.0,28.09,875.05,227.11,31.1517,1,Catarina Sousa
1323,397,1110,6,2023-06-06,2023-08-05,2023-08-12,2023-08-12,60,604.2,35.63,12.69,652.52,137.15,515.37,0,0,1,10,Tefal Appliance Plus,Tefal,56.18,48.03,2022-03-30,2023-01-24,B,Appliances,0.06,low,Évora,PT,professional,flat_rate,flexible,B,excellent,0.0,28.09,875.05,227.11,31.1517,1,Ana Pereira
1324,397,209,4,2023-08-21,2023-09-20,2023-09-20,2023-09-20,30,139.5,0.0,4.05,143.55,28.88,114.67,0,0,0,10,Tefal Appliance Plus,Tefal,56.18,48.03,2022-03-30,2023-01-24,B,Appliances,0.06,low,Braga,PT,professional,flat_rate,30_day,B,good,0.0,28.09,875.05,227.11,31.1517,1,Sara Costa
1325,398,1988,4,2024-08-28,2024-10-12,2024-10-12,2024-10-12,45,209.25,0.0,6.07,215.32,43.73,171.59,0,0,0,10,Bosch Appliance Max,Bosch,95.69,92.09,2023-10-27,2024-08-22,B,Appliances,0.06,low,Valencia,ES,professional,flat_rate,30_day,B,good,0.0,71.77,404.64,104.5,5.638,1,Maria Fernández
1326,398,985,1,2024-10-18,2024-12-02,2024-12-02,2024-12-02,45,286.65,0.0,7.17,293.82,60.77,233.05,0,0,0,10,Bosch Appliance Max,Bosch,95.69,92.09,2023-10-27,2024-08-22,B,Appliances,0.06,low,Coimbra,PT,business,flat_rate,7_day,A,good,0.0,71.77,404.64,104.5,5.638,1,Nuno Martins
1327,400,867,3,2024-08-27,2024-09-26,2024-09-26,2024-09-26,30,95.7,0.0,2.39,98.09,20.58,77.51,0,0,0,10,Tefal Appliance,Tefal,167.63,159.26,2023-10-25,2024-08-20,B,Appliances,0.06,low,Faro,PT,professional,flat_rate,30_day,A,excellent,0.0,125.72,214.33,50.12,1.7048,1,Nuno Costa
1328,400,757,1,2024-10-08,2024-10-22,2024-10-22,2024-10-22,14,89.18,0.0,2.23,91.41,16.94,74.47,0,0,0,10,Tefal Appliance,Tefal,167.63,159.26,2023-10-25,2024-08-20,B,Appliances,0.06,low,Aveiro,PT,professional,flat_rate,7_day,A,excellent,0.0,125.72,214.33,50.12,1.7048,1,Pablo Sánchez
1329,400,1506,4,2024-11-29,2024-12-13,2024-12-13,2024-12-13,14,72.84,0.0,2.11,74.95,12.6,62.35,0,0,0,10,Tefal Appliance,Tefal,167.63,159.26,2023-10-25,2024-08-20,B,Appliances,0.06,low,Coimbra,PT,casual,flat_rate,30_day,B,good,0.0,125.72,214.33,50.12,1.7048,1,Beatriz González
1330,401,1749,2,2024-04-28,2024-05-28,2024-05-28,2024-05-28,30,132.0,0.0,5.41,137.41,24.95,112.46,0,0,0,10,Tefal Appliance Max,Tefal,95.92,85.83,2023-06-07,2024-04-02,B,Appliances,0.06,low,Funchal,PT,professional,flat_rate,7_day,B,excellent,0.0,67.14,999.07,230.16,14.8804,1,Sofia Sánchez
1331,401,1402,1,2024-06-08,2024-06-22,2024-06-22,2024-06-22,14,89.18,0.0,2.23,91.41,13.64,77.77,0,0,0,10,Tefal Appliance Max,Tefal,95.92,85.83,2023-06-07,2024-04-02,B,Appliances,0.06,low,Valencia,ES,business,flat_rate,7_day,A,good,0.0,67.14,999.07,230.16,14.8804,1,Tiago Rodrigues
1332,401,1115,2,2024-07-04,2024-07-18,2024-07-18,2024-07-18,14,61.6,0.0,2.53,64.13,11.95,52.18,0,0,0,10,Tefal Appliance Max,Tefal,95.92,85.83,2023-06-07,2024-04-02,B,Appliances,0.06,low,Coimbra,PT,business,flat_rate,7_day,B,good,0.0,67.14,999.07,230.16,14.8804,1,Tiago Sousa
1333,401,1622,9,2024-07-25,2024-08-24,2024-08-24,2024-08-24,30,31.65,0.0,0.89,32.54,6.87,25.67,0,0,0,10,Tefal Appliance Max,Tefal,95.92,85.83,2023-06-07,2024-04-02,B,Appliances,0.06,low,Lisboa,PT,professional,pct_of_retail,30_day,A,excellent,0.0,67.14,999.07,230.16,14.8804,1,André Jesus
1334,401,932,6,2024-09-07,2024-10-22,2024-10-22,2024-10-22,45,453.15,0.0,9.52,462.67,106.49,356.18,0,0,0,10,Tefal Appliance Max,Tefal,95.92,85.83,2023-06-07,2024-04-02,B,Appliances,0.06,low,Braga,PT,business,flat_rate,flexible,B,excellent,0.0,67.14,999.07,230.16,14.8804,1,Marta Martins
1335,401,1751,3,2024-11-04,2024-12-04,2024-12-04,2024-12-04,30,101.99,0.0,2.55,104.54,15.5,89.04,0,0,0,10,Tefal Appliance Max,Tefal,95.92,85.83,2023-06-07,2024-04-02,B,Appliances,0.06,low,Barcelona,ES,business,flat_rate,30_day,A,good,0.0,67.14,999.07,230.16,14.8804,1,Nuno Martins
1336,401,827,6,2024-12-17,2025-01-16,2025-01-16,2025-01-16,30,329.61,0.0,6.92,336.53,50.76,285.77,0,0,0,10,Tefal Appliance Max,Tefal,95.92,85.83,2023-06-07,2024-04-02,B,Appliances,0.06,low,Setúbal,PT,professional,flat_rate,flexible,B,fair,0.0,67.14,999.07,230.16,14.8804,1,Inês Costa
1337,402,482,8,2023-10-09,2023-11-23,2023-11-23,2023-11-23,45,328.13,0.0,10.83,338.96,65.95,273.01,0,0,0,10,Tefal Appliance X,Tefal,744.06,697.15,2022-11-25,2023-09-21,B,Appliances,0.06,low,Évora,PT,business,pct_of_retail,7_day,B,excellent,0.0,446.44,1365.57,347.58,3.0588,1,Isabel Jesus
1338,402,465,11,2023-12-05,2024-01-04,2024-01-04,2024-01-04,30,321.13,0.0,12.2,333.33,77.39,255.94,0,0,0,10,Tefal Appliance X,Tefal,744.06,697.15,2022-11-25,2023-09-21,B,Appliances,0.06,low,Valencia,ES,professional,pct_of_retail,flexible,A,good,8.57,446.44,1365.57,347.58,3.0588,1,Sara Fernández
1339,402,115,11,2024-01-17,2024-02-16,2024-02-16,2024-02-16,30,283.49,0.0,10.77,294.26,58.12,236.14,0,0,0,10,Tefal Appliance X,Tefal,744.06,697.15,2022-11-25,2023-09-21,B,Appliances,0.06,low,Alicante,ES,business,pct_of_retail,flexible,A,excellent,0.0,446.44,1365.57,347.58,3.0588,1,Sofia Oliveira
1340,402,673,10,2024-02-25,2024-04-25,2024-04-25,2024-04-25,60,441.97,0.0,11.49,453.46,78.67,374.79,0,0,0,10,Tefal Appliance X,Tefal,744.06,697.15,2022-11-25,2023-09-21,B,Appliances,0.06,low,Braga,PT,casual,pct_of_retail,30_day,B,damaged,0.0,446.44,1365.57,347.58,3.0588,1,Fernando Santos
1341,402,1414,12,2024-04-30,2024-06-14,2024-06-14,2024-06-14,45,284.6,0.0,8.54,293.14,67.45,225.69,0,0,0,10,Tefal Appliance X,Tefal,744.06,697.15,2022-11-25,2023-09-21,B,Appliances,0.06,low,Madrid,ES,business,pct_of_retail,flexible,B,good,0.0,446.44,1365.57,347.58,3.0588,1,Rui Martins
1342,403,673,2,2022-01-01,2022-02-15,2022-02-20,2022-02-20,45,198.0,36.0,8.12,242.12,47.12,195.0,0,0,1,10,Bosch Appliance Ultra,Bosch,86.14,60.85,2021-02-04,2021-12-01,C,Appliances,0.06,low,Braga,PT,casual,flat_rate,7_day,B,excellent,0.0,38.76,787.08,166.23,20.3065,1,Fernando Santos
1343,403,49,3,2022-03-06,2022-04-20,2022-04-20,2022-04-20,45,143.55,0.0,3.59,147.14,29.43,117.71,0,0,0,10,Bosch Appliance Ultra,Bosch,86.14,60.85,2021-02-04,2021-12-01,C,Appliances,0.06,low,Porto,PT,professional,flat_rate,30_day,A,damaged,0.0,38.76,787.08,166.23,20.3065,1,Filipa Costa
1344,403,532,5,2022-05-04,2022-05-18,2022-05-18,2022-05-18,14,119.14,0.0,4.05,123.19,18.59,104.6,0,0,0,10,Bosch Appliance Ultra,Bosch,86.14,60.85,2021-02-04,2021-12-01,C,Appliances,0.06,low,Barcelona,ES,professional,flat_rate,flexible,A,fair,40.5,38.76,787.08,166.23,20.3065,1,Nuno Santos
1345,403,283,5,2022-05-24,2022-07-08,2022-07-08,2022-07-08,45,382.95,0.0,13.02,395.97,66.63,329.34,0,0,0,10,Bosch Appliance Ultra,Bosch,86.14,60.85,2021-02-04,2021-12-01,C,Appliances,0.06,low,Málaga,ES,student,flat_rate,flexible,A,good,0.0,38.76,787.08,166.23,20.3065,1,Sara Santos
1346,403,1134,12,2022-07-15,2022-08-14,2022-08-21,2022-08-21,30,21.97,22.26,0.66,44.89,4.46,40.43,0,0,1,10,Bosch Appliance Ultra,Bosch,86.14,60.85,2021-02-04,2021-12-01,C,Appliances,0.06,low,Leiria,PT,professional,pct_of_retail,flexible,B,good,0.0,38.76,787.08,166.23,20.3065,1,Ana Sánchez
1347,404,296,5,2022-11-11,2022-12-26,2022-12-26,2022-12-26,45,440.29,0.0,14.97,455.26,83.66,371.6,0,0,0,10,Philips Appliance X,Philips,72.9,57.21,2022-01-09,2022-11-05,B,Appliances,0.06,low,Faro,PT,student,flat_rate,flexible,A,fair,0.0,36.45,919.88,209.63,25.2368,1,André Fernández
1348,404,557,5,2023-01-08,2023-02-22,2023-02-22,2023-02-22,45,382.95,0.0,13.02,395.97,65.1,330.87,0,0,0,10,Philips Appliance X,Philips,72.9,57.21,2022-01-09,2022-11-05,B,Appliances,0.06,low,Valencia,ES,business,flat_rate,flexible,A,good,0.0,36.45,919.88,209.63,25.2368,1,Marco Pereira
1349,404,1499,9,2023-03-03,2023-05-02,2023-05-02,2023-05-02,60,48.11,0.0,1.35,49.46,11.88,37.58,0,0,0,10,Philips Appliance X,Philips,72.9,57.21,2022-01-09,2022-11-05,B,Appliances,0.06,low,Aveiro,PT,professional,pct_of_retail,30_day,A,good,0.0,36.45,919.88,209.63,25.2368,1,Filipa Rodrigues
1350,404,638,1,2023-05-16,2023-05-30,2023-05-30,2023-05-30,14,89.18,0.0,2.23,91.41,17.57,73.84,0,0,0,10,Philips Appliance X,Philips,72.9,57.21,2022-01-09,2022-11-05,B,Appliances,0.06,low,Aveiro,PT,casual,flat_rate,7_day,A,good,0.0,36.45,919.88,209.63,25.2368,1,Filipa López
1351,404,632,2,2023-06-12,2023-07-12,2023-07-12,2023-07-12,30,132.0,0.0,5.41,137.41,31.42,105.99,0,0,0,10,Philips Appliance X,Philips,72.9,57.21,2022-01-09,2022-11-05,B,Appliances,0.06,low,Bilbao,ES,business,flat_rate,7_day,B,excellent,0.0,36.45,919.88,209.63,25.2368,1,Rui Oliveira
1352,405,798,4,2022-11-02,2022-12-02,2022-12-02,2022-12-02,30,160.11,0.0,4.64,164.75,28.82,135.93,0,0,0,10,Tefal Appliance SE,Tefal,92.35,72.37,2022-01-06,2022-11-02,A,Appliances,0.06,low,Braga,PT,casual,flat_rate,30_day,B,fair,0.0,46.17,585.55,134.55,12.6825,1,André García
1353,405,102,6,2022-12-08,2023-01-07,2023-01-07,2023-01-07,30,344.94,0.0,7.24,352.18,63.81,288.37,0,0,0,10,Tefal Appliance SE,Tefal,92.35,72.37,2022-01-06,2022-11-02,A,Appliances,0.06,low,Lisboa,PT,professional,flat_rate,flexible,B,good,0.0,46.17,585.55,134.55,12.6825,1,Maria Fernández
1354,405,1287,3,2023-02-10,2023-04-11,2023-04-12,2023-04-12,60,191.4,6.99,4.78,203.17,41.92,161.25,0,0,1,10,Tefal Appliance SE,Tefal,92.35,72.37,2022-01-06,2022-11-02,A,Appliances,0.06,low,Setúbal,PT,professional,flat_rate,30_day,A,excellent,0.0,46.17,585.55,134.55,12.6825,1,Filipa Martins
1355,406,380,3,2024-09-14,2024-09-28,2024-09-28,2024-09-28,14,44.66,0.0,1.12,45.78,7.28,38.5,0,0,0,10,Bosch Appliance Ultra,Bosch,221.41,199.61,2023-11-12,2024-09-07,B,Appliances,0.06,low,Lisboa,PT,professional,flat_rate,30_day,A,excellent,0.0,166.06,248.64,57.26,1.4973,1,Carmen García
1356,406,928,1,2024-10-04,2024-11-03,2024-11-03,2024-11-03,30,191.1,0.0,4.78,195.88,37.07,158.81,0,0,0,10,Bosch Appliance Ultra,Bosch,221.41,199.61,2023-11-12,2024-09-07,B,Appliances,0.06,low,Zaragoza,ES,student,flat_rate,7_day,A,fair,0.0,166.06,248.64,57.26,1.4973,1,Sofia Martínez
1357,406,239,12,2024-11-15,2024-12-15,2024-12-15,2024-12-15,30,62.37,0.0,1.87,64.24,12.91,51.33,0,0,0,10,Bosch Appliance Ultra,Bosch,221.41,199.61,2023-11-12,2024-09-07,B,Appliances,0.06,low,Leiria,PT,casual,pct_of_retail,flexible,B,good,1.31,166.06,248.64,57.26,1.4973,1,Marco Ferreira
1358,407,1892,1,2024-03-19,2024-04-18,2024-04-18,2024-04-18,30,191.1,0.0,4.78,195.88,45.67,150.21,0,0,0,10,Tefal Appliance Ultra,Tefal,199.61,177.1,2023-05-23,2024-03-18,C,Appliances,0.06,low,Alicante,ES,business,flat_rate,7_day,A,excellent,0.0,139.73,729.37,196.01,5.2199,1,Maria García
1359,407,1424,2,2024-05-16,2024-06-15,2024-06-15,2024-06-15,30,132.0,0.0,5.41,137.41,29.83,107.58,0,0,0,10,Tefal Appliance Ultra,Tefal,199.61,177.1,2023-05-23,2024-03-18,C,Appliances,0.06,low,Coimbra,PT,professional,flat_rate,7_day,B,excellent,0.0,139.73,729.37,196.01,5.2199,1,Marco Silva
1360,407,1581,5,2024-06-28,2024-07-28,2024-07-28,2024-07-28,30,255.3,0.0,8.68,263.98,48.0,215.98,0,0,0,10,Tefal Appliance Ultra,Tefal,199.61,177.1,2023-05-23,2024-03-18,C,Appliances,0.06,low,Sevilla,ES,business,flat_rate,flexible,A,good,0.0,139.73,729.37,196.01,5.2199,1,Carmen Sánchez
1361,407,499,2,2024-08-05,2024-08-19,2024-08-19,2024-08-19,14,61.6,0.0,2.53,64.13,10.47,53.66,0,0,0,10,Tefal Appliance Ultra,Tefal,199.61,177.1,2023-05-23,2024-03-18,C,Appliances,0.06,low,Zaragoza,ES,business,flat_rate,7_day,B,excellent,0.0,139.73,729.37,196.01,5.2199,1,Pablo González
1362,407,259,5,2024-08-26,2024-09-25,2024-09-25,2024-09-25,30,255.3,0.0,8.68,263.98,62.04,201.94,0,0,0,10,Tefal Appliance Ultra,Tefal,199.61,177.1,2023-05-23,2024-03-18,C,Appliances,0.06,low,Madrid,ES,student,flat_rate,flexible,A,good,0.0,139.73,729.37,196.01,5.2199,1,Carlos Rodrigues
1363,409,561,1,2024-08-28,2024-09-27,2024-09-27,2024-09-27,30,191.1,0.0,4.78,195.88,45.86,150.02,0,0,0,10,Philips Appliance Ultra,Philips,129.6,122.93,2023-09-04,2024-06-30,A,Appliances,0.06,low,Coimbra,PT,business,flat_rate,7_day,A,excellent,0.0,97.2,941.93,192.35,9.6906,1,Nuno Costa
1364,409,1894,6,2024-10-06,2024-12-05,2024-12-05,2024-12-05,60,604.2,0.0,12.69,616.89,98.48,518.41,0,0,0,10,Philips Appliance Ultra,Philips,129.6,122.93,2023-09-04,2024-06-30,A,Appliances,0.06,low,Setúbal,PT,professional,flat_rate,flexible,B,good,36.77,97.2,941.93,192.35,9.6906,1,Diego Fernández
1365,409,150,2,2024-12-15,2025-02-13,2025-02-14,2025-02-14,60,301.93,7.2,12.38,321.51,48.01,273.5,0,0,1,10,Philips Appliance Ultra,Philips,129.6,122.93,2023-09-04,2024-06-30,A,Appliances,0.06,low,Évora,PT,professional,flat_rate,7_day,B,good,0.0,97.2,941.93,192.35,9.6906,1,Ricardo García
1366,410,1064,6,2024-02-12,2024-03-13,2024-03-13,2024-03-13,30,302.1,0.0,6.34,308.44,74.92,233.52,0,0,0,10,Philips Appliance Pro,Philips,245.48,207.5,2023-04-11,2024-02-05,B,Appliances,0.06,low,Aveiro,PT,professional,flat_rate,flexible,B,excellent,0.0,171.84,806.77,201.02,4.6949,1,Marta González
1367,410,1482,12,2024-03-26,2024-04-09,2024-04-09,2024-04-09,14,29.21,0.0,0.88,30.09,4.79,25.3,0,0,0,10,Philips Appliance Pro,Philips,245.48,207.5,2023-04-11,2024-02-05,B,Appliances,0.06,low,Funchal,PT,student,pct_of_retail,flexible,B,good,0.0,171.84,806.77,201.02,4.6949,1,Filipa Rodrigues
1368,410,238,1,2024-04-21,2024-05-05,2024-05-05,,14,89.18,0.0,2.23,91.41,21.58,69.83,1,0,0,10,Philips Appliance Pro,Philips,245.48,207.5,2023-04-11,2024-02-05,B,Appliances,0.06,low,Alicante,ES,business,flat_rate,7_day,A,,,171.84,806.77,201.02,4.6949,1,André Sousa
1369,410,1570,8,2024-05-14,2024-05-28,2024-05-28,2024-05-28,14,33.68,0.0,1.11,34.79,6.9,27.89,0,0,0,10,Philips Appliance Pro,Philips,245.48,207.5,2023-04-11,2024-02-05,B,Appliances,0.06,low,Funchal,PT,casual,pct_of_retail,7_day,B,fair,0.0,171.84,806.77,201.02,4.6949,1,Ricardo Santos
1370,410,1311,11,2024-06-04,2024-07-04,2024-07-04,2024-07-04,30,93.53,0.0,3.55,97.08,21.51,75.57,0,0,0,10,Philips Appliance Pro,Philips,245.48,207.5,2023-04-11,2024-02-05,B,Appliances,0.06,low,Barcelona,ES,student,pct_of_retail,flexible,A,excellent,0.0,171.84,806.77,201.02,4.6949,1,Marta Santos
1371,410,1187,3,2024-07-10,2024-08-09,2024-08-09,2024-08-09,30,95.7,0.0,2.39,98.09,17.23,80.86,0,0,0,10,Philips Appliance Pro,Philips,245.48,207.5,2023-04-11,2024-02-05,B,Appliances,0.06,low,Funchal,PT,business,flat_rate,30_day,A,good,0.0,171.84,806.77,201.02,4.6949,1,Fernando Rodrigues
1372,410,513,10,2024-08-17,2024-08-31,2024-08-31,2024-08-31,14,34.02,0.0,0.88,34.9,8.23,26.67,0,0,0,10,Philips Appliance Pro,Philips,245.48,207.5,2023-04-11,2024-02-05,B,Appliances,0.06,low,Aveiro,PT,professional,pct_of_retail,30_day,B,good,0.0,171.84,806.77,201.02,4.6949,1,Lucia García
1373,410,1540,1,2024-09-08,2024-10-23,2024-10-26,,45,286.65,19.17,7.17,312.99,45.86,267.13,1,0,1,10,Philips Appliance Pro,Philips,245.48,207.5,2023-04-11,2024-02-05,B,Appliances,0.06,low,Lisboa,PT,student,flat_rate,7_day,A,,,171.84,806.77,201.02,4.6949,1,Inês Oliveira
1374,411,1239,3,2024-07-23,2024-09-21,2024-09-21,2024-09-21,60,191.4,0.0,4.78,196.18,31.39,164.79,0,0,0,10,Tefal Appliance Plus,Tefal,96.41,89.55,2023-09-01,2024-06-27,B,Appliances,0.06,low,Zaragoza,ES,professional,flat_rate,30_day,A,good,0.0,72.31,962.25,209.56,13.3073,1,Isabel Pereira
1375,411,1811,1,2024-10-03,2024-10-17,2024-10-18,2024-10-18,14,89.18,6.39,2.23,97.8,18.28,79.52,0,0,1,10,Tefal Appliance Plus,Tefal,96.41,89.55,2023-09-01,2024-06-27,B,Appliances,0.06,low,Aveiro,PT,professional,flat_rate,7_day,A,good,0.0,72.31,962.25,209.56,13.3073,1,Carlos Rodrigues
1376,411,1776,6,2024-10-25,2024-11-24,2024-11-24,2024-11-24,30,302.1,0.0,6.34,308.44,51.96,256.48,0,0,0,10,Tefal Appliance Plus,Tefal,96.41,89.55,2023-09-01,2024-06-27,B,Appliances,0.06,low,Coimbra,PT,student,flat_rate,flexible,B,good,0.0,72.31,962.25,209.56,13.3073,1,Beatriz Silva
1377,411,349,5,2024-11-30,2025-01-29,2025-01-29,2025-01-29,60,550.67,0.0,18.72,569.39,107.93,461.46,0,0,0,10,Tefal Appliance Plus,Tefal,96.41,89.55,2023-09-01,2024-06-27,B,Appliances,0.06,low,Valencia,ES,business,flat_rate,flexible,A,good,0.0,72.31,962.25,209.56,13.3073,1,Fernando Sousa
1378,413,1556,5,2023-11-12,2023-11-26,2023-11-26,2023-11-26,14,126.64,0.0,4.31,130.95,26.21,104.74,0,0,0,10,Tefal Appliance Ultra,Tefal,85.81,68.84,2022-12-03,2023-09-29,A,Appliances,0.06,low,Coimbra,PT,professional,flat_rate,flexible,A,excellent,0.0,51.49,287.69,72.54,5.5873,1,Sofia Martínez
1379,413,565,2,2023-12-07,2023-12-21,2023-12-21,2023-12-21,14,70.84,0.0,2.9,73.74,12.26,61.48,0,0,0,10,Tefal Appliance Ultra,Tefal,85.81,68.84,2022-12-03,2023-09-29,A,Appliances,0.06,low,Aveiro,PT,casual,flat_rate,7_day,B,good,0.0,51.49,287.69,72.54,5.5873,1,Isabel Pereira
1380,413,1530,2,2024-01-03,2024-01-17,2024-01-17,2024-01-17,14,61.6,0.0,2.53,64.13,11.95,52.18,0,0,0,10,Tefal Appliance Ultra,Tefal,85.81,68.84,2022-12-03,2023-09-29,A,Appliances,0.06,low,Sevilla,ES,business,flat_rate,7_day,B,good,0.0,51.49,287.69,72.54,5.5873,1,Beatriz Santos
1381,413,1056,1,2024-01-29,2024-02-12,2024-02-12,2024-02-12,14,89.18,0.0,2.23,91.41,22.12,69.29,0,0,0,10,Tefal Appliance Ultra,Tefal,85.81,68.84,2022-12-03,2023-09-29,A,Appliances,0.06,low,Aveiro,PT,business,flat_rate,7_day,A,good,0.0,51.49,287.69,72.54,5.5873,1,Catarina Santos
1382,414,1756,3,2024-10-16,2024-10-30,2024-10-30,2024-10-30,14,44.66,0.0,1.12,45.78,10.36,35.42,0,0,0,10,Tefal Appliance Max,Tefal,135.22,121.36,2023-11-18,2024-09-13,B,Appliances,0.06,low,Madrid,ES,casual,flat_rate,30_day,A,good,0.0,101.41,564.21,142.63,5.5637,1,Pedro Silva
1383,414,1185,1,2024-11-10,2024-12-10,2024-12-10,2024-12-10,30,200.74,0.0,5.02,205.76,32.32,173.44,0,0,0,10,Tefal Appliance Max,Tefal,135.22,121.36,2023-11-18,2024-09-13,B,Appliances,0.06,low,Málaga,ES,professional,flat_rate,7_day,A,fair,0.0,101.41,564.21,142.63,5.5637,1,Fernando González
1384,414,143,5,2024-12-24,2025-02-07,2025-02-07,2025-02-07,45,440.33,0.0,14.97,455.3,99.95,355.35,0,0,0,10,Tefal Appliance Max,Tefal,135.22,121.36,2023-11-18,2024-09-13,B,Appliances,0.06,low,Setúbal,PT,business,flat_rate,flexible,A,excellent,0.0,101.41,564.21,142.63,5.5637,1,Diogo Ferreira
1385,415,1390,12,2023-07-29,2023-08-12,2023-08-12,2023-08-12,14,88.42,0.0,2.65,91.07,21.84,69.23,0,0,0,10,Philips Appliance Ultra,Philips,743.05,612.05,2022-09-27,2023-07-24,A,Appliances,0.06,low,Évora,PT,student,pct_of_retail,flexible,B,good,0.0,445.83,1747.92,436.75,3.9206,1,Maria Martínez
1386,415,1531,12,2023-08-22,2023-10-06,2023-10-06,2023-10-06,45,284.22,0.0,8.53,292.75,54.85,237.9,0,0,0,10,Philips Appliance Ultra,Philips,743.05,612.05,2022-09-27,2023-07-24,A,Appliances,0.06,low,Braga,PT,business,pct_of_retail,flexible,B,damaged,0.0,445.83,1747.92,436.75,3.9206,1,Diego García
1387,415,338,7,2023-10-14,2023-11-13,2023-11-13,2023-11-13,30,200.62,0.0,9.83,210.45,41.73,168.72,0,0,0,10,Philips Appliance Ultra,Philips,743.05,612.05,2022-09-27,2023-07-24,A,Appliances,0.06,low,Valencia,ES,professional,pct_of_retail,7_day,A,excellent,0.0,445.83,1747.92,436.75,3.9206,1,Pablo Fernández
1388,415,1100,10,2023-11-18,2023-12-18,2023-12-18,2023-12-18,30,235.67,0.0,6.13,241.8,49.49,192.31,0,0,0,10,Philips Appliance Ultra,Philips,743.05,612.05,2022-09-27,2023-07-24,A,Appliances,0.06,low,Funchal,PT,casual,pct_of_retail,30_day,B,good,0.0,445.83,1747.92,436.75,3.9206,1,Miguel Jesus
1389,415,868,6,2023-12-30,2024-01-29,2024-02-05,2024-02-05,30,332.88,35.63,6.99,375.5,81.22,294.28,0,0,1,10,Philips Appliance Ultra,Philips,743.05,612.05,2022-09-27,2023-07-24,A,Appliances,0.06,low,Aveiro,PT,professional,flat_rate,flexible,B,good,44.16,445.83,1747.92,436.75,3.9206,1,Diego Oliveira
1390,415,49,10,2024-02-11,2024-03-27,2024-03-27,2024-03-27,45,331.03,0.0,8.61,339.64,63.89,275.75,0,0,0,10,Philips Appliance Ultra,Philips,743.05,612.05,2022-09-27,2023-07-24,A,Appliances,0.06,low,Porto,PT,professional,pct_of_retail,30_day,B,good,0.0,445.83,1747.92,436.75,3.9206,1,Filipa Costa
1391,415,219,1,2024-04-03,2024-05-18,2024-05-18,2024-05-18,45,286.65,0.0,7.17,293.82,62.49,231.33,0,0,0,10,Philips Appliance Ultra,Philips,743.05,612.05,2022-09-27,2023-07-24,A,Appliances,0.06,low,Málaga,ES,professional,flat_rate,7_day,A,fair,0.0,445.83,1747.92,436.75,3.9206,1,Diogo Rodrigues
1392,415,119,10,2024-05-23,2024-07-07,2024-07-07,2024-07-07,45,331.03,0.0,8.61,339.64,61.24,278.4,0,0,0,10,Philips Appliance Ultra,Philips,743.05,612.05,2022-09-27,2023-07-24,A,Appliances,0.06,low,Valencia,ES,casual,pct_of_retail,30_day,B,damaged,0.0,445.83,1747.92,436.75,3.9206,1,Filipa Martínez
1393,416,1823,3,2024-09-27,2024-11-11,2024-11-11,2024-11-11,45,143.55,0.0,3.59,147.14,32.44,114.7,0,0,0,10,Bosch Appliance Max,Bosch,295.21,279.08,2023-11-06,2024-09-01,A,Appliances,0.06,low,Madrid,ES,business,flat_rate,30_day,A,damaged,0.0,221.41,232.42,58.51,1.0497,1,Pablo Santos
1394,416,1831,10,2024-11-25,2025-01-09,2025-01-09,2025-01-09,45,140.15,0.0,3.64,143.79,26.07,117.72,0,0,0,10,Bosch Appliance Max,Bosch,295.21,279.08,2023-11-06,2024-09-01,A,Appliances,0.06,low,Valencia,ES,business,pct_of_retail,30_day,B,good,0.0,221.41,232.42,58.51,1.0497,1,Elena García
1395,418,331,2,2023-02-03,2023-03-05,2023-03-05,,30,132.0,0.0,5.41,137.41,28.12,109.29,1,1,0,10,Dyson Appliance SE,Dyson,168.34,146.85,2022-03-03,2022-12-28,C,Appliances,0.06,low,Faro,PT,professional,flat_rate,7_day,B,,,84.17,508.11,121.6,6.0367,1,Lucia Jesus
1396,418,559,2,2023-03-14,2023-04-13,2023-04-16,2023-04-16,30,132.0,21.6,5.41,159.01,24.82,134.19,0,0,1,10,Dyson Appliance SE,Dyson,168.34,146.85,2022-03-03,2022-12-28,C,Appliances,0.06,low,Bilbao,ES,student,flat_rate,7_day,B,good,0.0,84.17,508.11,121.6,6.0367,1,João Jesus
1397,418,1831,1,2023-04-22,2023-05-22,2023-05-22,2023-05-22,30,191.1,0.0,4.78,195.88,39.75,156.13,0,0,0,10,Dyson Appliance SE,Dyson,168.34,146.85,2022-03-03,2022-12-28,C,Appliances,0.06,low,Valencia,ES,business,flat_rate,7_day,A,good,0.0,84.17,508.11,121.6,6.0367,1,Elena García
1398,418,1458,2,2023-05-29,2023-06-28,2023-06-28,2023-06-28,30,132.0,0.0,5.41,137.41,28.91,108.5,0,0,0,10,Dyson Appliance SE,Dyson,168.34,146.85,2022-03-03,2022-12-28,C,Appliances,0.06,low,Coimbra,PT,professional,flat_rate,7_day,B,good,0.0,84.17,508.11,121.6,6.0367,1,Pedro Rodrigues
1399,419,825,10,2023-08-30,2023-09-29,2023-09-29,2023-09-29,30,154.4,0.0,4.01,158.41,27.33,131.08,0,0,0,10,Bosch Appliance,Bosch,519.87,478.72,2022-10-19,2023-08-15,A,Appliances,0.06,low,Valencia,ES,casual,pct_of_retail,30_day,B,good,0.0,311.92,850.7,206.4,2.7273,1,Rui Ferreira
1400,419,866,8,2023-11-07,2023-12-22,2023-12-22,2023-12-22,45,245.26,0.0,8.09,253.35,54.45,198.9,0,0,0,10,Bosch Appliance,Bosch,519.87,478.72,2022-10-19,2023-08-15,A,Appliances,0.06,low,Porto,PT,student,pct_of_retail,7_day,B,good,0.0,311.92,850.7,206.4,2.7273,1,Marco Sousa
1401,419,1522,9,2024-02-09,2024-03-25,2024-03-27,2024-03-27,45,257.34,4.42,7.21,268.97,48.64,220.33,0,0,1,10,Bosch Appliance,Bosch,519.87,478.72,2022-10-19,2023-08-15,A,Appliances,0.06,low,Bilbao,ES,professional,pct_of_retail,30_day,A,good,0.0,311.92,850.7,206.4,2.7273,1,Rosa López
1402,419,125,4,2024-04-03,2024-05-03,2024-05-03,2024-05-03,30,139.5,0.0,4.05,143.55,27.34,116.21,0,0,0,10,Bosch Appliance,Bosch,519.87,478.72,2022-10-19,2023-08-15,A,Appliances,0.06,low,Porto,PT,professional,flat_rate,30_day,B,good,0.0,311.92,850.7,206.4,2.7273,1,Rui Costa
1403,419,478,7,2024-05-09,2024-06-23,2024-06-28,2024-06-28,45,210.55,11.95,10.32,232.82,48.64,184.18,0,0,1,10,Bosch Appliance,Bosch,519.87,478.72,2022-10-19,2023-08-15,A,Appliances,0.06,low,Sevilla,ES,business,pct_of_retail,7_day,A,excellent,0.0,311.92,850.7,206.4,2.7273,1,Pedro Jesus
1404,420,1242,7,2022-01-21,2022-02-04,2022-02-04,2022-02-04,14,30.41,0.0,1.49,31.9,5.38,26.52,0,0,0,10,Bosch Appliance SE,Bosch,241.32,205.49,2021-03-18,2022-01-12,A,Appliances,0.06,low,Sevilla,ES,student,pct_of_retail,7_day,A,good,0.0,108.59,1280.89,324.95,11.7957,1,Carmen Ferreira
1405,420,886,1,2022-03-02,2022-05-01,2022-05-01,,60,382.2,0.0,9.56,391.76,92.49,299.27,1,0,0,10,Bosch Appliance SE,Bosch,241.32,205.49,2021-03-18,2022-01-12,A,Appliances,0.06,low,Zaragoza,ES,business,flat_rate,7_day,A,,,108.59,1280.89,324.95,11.7957,1,Diogo Oliveira
1406,420,1760,9,2022-05-15,2022-06-29,2022-06-29,2022-06-29,45,119.45,0.0,3.34,122.79,23.65,99.14,0,0,0,10,Bosch Appliance SE,Bosch,241.32,205.49,2021-03-18,2022-01-12,A,Appliances,0.06,low,Aveiro,PT,professional,pct_of_retail,30_day,A,good,0.0,108.59,1280.89,324.95,11.7957,1,Miguel Sousa
1407,420,1177,9,2022-07-11,2022-08-25,2022-08-25,,45,119.45,0.0,3.34,122.79,27.35,95.44,1,0,0,10,Bosch Appliance SE,Bosch,241.32,205.49,2021-03-18,2022-01-12,A,Appliances,0.06,low,Madrid,ES,professional,pct_of_retail,30_day,A,,,108.59,1280.89,324.95,11.7957,1,Pedro Rodrigues
1408,420,1791,2,2022-09-04,2022-11-03,2022-11-06,2022-11-06,60,264.0,21.6,10.82,296.42,46.46,249.96,0,0,1,10,Bosch Appliance SE,Bosch,241.32,205.49,2021-03-18,2022-01-12,A,Appliances,0.06,low,Faro,PT,student,flat_rate,7_day,B,good,0.0,108.59,1280.89,324.95,11.7957,1,Isabel Sousa
1409,420,1224,2,2022-11-13,2022-12-28,2022-12-28,2022-12-28,45,220.18,0.0,9.03,229.21,38.09,191.12,0,0,0,10,Bosch Appliance SE,Bosch,241.32,205.49,2021-03-18,2022-01-12,A,Appliances,0.06,low,Málaga,ES,business,flat_rate,7_day,B,excellent,0.0,108.59,1280.89,324.95,11.7957,1,Carmen Rodrigues
1410,420,333,5,2023-01-05,2023-02-19,2023-02-23,2023-02-23,45,382.95,15.0,13.02,410.97,91.53,319.44,0,0,1,10,Bosch Appliance SE,Bosch,241.32,205.49,2021-03-18,2022-01-12,A,Appliances,0.06,low,Málaga,ES,business,flat_rate,flexible,A,good,0.0,108.59,1280.89,324.95,11.7957,1,Luísa Sánchez
1411,421,1767,10,2022-04-25,2022-05-09,2022-05-09,2022-05-09,14,52.32,0.0,1.36,53.68,8.79,44.89,0,0,0,10,Tefal Appliance Max,Tefal,377.46,282.57,2021-06-26,2022-04-22,A,Appliances,0.06,low,Madrid,ES,professional,pct_of_retail,30_day,B,good,0.0,169.86,1486.52,394.65,8.7514,1,Diogo Martínez
1412,421,362,5,2022-05-17,2022-07-16,2022-07-16,2022-07-16,60,510.6,0.0,17.36,527.96,107.23,420.73,0,0,0,10,Tefal Appliance Max,Tefal,377.46,282.57,2021-06-26,2022-04-22,A,Appliances,0.06,low,Faro,PT,casual,flat_rate,flexible,A,damaged,0.0,169.86,1486.52,394.65,8.7514,1,André Martins
1413,421,668,2,2022-07-22,2022-08-05,2022-08-05,2022-08-05,14,61.6,0.0,2.53,64.13,14.29,49.84,0,0,0,10,Tefal Appliance Max,Tefal,377.46,282.57,2021-06-26,2022-04-22,A,Appliances,0.06,low,Barcelona,ES,professional,flat_rate,7_day,B,damaged,0.0,169.86,1486.52,394.65,8.7514,1,Maria Ferreira
1414,421,1471,6,2022-08-19,2022-10-18,2022-10-18,2022-10-18,60,604.2,0.0,12.69,616.89,143.8,473.09,0,0,0,10,Tefal Appliance Max,Tefal,377.46,282.57,2021-06-26,2022-04-22,A,Appliances,0.06,low,Lisboa,PT,casual,flat_rate,flexible,B,good,0.0,169.86,1486.52,394.65,8.7514,1,Pedro Sánchez
1415,421,425,3,2022-10-30,2022-11-29,2022-11-29,2022-11-29,30,95.7,0.0,2.39,98.09,16.84,81.25,0,0,0,10,Tefal Appliance Max,Tefal,377.46,282.57,2021-06-26,2022-04-22,A,Appliances,0.06,low,Zaragoza,ES,business,flat_rate,30_day,A,excellent,0.0,169.86,1486.52,394.65,8.7514,1,Rui García
1416,421,1713,11,2022-12-13,2023-01-27,2023-01-27,2023-01-27,45,243.44,0.0,9.25,252.69,56.72,195.97,0,0,0,10,Tefal Appliance Max,Tefal,377.46,282.57,2021-06-26,2022-04-22,A,Appliances,0.06,low,Aveiro,PT,professional,pct_of_retail,flexible,A,good,0.0,169.86,1486.52,394.65,8.7514,1,Fernando Ferreira
1417,421,1380,5,2023-02-01,2023-03-03,2023-03-04,2023-03-04,30,255.3,3.75,8.68,267.73,46.98,220.75,0,0,1,10,Tefal Appliance Max,Tefal,377.46,282.57,2021-06-26,2022-04-22,A,Appliances,0.06,low,Setúbal,PT,business,flat_rate,flexible,A,good,0.0,169.86,1486.52,394.65,8.7514,1,João Rodrigues
1418,422,1367,7,2024-03-25,2024-04-24,2024-04-24,2024-04-24,30,39.4,0.0,1.93,41.33,8.71,32.62,0,0,0,10,Bosch Appliance Lite,Bosch,145.93,138.36,2023-04-10,2024-02-04,A,Appliances,0.06,low,Madrid,ES,professional,pct_of_retail,7_day,A,damaged,7.43,102.15,535.83,120.67,5.2455,1,Sara Ferreira
1419,422,286,6,2024-05-07,2024-06-06,2024-06-06,2024-06-06,30,302.1,0.0,6.34,308.44,57.1,251.34,0,0,0,10,Bosch Appliance Lite,Bosch,145.93,138.36,2023-04-10,2024-02-04,A,Appliances,0.06,low,Coimbra,PT,casual,flat_rate,flexible,B,excellent,0.0,102.15,535.83,120.67,5.2455,1,Carlos Pereira
1420,422,1912,4,2024-07-09,2024-08-23,2024-08-23,2024-08-23,45,209.25,0.0,6.07,215.32,40.59,174.73,0,0,0,10,Bosch Appliance Lite,Bosch,145.93,138.36,2023-04-10,2024-02-04,A,Appliances,0.06,low,Málaga,ES,professional,flat_rate,30_day,B,excellent,0.0,102.15,535.83,120.67,5.2455,1,Ricardo Costa
1421,422,772,1,2024-09-02,2024-09-16,2024-09-16,,14,89.18,0.0,2.23,91.41,14.27,77.14,1,0,0,10,Bosch Appliance Lite,Bosch,145.93,138.36,2023-04-10,2024-02-04,A,Appliances,0.06,low,Bilbao,ES,business,flat_rate,7_day,A,,,102.15,535.83,120.67,5.2455,1,Sofia García
1422,423,1654,2,2022-04-16,2022-05-16,2022-05-16,2022-05-16,30,132.0,0.0,5.41,137.41,31.15,106.26,0,0,0,10,Tefal Appliance Plus,Tefal,105.79,69.86,2021-06-02,2022-03-29,B,Appliances,0.06,low,Porto,PT,business,flat_rate,7_day,B,excellent,0.0,47.61,850.54,194.75,17.8647,1,Carlos Sousa
1423,423,1095,1,2022-05-29,2022-07-13,2022-07-13,2022-07-13,45,286.65,0.0,7.17,293.82,44.14,249.68,0,0,0,10,Tefal Appliance Plus,Tefal,105.79,69.86,2021-06-02,2022-03-29,B,Appliances,0.06,low,Leiria,PT,professional,flat_rate,7_day,A,good,0.0,47.61,850.54,194.75,17.8647,1,Filipa González
1424,423,1379,2,2022-07-24,2022-08-23,2022-08-23,2022-08-23,30,132.0,0.0,5.41,137.41,26.27,111.14,0,0,0,10,Tefal Appliance Plus,Tefal,105.79,69.86,2021-06-02,2022-03-29,B,Appliances,0.06,low,Évora,PT,professional,flat_rate,7_day,B,fair,0.0,47.61,850.54,194.75,17.8647,1,Isabel García
1425,423,1575,5,2022-10-05,2022-11-19,2022-11-19,2022-11-19,45,382.95,0.0,13.02,395.97,78.12,317.85,0,0,0,10,Tefal Appliance Plus,Tefal,105.79,69.86,2021-06-02,2022-03-29,B,Appliances,0.06,low,Funchal,PT,professional,flat_rate,flexible,A,damaged,0.0,47.61,850.54,194.75,17.8647,1,Inês Costa
1426,423,1178,10,2022-12-22,2023-01-05,2023-01-05,2023-01-05,14,16.13,0.0,0.42,16.55,2.5,14.05,0,0,0,10,Tefal Appliance Plus,Tefal,105.79,69.86,2021-06-02,2022-03-29,B,Appliances,0.06,low,Porto,PT,business,pct_of_retail,30_day,B,excellent,16.99,47.61,850.54,194.75,17.8647,1,Ricardo Silva
1427,423,1167,2,2023-01-12,2023-01-26,2023-01-26,2023-01-26,14,61.6,0.0,2.53,64.13,12.57,51.56,0,0,0,10,Tefal Appliance Plus,Tefal,105.79,69.86,2021-06-02,2022-03-29,B,Appliances,0.06,low,Bilbao,ES,professional,flat_rate,7_day,B,excellent,0.0,47.61,850.54,194.75,17.8647,1,André Ferreira
1428,424,702,6,2024-09-09,2024-10-09,2024-10-09,2024-10-09,30,302.1,0.0,6.34,308.44,51.05,257.39,0,0,0,10,Dyson Appliance,Dyson,456.94,428.5,2023-11-03,2024-08-29,C,Appliances,0.06,low,Braga,PT,professional,flat_rate,flexible,B,good,0.0,342.7,459.79,95.31,1.3417,1,Isabel López
1429,424,1919,12,2024-10-18,2024-11-17,2024-11-17,2024-11-17,30,116.52,0.0,3.5,120.02,24.59,95.43,0,0,0,10,Dyson Appliance,Dyson,456.94,428.5,2023-11-03,2024-08-29,C,Appliances,0.06,low,Faro,PT,professional,pct_of_retail,flexible,B,good,0.0,342.7,459.79,95.31,1.3417,1,Sofia García
1430,424,1996,12,2024-11-22,2024-12-22,2024-12-22,2024-12-22,30,122.95,0.0,3.69,126.64,19.67,106.97,0,0,0,10,Dyson Appliance,Dyson,456.94,428.5,2023-11-03,2024-08-29,C,Appliances,0.06,low,Leiria,PT,professional,pct_of_retail,flexible,B,fair,0.0,342.7,459.79,95.31,1.3417,1,Pablo Sousa
1431,425,1826,6,2024-05-02,2024-05-16,2024-05-16,2024-05-16,14,140.98,0.0,2.96,143.94,25.38,118.56,0,0,0,10,Philips Appliance Pro,Philips,79.15,69.0,2023-06-29,2024-04-24,C,Appliances,0.06,low,Lisboa,PT,student,flat_rate,flexible,B,good,0.0,55.41,1046.17,258.99,18.8805,1,João López
1432,425,699,4,2024-05-22,2024-07-21,2024-07-21,2024-07-21,60,279.0,0.0,8.09,287.09,60.26,226.83,0,0,0,10,Philips Appliance Pro,Philips,79.15,69.0,2023-06-29,2024-04-24,C,Appliances,0.06,low,Aveiro,PT,student,flat_rate,30_day,B,good,0.0,55.41,1046.17,258.99,18.8805,1,Isabel Ferreira
1433,425,262,5,2024-08-14,2024-10-13,2024-10-13,2024-10-13,60,510.6,0.0,17.36,527.96,108.76,419.2,0,0,0,10,Philips Appliance Pro,Philips,79.15,69.0,2023-06-29,2024-04-24,C,Appliances,0.06,low,Barcelona,ES,casual,flat_rate,flexible,A,excellent,0.0,55.41,1046.17,258.99,18.8805,1,Isabel Silva
1434,425,1364,1,2024-10-20,2024-12-04,2024-12-04,2024-12-04,45,286.65,0.0,7.17,293.82,52.74,241.08,0,0,0,10,Philips Appliance Pro,Philips,79.15,69.0,2023-06-29,2024-04-24,C,Appliances,0.06,low,Alicante,ES,professional,flat_rate,7_day,A,fair,33.43,55.41,1046.17,258.99,18.8805,1,Carmen Costa
1435,425,894,3,2024-12-17,2024-12-31,2024-12-31,2024-12-31,14,51.07,0.0,1.28,52.35,11.85,40.5,0,0,0,10,Philips Appliance Pro,Philips,79.15,69.0,2023-06-29,2024-04-24,C,Appliances,0.06,low,Leiria,PT,professional,flat_rate,30_day,A,good,0.0,55.41,1046.17,258.99,18.8805,1,Luísa Silva
1436,426,1178,10,2024-11-27,2025-01-11,2025-01-11,2025-01-11,45,15.97,0.0,0.42,16.39,2.54,13.85,0,0,0,11,Logitech Keyboard X,Logitech,33.62,32.08,2024-01-23,2024-11-18,C,Keyboards,0.05,low,Porto,PT,business,pct_of_retail,30_day,B,good,0.0,25.21,13.85,2.54,0.5494,0,Ricardo Silva
1437,427,1159,1,2024-07-08,2024-09-06,2024-09-06,2024-09-06,60,382.2,0.0,9.56,391.76,92.49,299.27,0,0,0,11,Logitech Keyboard X,Logitech,90.55,83.68,2023-08-24,2024-06-19,B,Keyboards,0.05,low,Braga,PT,business,flat_rate,7_day,A,good,0.0,67.91,748.95,205.51,11.0286,1,Sara López
1438,427,1413,5,2024-09-18,2024-11-17,2024-11-17,2024-11-17,60,510.6,0.0,17.36,527.96,104.67,423.29,0,0,0,11,Logitech Keyboard X,Logitech,90.55,83.68,2023-08-24,2024-06-19,B,Keyboards,0.05,low,Setúbal,PT,professional,flat_rate,flexible,A,fair,2.67,67.91,748.95,205.51,11.0286,1,Diego Costa
1439,427,1934,9,2024-11-26,2024-12-26,2024-12-26,2024-12-26,30,33.79,0.0,0.95,34.74,8.35,26.39,0,0,0,11,Logitech Keyboard X,Logitech,90.55,83.68,2023-08-24,2024-06-19,B,Keyboards,0.05,low,Sevilla,ES,business,pct_of_retail,30_day,A,good,0.0,67.91,748.95,205.51,11.0286,1,Tiago Rodrigues
1440,428,1665,4,2023-02-15,2023-04-01,2023-04-04,2023-04-04,45,209.25,15.45,6.07,230.77,35.15,195.62,0,0,1,11,Logitech Keyboard Max,Logitech,62.97,57.71,2022-03-21,2023-01-15,B,Keyboards,0.05,low,Faro,PT,professional,flat_rate,30_day,B,excellent,0.0,31.48,1076.51,223.11,34.1966,1,Sara Martins
1441,428,1735,6,2023-04-16,2023-06-15,2023-06-15,2023-06-15,60,604.2,0.0,12.69,616.89,109.36,507.53,0,0,0,11,Logitech Keyboard Max,Logitech,62.97,57.71,2022-03-21,2023-01-15,B,Keyboards,0.05,low,Málaga,ES,student,flat_rate,flexible,B,good,0.0,31.48,1076.51,223.11,34.1966,1,Fernando Pereira
1442,428,493,2,2023-06-28,2023-07-28,2023-07-31,,30,132.0,21.6,5.41,159.01,21.12,137.89,1,1,1,11,Logitech Keyboard Max,Logitech,62.97,57.71,2022-03-21,2023-01-15,B,Keyboards,0.05,low,Lisboa,PT,business,flat_rate,7_day,B,,,31.48,1076.51,223.11,34.1966,1,Rafael Santos
1443,428,1983,1,2023-08-14,2023-08-28,2023-08-28,2023-08-28,14,89.18,0.0,2.23,91.41,20.15,71.26,0,0,0,11,Logitech Keyboard Max,Logitech,62.97,57.71,2022-03-21,2023-01-15,B,Keyboards,0.05,low,Coimbra,PT,professional,flat_rate,7_day,A,excellent,0.0,31.48,1076.51,223.11,34.1966,1,João Martínez
1444,428,844,2,2023-09-05,2023-10-05,2023-10-05,2023-10-05,30,132.0,0.0,5.41,137.41,25.87,111.54,0,0,0,11,Logitech Keyboard Max,Logitech,62.97,57.71,2022-03-21,2023-01-15,B,Keyboards,0.05,low,Setúbal,PT,business,flat_rate,7_day,B,fair,33.41,31.48,1076.51,223.11,34.1966,1,Marta Oliveira
1445,428,266,2,2023-10-17,2023-10-31,2023-10-31,2023-10-31,14,61.6,0.0,2.53,64.13,11.46,52.67,0,0,0,11,Logitech Keyboard Max,Logitech,62.97,57.71,2022-03-21,2023-01-15,B,Keyboards,0.05,low,Madrid,ES,student,flat_rate,7_day,B,good,46.22,31.48,1076.51,223.11,34.1966,1,Tiago Costa
1446,429,83,11,2023-12-20,2024-02-18,2024-02-18,2024-02-18,60,198.4,0.0,7.54,205.94,38.89,167.05,0,0,0,11,Razer Keyboard,Razer,246.09,212.1,2023-02-22,2023-12-19,A,Keyboards,0.05,low,Porto,PT,professional,pct_of_retail,flexible,A,good,0.0,172.26,858.23,187.31,4.9822,1,Miguel Martínez
1447,429,1547,6,2024-02-29,2024-04-14,2024-04-19,2024-04-19,45,453.15,25.45,9.52,488.12,72.05,416.07,0,0,1,11,Razer Keyboard,Razer,246.09,212.1,2023-02-22,2023-12-19,A,Keyboards,0.05,low,Zaragoza,ES,professional,flat_rate,flexible,B,good,0.0,172.26,858.23,187.31,4.9822,1,Marco Fernández
1448,429,1595,10,2024-05-17,2024-07-16,2024-07-16,2024-07-16,60,146.18,0.0,3.8,149.98,32.74,117.24,0,0,0,11,Razer Keyboard,Razer,246.09,212.1,2023-02-22,2023-12-19,A,Keyboards,0.05,low,Alicante,ES,professional,pct_of_retail,30_day,B,excellent,0.0,172.26,858.23,187.31,4.9822,1,Fernando Sousa
1449,429,384,7,2024-07-22,2024-09-05,2024-09-05,2024-09-05,45,99.67,0.0,4.88,104.55,24.62,79.93,0,0,0,11,Razer Keyboard,Razer,246.09,212.1,2023-02-22,2023-12-19,A,Keyboards,0.05,low,Lisboa,PT,business,pct_of_retail,7_day,A,good,0.0,172.26,858.23,187.31,4.9822,1,João López
1450,429,1573,12,2024-09-15,2024-10-30,2024-10-30,2024-10-30,45,94.13,0.0,2.82,96.95,19.01,77.94,0,0,0,11,Razer Keyboard,Razer,246.09,212.1,2023-02-22,2023-12-19,A,Keyboards,0.05,low,Barcelona,ES,casual,pct_of_retail,flexible,B,excellent,0.0,172.26,858.23,187.31,4.9822,1,Sara Pereira
1451,430,824,1,2023-08-31,2023-09-30,2023-09-30,,30,191.1,0.0,4.78,195.88,29.81,166.07,1,1,0,11,Logitech Keyboard Lite,Logitech,105.71,95.93,2022-09-03,2023-06-30,A,Keyboards,0.05,low,Braga,PT,professional,flat_rate,7_day,A,,,63.43,1018.76,268.69,16.0612,1,André Sousa
1452,430,220,1,2023-10-12,2023-11-11,2023-11-11,2023-11-11,30,191.1,0.0,4.78,195.88,38.22,157.66,0,0,0,11,Logitech Keyboard Lite,Logitech,105.71,95.93,2022-09-03,2023-06-30,A,Keyboards,0.05,low,Málaga,ES,student,flat_rate,7_day,A,excellent,0.0,63.43,1018.76,268.69,16.0612,1,Carlos Martins
1453,430,500,12,2023-11-18,2024-01-02,2024-01-02,2024-01-02,45,45.59,0.0,1.37,46.96,9.76,37.2,0,0,0,11,Logitech Keyboard Lite,Logitech,105.71,95.93,2022-09-03,2023-06-30,A,Keyboards,0.05,low,Sevilla,ES,student,pct_of_retail,flexible,B,fair,0.0,63.43,1018.76,268.69,16.0612,1,Inês López
1454,430,638,1,2024-01-08,2024-02-07,2024-02-07,2024-02-07,30,191.1,0.0,4.78,195.88,40.51,155.37,0,0,0,11,Logitech Keyboard Lite,Logitech,105.71,95.93,2022-09-03,2023-06-30,A,Keyboards,0.05,low,Aveiro,PT,casual,flat_rate,7_day,A,good,0.0,63.43,1018.76,268.69,16.0612,1,Filipa López
1455,430,1998,6,2024-02-16,2024-04-01,2024-04-01,2024-04-01,45,453.15,0.0,9.52,462.67,108.76,353.91,0,0,0,11,Logitech Keyboard Lite,Logitech,105.71,95.93,2022-09-03,2023-06-30,A,Keyboards,0.05,low,Barcelona,ES,professional,flat_rate,flexible,B,good,0.0,63.43,1018.76,268.69,16.0612,1,Marta García
1456,430,64,5,2024-04-09,2024-04-23,2024-04-23,2024-04-23,14,119.14,0.0,4.05,123.19,26.33,96.86,0,0,0,11,Logitech Keyboard Lite,Logitech,105.71,95.93,2022-09-03,2023-06-30,A,Keyboards,0.05,low,Lisboa,PT,professional,flat_rate,flexible,A,excellent,0.0,63.43,1018.76,268.69,16.0612,1,Beatriz Sousa
1457,430,1863,4,2024-05-07,2024-05-21,2024-05-21,2024-05-21,14,65.1,0.0,1.89,66.99,15.3,51.69,0,0,0,11,Logitech Keyboard Lite,Logitech,105.71,95.93,2022-09-03,2023-06-30,A,Keyboards,0.05,low,Barcelona,ES,casual,flat_rate,30_day,B,excellent,29.6,63.43,1018.76,268.69,16.0612,1,Rafael Sousa
1458,431,1056,5,2022-10-01,2022-11-15,2022-11-15,2022-11-15,45,382.95,0.0,13.02,395.97,68.17,327.8,0,0,0,11,Logitech Keyboard Pro,Logitech,27.9,22.6,2021-11-14,2022-09-10,A,Keyboards,0.05,low,Aveiro,PT,business,flat_rate,flexible,A,damaged,0.0,12.55,1281.4,306.4,102.1036,1,Catarina Santos
1459,431,107,6,2022-11-23,2023-01-07,2023-01-07,2023-01-07,45,515.06,0.0,10.82,525.88,88.08,437.8,0,0,0,11,Logitech Keyboard Pro,Logitech,27.9,22.6,2021-11-14,2022-09-10,A,Keyboards,0.05,low,Valencia,ES,business,flat_rate,flexible,B,excellent,0.0,12.55,1281.4,306.4,102.1036,1,Beatriz Jesus
1460,431,334,10,2023-01-15,2023-02-14,2023-02-19,2023-02-19,30,8.29,25.6,0.22,34.11,1.67,32.44,0,0,1,11,Logitech Keyboard Pro,Logitech,27.9,22.6,2021-11-14,2022-09-10,A,Keyboards,0.05,low,Porto,PT,student,pct_of_retail,30_day,B,excellent,0.0,12.55,1281.4,306.4,102.1036,1,Ricardo Santos
1461,431,726,6,2023-02-25,2023-04-26,2023-04-26,2023-04-26,60,604.2,0.0,12.69,616.89,145.61,471.28,0,0,0,11,Logitech Keyboard Pro,Logitech,27.9,22.6,2021-11-14,2022-09-10,A,Keyboards,0.05,low,Lisboa,PT,business,flat_rate,flexible,B,good,0.0,12.55,1281.4,306.4,102.1036,1,Rui Jesus
1462,431,375,12,2023-05-09,2023-06-23,2023-06-23,2023-06-23,45,10.67,0.0,0.32,10.99,2.1,8.89,0,0,0,11,Logitech Keyboard Pro,Logitech,27.9,22.6,2021-11-14,2022-09-10,A,Keyboards,0.05,low,Setúbal,PT,professional,pct_of_retail,flexible,B,good,0.0,12.55,1281.4,306.4,102.1036,1,Diego Sánchez
1463,431,700,8,2023-07-06,2023-07-20,2023-07-20,2023-07-20,14,3.83,0.0,0.13,3.96,0.77,3.19,0,0,0,11,Logitech Keyboard Pro,Logitech,27.9,22.6,2021-11-14,2022-09-10,A,Keyboards,0.05,low,Leiria,PT,casual,pct_of_retail,7_day,B,good,48.57,12.55,1281.4,306.4,102.1036,1,Maria Sánchez
1464,432,1724,10,2024-10-05,2024-11-04,2024-11-04,2024-11-04,30,6.77,0.0,0.18,6.95,1.05,5.9,0,0,0,11,Logitech Keyboard Lite,Logitech,22.81,20.97,2023-12-03,2024-09-28,A,Keyboards,0.05,low,Porto,PT,student,pct_of_retail,30_day,B,fair,0.0,17.11,223.26,47.77,13.0485,1,Fernando Ferreira
1465,432,446,4,2024-11-14,2024-12-14,2024-12-14,2024-12-14,30,149.55,0.0,4.34,153.89,23.93,129.96,0,0,0,11,Logitech Keyboard Lite,Logitech,22.81,20.97,2023-12-03,2024-09-28,A,Keyboards,0.05,low,Madrid,ES,business,flat_rate,30_day,B,excellent,30.28,17.11,223.26,47.77,13.0485,1,Maria Sousa
1466,432,908,3,2024-12-27,2025-01-26,2025-01-26,2025-01-26,30,107.5,0.0,2.69,110.19,22.79,87.4,0,0,0,11,Logitech Keyboard Lite,Logitech,22.81,20.97,2023-12-03,2024-09-28,A,Keyboards,0.05,low,Alicante,ES,casual,flat_rate,30_day,A,good,0.0,17.11,223.26,47.77,13.0485,1,Elena Fernández
1467,433,1922,4,2024-05-16,2024-06-15,2024-06-15,2024-06-15,30,139.5,0.0,4.05,143.55,33.34,110.21,0,0,0,11,Corsair Keyboard Max,Corsair,47.25,44.51,2023-06-20,2024-04-15,A,Keyboards,0.05,low,Zaragoza,ES,business,flat_rate,30_day,B,damaged,43.36,33.07,477.31,122.72,14.4333,1,Pedro Jesus
1468,433,396,5,2024-06-24,2024-07-08,2024-07-08,2024-07-08,14,119.14,0.0,4.05,123.19,26.81,96.38,0,0,0,11,Corsair Keyboard Max,Corsair,47.25,44.51,2023-06-20,2024-04-15,A,Keyboards,0.05,low,Alicante,ES,professional,flat_rate,flexible,A,damaged,0.0,33.07,477.31,122.72,14.4333,1,Diego González
1469,433,1402,1,2024-07-15,2024-08-14,2024-08-14,2024-08-14,30,191.1,0.0,4.78,195.88,38.41,157.47,0,0,0,11,Corsair Keyboard Max,Corsair,47.25,44.51,2023-06-20,2024-04-15,A,Keyboards,0.05,low,Valencia,ES,business,flat_rate,7_day,A,good,0.0,33.07,477.31,122.72,14.4333,1,Tiago Rodrigues
1470,433,836,2,2024-08-28,2024-09-27,2024-09-27,2024-09-27,30,132.0,0.0,5.41,137.41,24.16,113.25,0,0,0,11,Corsair Keyboard Max,Corsair,47.25,44.51,2023-06-20,2024-04-15,A,Keyboards,0.05,low,Funchal,PT,professional,flat_rate,7_day,B,good,0.0,33.07,477.31,122.72,14.4333,1,Carlos Jesus
1471,434,1648,3,2024-10-03,2024-10-17,2024-10-17,2024-10-17,14,44.66,0.0,1.12,45.78,6.83,38.95,0,0,0,11,Logitech Keyboard Ultra,Logitech,220.03,204.77,2023-10-30,2024-08-25,A,Keyboards,0.05,low,Lisboa,PT,professional,flat_rate,30_day,A,good,0.0,165.02,505.39,157.28,3.0626,1,Inês Oliveira
1472,434,1143,6,2024-10-24,2024-12-23,2024-12-23,2024-12-23,60,604.2,0.0,12.69,616.89,150.45,466.44,0,0,0,11,Logitech Keyboard Ultra,Logitech,220.03,204.77,2023-10-30,2024-08-25,A,Keyboards,0.05,low,Coimbra,PT,professional,flat_rate,flexible,B,good,26.38,165.02,505.39,157.28,3.0626,1,Miguel Sánchez
1473,435,1312,4,2024-10-11,2024-11-25,2024-11-25,2024-11-25,45,209.25,0.0,6.07,215.32,47.92,167.4,0,0,0,11,Razer Keyboard,Razer,35.32,33.0,2023-11-29,2024-09-24,A,Keyboards,0.05,low,Funchal,PT,student,flat_rate,30_day,B,good,0.0,26.49,177.32,49.9,6.6938,1,Pedro Martins
1474,435,889,10,2024-12-07,2025-01-06,2025-01-06,2025-01-06,30,11.6,0.0,0.3,11.9,1.98,9.92,0,0,0,11,Razer Keyboard,Razer,35.32,33.0,2023-11-29,2024-09-24,A,Keyboards,0.05,low,Braga,PT,professional,pct_of_retail,30_day,B,good,0.0,26.49,177.32,49.9,6.6938,1,Rafael López
1475,436,255,5,2022-11-17,2023-01-16,2023-01-16,2023-01-16,60,575.66,0.0,19.57,595.23,90.38,504.85,0,0,0,11,Corsair Keyboard,Corsair,45.18,27.9,2022-01-10,2022-11-06,A,Keyboards,0.05,low,Aveiro,PT,business,flat_rate,flexible,A,damaged,0.0,22.59,1534.43,343.99,67.9252,1,Diogo Silva
1476,436,425,5,2023-02-19,2023-04-05,2023-04-05,2023-04-05,45,382.95,0.0,13.02,395.97,95.35,300.62,0,0,0,11,Corsair Keyboard,Corsair,45.18,27.9,2022-01-10,2022-11-06,A,Keyboards,0.05,low,Zaragoza,ES,business,flat_rate,flexible,A,excellent,11.41,22.59,1534.43,343.99,67.9252,1,Rui García
1477,436,704,6,2023-04-15,2023-06-14,2023-06-14,2023-06-14,60,604.2,0.0,12.69,616.89,107.55,509.34,0,0,0,11,Corsair Keyboard,Corsair,45.18,27.9,2022-01-10,2022-11-06,A,Keyboards,0.05,low,Évora,PT,professional,flat_rate,flexible,B,excellent,42.19,22.59,1534.43,343.99,67.9252,1,Ricardo Santos
1478,436,1025,5,2023-07-19,2023-08-02,2023-08-02,2023-08-02,14,119.14,0.0,4.05,123.19,20.13,103.06,0,0,0,11,Corsair Keyboard,Corsair,45.18,27.9,2022-01-10,2022-11-06,A,Keyboards,0.05,low,Évora,PT,student,flat_rate,flexible,A,excellent,0.0,22.59,1534.43,343.99,67.9252,1,Miguel Sousa
1479,436,1404,3,2023-08-14,2023-09-28,2023-09-28,2023-09-28,45,143.55,0.0,3.59,147.14,30.58,116.56,0,0,0,11,Corsair Keyboard,Corsair,45.18,27.9,2022-01-10,2022-11-06,A,Keyboards,0.05,low,Aveiro,PT,professional,flat_rate,30_day,A,excellent,24.87,22.59,1534.43,343.99,67.9252,1,Sara Silva
1480,437,18,3,2024-02-16,2024-03-17,2024-03-17,2024-03-17,30,95.7,0.0,2.39,98.09,18.66,79.43,0,0,0,11,Microsoft Keyboard Plus,Microsoft,57.81,53.66,2023-04-13,2024-02-07,A,Keyboards,0.05,low,Leiria,PT,student,flat_rate,30_day,A,good,0.0,40.47,1089.13,253.17,26.912,1,Nuno García
1481,437,1550,12,2024-03-30,2024-05-14,2024-05-14,2024-05-14,45,22.11,0.0,0.66,22.77,5.11,17.66,0,0,0,11,Microsoft Keyboard Plus,Microsoft,57.81,53.66,2023-04-13,2024-02-07,A,Keyboards,0.05,low,Valencia,ES,business,pct_of_retail,flexible,B,good,9.69,40.47,1089.13,253.17,26.912,1,Catarina Fernández
1482,437,76,5,2024-05-21,2024-06-04,2024-06-04,2024-06-04,14,119.14,0.0,4.05,123.19,24.66,98.53,0,0,0,11,Microsoft Keyboard Plus,Microsoft,57.81,53.66,2023-04-13,2024-02-07,A,Keyboards,0.05,low,Alicante,ES,student,flat_rate,flexible,A,fair,0.0,40.47,1089.13,253.17,26.912,1,Carlos González
1483,437,1544,6,2024-06-11,2024-07-11,2024-07-11,2024-07-11,30,302.1,0.0,6.34,308.44,51.96,256.48,0,0,0,11,Microsoft Keyboard Plus,Microsoft,57.81,53.66,2023-04-13,2024-02-07,A,Keyboards,0.05,low,Sevilla,ES,business,flat_rate,flexible,B,fair,0.0,40.47,1089.13,253.17,26.912,1,Ana López
1484,437,721,6,2024-07-22,2024-09-20,2024-09-20,2024-09-20,60,604.2,0.0,12.69,616.89,123.86,493.03,0,0,0,11,Microsoft Keyboard Plus,Microsoft,57.81,53.66,2023-04-13,2024-02-07,A,Keyboards,0.05,low,Porto,PT,student,flat_rate,flexible,B,good,44.06,40.47,1089.13,253.17,26.912,1,João Martínez
1485,437,579,4,2024-10-01,2024-10-31,2024-10-31,2024-10-31,30,139.5,0.0,4.05,143.55,22.74,120.81,0,0,0,11,Microsoft Keyboard Plus,Microsoft,57.81,53.66,2023-04-13,2024-02-07,A,Keyboards,0.05,low,Valencia,ES,professional,flat_rate,30_day,B,excellent,0.0,40.47,1089.13,253.17,26.912,1,Diego Sánchez
1486,437,181,10,2024-11-10,2024-12-25,2024-12-25,2024-12-25,45,28.63,0.0,0.74,29.37,6.18,23.19,0,0,0,11,Microsoft Keyboard Plus,Microsoft,57.81,53.66,2023-04-13,2024-02-07,A,Keyboards,0.05,low,Aveiro,PT,professional,pct_of_retail,30_day,B,excellent,0.0,40.47,1089.13,253.17,26.912,1,Marco López
1487,438,53,3,2023-07-06,2023-09-04,2023-09-04,2023-09-04,60,191.4,0.0,4.78,196.18,29.67,166.51,0,0,0,11,Logitech Keyboard,Logitech,43.18,40.17,2022-09-05,2023-07-02,C,Keyboards,0.05,low,Leiria,PT,business,flat_rate,30_day,A,excellent,0.0,25.91,622.25,116.65,24.0158,1,Ana Ferreira
1488,438,1286,3,2023-09-13,2023-11-12,2023-11-12,2023-11-12,60,191.4,0.0,4.78,196.18,34.45,161.73,0,0,0,11,Logitech Keyboard,Logitech,43.18,40.17,2022-09-05,2023-07-02,C,Keyboards,0.05,low,Évora,PT,professional,flat_rate,30_day,A,good,0.0,25.91,622.25,116.65,24.0158,1,Fernando Pereira
1489,438,1679,3,2023-11-19,2024-01-18,2024-01-18,2024-01-18,60,204.03,0.0,5.1,209.13,31.01,178.12,0,0,0,11,Logitech Keyboard,Logitech,43.18,40.17,2022-09-05,2023-07-02,C,Keyboards,0.05,low,Braga,PT,professional,flat_rate,30_day,A,fair,0.0,25.91,622.25,116.65,24.0158,1,Luísa López
1490,438,1915,2,2024-01-31,2024-03-01,2024-03-01,2024-03-01,30,132.0,0.0,5.41,137.41,21.52,115.89,0,0,0,11,Logitech Keyboard,Logitech,43.18,40.17,2022-09-05,2023-07-02,C,Keyboards,0.05,low,Funchal,PT,business,flat_rate,7_day,B,excellent,0.0,25.91,622.25,116.65,24.0158,1,Ana Ferreira
1491,440,851,5,2023-07-31,2023-09-14,2023-09-14,2023-09-14,45,382.95,0.0,13.02,395.97,60.51,335.46,0,0,0,11,Razer Keyboard,Razer,115.32,97.44,2022-08-12,2023-06-08,A,Keyboards,0.05,low,Málaga,ES,casual,flat_rate,flexible,A,excellent,3.99,69.19,862.46,182.24,12.4651,1,Marco Sánchez
1492,440,1839,3,2023-09-22,2023-10-22,2023-10-22,2023-10-22,30,95.7,0.0,2.39,98.09,23.35,74.74,0,0,0,11,Razer Keyboard,Razer,115.32,97.44,2022-08-12,2023-06-08,A,Keyboards,0.05,low,Setúbal,PT,casual,flat_rate,30_day,A,excellent,0.0,69.19,862.46,182.24,12.4651,1,Diogo Fernández
1493,440,349,7,2023-10-29,2023-12-13,2023-12-13,2023-12-13,45,46.7,0.0,2.29,48.99,8.92,40.07,0,0,0,11,Razer Keyboard,Razer,115.32,97.44,2022-08-12,2023-06-08,A,Keyboards,0.05,low,Valencia,ES,business,pct_of_retail,7_day,A,excellent,0.0,69.19,862.46,182.24,12.4651,1,Fernando Sousa
1494,440,940,3,2023-12-26,2024-02-09,2024-02-09,2024-02-09,45,154.76,0.0,3.87,158.63,28.94,129.69,0,0,0,11,Razer Keyboard,Razer,115.32,97.44,2022-08-12,2023-06-08,A,Keyboards,0.05,low,Funchal,PT,professional,flat_rate,30_day,A,excellent,0.0,69.19,862.46,182.24,12.4651,1,Ana López
1495,440,502,1,2024-03-10,2024-04-09,2024-04-09,,30,191.1,0.0,4.78,195.88,35.54,160.34,1,1,0,11,Razer Keyboard,Razer,115.32,97.44,2022-08-12,2023-06-08,A,Keyboards,0.05,low,Funchal,PT,casual,flat_rate,7_day,A,,,69.19,862.46,182.24,12.4651,1,Fernando Martins
1496,440,751,3,2024-04-23,2024-06-07,2024-06-07,2024-06-07,45,143.55,0.0,3.59,147.14,24.98,122.16,0,0,0,11,Razer Keyboard,Razer,115.32,97.44,2022-08-12,2023-06-08,A,Keyboards,0.05,low,Leiria,PT,business,flat_rate,30_day,A,fair,0.0,69.19,862.46,182.24,12.4651,1,Isabel Pereira
1497,441,501,12,2024-03-02,2024-04-16,2024-04-16,2024-04-16,45,89.9,0.0,2.7,92.6,21.67,70.93,0,0,0,11,Corsair Keyboard Ultra,Corsair,235.03,207.68,2023-04-12,2024-02-06,A,Keyboards,0.05,low,Valencia,ES,professional,pct_of_retail,flexible,B,damaged,0.0,164.52,597.7,159.14,3.633,1,Rafael Martins
1498,441,576,10,2024-05-27,2024-07-11,2024-07-11,2024-07-11,45,104.71,0.0,2.72,107.43,23.46,83.97,0,0,0,11,Corsair Keyboard Ultra,Corsair,235.03,207.68,2023-04-12,2024-02-06,A,Keyboards,0.05,low,Zaragoza,ES,professional,pct_of_retail,30_day,B,excellent,0.0,164.52,597.7,159.14,3.633,1,Ana Santos
1499,441,604,5,2024-07-17,2024-08-16,2024-08-16,2024-08-16,30,255.3,0.0,8.68,263.98,57.7,206.28,0,0,0,11,Corsair Keyboard Ultra,Corsair,235.03,207.68,2023-04-12,2024-02-06,A,Keyboards,0.05,low,Málaga,ES,professional,flat_rate,flexible,A,good,0.0,164.52,597.7,159.14,3.633,1,Nuno Martínez
1500,441,1211,4,2024-08-26,2024-09-09,2024-09-09,2024-09-09,14,65.1,0.0,1.89,66.99,13.54,53.45,0,0,0,11,Corsair Keyboard Ultra,Corsair,235.03,207.68,2023-04-12,2024-02-06,A,Keyboards,0.05,low,Setúbal,PT,business,flat_rate,30_day,B,fair,21.34,164.52,597.7,159.14,3.633,1,Filipa García
1501,441,768,8,2024-10-05,2024-11-19,2024-11-19,2024-11-19,45,103.65,0.0,3.42,107.07,17.93,89.14,0,0,0,11,Corsair Keyboard Ultra,Corsair,235.03,207.68,2023-04-12,2024-02-06,A,Keyboards,0.05,low,Lisboa,PT,business,pct_of_retail,7_day,B,fair,0.0,164.52,597.7,159.14,3.633,1,Maria Sánchez
1502,441,1985,8,2024-11-26,2025-01-10,2025-01-10,2025-01-10,45,114.98,0.0,3.79,118.77,24.84,93.93,0,0,0,11,Corsair Keyboard Ultra,Corsair,235.03,207.68,2023-04-12,2024-02-06,A,Keyboards,0.05,low,Coimbra,PT,professional,pct_of_retail,7_day,B,damaged,8.51,164.52,597.7,159.14,3.633,1,João López
1503,442,350,3,2023-03-10,2023-05-09,2023-05-09,2023-05-09,60,191.4,0.0,4.78,196.18,40.19,155.99,0,0,0,11,Microsoft Keyboard Pro,Microsoft,33.28,26.25,2022-05-06,2023-03-02,C,Keyboards,0.05,low,Funchal,PT,business,flat_rate,30_day,A,excellent,0.0,16.64,555.63,142.78,33.3912,1,Pedro Sánchez
1504,442,391,3,2023-05-16,2023-06-30,2023-06-30,2023-06-30,45,143.55,0.0,3.59,147.14,23.54,123.6,0,0,0,11,Microsoft Keyboard Pro,Microsoft,33.28,26.25,2022-05-06,2023-03-02,C,Keyboards,0.05,low,Coimbra,PT,business,flat_rate,30_day,A,good,0.0,16.64,555.63,142.78,33.3912,1,Inês Pereira
1505,442,1269,1,2023-08-06,2023-09-05,2023-09-05,2023-09-05,30,191.1,0.0,4.78,195.88,46.06,149.82,0,0,0,11,Microsoft Keyboard Pro,Microsoft,33.28,26.25,2022-05-06,2023-03-02,C,Keyboards,0.05,low,Leiria,PT,student,flat_rate,7_day,A,excellent,48.15,16.64,555.63,142.78,33.3912,1,Rafael López
1506,442,238,6,2023-10-12,2023-10-26,2023-10-29,2023-10-29,14,140.98,15.27,2.96,159.21,32.99,126.22,0,0,1,11,Microsoft Keyboard Pro,Microsoft,33.28,26.25,2022-05-06,2023-03-02,C,Keyboards,0.05,low,Alicante,ES,business,flat_rate,flexible,B,good,0.0,16.64,555.63,142.78,33.3912,1,André Sousa
1507,443,1569,11,2021-12-23,2022-01-22,2022-01-22,,30,20.49,0.0,0.78,21.27,3.26,18.01,1,1,0,11,Microsoft Keyboard Lite,Microsoft,47.86,37.29,2021-02-03,2021-11-30,C,Keyboards,0.05,low,Sevilla,ES,business,pct_of_retail,flexible,A,,,21.54,534.71,109.03,24.824,1,Ana Pereira
1508,443,557,4,2022-02-03,2022-03-20,2022-03-20,2022-03-20,45,209.25,0.0,6.07,215.32,39.13,176.19,0,0,0,11,Microsoft Keyboard Lite,Microsoft,47.86,37.29,2021-02-03,2021-11-30,C,Keyboards,0.05,low,Valencia,ES,business,flat_rate,30_day,B,good,0.0,21.54,534.71,109.03,24.824,1,Marco Pereira
1509,443,201,1,2022-03-30,2022-04-29,2022-04-29,2022-04-29,30,191.1,0.0,4.78,195.88,29.81,166.07,0,0,0,11,Microsoft Keyboard Lite,Microsoft,47.86,37.29,2021-02-03,2021-11-30,C,Keyboards,0.05,low,Aveiro,PT,business,flat_rate,7_day,A,fair,0.0,21.54,534.71,109.03,24.824,1,Catarina Oliveira
1510,443,1161,2,2022-05-08,2022-05-22,2022-05-22,2022-05-22,14,61.6,0.0,2.53,64.13,13.0,51.13,0,0,0,11,Microsoft Keyboard Lite,Microsoft,47.86,37.29,2021-02-03,2021-11-30,C,Keyboards,0.05,low,Évora,PT,professional,flat_rate,7_day,B,good,0.0,21.54,534.71,109.03,24.824,1,Tiago Oliveira
1511,443,261,3,2022-06-04,2022-07-19,2022-07-19,2022-07-19,45,143.55,0.0,3.59,147.14,23.83,123.31,0,0,0,11,Microsoft Keyboard Lite,Microsoft,47.86,37.29,2021-02-03,2021-11-30,C,Keyboards,0.05,low,Lisboa,PT,professional,flat_rate,30_day,A,fair,26.96,21.54,534.71,109.03,24.824,1,Sofia López
1512,444,465,7,2024-08-02,2024-10-01,2024-10-05,2024-10-05,60,36.33,9.56,1.78,47.67,6.65,41.02,0,0,1,11,Corsair Keyboard SE,Corsair,67.27,64.57,2023-08-30,2024-06-25,B,Keyboards,0.05,low,Valencia,ES,professional,pct_of_retail,7_day,A,excellent,0.0,50.45,1043.67,231.28,20.6872,1,Sara Fernández
1513,444,133,5,2024-10-11,2024-12-10,2024-12-10,2024-12-10,60,510.6,0.0,17.36,527.96,90.38,437.58,0,0,0,11,Corsair Keyboard SE,Corsair,67.27,64.57,2023-08-30,2024-06-25,B,Keyboards,0.05,low,Barcelona,ES,professional,flat_rate,flexible,A,fair,4.36,50.45,1043.67,231.28,20.6872,1,Filipa Oliveira
1514,444,726,6,2024-12-15,2025-02-13,2025-02-13,2025-02-13,60,684.94,0.0,14.38,699.32,134.25,565.07,0,0,0,11,Corsair Keyboard SE,Corsair,67.27,64.57,2023-08-30,2024-06-25,B,Keyboards,0.05,low,Lisboa,PT,business,flat_rate,flexible,B,good,0.0,50.45,1043.67,231.28,20.6872,1,Rui Jesus
1515,445,1252,2,2024-11-30,2024-12-14,2024-12-14,2024-12-14,14,69.61,0.0,2.85,72.46,11.14,61.32,0,0,0,11,Corsair Keyboard Lite,Corsair,226.26,219.43,2024-01-11,2024-11-06,C,Keyboards,0.05,low,Faro,PT,business,flat_rate,7_day,B,good,0.0,169.69,61.32,11.14,0.3614,0,Isabel Martínez
1516,446,1267,5,2024-02-27,2024-04-12,2024-04-17,2024-04-17,45,382.95,18.75,13.02,414.72,72.38,342.34,0,0,1,11,Logitech Keyboard Plus,Logitech,160.8,137.19,2023-04-10,2024-02-04,A,Keyboards,0.05,low,Madrid,ES,business,flat_rate,flexible,A,fair,0.0,112.56,1581.32,371.17,14.0487,1,Diego González
1517,446,1831,5,2024-04-22,2024-06-21,2024-06-21,2024-06-21,60,510.6,0.0,17.36,527.96,119.99,407.97,0,0,0,11,Logitech Keyboard Plus,Logitech,160.8,137.19,2023-04-10,2024-02-04,A,Keyboards,0.05,low,Valencia,ES,business,flat_rate,flexible,A,fair,0.0,112.56,1581.32,371.17,14.0487,1,Elena García
1518,446,21,1,2024-06-30,2024-08-29,2024-08-29,2024-08-29,60,382.2,0.0,9.56,391.76,59.24,332.52,0,0,0,11,Logitech Keyboard Plus,Logitech,160.8,137.19,2023-04-10,2024-02-04,A,Keyboards,0.05,low,Barcelona,ES,business,flat_rate,7_day,A,excellent,0.0,112.56,1581.32,371.17,14.0487,1,Elena López
1519,446,148,1,2024-09-04,2024-10-19,2024-10-21,2024-10-21,45,286.65,12.78,7.17,306.6,71.09,235.51,0,0,1,11,Logitech Keyboard Plus,Logitech,160.8,137.19,2023-04-10,2024-02-04,A,Keyboards,0.05,low,Faro,PT,casual,flat_rate,7_day,A,excellent,40.64,112.56,1581.32,371.17,14.0487,1,Pablo Martins
1520,446,329,2,2024-11-04,2025-01-03,2025-01-03,2025-01-03,60,299.18,0.0,12.27,311.45,48.47,262.98,0,0,0,11,Logitech Keyboard Plus,Logitech,160.8,137.19,2023-04-10,2024-02-04,A,Keyboards,0.05,low,Madrid,ES,business,flat_rate,7_day,B,fair,0.0,112.56,1581.32,371.17,14.0487,1,Nuno González
1521,447,669,5,2023-08-26,2023-10-25,2023-10-25,2023-10-25,60,510.6,0.0,17.36,527.96,123.57,404.39,0,0,0,11,Razer Keyboard Plus,Razer,44.93,41.88,2022-09-26,2023-07-23,A,Keyboards,0.05,low,Alicante,ES,professional,flat_rate,flexible,A,good,0.0,26.96,855.17,223.57,31.72,1,Pablo López
1522,447,322,3,2023-11-07,2023-12-22,2023-12-22,2023-12-22,45,159.62,0.0,3.99,163.61,34.64,128.97,0,0,0,11,Razer Keyboard Plus,Razer,44.93,41.88,2022-09-26,2023-07-23,A,Keyboards,0.05,low,Évora,PT,professional,flat_rate,30_day,A,good,0.0,26.96,855.17,223.57,31.72,1,Diego Santos
1523,447,378,5,2024-01-02,2024-01-16,2024-01-16,2024-01-16,14,119.14,0.0,4.05,123.19,17.87,105.32,0,0,0,11,Razer Keyboard Plus,Razer,44.93,41.88,2022-09-26,2023-07-23,A,Keyboards,0.05,low,Alicante,ES,student,flat_rate,flexible,A,good,0.0,26.96,855.17,223.57,31.72,1,Inês Sousa
1524,447,1496,5,2024-01-30,2024-02-29,2024-02-29,2024-02-29,30,255.3,0.0,8.68,263.98,47.49,216.49,0,0,0,11,Razer Keyboard Plus,Razer,44.93,41.88,2022-09-26,2023-07-23,A,Keyboards,0.05,low,Setúbal,PT,professional,flat_rate,flexible,A,good,0.0,26.96,855.17,223.57,31.72,1,João Costa
1525,448,1917,6,2023-06-20,2023-07-20,2023-07-20,2023-07-20,30,302.1,0.0,6.34,308.44,48.64,259.8,0,0,0,11,Logitech Keyboard Ultra,Logitech,24.93,21.54,2022-07-19,2023-05-15,A,Keyboards,0.05,low,Barcelona,ES,professional,flat_rate,flexible,B,excellent,0.0,14.96,931.02,238.51,62.234,1,Beatriz Martínez
1526,448,1515,5,2023-07-26,2023-08-25,2023-08-25,2023-08-25,30,255.3,0.0,8.68,263.98,44.17,219.81,0,0,0,11,Logitech Keyboard Ultra,Logitech,24.93,21.54,2022-07-19,2023-05-15,A,Keyboards,0.05,low,Málaga,ES,student,flat_rate,flexible,A,good,0.0,14.96,931.02,238.51,62.234,1,Tiago Pereira
1527,448,68,3,2023-09-06,2023-10-06,2023-10-06,2023-10-06,30,95.7,0.0,2.39,98.09,21.25,76.84,0,0,0,11,Logitech Keyboard Ultra,Logitech,24.93,21.54,2022-07-19,2023-05-15,A,Keyboards,0.05,low,Porto,PT,student,flat_rate,30_day,A,good,0.0,14.96,931.02,238.51,62.234,1,Luísa González
1528,448,1318,1,2023-10-13,2023-12-12,2023-12-19,2023-12-19,60,382.2,44.73,9.56,436.49,61.92,374.57,0,0,1,11,Logitech Keyboard Ultra,Logitech,24.93,21.54,2022-07-19,2023-05-15,A,Keyboards,0.05,low,Sevilla,ES,casual,flat_rate,7_day,A,excellent,0.0,14.96,931.02,238.51,62.234,1,Fernando García
1529,448,1335,6,2024-01-01,2024-01-31,2024-01-31,,30,302.1,0.0,6.34,308.44,62.53,245.91,1,1,0,11,Logitech Keyboard Ultra,Logitech,24.93,21.54,2022-07-19,2023-05-15,A,Keyboards,0.05,low,Funchal,PT,student,flat_rate,flexible,B,,,14.96,931.02,238.51,62.234,1,Rafael García
1530,450,1225,1,2023-06-19,2023-07-03,2023-07-03,2023-07-03,14,89.18,0.0,2.23,91.41,13.64,77.77,0,0,0,11,Razer Keyboard X,Razer,106.07,91.73,2022-07-30,2023-05-26,A,Keyboards,0.05,low,Málaga,ES,casual,flat_rate,7_day,A,excellent,0.0,63.64,909.12,217.12,14.2854,1,Catarina Costa
1531,450,1145,2,2023-08-04,2023-09-03,2023-09-03,2023-09-03,30,132.0,0.0,5.41,137.41,24.02,113.39,0,0,0,11,Razer Keyboard X,Razer,106.07,91.73,2022-07-30,2023-05-26,A,Keyboards,0.05,low,Braga,PT,professional,flat_rate,7_day,B,good,15.12,63.64,909.12,217.12,14.2854,1,Pedro Martínez
1532,450,243,6,2023-09-13,2023-10-13,2023-10-13,2023-10-13,30,302.1,0.0,6.34,308.44,48.94,259.5,0,0,0,11,Razer Keyboard X,Razer,106.07,91.73,2022-07-30,2023-05-26,A,Keyboards,0.05,low,Braga,PT,business,flat_rate,flexible,B,damaged,0.0,63.64,909.12,217.12,14.2854,1,Miguel González
1533,450,1121,3,2023-10-24,2023-12-08,2023-12-08,2023-12-08,45,143.55,0.0,3.59,147.14,24.55,122.59,0,0,0,11,Razer Keyboard X,Razer,106.07,91.73,2022-07-30,2023-05-26,A,Keyboards,0.05,low,Funchal,PT,business,flat_rate,30_day,A,good,0.0,63.64,909.12,217.12,14.2854,1,Isabel Ferreira
1534,450,1753,5,2023-12-21,2024-02-04,2024-02-04,2024-02-04,45,427.31,0.0,14.53,441.84,105.97,335.87,0,0,0,11,Razer Keyboard X,Razer,106.07,91.73,2022-07-30,2023-05-26,A,Keyboards,0.05,low,Porto,PT,professional,flat_rate,flexible,A,good,0.0,63.64,909.12,217.12,14.2854,1,Fernando Martins
1535,451,1364,1,2024-09-12,2024-09-26,2024-09-26,,14,89.18,0.0,2.23,91.41,18.64,72.77,1,1,0,11,Microsoft Keyboard SE,Microsoft,22.02,20.59,2023-09-27,2024-07-23,A,Keyboards,0.05,low,Alicante,ES,professional,flat_rate,7_day,A,,,16.52,533.62,111.31,32.3015,1,Carmen Costa
1536,451,530,5,2024-10-10,2024-11-24,2024-11-24,2024-11-24,45,382.95,0.0,13.02,395.97,64.34,331.63,0,0,0,11,Microsoft Keyboard SE,Microsoft,22.02,20.59,2023-09-27,2024-07-23,A,Keyboards,0.05,low,Zaragoza,ES,professional,flat_rate,flexible,A,excellent,0.0,16.52,533.62,111.31,32.3015,1,Nuno Oliveira
1537,451,947,4,2024-12-04,2025-01-03,2025-01-03,2025-01-03,30,153.11,0.0,4.44,157.55,28.33,129.22,0,0,0,11,Microsoft Keyboard SE,Microsoft,22.02,20.59,2023-09-27,2024-07-23,A,Keyboards,0.05,low,Évora,PT,business,flat_rate,30_day,B,damaged,0.0,16.52,533.62,111.31,32.3015,1,Diego Sousa
1538,453,1495,3,2021-11-21,2021-12-21,2021-12-21,2021-12-21,30,106.23,0.0,2.66,108.89,21.46,87.43,0,0,0,11,Microsoft Keyboard X,Microsoft,30.43,25.42,2021-01-20,2021-11-16,B,Keyboards,0.05,low,Madrid,ES,professional,flat_rate,30_day,A,fair,0.0,13.69,921.06,243.08,67.2798,1,João Costa
1539,453,1673,5,2022-01-03,2022-02-02,2022-02-02,2022-02-02,30,255.3,0.0,8.68,263.98,62.04,201.94,0,0,0,11,Microsoft Keyboard X,Microsoft,30.43,25.42,2021-01-20,2021-11-16,B,Keyboards,0.05,low,Faro,PT,student,flat_rate,flexible,A,good,0.0,13.69,921.06,243.08,67.2798,1,Isabel Sánchez
1540,453,1057,1,2022-02-15,2022-03-01,2022-03-01,2022-03-01,14,89.18,0.0,2.23,91.41,16.77,74.64,0,0,0,11,Microsoft Keyboard X,Microsoft,30.43,25.42,2021-01-20,2021-11-16,B,Keyboards,0.05,low,Faro,PT,student,flat_rate,7_day,A,excellent,0.0,13.69,921.06,243.08,67.2798,1,Diego Silva
1541,453,333,1,2022-03-11,2022-04-10,2022-04-10,2022-04-10,30,191.1,0.0,4.78,195.88,34.78,161.1,0,0,0,11,Microsoft Keyboard X,Microsoft,30.43,25.42,2021-01-20,2021-11-16,B,Keyboards,0.05,low,Málaga,ES,business,flat_rate,7_day,A,excellent,0.0,13.69,921.06,243.08,67.2798,1,Luísa Sánchez
1542,453,128,1,2022-04-20,2022-06-04,2022-06-04,2022-06-04,45,286.65,0.0,7.17,293.82,68.22,225.6,0,0,0,11,Microsoft Keyboard X,Microsoft,30.43,25.42,2021-01-20,2021-11-16,B,Keyboards,0.05,low,Porto,PT,professional,flat_rate,7_day,A,excellent,0.0,13.69,921.06,243.08,67.2798,1,Miguel López
1543,453,1433,3,2022-06-09,2022-08-08,2022-08-10,2022-08-10,60,191.4,13.98,4.78,210.16,39.81,170.35,0,0,1,11,Microsoft Keyboard X,Microsoft,30.43,25.42,2021-01-20,2021-11-16,B,Keyboards,0.05,low,Faro,PT,professional,flat_rate,30_day,A,good,0.0,13.69,921.06,243.08,67.2798,1,Catarina Martínez
1544,455,87,4,2022-12-02,2023-01-31,2023-01-31,2023-01-31,60,299.36,0.0,8.68,308.04,57.78,250.26,0,0,0,11,Corsair Keyboard Ultra,Corsair,72.97,66.58,2022-01-31,2022-11-27,A,Keyboards,0.05,low,Leiria,PT,casual,flat_rate,30_day,B,excellent,0.0,36.48,712.49,174.12,19.531,1,Elena Jesus
1545,455,1647,4,2023-02-09,2023-03-11,2023-03-11,2023-03-11,30,139.5,0.0,4.05,143.55,31.53,112.02,0,0,0,11,Corsair Keyboard Ultra,Corsair,72.97,66.58,2022-01-31,2022-11-27,A,Keyboards,0.05,low,Málaga,ES,professional,flat_rate,30_day,B,good,0.0,36.48,712.49,174.12,19.531,1,Diogo Martínez
1546,455,1977,6,2023-03-24,2023-04-07,2023-04-07,2023-04-07,14,140.98,0.0,2.96,143.94,34.4,109.54,0,0,0,11,Corsair Keyboard Ultra,Corsair,72.97,66.58,2022-01-31,2022-11-27,A,Keyboards,0.05,low,Évora,PT,professional,flat_rate,flexible,B,good,0.0,36.48,712.49,174.12,19.531,1,Carlos Jesus
1547,455,106,3,2023-04-17,2023-06-01,2023-06-01,2023-06-01,45,143.55,0.0,3.59,147.14,27.85,119.29,0,0,0,11,Corsair Keyboard Ultra,Corsair,72.97,66.58,2022-01-31,2022-11-27,A,Keyboards,0.05,low,Porto,PT,student,flat_rate,30_day,A,good,0.0,36.48,712.49,174.12,19.531,1,Miguel Pereira
1548,455,482,6,2023-07-04,2023-07-18,2023-07-18,2023-07-18,14,140.98,0.0,2.96,143.94,22.56,121.38,0,0,0,11,Corsair Keyboard Ultra,Corsair,72.97,66.58,2022-01-31,2022-11-27,A,Keyboards,0.05,low,Évora,PT,business,flat_rate,flexible,B,good,0.0,36.48,712.49,174.12,19.531,1,Isabel Jesus
1549,456,580,5,2024-05-09,2024-06-08,2024-06-08,2024-06-08,30,255.3,0.0,8.68,263.98,48.51,215.47,0,0,0,11,Logitech Keyboard,Logitech,107.65,102.67,2023-06-17,2024-04-12,C,Keyboards,0.05,low,Faro,PT,student,flat_rate,flexible,A,good,5.78,75.36,703.76,157.23,9.3386,1,Diego López
1550,456,45,1,2024-06-16,2024-07-16,2024-07-16,2024-07-16,30,191.1,0.0,4.78,195.88,35.93,159.95,0,0,0,11,Logitech Keyboard,Logitech,107.65,102.67,2023-06-17,2024-04-12,C,Keyboards,0.05,low,Porto,PT,business,flat_rate,7_day,A,excellent,0.0,75.36,703.76,157.23,9.3386,1,João Pereira
1551,456,1497,7,2024-07-22,2024-09-05,2024-09-05,2024-09-05,45,43.6,0.0,2.14,45.74,7.11,38.63,0,0,0,11,Logitech Keyboard,Logitech,107.65,102.67,2023-06-17,2024-04-12,C,Keyboards,0.05,low,Valencia,ES,professional,pct_of_retail,7_day,A,excellent,0.0,75.36,703.76,157.23,9.3386,1,Fernando Rodrigues
1552,456,773,5,2024-09-12,2024-10-12,2024-10-12,2024-10-12,30,255.3,0.0,8.68,263.98,49.27,214.71,0,0,0,11,Logitech Keyboard,Logitech,107.65,102.67,2023-06-17,2024-04-12,C,Keyboards,0.05,low,Évora,PT,professional,flat_rate,flexible,A,good,0.0,75.36,703.76,157.23,9.3386,1,Carlos Sousa
1553,456,1714,1,2024-10-24,2024-11-07,2024-11-07,2024-11-07,14,89.18,0.0,2.23,91.41,16.41,75.0,0,0,0,11,Logitech Keyboard,Logitech,107.65,102.67,2023-06-17,2024-04-12,C,Keyboards,0.05,low,Évora,PT,professional,flat_rate,7_day,A,fair,0.0,75.36,703.76,157.23,9.3386,1,Elena Sousa
1554,457,1050,4,2023-12-08,2024-01-07,2024-01-07,2024-01-07,30,160.2,0.0,4.65,164.85,28.36,136.49,0,0,0,11,Corsair Keyboard Ultra,Corsair,208.9,196.55,2023-01-12,2023-11-08,B,Keyboards,0.05,low,Alicante,ES,professional,flat_rate,30_day,B,fair,0.0,146.23,293.0,65.1,2.0037,1,Miguel Santos
1555,457,1014,8,2024-01-17,2024-03-02,2024-03-02,,45,92.12,0.0,3.04,95.16,19.9,75.26,1,1,0,11,Corsair Keyboard Ultra,Corsair,208.9,196.55,2023-01-12,2023-11-08,B,Keyboards,0.05,low,Setúbal,PT,professional,pct_of_retail,7_day,B,,,146.23,293.0,65.1,2.0037,1,Sofia Sousa
1556,457,295,3,2024-04-02,2024-05-02,2024-05-02,2024-05-02,30,95.7,0.0,2.39,98.09,16.84,81.25,0,0,0,11,Corsair Keyboard Ultra,Corsair,208.9,196.55,2023-01-12,2023-11-08,B,Keyboards,0.05,low,Madrid,ES,student,flat_rate,30_day,A,damaged,0.58,146.23,293.0,65.1,2.0037,1,Beatriz Silva
1557,458,1018,5,2022-04-03,2022-05-18,2022-05-18,2022-05-18,45,382.95,0.0,13.02,395.97,89.61,306.36,0,0,0,11,Razer Keyboard Lite,Razer,100.03,86.83,2021-06-02,2022-03-29,B,Keyboards,0.05,low,Málaga,ES,casual,flat_rate,flexible,A,good,1.57,45.01,799.37,187.19,17.7598,1,Carlos González
1558,458,945,1,2022-08-09,2022-09-23,2022-09-23,2022-09-23,45,286.65,0.0,7.17,293.82,45.58,248.24,0,0,0,11,Razer Keyboard Lite,Razer,100.03,86.83,2021-06-02,2022-03-29,B,Keyboards,0.05,low,Porto,PT,professional,flat_rate,7_day,A,excellent,0.0,45.01,799.37,187.19,17.7598,1,João Oliveira
1559,458,1412,3,2022-10-05,2022-11-19,2022-11-19,2022-11-19,45,143.55,0.0,3.59,147.14,24.83,122.31,0,0,0,11,Razer Keyboard Lite,Razer,100.03,86.83,2021-06-02,2022-03-29,B,Keyboards,0.05,low,Valencia,ES,student,flat_rate,30_day,A,good,0.0,45.01,799.37,187.19,17.7598,1,Ana Santos
1560,458,1220,2,2022-11-28,2022-12-28,2022-12-28,2022-12-28,30,143.74,0.0,5.89,149.63,27.17,122.46,0,0,0,11,Razer Keyboard Lite,Razer,100.03,86.83,2021-06-02,2022-03-29,B,Keyboards,0.05,low,Faro,PT,professional,flat_rate,7_day,B,good,0.0,45.01,799.37,187.19,17.7598,1,Diogo García
1561,459,1274,3,2024-05-29,2024-07-13,2024-07-13,2024-07-13,45,143.55,0.0,3.59,147.14,29.86,117.28,0,0,0,11,Microsoft Keyboard,Microsoft,55.38,49.5,2023-07-20,2024-05-15,B,Keyboards,0.05,low,Porto,PT,professional,flat_rate,30_day,A,excellent,0.0,41.54,600.82,195.92,14.4636,1,Diogo Silva
1562,459,778,6,2024-07-19,2024-08-18,2024-08-19,2024-08-19,30,302.1,5.09,6.34,313.53,70.99,242.54,0,0,1,11,Microsoft Keyboard,Microsoft,55.38,49.5,2023-07-20,2024-05-15,B,Keyboards,0.05,low,Zaragoza,ES,professional,flat_rate,flexible,B,good,0.0,41.54,600.82,195.92,14.4636,1,Rui García
1563,459,482,3,2024-08-31,2024-09-30,2024-09-30,2024-09-30,30,95.7,0.0,2.39,98.09,22.2,75.89,0,0,0,11,Microsoft Keyboard,Microsoft,55.38,49.5,2023-07-20,2024-05-15,B,Keyboards,0.05,low,Évora,PT,business,flat_rate,30_day,A,good,0.0,41.54,600.82,195.92,14.4636,1,Isabel Jesus
1564,459,679,1,2024-10-14,2024-11-13,2024-11-13,2024-11-13,30,191.1,0.0,4.78,195.88,30.77,165.11,0,0,0,11,Microsoft Keyboard,Microsoft,55.38,49.5,2023-07-20,2024-05-15,B,Keyboards,0.05,low,Setúbal,PT,business,flat_rate,7_day,A,excellent,0.0,41.54,600.82,195.92,14.4636,1,Marco Rodrigues
1565,459,1659,4,2024-11-26,2025-01-10,2025-01-10,,45,235.21,0.0,6.82,242.03,42.1,199.93,1,1,0,11,Microsoft Keyboard,Microsoft,55.38,49.5,2023-07-20,2024-05-15,B,Keyboards,0.05,low,Madrid,ES,student,flat_rate,30_day,B,,,41.54,600.82,195.92,14.4636,1,Tiago Jesus
1566,460,36,11,2024-04-05,2024-05-05,2024-05-06,2024-05-06,30,8.83,7.64,0.34,16.81,1.48,15.33,0,0,1,11,Corsair Keyboard,Corsair,23.18,21.59,2023-05-31,2024-03-26,B,Keyboards,0.05,low,Bilbao,ES,casual,pct_of_retail,flexible,A,fair,0.0,16.23,218.15,43.43,13.4412,1,Sofia Pereira
1567,460,225,7,2024-05-20,2024-07-04,2024-07-04,,45,9.39,0.0,0.46,9.85,1.76,8.09,1,1,0,11,Corsair Keyboard,Corsair,23.18,21.59,2023-05-31,2024-03-26,B,Keyboards,0.05,low,Évora,PT,student,pct_of_retail,7_day,A,,,16.23,218.15,43.43,13.4412,1,Carmen Silva
1568,460,47,2,2024-08-14,2024-09-28,2024-10-02,2024-10-02,45,198.0,28.8,8.12,234.92,40.19,194.73,0,0,1,11,Corsair Keyboard,Corsair,23.18,21.59,2023-05-31,2024-03-26,B,Keyboards,0.05,low,Leiria,PT,professional,flat_rate,7_day,B,good,0.0,16.23,218.15,43.43,13.4412,1,Rosa Sánchez
1569,461,151,3,2023-08-26,2023-09-09,2023-09-09,2023-09-09,14,44.66,0.0,1.12,45.78,6.88,38.9,0,0,0,11,Microsoft Keyboard,Microsoft,25.45,22.79,2022-10-29,2023-08-25,C,Keyboards,0.05,low,Zaragoza,ES,casual,flat_rate,30_day,A,excellent,0.0,15.27,712.05,169.99,46.6306,1,Maria Pereira
1570,461,710,1,2023-09-14,2023-09-28,2023-09-28,2023-09-28,14,89.18,0.0,2.23,91.41,13.82,77.59,0,0,0,11,Microsoft Keyboard,Microsoft,25.45,22.79,2022-10-29,2023-08-25,C,Keyboards,0.05,low,Setúbal,PT,student,flat_rate,7_day,A,excellent,0.0,15.27,712.05,169.99,46.6306,1,Elena Martins
1571,461,558,5,2023-10-10,2023-12-09,2023-12-09,2023-12-09,60,510.6,0.0,17.36,527.96,108.25,419.71,0,0,0,11,Microsoft Keyboard,Microsoft,25.45,22.79,2022-10-29,2023-08-25,C,Keyboards,0.05,low,Porto,PT,casual,flat_rate,flexible,A,excellent,0.0,15.27,712.05,169.99,46.6306,1,Marco Jesus
1572,461,1064,2,2023-12-14,2024-01-28,2024-01-28,2024-01-28,45,208.35,0.0,8.54,216.89,41.04,175.85,0,0,0,11,Microsoft Keyboard,Microsoft,25.45,22.79,2022-10-29,2023-08-25,C,Keyboards,0.05,low,Aveiro,PT,professional,flat_rate,7_day,B,good,0.0,15.27,712.05,169.99,46.6306,1,Marta González
1573,462,740,5,2024-11-11,2024-11-25,2024-11-25,2024-11-25,14,127.52,0.0,4.34,131.86,26.78,105.08,0,0,0,11,Logitech Keyboard Plus,Logitech,35.07,33.63,2023-12-16,2024-10-11,C,Keyboards,0.05,low,Aveiro,PT,business,flat_rate,flexible,A,good,0.0,26.3,191.23,48.32,7.2711,1,Beatriz Jesus
1574,462,1116,3,2024-12-02,2025-01-01,2025-01-01,2025-01-01,30,105.06,0.0,2.63,107.69,21.54,86.15,0,0,0,11,Logitech Keyboard Plus,Logitech,35.07,33.63,2023-12-16,2024-10-11,C,Keyboards,0.05,low,Braga,PT,professional,flat_rate,30_day,A,good,0.0,26.3,191.23,48.32,7.2711,1,Elena López
1575,463,51,7,2024-04-03,2024-05-18,2024-05-18,2024-05-18,45,82.05,0.0,4.02,86.07,16.74,69.33,0,0,0,11,Logitech Keyboard X,Logitech,202.6,185.11,2023-05-28,2024-03-23,A,Keyboards,0.05,low,Lisboa,PT,casual,pct_of_retail,7_day,A,excellent,0.0,141.82,661.46,137.02,4.6641,1,Diego Costa
1576,463,1220,2,2024-05-24,2024-06-23,2024-06-23,2024-06-23,30,132.0,0.0,5.41,137.41,26.66,110.75,0,0,0,11,Logitech Keyboard X,Logitech,202.6,185.11,2023-05-28,2024-03-23,A,Keyboards,0.05,low,Faro,PT,professional,flat_rate,7_day,B,excellent,0.0,141.82,661.46,137.02,4.6641,1,Diogo García
1577,463,1053,10,2024-07-22,2024-09-20,2024-09-20,2024-09-20,60,120.34,0.0,3.13,123.47,19.98,103.49,0,0,0,11,Logitech Keyboard X,Logitech,202.6,185.11,2023-05-28,2024-03-23,A,Keyboards,0.05,low,Zaragoza,ES,professional,pct_of_retail,30_day,B,damaged,0.0,141.82,661.46,137.02,4.6641,1,Fernando Oliveira
1578,463,388,11,2024-10-02,2024-11-01,2024-11-08,2024-11-08,30,77.19,53.48,2.93,133.6,19.22,114.38,0,0,1,11,Logitech Keyboard X,Logitech,202.6,185.11,2023-05-28,2024-03-23,A,Keyboards,0.05,low,Madrid,ES,professional,pct_of_retail,flexible,A,good,0.0,141.82,661.46,137.02,4.6641,1,Rui Martínez
1579,463,1120,2,2024-11-21,2024-12-21,2024-12-21,2024-12-21,30,150.73,0.0,6.18,156.91,24.42,132.49,0,0,0,11,Logitech Keyboard X,Logitech,202.6,185.11,2023-05-28,2024-03-23,A,Keyboards,0.05,low,Coimbra,PT,casual,flat_rate,7_day,B,good,0.0,141.82,661.46,137.02,4.6641,1,Marta Oliveira
1580,463,545,3,2024-12-30,2025-02-13,2025-02-13,2025-02-13,45,157.09,0.0,3.93,161.02,30.0,131.02,0,0,0,11,Logitech Keyboard X,Logitech,202.6,185.11,2023-05-28,2024-03-23,A,Keyboards,0.05,low,Évora,PT,business,flat_rate,30_day,A,excellent,0.0,141.82,661.46,137.02,4.6641,1,Marco García
1581,468,1751,5,2023-10-16,2023-11-15,2023-11-15,2023-11-15,30,255.3,0.0,8.68,263.98,53.1,210.88,0,0,0,11,Razer Keyboard Plus,Razer,98.16,84.57,2022-12-09,2023-10-05,B,Keyboards,0.05,low,Barcelona,ES,business,flat_rate,flexible,A,good,36.93,58.9,1372.93,369.23,23.3095,1,Nuno Martins
1582,468,1165,5,2023-11-26,2024-01-25,2024-01-30,2024-01-30,60,559.57,18.75,19.03,597.35,122.55,474.8,0,0,1,11,Razer Keyboard Plus,Razer,98.16,84.57,2022-12-09,2023-10-05,B,Keyboards,0.05,low,Funchal,PT,professional,flat_rate,flexible,A,good,0.0,58.9,1372.93,369.23,23.3095,1,Carmen Sousa
1583,468,855,10,2024-02-04,2024-03-05,2024-03-05,2024-03-05,30,29.15,0.0,0.76,29.91,4.58,25.33,0,0,0,11,Razer Keyboard Plus,Razer,98.16,84.57,2022-12-09,2023-10-05,B,Keyboards,0.05,low,Évora,PT,casual,pct_of_retail,30_day,B,good,0.0,58.9,1372.93,369.23,23.3095,1,Fernando García
1584,468,443,2,2024-03-14,2024-04-13,2024-04-13,2024-04-13,30,132.0,0.0,5.41,137.41,32.08,105.33,0,0,0,11,Razer Keyboard Plus,Razer,98.16,84.57,2022-12-09,2023-10-05,B,Keyboards,0.05,low,Sevilla,ES,business,flat_rate,7_day,B,damaged,0.0,58.9,1372.93,369.23,23.3095,1,Carmen Silva
1585,468,1236,2,2024-04-19,2024-06-03,2024-06-03,2024-06-03,45,198.0,0.0,8.12,206.12,44.35,161.77,0,0,0,11,Razer Keyboard Plus,Razer,98.16,84.57,2022-12-09,2023-10-05,B,Keyboards,0.05,low,Alicante,ES,business,flat_rate,7_day,B,good,0.0,58.9,1372.93,369.23,23.3095,1,Carmen Silva
1586,468,1014,8,2024-06-16,2024-07-31,2024-07-31,2024-07-31,45,43.29,0.0,1.43,44.72,10.61,34.11,0,0,0,11,Razer Keyboard Plus,Razer,98.16,84.57,2022-12-09,2023-10-05,B,Keyboards,0.05,low,Setúbal,PT,professional,pct_of_retail,7_day,B,good,0.0,58.9,1372.93,369.23,23.3095,1,Sofia Sousa
1587,468,1961,6,2024-08-13,2024-09-27,2024-09-27,2024-09-27,45,453.15,0.0,9.52,462.67,101.96,360.71,0,0,0,11,Razer Keyboard Plus,Razer,98.16,84.57,2022-12-09,2023-10-05,B,Keyboards,0.05,low,Porto,PT,professional,flat_rate,flexible,B,excellent,17.97,58.9,1372.93,369.23,23.3095,1,Marta Sousa
1588,469,1556,2,2024-01-05,2024-02-04,2024-02-04,2024-02-04,30,132.0,0.0,5.41,137.41,28.78,108.63,0,0,0,11,Logitech Keyboard Plus,Logitech,36.39,33.44,2023-02-28,2023-12-25,C,Keyboards,0.05,low,Coimbra,PT,professional,flat_rate,7_day,B,excellent,0.0,25.47,604.23,152.62,23.7232,1,Sofia Martínez
1589,469,1488,3,2024-02-14,2024-03-15,2024-03-15,2024-03-15,30,95.7,0.0,2.39,98.09,18.76,79.33,0,0,0,11,Logitech Keyboard Plus,Logitech,36.39,33.44,2023-02-28,2023-12-25,C,Keyboards,0.05,low,Sevilla,ES,professional,flat_rate,30_day,A,excellent,0.0,25.47,604.23,152.62,23.7232,1,Elena Martínez
1590,469,456,4,2024-03-27,2024-05-11,2024-05-11,2024-05-11,45,209.25,0.0,6.07,215.32,34.11,181.21,0,0,0,11,Logitech Keyboard Plus,Logitech,36.39,33.44,2023-02-28,2023-12-25,C,Keyboards,0.05,low,Faro,PT,business,flat_rate,30_day,B,damaged,0.0,25.47,604.23,152.62,23.7232,1,Sofia López
1591,469,1158,1,2024-05-23,2024-06-22,2024-06-23,,30,191.1,6.39,4.78,202.27,47.39,154.88,1,1,1,11,Logitech Keyboard Plus,Logitech,36.39,33.44,2023-02-28,2023-12-25,C,Keyboards,0.05,low,Setúbal,PT,business,flat_rate,7_day,A,,,25.47,604.23,152.62,23.7232,1,Ana Fernández
1592,469,824,9,2024-07-07,2024-08-06,2024-08-06,2024-08-06,30,12.01,0.0,0.34,12.35,2.8,9.55,0,0,0,11,Logitech Keyboard Plus,Logitech,36.39,33.44,2023-02-28,2023-12-25,C,Keyboards,0.05,low,Braga,PT,professional,pct_of_retail,30_day,A,excellent,43.77,25.47,604.23,152.62,23.7232,1,André Sousa
1593,469,1364,1,2024-08-18,2024-09-01,2024-09-01,2024-09-01,14,89.18,0.0,2.23,91.41,20.78,70.63,0,0,0,11,Logitech Keyboard Plus,Logitech,36.39,33.44,2023-02-28,2023-12-25,C,Keyboards,0.05,low,Alicante,ES,professional,flat_rate,7_day,A,excellent,0.0,25.47,604.23,152.62,23.7232,1,Carmen Costa
1594,470,918,8,2022-06-28,2022-07-12,2022-07-12,2022-07-12,14,3.16,0.0,0.1,3.26,0.5,2.76,0,0,0,11,Microsoft Keyboard,Microsoft,23.01,20.7,2021-08-30,2022-06-26,A,Keyboards,0.05,low,Leiria,PT,casual,pct_of_retail,7_day,B,good,0.0,10.35,847.35,179.44,81.8696,1,Tiago Pereira
1595,470,549,2,2022-07-26,2022-09-09,2022-09-09,2022-09-09,45,198.0,0.0,8.12,206.12,38.02,168.1,0,0,0,11,Microsoft Keyboard,Microsoft,23.01,20.7,2021-08-30,2022-06-26,A,Keyboards,0.05,low,Leiria,PT,professional,flat_rate,7_day,B,good,0.0,10.35,847.35,179.44,81.8696,1,Tiago González
1596,470,1665,6,2022-09-20,2022-11-04,2022-11-04,2022-11-04,45,453.15,0.0,9.52,462.67,85.19,377.48,0,0,0,11,Microsoft Keyboard,Microsoft,23.01,20.7,2021-08-30,2022-06-26,A,Keyboards,0.05,low,Faro,PT,professional,flat_rate,flexible,B,good,36.49,10.35,847.35,179.44,81.8696,1,Sara Martins
1597,470,1916,6,2022-11-15,2022-12-15,2022-12-15,2022-12-15,30,340.23,0.0,7.14,347.37,54.44,292.93,0,0,0,11,Microsoft Keyboard,Microsoft,23.01,20.7,2021-08-30,2022-06-26,A,Keyboards,0.05,low,Madrid,ES,business,flat_rate,flexible,B,damaged,0.0,10.35,847.35,179.44,81.8696,1,Ricardo Ferreira
1598,470,265,7,2022-12-25,2023-01-24,2023-01-24,2023-01-24,30,7.03,0.0,0.34,7.37,1.29,6.08,0,0,0,11,Microsoft Keyboard,Microsoft,23.01,20.7,2021-08-30,2022-06-26,A,Keyboards,0.05,low,Sevilla,ES,business,pct_of_retail,7_day,A,good,0.0,10.35,847.35,179.44,81.8696,1,Diogo Jesus
1599,471,685,2,2024-12-02,2024-12-16,2024-12-16,2024-12-16,14,70.36,0.0,2.88,73.24,10.55,62.69,0,0,0,11,Microsoft Keyboard Pro,Microsoft,45.05,42.53,2024-01-25,2024-11-20,A,Keyboards,0.05,low,Sevilla,ES,business,flat_rate,7_day,B,fair,0.0,33.79,62.69,10.55,1.8553,1,Inês Silva
1600,472,1258,3,2023-12-11,2024-01-25,2024-01-25,2024-01-25,45,157.79,0.0,3.94,161.73,29.98,131.75,0,0,0,11,Corsair Keyboard,Corsair,37.22,34.07,2023-01-11,2023-11-07,A,Keyboards,0.05,low,Coimbra,PT,business,flat_rate,30_day,A,good,0.0,26.05,902.16,199.5,34.6319,1,Tiago Silva
1601,472,1039,3,2024-01-30,2024-02-29,2024-02-29,2024-02-29,30,95.7,0.0,2.39,98.09,23.83,74.26,0,0,0,11,Corsair Keyboard,Corsair,37.22,34.07,2023-01-11,2023-11-07,A,Keyboards,0.05,low,Madrid,ES,casual,flat_rate,30_day,A,excellent,0.0,26.05,902.16,199.5,34.6319,1,Sofia Rodrigues
1602,472,886,1,2024-03-12,2024-04-11,2024-04-11,2024-04-11,30,191.1,0.0,4.78,195.88,42.04,153.84,0,0,0,11,Corsair Keyboard,Corsair,37.22,34.07,2023-01-11,2023-11-07,A,Keyboards,0.05,low,Zaragoza,ES,business,flat_rate,7_day,A,excellent,0.0,26.05,902.16,199.5,34.6319,1,Diogo Oliveira
1603,472,1411,4,2024-04-19,2024-06-03,2024-06-03,2024-06-03,45,209.25,0.0,6.07,215.32,33.9,181.42,0,0,0,11,Corsair Keyboard,Corsair,37.22,34.07,2023-01-11,2023-11-07,A,Keyboards,0.05,low,Faro,PT,professional,flat_rate,30_day,B,good,0.0,26.05,902.16,199.5,34.6319,1,Ana Fernández
1604,472,713,4,2024-06-11,2024-07-11,2024-07-11,2024-07-11,30,139.5,0.0,4.05,143.55,27.06,116.49,0,0,0,11,Corsair Keyboard,Corsair,37.22,34.07,2023-01-11,2023-11-07,A,Keyboards,0.05,low,Lisboa,PT,business,flat_rate,30_day,B,damaged,0.0,26.05,902.16,199.5,34.6319,1,Fernando Rodrigues
1605,472,1034,4,2024-07-20,2024-09-18,2024-09-18,2024-09-18,60,279.0,0.0,8.09,287.09,42.69,244.4,0,0,0,11,Corsair Keyboard,Corsair,37.22,34.07,2023-01-11,2023-11-07,A,Keyboards,0.05,low,Coimbra,PT,business,flat_rate,30_day,B,good,0.0,26.05,902.16,199.5,34.6319,1,Rosa García
1606,473,333,2,2024-04-18,2024-05-18,2024-05-18,2024-05-18,30,132.0,0.0,5.41,137.41,23.36,114.05,0,0,0,11,Razer Keyboard Ultra,Razer,21.21,19.48,2023-05-26,2024-03-21,B,Keyboards,0.05,low,Málaga,ES,business,flat_rate,7_day,B,damaged,0.0,14.85,763.67,187.01,51.4256,1,Luísa Sánchez
1607,473,1760,1,2024-05-27,2024-06-26,2024-06-26,2024-06-26,30,191.1,0.0,4.78,195.88,44.34,151.54,0,0,0,11,Razer Keyboard Ultra,Razer,21.21,19.48,2023-05-26,2024-03-21,B,Keyboards,0.05,low,Aveiro,PT,professional,flat_rate,7_day,A,excellent,0.0,14.85,763.67,187.01,51.4256,1,Miguel Sousa
1608,473,1034,12,2024-07-07,2024-07-21,2024-07-21,2024-07-21,14,2.52,0.0,0.08,2.6,0.46,2.14,0,0,0,11,Razer Keyboard Ultra,Razer,21.21,19.48,2023-05-26,2024-03-21,B,Keyboards,0.05,low,Coimbra,PT,business,pct_of_retail,flexible,B,good,0.0,14.85,763.67,187.01,51.4256,1,Rosa García
1609,473,1968,3,2024-08-02,2024-09-01,2024-09-01,2024-09-01,30,95.7,0.0,2.39,98.09,20.0,78.09,0,0,0,11,Razer Keyboard Ultra,Razer,21.21,19.48,2023-05-26,2024-03-21,B,Keyboards,0.05,low,Coimbra,PT,casual,flat_rate,30_day,A,good,0.0,14.85,763.67,187.01,51.4256,1,Carmen González
1610,473,317,6,2024-09-14,2024-10-14,2024-10-14,,30,302.1,0.0,6.34,308.44,67.97,240.47,1,1,0,11,Razer Keyboard Ultra,Razer,21.21,19.48,2023-05-26,2024-03-21,B,Keyboards,0.05,low,Zaragoza,ES,student,flat_rate,flexible,B,,,14.85,763.67,187.01,51.4256,1,Fernando Pereira
1611,473,1492,1,2024-11-21,2024-12-21,2024-12-21,2024-12-21,30,203.18,0.0,5.08,208.26,30.88,177.38,0,0,0,11,Razer Keyboard Ultra,Razer,21.21,19.48,2023-05-26,2024-03-21,B,Keyboards,0.05,low,Porto,PT,casual,flat_rate,7_day,A,good,0.0,14.85,763.67,187.01,51.4256,1,Lucia Costa
1612,474,1286,6,2023-12-01,2024-01-15,2024-01-15,2024-01-15,45,491.84,0.0,10.33,502.17,103.29,398.88,0,0,0,11,Microsoft Keyboard X,Microsoft,168.71,149.34,2023-01-19,2023-11-15,B,Keyboards,0.05,low,Évora,PT,professional,flat_rate,flexible,B,good,0.0,118.1,903.0,217.01,7.6461,1,Fernando Pereira
1613,474,1529,3,2024-01-23,2024-03-08,2024-03-08,2024-03-08,45,143.55,0.0,3.59,147.14,27.13,120.01,0,0,0,11,Microsoft Keyboard X,Microsoft,168.71,149.34,2023-01-19,2023-11-15,B,Keyboards,0.05,low,Braga,PT,student,flat_rate,30_day,A,good,0.0,118.1,903.0,217.01,7.6461,1,Rafael García
1614,474,1692,1,2024-03-13,2024-04-12,2024-04-12,2024-04-12,30,191.1,0.0,4.78,195.88,31.15,164.73,0,0,0,11,Microsoft Keyboard X,Microsoft,168.71,149.34,2023-01-19,2023-11-15,B,Keyboards,0.05,low,Bilbao,ES,business,flat_rate,7_day,A,excellent,44.12,118.1,903.0,217.01,7.6461,1,André Santos
1615,474,491,2,2024-04-21,2024-06-20,2024-06-20,2024-06-20,60,264.0,0.0,10.82,274.82,55.44,219.38,0,0,0,11,Microsoft Keyboard X,Microsoft,168.71,149.34,2023-01-19,2023-11-15,B,Keyboards,0.05,low,Porto,PT,professional,flat_rate,7_day,B,excellent,0.0,118.1,903.0,217.01,7.6461,1,Rafael García
1616,476,1806,3,2022-04-28,2022-05-12,2022-05-12,,14,44.66,0.0,1.12,45.78,9.96,35.82,1,1,0,11,Logitech Keyboard X,Logitech,42.57,37.78,2021-06-29,2022-04-25,A,Keyboards,0.05,low,Braga,PT,professional,flat_rate,30_day,A,,,19.16,517.11,124.98,26.989,1,Elena González
1617,476,1964,3,2022-05-17,2022-06-16,2022-06-16,,30,95.7,0.0,2.39,98.09,14.64,83.45,1,0,0,11,Logitech Keyboard X,Logitech,42.57,37.78,2021-06-29,2022-04-25,A,Keyboards,0.05,low,Alicante,ES,professional,flat_rate,30_day,A,,,19.16,517.11,124.98,26.989,1,Catarina Costa
1618,476,694,1,2022-06-26,2022-08-10,2022-08-10,,45,286.65,0.0,7.17,293.82,66.5,227.32,1,0,0,11,Logitech Keyboard X,Logitech,42.57,37.78,2021-06-29,2022-04-25,A,Keyboards,0.05,low,Évora,PT,student,flat_rate,7_day,A,,,19.16,517.11,124.98,26.989,1,Rosa Oliveira
1619,476,1643,2,2022-08-15,2022-09-14,2022-09-14,2022-09-14,30,132.0,0.0,5.41,137.41,21.25,116.16,0,0,0,11,Logitech Keyboard X,Logitech,42.57,37.78,2021-06-29,2022-04-25,A,Keyboards,0.05,low,Funchal,PT,professional,flat_rate,7_day,B,good,0.0,19.16,517.11,124.98,26.989,1,Sara Sousa
1620,476,326,4,2022-10-24,2022-11-07,2022-11-07,2022-11-07,14,65.1,0.0,1.89,66.99,12.63,54.36,0,0,0,11,Logitech Keyboard X,Logitech,42.57,37.78,2021-06-29,2022-04-25,A,Keyboards,0.05,low,Coimbra,PT,professional,flat_rate,30_day,B,excellent,0.0,19.16,517.11,124.98,26.989,1,Beatriz Sousa
1621,477,1841,9,2024-08-18,2024-09-17,2024-09-17,2024-09-17,30,20.23,0.0,0.57,20.8,4.63,16.17,0,0,0,11,Microsoft Keyboard Pro,Microsoft,61.3,58.52,2023-10-21,2024-08-16,A,Keyboards,0.05,low,Braga,PT,business,pct_of_retail,30_day,A,good,0.0,45.97,155.95,47.58,3.3924,1,Beatriz Ferreira
1622,477,412,8,2024-10-19,2024-11-18,2024-11-18,,30,18.02,0.0,0.59,18.61,3.73,14.88,1,1,0,11,Microsoft Keyboard Pro,Microsoft,61.3,58.52,2023-10-21,2024-08-16,A,Keyboards,0.05,low,Setúbal,PT,casual,pct_of_retail,7_day,B,,,45.97,155.95,47.58,3.3924,1,Maria Ferreira
1623,477,167,6,2024-11-29,2024-12-13,2024-12-13,2024-12-13,14,160.74,0.0,3.38,164.12,39.22,124.9,0,0,0,11,Microsoft Keyboard Pro,Microsoft,61.3,58.52,2023-10-21,2024-08-16,A,Keyboards,0.05,low,Lisboa,PT,business,flat_rate,flexible,B,excellent,0.0,45.97,155.95,47.58,3.3924,1,Diogo Sánchez
1624,478,354,2,2021-12-07,2022-01-21,2022-01-24,2022-01-24,45,222.44,21.6,9.12,253.16,40.04,213.12,0,0,1,11,Logitech Keyboard Ultra,Logitech,40.39,30.92,2021-01-13,2021-11-09,B,Keyboards,0.05,low,Zaragoza,ES,business,flat_rate,7_day,B,good,0.0,18.18,653.03,127.45,35.9202,1,Sara García
1625,478,1971,8,2022-02-21,2022-03-07,2022-03-07,,14,5.54,0.0,0.18,5.72,1.05,4.67,1,1,0,11,Logitech Keyboard Ultra,Logitech,40.39,30.92,2021-01-13,2021-11-09,B,Keyboards,0.05,low,Porto,PT,student,pct_of_retail,7_day,B,,,18.18,653.03,127.45,35.9202,1,Marta González
1626,478,1635,3,2022-03-19,2022-04-18,2022-04-18,2022-04-18,30,95.7,0.0,2.39,98.09,17.23,80.86,0,0,0,11,Logitech Keyboard Ultra,Logitech,40.39,30.92,2021-01-13,2021-11-09,B,Keyboards,0.05,low,Málaga,ES,student,flat_rate,30_day,A,good,0.0,18.18,653.03,127.45,35.9202,1,Sofia López
1627,478,1427,3,2022-04-30,2022-05-30,2022-05-30,2022-05-30,30,95.7,0.0,2.39,98.09,21.05,77.04,0,0,0,11,Logitech Keyboard Ultra,Logitech,40.39,30.92,2021-01-13,2021-11-09,B,Keyboards,0.05,low,Madrid,ES,business,flat_rate,30_day,A,fair,0.0,18.18,653.03,127.45,35.9202,1,Diogo Pereira
1628,478,1543,5,2022-06-05,2022-07-05,2022-07-12,2022-07-12,30,255.3,26.25,8.68,290.23,42.38,247.85,0,0,1,11,Logitech Keyboard Ultra,Logitech,40.39,30.92,2021-01-13,2021-11-09,B,Keyboards,0.05,low,Coimbra,PT,business,flat_rate,flexible,A,fair,35.76,18.18,653.03,127.45,35.9202,1,Rui Costa
1629,478,778,7,2022-07-17,2022-09-15,2022-09-15,2022-09-15,60,21.81,0.0,1.07,22.88,3.36,19.52,0,0,0,11,Logitech Keyboard Ultra,Logitech,40.39,30.92,2021-01-13,2021-11-09,B,Keyboards,0.05,low,Zaragoza,ES,professional,pct_of_retail,7_day,A,good,0.0,18.18,653.03,127.45,35.9202,1,Rui García
1630,478,1176,10,2022-09-24,2022-10-24,2022-10-24,2022-10-24,30,12.0,0.0,0.31,12.31,2.34,9.97,0,0,0,11,Logitech Keyboard Ultra,Logitech,40.39,30.92,2021-01-13,2021-11-09,B,Keyboards,0.05,low,Leiria,PT,business,pct_of_retail,30_day,B,fair,0.0,18.18,653.03,127.45,35.9202,1,Miguel Fernández
1631,481,415,4,2022-12-07,2023-02-05,2023-02-07,2023-02-07,60,311.09,10.3,9.02,330.41,59.11,271.3,0,0,1,11,Logitech Keyboard Lite,Logitech,68.95,54.87,2021-12-29,2022-10-25,A,Keyboards,0.05,low,Bilbao,ES,professional,flat_rate,30_day,B,good,0.0,31.03,1311.13,276.5,42.2536,1,Sofia Fernández
1632,481,1541,1,2023-02-12,2023-03-14,2023-03-14,2023-03-14,30,191.1,0.0,4.78,195.88,34.21,161.67,0,0,0,11,Logitech Keyboard Lite,Logitech,68.95,54.87,2021-12-29,2022-10-25,A,Keyboards,0.05,low,Málaga,ES,professional,flat_rate,7_day,A,good,0.0,31.03,1311.13,276.5,42.2536,1,Ricardo Martins
1633,481,582,2,2023-03-28,2023-04-27,2023-04-27,2023-04-27,30,132.0,0.0,5.41,137.41,27.32,110.09,0,0,0,11,Logitech Keyboard Lite,Logitech,68.95,54.87,2021-12-29,2022-10-25,A,Keyboards,0.05,low,Aveiro,PT,professional,flat_rate,7_day,B,good,0.0,31.03,1311.13,276.5,42.2536,1,Miguel Pereira
1634,481,1773,5,2023-05-10,2023-07-09,2023-07-09,2023-07-09,60,510.6,0.0,17.36,527.96,82.72,445.24,0,0,0,11,Logitech Keyboard Lite,Logitech,68.95,54.87,2021-12-29,2022-10-25,A,Keyboards,0.05,low,Lisboa,PT,professional,flat_rate,flexible,A,excellent,0.0,31.03,1311.13,276.5,42.2536,1,Luísa Ferreira
1635,481,1692,5,2023-07-19,2023-09-02,2023-09-02,2023-09-02,45,382.95,0.0,13.02,395.97,73.14,322.83,0,0,0,11,Logitech Keyboard Lite,Logitech,68.95,54.87,2021-12-29,2022-10-25,A,Keyboards,0.05,low,Bilbao,ES,business,flat_rate,flexible,A,good,0.0,31.03,1311.13,276.5,42.2536,1,André Santos
1636,482,404,1,2024-04-12,2024-05-27,2024-05-27,2024-05-27,45,286.65,0.0,7.17,293.82,61.92,231.9,0,0,0,11,Logitech Keyboard,Logitech,78.78,67.38,2023-05-01,2024-02-25,C,Keyboards,0.05,low,Leiria,PT,business,flat_rate,7_day,A,excellent,0.0,55.15,614.12,178.71,11.1354,1,Diogo Silva
1637,482,835,2,2024-06-06,2024-08-05,2024-08-05,2024-08-05,60,264.0,0.0,10.82,274.82,60.98,213.84,0,0,0,11,Logitech Keyboard,Logitech,78.78,67.38,2023-05-01,2024-02-25,C,Keyboards,0.05,low,Leiria,PT,student,flat_rate,7_day,B,good,0.0,55.15,614.12,178.71,11.1354,1,Elena García
1638,482,1848,6,2024-08-19,2024-09-02,2024-09-02,2024-09-02,14,140.98,0.0,2.96,143.94,28.48,115.46,0,0,0,11,Logitech Keyboard,Logitech,78.78,67.38,2023-05-01,2024-02-25,C,Keyboards,0.05,low,Lisboa,PT,student,flat_rate,flexible,B,excellent,0.0,55.15,614.12,178.71,11.1354,1,Fernando Pereira
1639,482,1732,2,2024-10-11,2024-10-25,2024-10-25,,14,61.6,0.0,2.53,64.13,11.21,52.92,1,0,0,11,Logitech Keyboard,Logitech,78.78,67.38,2023-05-01,2024-02-25,C,Keyboards,0.05,low,Lisboa,PT,business,flat_rate,7_day,B,,,55.15,614.12,178.71,11.1354,1,Diogo Santos
1640,482,1300,4,2024-11-06,2024-11-20,2024-11-20,,14,70.7,0.0,2.05,72.75,16.12,56.63,1,1,0,11,Logitech Keyboard,Logitech,78.78,67.38,2023-05-01,2024-02-25,C,Keyboards,0.05,low,Lisboa,PT,professional,flat_rate,30_day,B,,,55.15,614.12,178.71,11.1354,1,Lucia Martins
1641,485,995,11,2024-06-13,2024-07-28,2024-08-04,2024-08-04,45,52.7,53.48,2.0,108.18,12.07,96.11,0,0,1,11,Logitech Keyboard,Logitech,92.22,88.28,2023-07-30,2024-05-25,A,Keyboards,0.05,low,Faro,PT,business,pct_of_retail,flexible,A,good,0.0,69.16,653.86,118.15,9.4543,1,Rui Rodrigues
1642,485,1339,6,2024-08-12,2024-09-11,2024-09-11,2024-09-11,30,302.1,0.0,6.34,308.44,48.34,260.1,0,0,0,11,Logitech Keyboard,Logitech,92.22,88.28,2023-07-30,2024-05-25,A,Keyboards,0.05,low,Évora,PT,business,flat_rate,flexible,B,good,0.0,69.16,653.86,118.15,9.4543,1,Nuno Martins
1643,485,238,5,2024-09-16,2024-10-16,2024-10-16,2024-10-16,30,255.3,0.0,8.68,263.98,40.08,223.9,0,0,0,11,Logitech Keyboard,Logitech,92.22,88.28,2023-07-30,2024-05-25,A,Keyboards,0.05,low,Alicante,ES,business,flat_rate,flexible,A,good,0.0,69.16,653.86,118.15,9.4543,1,André Sousa
1644,485,1405,1,2024-10-28,2024-11-11,2024-11-11,2024-11-11,14,89.18,0.0,2.23,91.41,17.66,73.75,0,0,0,11,Logitech Keyboard,Logitech,92.22,88.28,2023-07-30,2024-05-25,A,Keyboards,0.05,low,Valencia,ES,professional,flat_rate,7_day,A,excellent,0.0,69.16,653.86,118.15,9.4543,1,Nuno Silva
1645,486,38,4,2024-02-24,2024-04-24,2024-04-24,2024-04-24,60,279.0,0.0,8.09,287.09,44.92,242.17,0,0,0,11,Logitech Keyboard Max,Logitech,38.76,36.03,2023-03-21,2024-01-15,A,Keyboards,0.05,low,Aveiro,PT,student,flat_rate,30_day,B,excellent,0.0,27.13,1278.9,278.92,47.1397,1,Catarina Rodrigues
1646,486,1324,4,2024-04-29,2024-05-29,2024-05-29,2024-05-29,30,139.5,0.0,4.05,143.55,31.11,112.44,0,0,0,11,Logitech Keyboard Max,Logitech,38.76,36.03,2023-03-21,2024-01-15,A,Keyboards,0.05,low,Porto,PT,professional,flat_rate,30_day,B,excellent,0.0,27.13,1278.9,278.92,47.1397,1,Elena Costa
1647,486,1939,5,2024-06-09,2024-07-24,2024-07-24,2024-07-24,45,382.95,0.0,13.02,395.97,76.21,319.76,0,0,0,11,Logitech Keyboard Max,Logitech,38.76,36.03,2023-03-21,2024-01-15,A,Keyboards,0.05,low,Leiria,PT,professional,flat_rate,flexible,A,excellent,0.0,27.13,1278.9,278.92,47.1397,1,André Fernández
1648,486,71,9,2024-07-29,2024-08-28,2024-08-28,2024-08-28,30,12.79,0.0,0.36,13.15,2.12,11.03,0,0,0,11,Logitech Keyboard Max,Logitech,38.76,36.03,2023-03-21,2024-01-15,A,Keyboards,0.05,low,Funchal,PT,casual,pct_of_retail,30_day,A,good,0.0,27.13,1278.9,278.92,47.1397,1,Maria Sousa
1649,486,1800,6,2024-09-09,2024-10-24,2024-10-24,2024-10-24,45,453.15,0.0,9.52,462.67,71.6,391.07,0,0,0,11,Logitech Keyboard Max,Logitech,38.76,36.03,2023-03-21,2024-01-15,A,Keyboards,0.05,low,Braga,PT,business,flat_rate,flexible,B,good,0.0,27.13,1278.9,278.92,47.1397,1,Tiago Pereira
1650,486,975,2,2024-11-02,2024-12-17,2024-12-17,2024-12-17,45,227.58,0.0,9.33,236.91,50.07,186.84,0,0,0,11,Logitech Keyboard Max,Logitech,38.76,36.03,2023-03-21,2024-01-15,A,Keyboards,0.05,low,Madrid,ES,business,flat_rate,7_day,B,excellent,0.0,27.13,1278.9,278.92,47.1397,1,Diogo Martínez
1651,486,1098,7,2024-12-30,2025-02-13,2025-02-13,2025-02-13,45,17.62,0.0,0.86,18.48,2.89,15.59,0,0,0,11,Logitech Keyboard Max,Logitech,38.76,36.03,2023-03-21,2024-01-15,A,Keyboards,0.05,low,Valencia,ES,business,pct_of_retail,7_day,A,good,0.0,27.13,1278.9,278.92,47.1397,1,Marta Jesus
1652,487,39,5,2024-03-10,2024-04-09,2024-04-09,2024-04-09,30,255.3,0.0,8.68,263.98,55.66,208.32,0,0,0,11,Microsoft Keyboard Pro,Microsoft,53.15,47.36,2023-05-05,2024-02-29,A,Keyboards,0.05,low,Leiria,PT,casual,flat_rate,flexible,A,fair,0.0,37.2,856.48,216.86,23.0237,1,Ana Martins
1653,487,860,4,2024-04-15,2024-05-30,2024-05-30,2024-05-30,45,209.25,0.0,6.07,215.32,38.5,176.82,0,0,0,11,Microsoft Keyboard Pro,Microsoft,53.15,47.36,2023-05-05,2024-02-29,A,Keyboards,0.05,low,Aveiro,PT,student,flat_rate,30_day,B,good,0.0,37.2,856.48,216.86,23.0237,1,Diego Sousa
1654,487,1803,5,2024-06-10,2024-07-10,2024-07-10,2024-07-10,30,255.3,0.0,8.68,263.98,41.36,222.62,0,0,0,11,Microsoft Keyboard Pro,Microsoft,53.15,47.36,2023-05-05,2024-02-29,A,Keyboards,0.05,low,Aveiro,PT,student,flat_rate,flexible,A,good,0.0,37.2,856.48,216.86,23.0237,1,Tiago Ferreira
1655,487,1828,4,2024-07-15,2024-08-14,2024-08-14,2024-08-14,30,139.5,0.0,4.05,143.55,30.69,112.86,0,0,0,11,Microsoft Keyboard Pro,Microsoft,53.15,47.36,2023-05-05,2024-02-29,A,Keyboards,0.05,low,Alicante,ES,casual,flat_rate,30_day,B,excellent,0.0,37.2,856.48,216.86,23.0237,1,Luísa López
1656,487,703,12,2024-08-19,2024-10-18,2024-10-18,2024-10-18,60,27.11,0.0,0.81,27.92,6.61,21.31,0,0,0,11,Microsoft Keyboard Pro,Microsoft,53.15,47.36,2023-05-05,2024-02-29,A,Keyboards,0.05,low,Aveiro,PT,casual,pct_of_retail,flexible,B,excellent,0.0,37.2,856.48,216.86,23.0237,1,Marco Martínez
1657,487,861,3,2024-10-23,2024-12-07,2024-12-07,2024-12-07,45,143.55,0.0,3.59,147.14,32.59,114.55,0,0,0,11,Microsoft Keyboard Pro,Microsoft,53.15,47.36,2023-05-05,2024-02-29,A,Keyboards,0.05,low,Málaga,ES,business,flat_rate,30_day,A,fair,0.0,37.2,856.48,216.86,23.0237,1,Sara Martínez
1658,487,1640,4,2024-12-18,2025-01-01,2025-01-01,,14,72.94,0.0,2.12,75.06,11.45,63.61,1,1,0,11,Microsoft Keyboard Pro,Microsoft,53.15,47.36,2023-05-05,2024-02-29,A,Keyboards,0.05,low,Coimbra,PT,business,flat_rate,30_day,B,,,37.2,856.48,216.86,23.0237,1,Carlos Rodrigues
1659,488,1865,2,2022-07-06,2022-08-05,2022-08-05,2022-08-05,30,132.0,0.0,5.41,137.41,29.7,107.71,0,0,0,11,Logitech Keyboard Ultra,Logitech,27.76,23.16,2021-08-19,2022-06-15,B,Keyboards,0.05,low,Valencia,ES,professional,flat_rate,7_day,B,good,3.94,12.49,427.05,109.3,34.1914,1,Carlos Rodrigues
1660,488,320,2,2022-08-13,2022-09-12,2022-09-12,,30,132.0,0.0,5.41,137.41,24.42,112.99,1,0,0,11,Logitech Keyboard Ultra,Logitech,27.76,23.16,2021-08-19,2022-06-15,B,Keyboards,0.05,low,Funchal,PT,professional,flat_rate,7_day,B,,,12.49,427.05,109.3,34.1914,1,Inês Ferreira
1661,488,924,3,2022-10-12,2022-11-11,2022-11-11,2022-11-11,30,95.7,0.0,2.39,98.09,19.62,78.47,0,0,0,11,Logitech Keyboard Ultra,Logitech,27.76,23.16,2021-08-19,2022-06-15,B,Keyboards,0.05,low,Funchal,PT,professional,flat_rate,30_day,A,excellent,33.39,12.49,427.05,109.3,34.1914,1,Lucia Ferreira
1662,488,238,3,2022-11-18,2023-01-02,2023-01-02,2023-01-02,45,159.45,0.0,3.99,163.44,35.56,127.88,0,0,0,11,Logitech Keyboard Ultra,Logitech,27.76,23.16,2021-08-19,2022-06-15,B,Keyboards,0.05,low,Alicante,ES,business,flat_rate,30_day,A,fair,40.16,12.49,427.05,109.3,34.1914,1,André Sousa
1663,489,336,5,2024-11-15,2024-12-15,2024-12-15,2024-12-15,30,277.47,0.0,9.43,286.9,69.09,217.81,0,0,0,11,Logitech Keyboard Lite,Logitech,39.91,37.82,2024-01-10,2024-11-05,B,Keyboards,0.05,low,Lisboa,PT,professional,flat_rate,flexible,A,good,0.0,29.93,217.81,69.09,7.2773,1,João Sánchez
1664,490,655,6,2023-10-23,2023-12-07,2023-12-07,2023-12-07,45,453.15,0.0,9.52,462.67,91.99,370.68,0,0,0,11,Microsoft Keyboard Max,Microsoft,38.03,32.58,2022-12-01,2023-09-27,A,Keyboards,0.05,low,Braga,PT,casual,flat_rate,flexible,B,good,0.0,22.82,1220.44,279.15,53.4812,1,Pedro Martínez
1665,490,636,2,2023-12-13,2024-01-12,2024-01-12,2024-01-12,30,141.1,0.0,5.79,146.89,32.17,114.72,0,0,0,11,Microsoft Keyboard Max,Microsoft,38.03,32.58,2022-12-01,2023-09-27,A,Keyboards,0.05,low,Funchal,PT,professional,flat_rate,7_day,B,good,0.0,22.82,1220.44,279.15,53.4812,1,Fernando López
1666,490,1850,3,2024-01-19,2024-02-18,2024-02-18,,30,95.7,0.0,2.39,98.09,22.49,75.6,1,0,0,11,Microsoft Keyboard Max,Microsoft,38.03,32.58,2022-12-01,2023-09-27,A,Keyboards,0.05,low,Zaragoza,ES,professional,flat_rate,30_day,A,,,22.82,1220.44,279.15,53.4812,1,Ana Martínez
1667,490,1103,5,2024-03-18,2024-04-17,2024-04-17,2024-04-17,30,255.3,0.0,8.68,263.98,54.89,209.09,0,0,0,11,Microsoft Keyboard Max,Microsoft,38.03,32.58,2022-12-01,2023-09-27,A,Keyboards,0.05,low,Setúbal,PT,casual,flat_rate,flexible,A,excellent,0.0,22.82,1220.44,279.15,53.4812,1,Marta Rodrigues
1668,490,408,5,2024-04-30,2024-06-29,2024-06-29,2024-06-29,60,510.6,0.0,17.36,527.96,77.61,450.35,0,0,0,11,Microsoft Keyboard Max,Microsoft,38.03,32.58,2022-12-01,2023-09-27,A,Keyboards,0.05,low,Lisboa,PT,student,flat_rate,flexible,A,excellent,22.79,22.82,1220.44,279.15,53.4812,1,Filipa Ferreira
1669,491,30,2,2024-10-01,2024-11-15,2024-11-17,2024-11-17,45,198.0,14.4,8.12,220.52,36.04,184.48,0,0,1,12,AOC Monitor SE,AOC,188.31,169.07,2023-11-25,2024-09-20,C,Monitors,0.08,low,Funchal,PT,professional,flat_rate,7_day,B,excellent,0.0,141.23,319.13,59.56,2.2596,1,Ana Jesus
1670,491,954,4,2024-11-27,2024-12-27,2024-12-27,2024-12-27,30,153.71,0.0,4.46,158.17,23.52,134.65,0,0,0,12,AOC Monitor SE,AOC,188.31,169.07,2023-11-25,2024-09-20,C,Monitors,0.08,low,Funchal,PT,professional,flat_rate,30_day,B,excellent,0.0,141.23,319.13,59.56,2.2596,1,Catarina Rodrigues
1671,492,1361,1,2023-08-01,2023-08-31,2023-08-31,2023-08-31,30,191.1,0.0,4.78,195.88,35.54,160.34,0,0,0,12,AOC Monitor Ultra,AOC,155.35,118.58,2022-08-30,2023-06-26,B,Monitors,0.08,low,Leiria,PT,business,flat_rate,7_day,A,excellent,0.0,93.21,962.68,255.26,10.3281,1,Fernando López
1672,492,1836,2,2023-09-13,2023-10-13,2023-10-13,,30,132.0,0.0,5.41,137.41,32.21,105.2,1,1,0,12,AOC Monitor Ultra,AOC,155.35,118.58,2022-08-30,2023-06-26,B,Monitors,0.08,low,Porto,PT,business,flat_rate,7_day,B,,,93.21,962.68,255.26,10.3281,1,Rui Martins
1673,492,2000,4,2023-10-23,2023-12-07,2023-12-07,2023-12-07,45,209.25,0.0,6.07,215.32,37.87,177.45,0,0,0,12,AOC Monitor Ultra,AOC,155.35,118.58,2022-08-30,2023-06-26,B,Monitors,0.08,low,Lisboa,PT,professional,flat_rate,30_day,B,good,0.0,93.21,962.68,255.26,10.3281,1,Pedro Santos
1674,492,1762,3,2023-12-14,2024-02-12,2024-02-12,2024-02-12,60,201.62,0.0,5.04,206.66,48.59,158.07,0,0,0,12,AOC Monitor Ultra,AOC,155.35,118.58,2022-08-30,2023-06-26,B,Monitors,0.08,low,Bilbao,ES,professional,flat_rate,30_day,A,fair,0.0,93.21,962.68,255.26,10.3281,1,Rui Sousa
1675,492,1727,6,2024-03-13,2024-04-27,2024-04-27,2024-04-27,45,453.15,0.0,9.52,462.67,101.05,361.62,0,0,0,12,AOC Monitor Ultra,AOC,155.35,118.58,2022-08-30,2023-06-26,B,Monitors,0.08,low,Barcelona,ES,business,flat_rate,flexible,B,good,0.0,93.21,962.68,255.26,10.3281,1,Ricardo Martínez
1676,493,516,3,2024-06-15,2024-07-15,2024-07-15,2024-07-15,30,95.7,0.0,2.39,98.09,19.33,78.76,0,0,0,12,AOC Monitor Pro,AOC,314.71,286.34,2023-07-23,2024-05-18,B,Monitors,0.08,low,Madrid,ES,professional,flat_rate,30_day,A,good,0.0,236.03,615.52,138.31,2.6078,1,Lucia Ferreira
1677,493,1451,1,2024-07-23,2024-09-21,2024-09-21,,60,382.2,0.0,9.56,391.76,59.24,332.52,1,0,0,12,AOC Monitor Pro,AOC,314.71,286.34,2023-07-23,2024-05-18,B,Monitors,0.08,low,Aveiro,PT,business,flat_rate,7_day,A,,,236.03,615.52,138.31,2.6078,1,Pedro Oliveira
1678,493,1502,5,2024-10-04,2024-11-03,2024-11-03,2024-11-03,30,255.3,0.0,8.68,263.98,59.74,204.24,0,0,0,12,AOC Monitor Pro,AOC,314.71,286.34,2023-07-23,2024-05-18,B,Monitors,0.08,low,Braga,PT,professional,flat_rate,flexible,A,excellent,0.0,236.03,615.52,138.31,2.6078,1,Ana Ferreira
1679,494,598,3,2024-08-09,2024-09-08,2024-09-08,2024-09-08,30,95.7,0.0,2.39,98.09,15.98,82.11,0,0,0,12,Benq Monitor Max,Benq,270.69,245.76,2023-09-24,2024-07-20,A,Monitors,0.08,low,Zaragoza,ES,student,flat_rate,30_day,A,damaged,0.0,203.02,613.56,129.12,3.0222,1,Marco González
1680,494,1727,9,2024-09-16,2024-10-31,2024-10-31,2024-10-31,45,133.99,0.0,3.75,137.74,20.23,117.51,0,0,0,12,Benq Monitor Max,Benq,270.69,245.76,2023-09-24,2024-07-20,A,Monitors,0.08,low,Barcelona,ES,business,pct_of_retail,30_day,A,excellent,0.0,203.02,613.56,129.12,3.0222,1,Ricardo Martínez
1681,494,843,6,2024-12-04,2025-01-18,2025-01-22,,45,476.48,20.36,10.01,506.85,92.91,413.94,1,0,1,12,Benq Monitor Max,Benq,270.69,245.76,2023-09-24,2024-07-20,A,Monitors,0.08,low,Braga,PT,business,flat_rate,flexible,B,,,203.02,613.56,129.12,3.0222,1,Beatriz Martínez
1682,495,1463,7,2022-11-22,2023-01-06,2023-01-06,,45,137.39,0.0,6.73,144.12,22.81,121.31,1,0,0,12,Benq Monitor SE,Benq,321.32,222.01,2022-01-05,2022-11-01,B,Monitors,0.08,low,Évora,PT,business,pct_of_retail,7_day,A,,,160.66,351.52,70.03,2.188,1,Ana Costa
1683,495,1892,4,2023-01-27,2023-02-26,2023-02-26,2023-02-26,30,139.5,0.0,4.05,143.55,22.46,121.09,0,0,0,12,Benq Monitor SE,Benq,321.32,222.01,2022-01-05,2022-11-01,B,Monitors,0.08,low,Alicante,ES,business,flat_rate,30_day,B,damaged,0.0,160.66,351.52,70.03,2.188,1,Maria García
1684,495,1277,7,2023-03-07,2023-03-21,2023-03-21,2023-03-21,14,40.49,0.0,1.98,42.47,8.26,34.21,0,0,0,12,Benq Monitor SE,Benq,321.32,222.01,2022-01-05,2022-11-01,B,Monitors,0.08,low,Porto,PT,casual,pct_of_retail,7_day,A,excellent,43.02,160.66,351.52,70.03,2.188,1,Carlos Rodrigues
1685,495,126,1,2023-03-28,2023-04-11,2023-04-11,2023-04-11,14,89.18,0.0,2.23,91.41,16.5,74.91,0,0,0,12,Benq Monitor SE,Benq,321.32,222.01,2022-01-05,2022-11-01,B,Monitors,0.08,low,Coimbra,PT,business,flat_rate,7_day,A,fair,0.0,160.66,351.52,70.03,2.188,1,Miguel Martins
1686,496,1281,9,2024-07-04,2024-08-18,2024-08-18,2024-08-18,45,94.72,0.0,2.65,97.37,23.02,74.35,0,0,0,12,AOC Monitor Ultra,AOC,191.35,169.29,2023-08-10,2024-06-05,A,Monitors,0.08,low,Lisboa,PT,student,pct_of_retail,30_day,A,excellent,0.0,143.51,875.51,207.31,6.1007,1,André Sánchez
1687,496,1187,5,2024-08-24,2024-10-08,2024-10-08,2024-10-08,45,382.95,0.0,13.02,395.97,95.35,300.62,0,0,0,12,AOC Monitor Ultra,AOC,191.35,169.29,2023-08-10,2024-06-05,A,Monitors,0.08,low,Funchal,PT,business,flat_rate,flexible,A,fair,0.0,143.51,875.51,207.31,6.1007,1,Fernando Rodrigues
1688,496,1131,5,2024-11-08,2025-01-07,2025-01-07,2025-01-07,60,570.1,0.0,19.38,589.48,88.94,500.54,0,0,0,12,AOC Monitor Ultra,AOC,191.35,169.29,2023-08-10,2024-06-05,A,Monitors,0.08,low,Funchal,PT,student,flat_rate,flexible,A,fair,0.0,143.51,875.51,207.31,6.1007,1,Carmen López
1689,497,1926,7,2023-12-05,2024-01-04,2024-01-04,2024-01-04,30,82.08,0.0,4.02,86.1,18.47,67.63,0,0,0,12,LG Monitor,LG,269.33,210.56,2022-12-27,2023-10-23,C,Monitors,0.08,low,Barcelona,ES,professional,pct_of_retail,7_day,A,good,0.0,161.6,1122.48,273.98,6.946,1,Tiago Sousa
1690,497,1125,6,2024-02-08,2024-03-24,2024-03-24,2024-03-24,45,453.15,0.0,9.52,462.67,77.04,385.63,0,0,0,12,LG Monitor,LG,269.33,210.56,2022-12-27,2023-10-23,C,Monitors,0.08,low,Málaga,ES,professional,flat_rate,flexible,B,good,0.0,161.6,1122.48,273.98,6.946,1,Diego Costa
1691,497,1483,1,2024-03-30,2024-05-14,2024-05-14,2024-05-14,45,286.65,0.0,7.17,293.82,56.76,237.06,0,0,0,12,LG Monitor,LG,269.33,210.56,2022-12-27,2023-10-23,C,Monitors,0.08,low,Faro,PT,professional,flat_rate,7_day,A,good,0.0,161.6,1122.48,273.98,6.946,1,Beatriz Ferreira
1692,497,1063,1,2024-05-28,2024-07-27,2024-07-27,2024-07-27,60,382.2,0.0,9.56,391.76,91.35,300.41,0,0,0,12,LG Monitor,LG,269.33,210.56,2022-12-27,2023-10-23,C,Monitors,0.08,low,Funchal,PT,professional,flat_rate,7_day,A,excellent,0.0,161.6,1122.48,273.98,6.946,1,André García
1693,497,1314,12,2024-08-01,2024-08-31,2024-08-31,2024-08-31,30,68.68,0.0,2.06,70.74,12.23,58.51,0,0,0,12,LG Monitor,LG,269.33,210.56,2022-12-27,2023-10-23,C,Monitors,0.08,low,Évora,PT,professional,pct_of_retail,flexible,B,good,2.33,161.6,1122.48,273.98,6.946,1,Rosa Jesus
1694,497,1749,9,2024-09-14,2024-10-14,2024-10-14,2024-10-14,30,88.88,0.0,2.49,91.37,18.13,73.24,0,0,0,12,LG Monitor,LG,269.33,210.56,2022-12-27,2023-10-23,C,Monitors,0.08,low,Funchal,PT,professional,pct_of_retail,30_day,A,good,0.0,161.6,1122.48,273.98,6.946,1,Sofia Sánchez
1695,498,906,12,2023-04-23,2023-05-07,2023-05-10,2023-05-10,14,71.06,9.54,2.13,82.73,10.87,71.86,0,0,1,12,Dell Monitor SE,Dell,597.12,550.17,2022-05-27,2023-03-23,B,Monitors,0.08,low,Valencia,ES,student,pct_of_retail,flexible,B,excellent,0.0,298.56,514.5,100.58,1.7233,1,André Santos
1696,498,1068,9,2023-06-15,2023-07-15,2023-07-15,2023-07-15,30,197.05,0.0,5.52,202.57,30.94,171.63,0,0,0,12,Dell Monitor SE,Dell,597.12,550.17,2022-05-27,2023-03-23,B,Monitors,0.08,low,Zaragoza,ES,casual,pct_of_retail,30_day,A,good,0.0,298.56,514.5,100.58,1.7233,1,Luísa Fernández
1697,498,1967,12,2023-07-29,2023-09-12,2023-09-12,2023-09-12,45,228.4,0.0,6.85,235.25,41.11,194.14,0,0,0,12,Dell Monitor SE,Dell,597.12,550.17,2022-05-27,2023-03-23,B,Monitors,0.08,low,Valencia,ES,professional,pct_of_retail,flexible,B,damaged,0.0,298.56,514.5,100.58,1.7233,1,Ricardo Martins
1698,498,1360,9,2023-09-18,2023-10-02,2023-10-02,2023-10-02,14,91.96,0.0,2.57,94.53,17.66,76.87,0,0,0,12,Dell Monitor SE,Dell,597.12,550.17,2022-05-27,2023-03-23,B,Monitors,0.08,low,Évora,PT,student,pct_of_retail,30_day,A,good,0.0,298.56,514.5,100.58,1.7233,1,Carlos García
1699,499,1280,9,2023-06-08,2023-06-22,2023-06-22,2023-06-22,14,31.14,0.0,0.87,32.01,5.48,26.53,0,0,0,12,Dell Monitor Lite,Dell,202.21,152.25,2022-07-31,2023-05-27,C,Monitors,0.08,low,Porto,PT,casual,pct_of_retail,30_day,A,good,0.0,121.33,353.75,83.32,2.9156,1,Sara Silva
1700,499,771,2,2023-07-04,2023-08-03,2023-08-03,2023-08-03,30,132.0,0.0,5.41,137.41,31.81,105.6,0,0,0,12,Dell Monitor Lite,Dell,202.21,152.25,2022-07-31,2023-05-27,C,Monitors,0.08,low,Barcelona,ES,business,flat_rate,7_day,B,excellent,0.0,121.33,353.75,83.32,2.9156,1,Marta Fernández
1701,499,136,8,2023-08-17,2023-09-16,2023-09-20,2023-09-20,30,59.45,10.36,1.96,71.77,12.78,58.99,0,0,1,12,Dell Monitor Lite,Dell,202.21,152.25,2022-07-31,2023-05-27,C,Monitors,0.08,low,Sevilla,ES,student,pct_of_retail,7_day,B,good,0.0,121.33,353.75,83.32,2.9156,1,Luísa Santos
1702,499,1473,1,2023-09-25,2023-10-25,2023-10-25,2023-10-25,30,191.1,0.0,4.78,195.88,33.25,162.63,0,0,0,12,Dell Monitor Lite,Dell,202.21,152.25,2022-07-31,2023-05-27,C,Monitors,0.08,low,Lisboa,PT,professional,flat_rate,7_day,A,good,0.0,121.33,353.75,83.32,2.9156,1,Tiago Costa
1703,500,380,5,2022-12-08,2023-02-06,2023-02-06,2023-02-06,60,540.12,0.0,18.36,558.48,100.46,458.02,0,0,0,12,LG Monitor SE,LG,373.83,261.24,2022-01-10,2022-11-06,A,Monitors,0.08,low,Lisboa,PT,professional,flat_rate,flexible,A,fair,0.0,186.91,938.34,227.37,5.0203,1,Carmen García
1704,500,702,1,2023-02-13,2023-03-30,2023-03-30,2023-03-30,45,286.65,0.0,7.17,293.82,54.18,239.64,0,0,0,12,LG Monitor SE,LG,373.83,261.24,2022-01-10,2022-11-06,A,Monitors,0.08,low,Braga,PT,professional,flat_rate,7_day,A,excellent,0.0,186.91,938.34,227.37,5.0203,1,Isabel López
1705,500,1329,4,2023-04-06,2023-05-21,2023-05-21,2023-05-21,45,209.25,0.0,6.07,215.32,50.43,164.89,0,0,0,12,LG Monitor SE,LG,373.83,261.24,2022-01-10,2022-11-06,A,Monitors,0.08,low,Porto,PT,professional,flat_rate,30_day,B,good,0.0,186.91,938.34,227.37,5.0203,1,Ana Sánchez
1706,500,1258,3,2023-06-01,2023-07-01,2023-07-01,2023-07-01,30,95.7,0.0,2.39,98.09,22.3,75.79,0,0,0,12,LG Monitor SE,LG,373.83,261.24,2022-01-10,2022-11-06,A,Monitors,0.08,low,Coimbra,PT,business,flat_rate,30_day,A,good,0.0,186.91,938.34,227.37,5.0203,1,Tiago Silva
1707,501,328,4,2023-11-17,2023-12-17,2023-12-17,2023-12-17,30,155.79,0.0,4.52,160.31,31.31,129.0,0,0,0,12,Benq Monitor X,Benq,538.31,451.71,2022-12-18,2023-10-14,B,Monitors,0.08,low,Setúbal,PT,professional,flat_rate,30_day,B,good,0.0,322.99,465.27,104.31,1.4405,1,Rosa García
1708,501,961,12,2023-12-26,2024-01-25,2024-01-25,2024-01-25,30,150.98,0.0,4.53,155.51,28.38,127.13,0,0,0,12,Benq Monitor X,Benq,538.31,451.71,2022-12-18,2023-10-14,B,Monitors,0.08,low,Bilbao,ES,casual,pct_of_retail,flexible,B,excellent,40.16,322.99,465.27,104.31,1.4405,1,Carmen Martins
1709,501,1979,9,2024-02-04,2024-03-05,2024-03-05,2024-03-05,30,177.64,0.0,4.97,182.61,33.22,149.39,0,0,0,12,Benq Monitor X,Benq,538.31,451.71,2022-12-18,2023-10-14,B,Monitors,0.08,low,Leiria,PT,business,pct_of_retail,30_day,A,fair,0.0,322.99,465.27,104.31,1.4405,1,Fernando Silva
1710,501,1166,7,2024-03-14,2024-03-28,2024-03-28,2024-03-28,14,67.83,0.0,3.32,71.15,11.4,59.75,0,0,0,12,Benq Monitor X,Benq,538.31,451.71,2022-12-18,2023-10-14,B,Monitors,0.08,low,Bilbao,ES,professional,pct_of_retail,7_day,A,excellent,0.0,322.99,465.27,104.31,1.4405,1,Ricardo Jesus
1711,502,1048,5,2024-06-20,2024-08-04,2024-08-04,2024-08-04,45,382.95,0.0,13.02,395.97,63.19,332.78,0,0,0,12,LG Monitor Ultra,LG,133.71,121.95,2023-07-18,2024-05-13,B,Monitors,0.08,low,Porto,PT,business,flat_rate,flexible,A,fair,0.0,100.28,721.99,171.65,7.1997,1,Rosa Martínez
1712,502,829,5,2024-09-08,2024-10-23,2024-10-23,2024-10-23,45,382.95,0.0,13.02,395.97,88.08,307.89,0,0,0,12,LG Monitor Ultra,LG,133.71,121.95,2023-07-18,2024-05-13,B,Monitors,0.08,low,Braga,PT,business,flat_rate,flexible,A,good,9.86,100.28,721.99,171.65,7.1997,1,Pablo Rodrigues
1713,502,514,9,2024-11-02,2025-01-01,2025-01-01,2025-01-01,60,98.93,0.0,2.77,101.7,20.38,81.32,0,0,0,12,LG Monitor Ultra,LG,133.71,121.95,2023-07-18,2024-05-13,B,Monitors,0.08,low,Funchal,PT,business,pct_of_retail,30_day,A,excellent,0.0,100.28,721.99,171.65,7.1997,1,Ana Silva
1714,503,849,6,2024-02-15,2024-03-16,2024-03-16,2024-03-16,30,302.1,0.0,6.34,308.44,74.32,234.12,0,0,0,12,Dell Monitor Ultra,Dell,184.76,153.02,2023-04-03,2024-01-28,B,Monitors,0.08,low,Faro,PT,casual,flat_rate,flexible,B,fair,0.0,129.33,449.84,130.02,3.4782,1,Sofia López
1715,503,929,3,2024-03-25,2024-04-24,2024-04-24,2024-04-24,30,95.7,0.0,2.39,98.09,15.5,82.59,0,0,0,12,Dell Monitor Ultra,Dell,184.76,153.02,2023-04-03,2024-01-28,B,Monitors,0.08,low,Barcelona,ES,business,flat_rate,30_day,A,good,0.0,129.33,449.84,130.02,3.4782,1,Rafael Sousa
1716,503,671,8,2024-05-02,2024-05-16,2024-05-16,2024-05-16,14,25.35,0.0,0.84,26.19,5.6,20.59,0,0,0,12,Dell Monitor Ultra,Dell,184.76,153.02,2023-04-03,2024-01-28,B,Monitors,0.08,low,Braga,PT,casual,pct_of_retail,7_day,B,good,2.04,129.33,449.84,130.02,3.4782,1,Elena Fernández
1717,503,10,3,2024-05-29,2024-07-13,2024-07-13,2024-07-13,45,143.55,0.0,3.59,147.14,34.6,112.54,0,0,0,12,Dell Monitor Ultra,Dell,184.76,153.02,2023-04-03,2024-01-28,B,Monitors,0.08,low,Leiria,PT,business,flat_rate,30_day,A,fair,0.0,129.33,449.84,130.02,3.4782,1,Filipa Martins
1718,504,478,6,2024-05-24,2024-07-08,2024-07-08,2024-07-08,45,453.15,0.0,9.52,462.67,93.8,368.87,0,0,0,12,Dell Monitor SE,Dell,322.96,298.64,2023-06-20,2024-04-15,B,Monitors,0.08,low,Sevilla,ES,business,flat_rate,flexible,B,excellent,42.61,226.07,863.05,215.83,3.8176,1,Pedro Jesus
1719,504,1657,3,2024-07-22,2024-09-20,2024-09-20,2024-09-20,60,191.4,0.0,4.78,196.18,44.98,151.2,0,0,0,12,Dell Monitor SE,Dell,322.96,298.64,2023-06-20,2024-04-15,B,Monitors,0.08,low,Valencia,ES,professional,flat_rate,30_day,A,good,12.31,226.07,863.05,215.83,3.8176,1,Diogo Martins
1720,504,1668,1,2024-09-25,2024-10-25,2024-10-25,2024-10-25,30,191.1,0.0,4.78,195.88,41.09,154.79,0,0,0,12,Dell Monitor SE,Dell,322.96,298.64,2023-06-20,2024-04-15,B,Monitors,0.08,low,Funchal,PT,business,flat_rate,7_day,A,excellent,0.0,226.07,863.05,215.83,3.8176,1,Ricardo Jesus
1721,504,1697,2,2024-11-07,2024-12-22,2024-12-22,2024-12-22,45,215.32,0.0,8.83,224.15,35.96,188.19,0,0,0,12,Dell Monitor SE,Dell,322.96,298.64,2023-06-20,2024-04-15,B,Monitors,0.08,low,Porto,PT,casual,flat_rate,7_day,B,good,0.0,226.07,863.05,215.83,3.8176,1,Marta Ferreira
1722,505,41,8,2022-04-25,2022-05-09,2022-05-09,2022-05-09,14,59.31,0.0,1.96,61.27,10.68,50.59,0,0,0,12,LG Monitor SE,LG,432.27,337.54,2021-04-26,2022-02-20,A,Monitors,0.08,low,Madrid,ES,casual,pct_of_retail,7_day,B,good,33.24,194.52,406.82,89.22,2.0914,1,Pedro Fernández
1723,505,1690,4,2022-05-18,2022-06-01,2022-06-01,2022-06-01,14,65.1,0.0,1.89,66.99,14.58,52.41,0,0,0,12,LG Monitor SE,LG,432.27,337.54,2021-04-26,2022-02-20,A,Monitors,0.08,low,Évora,PT,professional,flat_rate,30_day,B,fair,22.48,194.52,406.82,89.22,2.0914,1,Ricardo Martins
1724,505,1905,12,2022-06-30,2022-07-14,2022-07-16,2022-07-16,14,51.44,6.36,1.54,59.34,9.88,49.46,0,0,1,12,LG Monitor SE,LG,432.27,337.54,2021-04-26,2022-02-20,A,Monitors,0.08,low,Coimbra,PT,business,pct_of_retail,flexible,B,good,0.0,194.52,406.82,89.22,2.0914,1,Sofia Jesus
1725,505,1491,6,2022-07-30,2022-08-29,2022-08-29,2022-08-29,30,302.1,0.0,6.34,308.44,54.08,254.36,0,0,0,12,LG Monitor SE,LG,432.27,337.54,2021-04-26,2022-02-20,A,Monitors,0.08,low,Madrid,ES,professional,flat_rate,flexible,B,fair,0.0,194.52,406.82,89.22,2.0914,1,Nuno Costa
1726,506,370,1,2024-12-13,2024-12-27,2024-12-27,2024-12-27,14,101.13,0.0,2.53,103.66,23.46,80.2,0,0,0,12,Benq Monitor Plus,Benq,332.46,301.97,2024-02-15,2024-12-11,B,Monitors,0.08,low,Funchal,PT,business,flat_rate,7_day,A,damaged,0.0,249.34,80.2,23.46,0.3216,0,Rafael García
1727,507,1209,4,2023-07-01,2023-07-31,2023-07-31,2023-07-31,30,139.5,0.0,4.05,143.55,31.67,111.88,0,0,0,12,Dell Monitor Ultra,Dell,262.41,204.01,2022-07-04,2023-04-30,A,Monitors,0.08,low,Alicante,ES,student,flat_rate,30_day,B,excellent,21.39,157.45,825.68,174.16,5.2441,1,Luísa González
1728,507,1353,5,2023-08-08,2023-10-07,2023-10-07,2023-10-07,60,510.6,0.0,17.36,527.96,79.14,448.82,0,0,0,12,Dell Monitor Ultra,Dell,262.41,204.01,2022-07-04,2023-04-30,A,Monitors,0.08,low,Bilbao,ES,business,flat_rate,flexible,A,good,0.0,157.45,825.68,174.16,5.2441,1,João Martins
1729,507,1393,6,2023-11-26,2023-12-26,2023-12-26,2023-12-26,30,321.58,0.0,6.75,328.33,63.35,264.98,0,0,0,12,Dell Monitor Ultra,Dell,262.41,204.01,2022-07-04,2023-04-30,A,Monitors,0.08,low,Leiria,PT,business,flat_rate,flexible,B,good,0.0,157.45,825.68,174.16,5.2441,1,Maria Rodrigues
1730,510,289,9,2023-01-15,2023-03-16,2023-03-16,2023-03-16,60,217.99,0.0,6.1,224.09,34.22,189.87,0,0,0,12,Dell Monitor SE,Dell,330.29,251.86,2022-02-16,2022-12-13,A,Monitors,0.08,low,Braga,PT,student,pct_of_retail,30_day,A,excellent,33.16,165.15,1006.99,268.22,6.0974,1,Rui Ferreira
1731,510,219,6,2023-03-25,2023-05-24,2023-05-24,2023-05-24,60,604.2,0.0,12.69,616.89,137.76,479.13,0,0,0,12,Dell Monitor SE,Dell,330.29,251.86,2022-02-16,2022-12-13,A,Monitors,0.08,low,Málaga,ES,professional,flat_rate,flexible,B,damaged,32.2,165.15,1006.99,268.22,6.0974,1,Diogo Rodrigues
1732,510,112,3,2023-05-29,2023-07-13,2023-07-13,2023-07-13,45,143.55,0.0,3.59,147.14,29.28,117.86,0,0,0,12,Dell Monitor SE,Dell,330.29,251.86,2022-02-16,2022-12-13,A,Monitors,0.08,low,Évora,PT,casual,flat_rate,30_day,A,excellent,0.0,165.15,1006.99,268.22,6.0974,1,Fernando Sousa
1733,510,1669,4,2023-07-23,2023-09-21,2023-09-21,2023-09-21,60,279.0,0.0,8.09,287.09,66.96,220.13,0,0,0,12,Dell Monitor SE,Dell,330.29,251.86,2022-02-16,2022-12-13,A,Monitors,0.08,low,Lisboa,PT,professional,flat_rate,30_day,B,damaged,0.0,165.15,1006.99,268.22,6.0974,1,Diogo Santos
1734,511,1645,3,2024-07-02,2024-08-01,2024-08-01,2024-08-01,30,95.7,0.0,2.39,98.09,18.57,79.52,0,0,0,12,Dell Monitor,Dell,127.61,112.5,2023-08-06,2024-06-01,B,Monitors,0.08,low,Funchal,PT,student,flat_rate,30_day,A,excellent,36.62,95.71,802.86,218.54,8.3885,1,Pedro Martínez
1735,511,1779,4,2024-08-29,2024-10-13,2024-10-13,2024-10-13,45,209.25,0.0,6.07,215.32,39.34,175.98,0,0,0,12,Dell Monitor,Dell,127.61,112.5,2023-08-06,2024-06-01,B,Monitors,0.08,low,Valencia,ES,professional,flat_rate,30_day,B,good,0.0,95.71,802.86,218.54,8.3885,1,Luísa Sánchez
1736,511,1551,1,2024-10-19,2024-11-18,2024-11-18,2024-11-18,30,191.1,0.0,4.78,195.88,43.76,152.12,0,0,0,12,Dell Monitor,Dell,127.61,112.5,2023-08-06,2024-06-01,B,Monitors,0.08,low,Faro,PT,casual,flat_rate,7_day,A,fair,0.0,95.71,802.86,218.54,8.3885,1,Miguel Costa
1737,511,199,6,2024-11-26,2025-01-10,2025-01-10,2025-01-10,45,501.58,0.0,10.53,512.11,116.87,395.24,0,0,0,12,Dell Monitor,Dell,127.61,112.5,2023-08-06,2024-06-01,B,Monitors,0.08,low,Aveiro,PT,professional,flat_rate,flexible,B,fair,0.0,95.71,802.86,218.54,8.3885,1,Carlos Sousa
1738,513,666,8,2022-10-13,2022-11-12,2022-11-12,2022-11-12,30,108.53,0.0,3.58,112.11,20.62,91.49,0,0,0,12,AOC Monitor Max,AOC,369.14,267.25,2021-12-09,2022-10-05,A,Monitors,0.08,low,Barcelona,ES,professional,pct_of_retail,7_day,B,fair,29.03,166.11,711.13,193.7,4.2811,1,Rosa García
1739,513,1715,4,2022-11-20,2022-12-04,2022-12-04,2022-12-04,14,74.83,0.0,2.17,77.0,15.86,61.14,0,0,0,12,AOC Monitor Max,AOC,369.14,267.25,2021-12-09,2022-10-05,A,Monitors,0.08,low,Leiria,PT,business,flat_rate,30_day,B,damaged,26.86,166.11,711.13,193.7,4.2811,1,Filipa Oliveira
1740,513,1341,12,2022-12-15,2023-01-14,2023-01-14,2023-01-14,30,105.48,0.0,3.16,108.64,23.21,85.43,0,0,0,12,AOC Monitor Max,AOC,369.14,267.25,2021-12-09,2022-10-05,A,Monitors,0.08,low,Évora,PT,casual,pct_of_retail,flexible,B,good,0.0,166.11,711.13,193.7,4.2811,1,Carmen Rodrigues
1741,513,618,4,2023-01-26,2023-03-12,2023-03-12,2023-03-12,45,209.25,0.0,6.07,215.32,46.87,168.45,0,0,0,12,AOC Monitor Max,AOC,369.14,267.25,2021-12-09,2022-10-05,A,Monitors,0.08,low,Setúbal,PT,professional,flat_rate,30_day,B,good,0.0,166.11,711.13,193.7,4.2811,1,Pablo Sánchez
1742,513,1947,1,2023-03-22,2023-05-21,2023-05-21,2023-05-21,60,382.2,0.0,9.56,391.76,87.14,304.62,0,0,0,12,AOC Monitor Max,AOC,369.14,267.25,2021-12-09,2022-10-05,A,Monitors,0.08,low,Aveiro,PT,business,flat_rate,7_day,A,good,40.3,166.11,711.13,193.7,4.2811,1,Lucia García
1743,514,1841,5,2024-12-20,2025-01-03,2025-01-03,,14,126.3,0.0,4.29,130.59,23.24,107.35,1,0,0,12,Benq Monitor X,Benq,415.73,376.34,2024-02-20,2024-12-16,A,Monitors,0.08,low,Braga,PT,business,flat_rate,flexible,A,,,311.8,107.35,23.24,0.3443,0,Beatriz Ferreira
1744,515,1108,11,2023-12-23,2024-01-22,2024-01-22,2024-01-22,30,222.32,0.0,8.45,230.77,34.9,195.87,0,0,0,12,Benq Monitor Max,Benq,529.72,437.53,2023-01-15,2023-11-11,C,Monitors,0.08,low,Porto,PT,business,pct_of_retail,flexible,A,excellent,0.0,370.8,1091.38,260.27,2.9433,1,João González
1745,515,1510,7,2024-01-29,2024-03-14,2024-03-14,2024-03-14,45,214.54,0.0,10.51,225.05,52.35,172.7,0,0,0,12,Benq Monitor Max,Benq,529.72,437.53,2023-01-15,2023-11-11,C,Monitors,0.08,low,Braga,PT,professional,pct_of_retail,7_day,A,excellent,0.0,370.8,1091.38,260.27,2.9433,1,Pablo Ferreira
1746,515,1108,7,2024-03-28,2024-04-27,2024-04-27,2024-04-27,30,143.02,0.0,7.01,150.03,34.18,115.85,0,0,0,12,Benq Monitor Max,Benq,529.72,437.53,2023-01-15,2023-11-11,C,Monitors,0.08,low,Porto,PT,business,pct_of_retail,7_day,A,excellent,0.0,370.8,1091.38,260.27,2.9433,1,João González
1747,515,1592,4,2024-05-05,2024-06-19,2024-06-19,2024-06-19,45,209.25,0.0,6.07,215.32,32.22,183.1,0,0,0,12,Benq Monitor Max,Benq,529.72,437.53,2023-01-15,2023-11-11,C,Monitors,0.08,low,Évora,PT,casual,flat_rate,30_day,B,good,0.0,370.8,1091.38,260.27,2.9433,1,André Oliveira
1748,515,360,8,2024-06-30,2024-08-14,2024-08-14,2024-08-14,45,233.61,0.0,7.71,241.32,44.85,196.47,0,0,0,12,Benq Monitor Max,Benq,529.72,437.53,2023-01-15,2023-11-11,C,Monitors,0.08,low,Aveiro,PT,professional,pct_of_retail,7_day,B,excellent,0.0,370.8,1091.38,260.27,2.9433,1,Miguel Sousa
1749,515,1367,7,2024-08-27,2024-09-26,2024-09-26,2024-09-26,30,143.02,0.0,7.01,150.03,32.32,117.71,0,0,0,12,Benq Monitor Max,Benq,529.72,437.53,2023-01-15,2023-11-11,C,Monitors,0.08,low,Madrid,ES,professional,pct_of_retail,7_day,A,good,42.59,370.8,1091.38,260.27,2.9433,1,Sara Ferreira
1750,515,1620,12,2024-10-10,2024-11-09,2024-11-09,2024-11-09,30,135.08,0.0,4.05,139.13,29.45,109.68,0,0,0,12,Benq Monitor Max,Benq,529.72,437.53,2023-01-15,2023-11-11,C,Monitors,0.08,low,Leiria,PT,professional,pct_of_retail,flexible,B,excellent,0.0,370.8,1091.38,260.27,2.9433,1,Pablo Silva
1751,516,1243,3,2024-11-17,2025-01-01,2025-01-08,2025-01-08,45,160.68,48.93,4.02,213.63,39.05,174.58,0,0,1,12,Dell Monitor Max,Dell,411.94,399.68,2024-01-04,2024-10-30,A,Monitors,0.08,low,Lisboa,PT,casual,flat_rate,30_day,A,excellent,0.0,308.95,174.58,39.05,0.5651,0,Ana Sousa
1752,517,1330,5,2024-07-07,2024-08-21,2024-08-21,2024-08-21,45,382.95,0.0,13.02,395.97,67.78,328.19,0,0,0,12,Benq Monitor Lite,Benq,137.18,124.34,2023-08-24,2024-06-19,C,Monitors,0.08,low,Évora,PT,student,flat_rate,flexible,A,good,0.0,102.89,771.87,156.51,7.5019,1,João López
1753,517,944,11,2024-09-23,2024-10-07,2024-10-07,2024-10-07,14,24.39,0.0,0.93,25.32,5.95,19.37,0,0,0,12,Benq Monitor Lite,Benq,137.18,124.34,2023-08-24,2024-06-19,C,Monitors,0.08,low,Sevilla,ES,student,pct_of_retail,flexible,A,excellent,16.65,102.89,771.87,156.51,7.5019,1,Pablo Martins
1754,517,288,1,2024-10-15,2024-11-29,2024-11-29,2024-11-29,45,286.65,0.0,7.17,293.82,50.74,243.08,0,0,0,12,Benq Monitor Lite,Benq,137.18,124.34,2023-08-24,2024-06-19,C,Monitors,0.08,low,Málaga,ES,student,flat_rate,7_day,A,good,0.0,102.89,771.87,156.51,7.5019,1,Isabel López
1755,517,1426,3,2024-12-10,2025-02-08,2025-02-08,2025-02-08,60,208.07,0.0,5.2,213.27,32.04,181.23,0,0,0,12,Benq Monitor Lite,Benq,137.18,124.34,2023-08-24,2024-06-19,C,Monitors,0.08,low,Alicante,ES,casual,flat_rate,30_day,A,excellent,0.0,102.89,771.87,156.51,7.5019,1,Rafael Costa
1756,518,724,1,2022-09-14,2022-10-14,2022-10-14,2022-10-14,30,191.1,0.0,4.78,195.88,32.87,163.01,0,0,0,12,AOC Monitor Ultra,AOC,177.54,134.02,2021-10-27,2022-08-23,B,Monitors,0.08,low,Aveiro,PT,student,flat_rate,7_day,A,excellent,0.0,79.89,1350.84,348.68,16.9087,1,Sara Ferreira
1757,518,1091,3,2022-10-26,2022-11-25,2022-11-25,2022-11-25,30,95.7,0.0,2.39,98.09,20.86,77.23,0,0,0,12,AOC Monitor Ultra,AOC,177.54,134.02,2021-10-27,2022-08-23,B,Monitors,0.08,low,Bilbao,ES,student,flat_rate,30_day,A,damaged,0.0,79.89,1350.84,348.68,16.9087,1,Beatriz Pereira
1758,518,1486,1,2022-12-05,2023-01-19,2023-01-19,2023-01-19,45,325.43,0.0,8.14,333.57,74.52,259.05,0,0,0,12,AOC Monitor Ultra,AOC,177.54,134.02,2021-10-27,2022-08-23,B,Monitors,0.08,low,Setúbal,PT,professional,flat_rate,7_day,A,good,0.0,79.89,1350.84,348.68,16.9087,1,Rosa López
1759,518,1393,3,2023-02-21,2023-04-07,2023-04-07,2023-04-07,45,143.55,0.0,3.59,147.14,35.03,112.11,0,0,0,12,AOC Monitor Ultra,AOC,177.54,134.02,2021-10-27,2022-08-23,B,Monitors,0.08,low,Leiria,PT,business,flat_rate,30_day,A,good,0.0,79.89,1350.84,348.68,16.9087,1,Maria Rodrigues
1760,518,1084,6,2023-04-13,2023-05-28,2023-06-03,2023-06-03,45,453.15,30.54,9.52,493.21,105.13,388.08,0,0,1,12,AOC Monitor Ultra,AOC,177.54,134.02,2021-10-27,2022-08-23,B,Monitors,0.08,low,Zaragoza,ES,casual,flat_rate,flexible,B,damaged,0.0,79.89,1350.84,348.68,16.9087,1,Pedro Fernández
1761,518,1374,6,2023-06-13,2023-07-13,2023-07-13,,30,302.1,0.0,6.34,308.44,52.87,255.57,1,0,0,12,AOC Monitor Ultra,AOC,177.54,134.02,2021-10-27,2022-08-23,B,Monitors,0.08,low,Lisboa,PT,student,flat_rate,flexible,B,,,79.89,1350.84,348.68,16.9087,1,Carmen Rodrigues
1762,518,141,5,2023-07-24,2023-08-07,2023-08-07,2023-08-07,14,119.14,0.0,4.05,123.19,27.4,95.79,0,0,0,12,AOC Monitor Ultra,AOC,177.54,134.02,2021-10-27,2022-08-23,B,Monitors,0.08,low,Braga,PT,business,flat_rate,flexible,A,excellent,0.0,79.89,1350.84,348.68,16.9087,1,Carlos González
1763,520,107,5,2024-06-20,2024-08-04,2024-08-04,2024-08-04,45,382.95,0.0,13.02,395.97,78.89,317.08,0,0,0,12,Dell Monitor Max,Dell,294.1,249.13,2023-07-28,2024-05-23,A,Monitors,0.08,low,Valencia,ES,business,flat_rate,flexible,A,excellent,0.0,220.58,507.35,128.06,2.3001,1,Beatriz Jesus
1764,520,1953,3,2024-08-28,2024-09-27,2024-09-27,2024-09-27,30,95.7,0.0,2.39,98.09,19.81,78.28,0,0,0,12,Dell Monitor Max,Dell,294.1,249.13,2023-07-28,2024-05-23,A,Monitors,0.08,low,Madrid,ES,professional,flat_rate,30_day,A,good,0.0,220.58,507.35,128.06,2.3001,1,Diego Sousa
1765,520,81,9,2024-10-04,2024-11-03,2024-11-03,2024-11-03,30,97.05,0.0,2.72,99.77,20.96,78.81,0,0,0,12,Dell Monitor Max,Dell,294.1,249.13,2023-07-28,2024-05-23,A,Monitors,0.08,low,Porto,PT,student,pct_of_retail,30_day,A,fair,0.0,220.58,507.35,128.06,2.3001,1,Ana Fernández
1766,520,1882,7,2024-12-09,2024-12-23,2024-12-23,,14,39.64,0.0,1.94,41.58,8.4,33.18,1,0,0,12,Dell Monitor Max,Dell,294.1,249.13,2023-07-28,2024-05-23,A,Monitors,0.08,low,Coimbra,PT,business,pct_of_retail,7_day,A,,,220.58,507.35,128.06,2.3001,1,Pedro Pereira
1767,521,370,9,2023-08-19,2023-10-03,2023-10-03,2023-10-03,45,339.34,0.0,9.5,348.84,51.58,297.26,0,0,0,12,Benq Monitor Ultra,Benq,685.53,561.08,2022-09-01,2023-06-28,A,Monitors,0.08,low,Funchal,PT,business,pct_of_retail,30_day,A,good,0.0,411.32,1688.71,409.13,4.1056,1,Rafael García
1768,521,1327,12,2023-10-09,2023-11-08,2023-11-08,2023-11-08,30,174.81,0.0,5.24,180.05,35.14,144.91,0,0,0,12,Benq Monitor Ultra,Benq,685.53,561.08,2022-09-01,2023-06-28,A,Monitors,0.08,low,Barcelona,ES,student,pct_of_retail,flexible,B,good,0.0,411.32,1688.71,409.13,4.1056,1,Marco González
1769,521,1506,9,2023-11-15,2023-12-15,2023-12-15,2023-12-15,30,248.88,0.0,6.97,255.85,55.5,200.35,0,0,0,12,Benq Monitor Ultra,Benq,685.53,561.08,2022-09-01,2023-06-28,A,Monitors,0.08,low,Coimbra,PT,casual,pct_of_retail,30_day,A,damaged,22.54,411.32,1688.71,409.13,4.1056,1,Beatriz González
1770,521,933,6,2023-12-26,2024-02-24,2024-02-24,2024-02-24,60,678.88,0.0,14.26,693.14,145.96,547.18,0,0,0,12,Benq Monitor Ultra,Benq,685.53,561.08,2022-09-01,2023-06-28,A,Monitors,0.08,low,Alicante,ES,business,flat_rate,flexible,B,excellent,0.0,411.32,1688.71,409.13,4.1056,1,Marta Rodrigues
1771,521,676,9,2024-03-01,2024-04-15,2024-04-15,2024-04-15,45,339.34,0.0,9.5,348.84,62.44,286.4,0,0,0,12,Benq Monitor Ultra,Benq,685.53,561.08,2022-09-01,2023-06-28,A,Monitors,0.08,low,Évora,PT,student,pct_of_retail,30_day,A,good,0.0,411.32,1688.71,409.13,4.1056,1,Pedro Ferreira
1772,521,1346,11,2024-04-26,2024-05-26,2024-05-26,2024-05-26,30,261.19,0.0,9.93,271.12,58.51,212.61,0,0,0,12,Benq Monitor Ultra,Benq,685.53,561.08,2022-09-01,2023-06-28,A,Monitors,0.08,low,Bilbao,ES,business,pct_of_retail,flexible,A,good,0.0,411.32,1688.71,409.13,4.1056,1,Catarina Sousa
1773,522,1229,12,2024-05-11,2024-06-10,2024-06-10,2024-06-10,30,66.36,0.0,1.99,68.35,13.87,54.48,0,0,0,12,Benq Monitor Ultra,Benq,260.23,235.45,2023-07-06,2024-05-01,A,Monitors,0.08,low,Porto,PT,professional,pct_of_retail,flexible,B,good,0.0,195.17,1037.96,263.49,5.3182,1,Filipa Santos
1774,522,569,3,2024-06-19,2024-08-03,2024-08-03,2024-08-03,45,143.55,0.0,3.59,147.14,26.7,120.44,0,0,0,12,Benq Monitor Ultra,Benq,260.23,235.45,2023-07-06,2024-05-01,A,Monitors,0.08,low,Sevilla,ES,business,flat_rate,30_day,A,good,0.0,195.17,1037.96,263.49,5.3182,1,Carmen Silva
1775,522,462,5,2024-08-15,2024-09-29,2024-09-29,,45,382.95,0.0,13.02,395.97,72.76,323.21,1,0,0,12,Benq Monitor Ultra,Benq,260.23,235.45,2023-07-06,2024-05-01,A,Monitors,0.08,low,Aveiro,PT,professional,flat_rate,flexible,A,,,195.17,1037.96,263.49,5.3182,1,Fernando González
1776,522,278,6,2024-10-08,2024-11-22,2024-11-22,2024-11-22,45,453.15,0.0,9.52,462.67,100.15,362.52,0,0,0,12,Benq Monitor Ultra,Benq,260.23,235.45,2023-07-06,2024-05-01,A,Monitors,0.08,low,Braga,PT,professional,flat_rate,flexible,B,good,0.0,195.17,1037.96,263.49,5.3182,1,Tiago Sánchez
1777,522,970,2,2024-12-05,2025-01-19,2025-01-19,2025-01-19,45,218.37,0.0,8.95,227.32,50.01,177.31,0,0,0,12,Benq Monitor Ultra,Benq,260.23,235.45,2023-07-06,2024-05-01,A,Monitors,0.08,low,Faro,PT,casual,flat_rate,7_day,B,good,0.0,195.17,1037.96,263.49,5.3182,1,Carmen González
1778,523,310,3,2021-12-14,2022-01-13,2022-01-13,2022-01-13,30,103.67,0.0,2.59,106.26,25.61,80.65,0,0,0,12,AOC Monitor Pro,AOC,185.74,102.56,2021-01-26,2021-11-22,B,Monitors,0.08,low,Sevilla,ES,professional,flat_rate,30_day,A,excellent,0.0,83.58,1599.08,351.49,19.1323,1,Isabel García
1779,523,1798,4,2022-01-18,2022-03-04,2022-03-04,2022-03-04,45,209.25,0.0,6.07,215.32,35.57,179.75,0,0,0,12,AOC Monitor Pro,AOC,185.74,102.56,2021-01-26,2021-11-22,B,Monitors,0.08,low,Funchal,PT,business,flat_rate,30_day,B,good,0.0,83.58,1599.08,351.49,19.1323,1,Diogo Costa
1780,523,1885,6,2022-03-10,2022-04-24,2022-04-24,2022-04-24,45,453.15,0.0,9.52,462.67,72.5,390.17,0,0,0,12,AOC Monitor Pro,AOC,185.74,102.56,2021-01-26,2021-11-22,B,Monitors,0.08,low,Málaga,ES,student,flat_rate,flexible,B,good,0.0,83.58,1599.08,351.49,19.1323,1,João Sousa
1781,523,556,1,2022-05-01,2022-06-30,2022-06-30,2022-06-30,60,382.2,0.0,9.56,391.76,61.92,329.84,0,0,0,12,AOC Monitor Pro,AOC,185.74,102.56,2021-01-26,2021-11-22,B,Monitors,0.08,low,Leiria,PT,professional,flat_rate,7_day,A,excellent,44.24,83.58,1599.08,351.49,19.1323,1,Elena Santos
1782,523,1979,6,2022-07-06,2022-08-20,2022-08-26,2022-08-26,45,453.15,30.54,9.52,493.21,99.24,393.97,0,0,1,12,AOC Monitor Pro,AOC,185.74,102.56,2021-01-26,2021-11-22,B,Monitors,0.08,low,Leiria,PT,business,flat_rate,flexible,B,fair,0.0,83.58,1599.08,351.49,19.1323,1,Fernando Silva
1783,523,1301,2,2022-09-06,2022-10-06,2022-10-06,2022-10-06,30,132.0,0.0,5.41,137.41,29.44,107.97,0,0,0,12,AOC Monitor Pro,AOC,185.74,102.56,2021-01-26,2021-11-22,B,Monitors,0.08,low,Leiria,PT,casual,flat_rate,7_day,B,good,0.0,83.58,1599.08,351.49,19.1323,1,Inês Martínez
1784,523,1778,6,2022-10-18,2022-11-01,2022-11-01,2022-11-01,14,140.98,0.0,2.96,143.94,27.21,116.73,0,0,0,12,AOC Monitor Pro,AOC,185.74,102.56,2021-01-26,2021-11-22,B,Monitors,0.08,low,Alicante,ES,business,flat_rate,flexible,B,good,0.0,83.58,1599.08,351.49,19.1323,1,Carmen Rodrigues
1785,524,517,6,2022-01-17,2022-02-16,2022-02-19,2022-02-19,30,302.1,15.27,6.34,323.71,61.63,262.08,0,0,1,12,AOC Monitor Pro,AOC,132.74,72.99,2021-03-09,2022-01-03,B,Monitors,0.08,low,Madrid,ES,student,flat_rate,flexible,B,good,0.0,59.73,771.07,172.94,12.9093,1,André Martins
1786,524,1866,2,2022-03-04,2022-05-03,2022-05-03,2022-05-03,60,264.0,0.0,10.82,274.82,41.98,232.84,0,0,0,12,AOC Monitor Pro,AOC,132.74,72.99,2021-03-09,2022-01-03,B,Monitors,0.08,low,Évora,PT,business,flat_rate,7_day,B,damaged,0.0,59.73,771.07,172.94,12.9093,1,Rafael Oliveira
1787,524,941,6,2022-05-09,2022-05-23,2022-05-23,2022-05-23,14,140.98,0.0,2.96,143.94,24.25,119.69,0,0,0,12,AOC Monitor Pro,AOC,132.74,72.99,2021-03-09,2022-01-03,B,Monitors,0.08,low,Funchal,PT,casual,flat_rate,flexible,B,fair,0.0,59.73,771.07,172.94,12.9093,1,André Silva
1788,524,341,2,2022-05-28,2022-06-11,2022-06-11,2022-06-11,14,61.6,0.0,2.53,64.13,12.87,51.26,0,0,0,12,AOC Monitor Pro,AOC,132.74,72.99,2021-03-09,2022-01-03,B,Monitors,0.08,low,Évora,PT,business,flat_rate,7_day,B,good,0.0,59.73,771.07,172.94,12.9093,1,Luísa Costa
1789,524,728,2,2022-06-17,2022-07-17,2022-07-17,2022-07-17,30,132.0,0.0,5.41,137.41,32.21,105.2,0,0,0,12,AOC Monitor Pro,AOC,132.74,72.99,2021-03-09,2022-01-03,B,Monitors,0.08,low,Faro,PT,casual,flat_rate,7_day,B,good,0.0,59.73,771.07,172.94,12.9093,1,Lucia Martínez
1790,525,450,5,2022-12-16,2023-01-30,2023-01-30,2023-01-30,45,438.65,0.0,14.91,453.56,86.85,366.71,0,0,0,12,LG Monitor Max,LG,828.97,639.53,2022-01-29,2022-11-25,B,Monitors,0.08,low,Lisboa,PT,casual,flat_rate,flexible,A,good,0.0,414.49,1560.29,338.61,3.7644,1,Marta García
1791,525,777,7,2023-02-08,2023-03-25,2023-03-25,2023-03-25,45,335.73,0.0,16.45,352.18,52.04,300.14,0,0,0,12,LG Monitor Max,LG,828.97,639.53,2022-01-29,2022-11-25,B,Monitors,0.08,low,Sevilla,ES,student,pct_of_retail,7_day,A,good,0.0,414.49,1560.29,338.61,3.7644,1,João López
1792,525,519,10,2023-04-02,2023-05-17,2023-05-17,2023-05-17,45,369.31,0.0,9.6,378.91,90.48,288.43,0,0,0,12,LG Monitor Max,LG,828.97,639.53,2022-01-29,2022-11-25,B,Monitors,0.08,low,Faro,PT,casual,pct_of_retail,30_day,B,excellent,0.0,414.49,1560.29,338.61,3.7644,1,Isabel López
1793,525,255,2,2023-05-24,2023-06-23,2023-06-25,2023-06-25,30,132.0,14.4,5.41,151.81,20.06,131.75,0,0,1,12,LG Monitor Max,LG,828.97,639.53,2022-01-29,2022-11-25,B,Monitors,0.08,low,Aveiro,PT,business,flat_rate,7_day,B,good,0.0,414.49,1560.29,338.61,3.7644,1,Diogo Silva
1794,525,725,9,2023-07-24,2023-09-22,2023-09-22,2023-09-22,60,547.12,0.0,15.32,562.44,89.18,473.26,0,0,0,12,LG Monitor Max,LG,828.97,639.53,2022-01-29,2022-11-25,B,Monitors,0.08,low,Aveiro,PT,casual,pct_of_retail,30_day,A,good,0.0,414.49,1560.29,338.61,3.7644,1,Lucia Martins
1795,526,830,11,2024-11-01,2024-12-16,2024-12-16,,45,271.46,0.0,10.32,281.78,46.15,235.63,1,1,0,12,LG Monitor Max,LG,447.9,410.96,2023-12-13,2024-10-08,A,Monitors,0.08,low,Leiria,PT,student,pct_of_retail,flexible,A,,,335.92,355.89,69.08,1.0594,1,Rui González
1796,526,1755,7,2024-12-28,2025-01-27,2025-01-27,2025-01-27,30,136.5,0.0,6.69,143.19,22.93,120.26,0,0,0,12,LG Monitor Max,LG,447.9,410.96,2023-12-13,2024-10-08,A,Monitors,0.08,low,Évora,PT,casual,pct_of_retail,7_day,A,good,0.0,335.92,355.89,69.08,1.0594,1,Marta Sousa
1797,527,14,4,2024-06-28,2024-07-12,2024-07-12,2024-07-12,14,65.1,0.0,1.89,66.99,13.61,53.38,0,0,0,12,AOC Monitor,AOC,120.54,108.43,2023-08-23,2024-06-18,A,Monitors,0.08,low,Lisboa,PT,casual,flat_rate,30_day,B,good,0.0,90.41,539.0,127.06,5.9617,1,Filipa Fernández
1798,527,628,2,2024-07-25,2024-08-24,2024-08-24,2024-08-24,30,132.0,0.0,5.41,137.41,23.1,114.31,0,0,0,12,AOC Monitor,AOC,120.54,108.43,2023-08-23,2024-06-18,A,Monitors,0.08,low,Málaga,ES,professional,flat_rate,7_day,B,good,0.0,90.41,539.0,127.06,5.9617,1,Isabel García
1799,527,234,10,2024-09-02,2024-09-16,2024-09-16,2024-09-16,14,16.71,0.0,0.43,17.14,2.62,14.52,0,0,0,12,AOC Monitor,AOC,120.54,108.43,2023-08-23,2024-06-18,A,Monitors,0.08,low,Lisboa,PT,professional,pct_of_retail,30_day,B,good,0.0,90.41,539.0,127.06,5.9617,1,Rui Martins
1800,527,1284,3,2024-09-22,2024-10-22,2024-10-22,2024-10-22,30,95.7,0.0,2.39,98.09,19.71,78.38,0,0,0,12,AOC Monitor,AOC,120.54,108.43,2023-08-23,2024-06-18,A,Monitors,0.08,low,Lisboa,PT,professional,flat_rate,30_day,A,damaged,0.0,90.41,539.0,127.06,5.9617,1,Diego González
1801,527,1700,6,2024-11-19,2024-12-19,2024-12-23,2024-12-23,30,319.36,20.36,6.71,346.43,68.02,278.41,0,0,1,12,AOC Monitor,AOC,120.54,108.43,2023-08-23,2024-06-18,A,Monitors,0.08,low,Barcelona,ES,casual,flat_rate,flexible,B,good,0.0,90.41,539.0,127.06,5.9617,1,Luísa Oliveira
1802,529,1733,5,2023-08-19,2023-10-18,2023-10-18,2023-10-18,60,510.6,0.0,17.36,527.96,125.1,402.86,0,0,0,12,LG Monitor Lite,LG,132.61,106.25,2022-10-19,2023-08-15,C,Monitors,0.08,low,Funchal,PT,professional,flat_rate,flexible,A,good,0.0,79.57,1004.94,267.23,12.6296,1,Tiago Silva
1803,529,1620,1,2023-11-26,2023-12-10,2023-12-10,2023-12-10,14,101.44,0.0,2.54,103.98,23.33,80.65,0,0,0,12,LG Monitor Lite,LG,132.61,106.25,2022-10-19,2023-08-15,C,Monitors,0.08,low,Leiria,PT,professional,flat_rate,7_day,A,fair,0.0,79.57,1004.94,267.23,12.6296,1,Pablo Silva
1804,529,950,1,2023-12-19,2024-01-18,2024-01-18,2024-01-18,30,216.44,0.0,5.41,221.85,39.82,182.03,0,0,0,12,LG Monitor Lite,LG,132.61,106.25,2022-10-19,2023-08-15,C,Monitors,0.08,low,Valencia,ES,casual,flat_rate,7_day,A,excellent,0.0,79.57,1004.94,267.23,12.6296,1,Carlos Sousa
1805,529,9,12,2024-01-24,2024-03-24,2024-03-24,2024-03-24,60,67.63,0.0,2.03,69.66,12.31,57.35,0,0,0,12,LG Monitor Lite,LG,132.61,106.25,2022-10-19,2023-08-15,C,Monitors,0.08,low,Valencia,ES,casual,pct_of_retail,flexible,B,good,0.0,79.57,1004.94,267.23,12.6296,1,Beatriz Sánchez
1806,529,240,8,2024-04-04,2024-05-04,2024-05-04,2024-05-04,30,38.99,0.0,1.29,40.28,8.97,31.31,0,0,0,12,LG Monitor Lite,LG,132.61,106.25,2022-10-19,2023-08-15,C,Monitors,0.08,low,Sevilla,ES,professional,pct_of_retail,7_day,B,good,0.0,79.57,1004.94,267.23,12.6296,1,Miguel Fernández
1807,529,1243,6,2024-05-13,2024-06-12,2024-06-12,2024-06-12,30,302.1,0.0,6.34,308.44,57.7,250.74,0,0,0,12,LG Monitor Lite,LG,132.61,106.25,2022-10-19,2023-08-15,C,Monitors,0.08,low,Lisboa,PT,casual,flat_rate,flexible,B,good,0.0,79.57,1004.94,267.23,12.6296,1,Ana Sousa
1808,531,1271,1,2024-11-02,2024-12-02,2024-12-02,2024-12-02,30,201.67,0.0,5.04,206.71,46.59,160.12,0,0,0,12,LG Monitor SE,LG,171.91,156.1,2023-12-24,2024-10-19,B,Monitors,0.08,low,Aveiro,PT,student,flat_rate,7_day,A,good,0.0,128.93,589.09,135.33,4.5691,1,Elena Fernández
1809,531,985,6,2024-12-07,2025-01-21,2025-01-21,2025-01-21,45,507.06,0.0,10.65,517.71,88.74,428.97,0,0,0,12,LG Monitor SE,LG,171.91,156.1,2023-12-24,2024-10-19,B,Monitors,0.08,low,Coimbra,PT,business,flat_rate,flexible,B,excellent,0.0,128.93,589.09,135.33,4.5691,1,Nuno Martins
1810,533,156,12,2024-05-12,2024-06-26,2024-06-26,2024-06-26,45,137.59,0.0,4.13,141.72,24.35,117.37,0,0,0,12,LG Monitor,LG,359.72,327.36,2023-07-09,2024-05-04,A,Monitors,0.08,low,Barcelona,ES,professional,pct_of_retail,flexible,B,good,0.0,269.79,640.58,165.77,2.3744,1,João Sousa
1811,533,1117,5,2024-07-03,2024-08-02,2024-08-08,2024-08-08,30,255.3,22.5,8.68,286.48,57.19,229.29,0,0,1,12,LG Monitor,LG,359.72,327.36,2023-07-09,2024-05-04,A,Monitors,0.08,low,Alicante,ES,business,flat_rate,flexible,A,damaged,0.0,269.79,640.58,165.77,2.3744,1,Elena Jesus
1812,533,1797,8,2024-09-16,2024-10-31,2024-10-31,2024-10-31,45,158.64,0.0,5.24,163.88,37.28,126.6,0,0,0,12,LG Monitor,LG,359.72,327.36,2023-07-09,2024-05-04,A,Monitors,0.08,low,Zaragoza,ES,business,pct_of_retail,7_day,B,excellent,0.0,269.79,640.58,165.77,2.3744,1,Rafael Silva
1813,533,1886,9,2024-11-08,2024-12-23,2024-12-25,2024-12-25,45,204.13,4.42,5.72,214.27,46.95,167.32,0,0,1,12,LG Monitor,LG,359.72,327.36,2023-07-09,2024-05-04,A,Monitors,0.08,low,Évora,PT,casual,pct_of_retail,30_day,A,good,0.0,269.79,640.58,165.77,2.3744,1,Rafael Costa
1814,534,1660,12,2024-12-10,2025-02-08,2025-02-08,2025-02-08,60,467.41,0.0,14.02,481.43,94.88,386.55,0,0,0,12,Benq Monitor Ultra,Benq,858.17,771.35,2024-02-07,2024-12-03,B,Monitors,0.08,low,Coimbra,PT,professional,pct_of_retail,flexible,B,good,0.0,643.63,386.55,94.88,0.6006,0,André Oliveira
1815,535,1022,10,2024-06-08,2024-06-22,2024-06-22,2024-06-22,14,44.57,0.0,1.16,45.73,10.88,34.85,0,0,0,12,Benq Monitor Ultra,Benq,321.56,285.86,2023-07-30,2024-05-25,B,Monitors,0.08,low,Porto,PT,professional,pct_of_retail,30_day,B,good,41.89,241.17,582.08,149.67,2.4136,1,Diego García
1816,535,1958,5,2024-07-05,2024-09-03,2024-09-03,2024-09-03,60,510.6,0.0,17.36,527.96,111.82,416.14,0,0,0,12,Benq Monitor Ultra,Benq,321.56,285.86,2023-07-30,2024-05-25,B,Monitors,0.08,low,Funchal,PT,professional,flat_rate,flexible,A,good,0.0,241.17,582.08,149.67,2.4136,1,Ana Silva
1817,535,1972,7,2024-09-14,2024-10-14,2024-10-14,2024-10-14,30,86.82,0.0,4.25,91.07,14.15,76.92,0,0,0,12,Benq Monitor Ultra,Benq,321.56,285.86,2023-07-30,2024-05-25,B,Monitors,0.08,low,Bilbao,ES,business,pct_of_retail,7_day,A,excellent,0.0,241.17,582.08,149.67,2.4136,1,Tiago González
1818,535,1125,4,2024-10-27,2024-11-10,2024-11-10,2024-11-10,14,65.1,0.0,1.89,66.99,12.82,54.17,0,0,0,12,Benq Monitor Ultra,Benq,321.56,285.86,2023-07-30,2024-05-25,B,Monitors,0.08,low,Málaga,ES,professional,flat_rate,30_day,B,excellent,12.07,241.17,582.08,149.67,2.4136,1,Diego Costa
1819,536,1211,11,2024-10-25,2024-11-24,2024-11-24,2024-11-24,30,97.17,0.0,3.69,100.86,20.31,80.55,0,0,0,12,AOC Monitor Ultra,AOC,255.04,237.83,2023-10-12,2024-08-07,A,Monitors,0.08,low,Setúbal,PT,business,pct_of_retail,flexible,A,fair,0.0,191.28,272.98,59.46,1.4271,1,Filipa García
1820,536,1182,2,2024-12-08,2025-01-22,2025-01-22,2025-01-22,45,222.46,0.0,9.12,231.58,39.15,192.43,0,0,0,12,AOC Monitor Ultra,AOC,255.04,237.83,2023-10-12,2024-08-07,A,Monitors,0.08,low,Porto,PT,professional,flat_rate,7_day,B,fair,0.0,191.28,272.98,59.46,1.4271,1,Lucia Oliveira
1821,537,1373,6,2024-07-17,2024-08-31,2024-08-31,2024-08-31,45,453.15,0.0,9.52,462.67,92.44,370.23,0,0,0,12,Dell Monitor Max,Dell,409.25,376.35,2023-08-11,2024-06-06,A,Monitors,0.08,low,Alicante,ES,professional,flat_rate,flexible,B,excellent,0.0,306.94,738.78,175.42,2.4069,1,Filipa López
1822,537,1000,7,2024-09-12,2024-10-12,2024-10-12,2024-10-12,30,110.5,0.0,5.41,115.91,17.9,98.01,0,0,0,12,Dell Monitor Max,Dell,409.25,376.35,2023-08-11,2024-06-06,A,Monitors,0.08,low,Évora,PT,business,pct_of_retail,7_day,A,good,0.0,306.94,738.78,175.42,2.4069,1,Carlos Sánchez
1823,537,1467,7,2024-10-21,2024-11-04,2024-11-04,2024-11-04,14,51.57,0.0,2.53,54.1,8.72,45.38,0,0,0,12,Dell Monitor Max,Dell,409.25,376.35,2023-08-11,2024-06-06,A,Monitors,0.08,low,Porto,PT,professional,pct_of_retail,7_day,A,fair,0.0,306.94,738.78,175.42,2.4069,1,Rui Costa
1824,537,1663,5,2024-11-18,2024-12-18,2024-12-18,2024-12-18,30,272.26,0.0,9.26,281.52,56.36,225.16,0,0,0,12,Dell Monitor Max,Dell,409.25,376.35,2023-08-11,2024-06-06,A,Monitors,0.08,low,Funchal,PT,professional,flat_rate,flexible,A,good,0.0,306.94,738.78,175.42,2.4069,1,Fernando Santos
1825,538,1973,4,2022-05-23,2022-07-22,2022-07-22,2022-07-22,60,279.0,0.0,8.09,287.09,49.1,237.99,0,0,0,12,Dell Monitor X,Dell,307.64,222.17,2021-07-01,2022-04-27,B,Monitors,0.08,low,Madrid,ES,professional,flat_rate,30_day,B,good,0.0,138.44,467.81,106.83,3.3792,1,Pedro González
1826,538,1716,2,2022-08-14,2022-09-13,2022-09-13,2022-09-13,30,132.0,0.0,5.41,137.41,31.55,105.86,0,0,0,12,Dell Monitor X,Dell,307.64,222.17,2021-07-01,2022-04-27,B,Monitors,0.08,low,Sevilla,ES,casual,flat_rate,7_day,B,good,0.0,138.44,467.81,106.83,3.3792,1,Marta Rodrigues
1827,538,1199,3,2022-09-21,2022-10-05,2022-10-05,2022-10-05,14,44.66,0.0,1.12,45.78,6.79,38.99,0,0,0,12,Dell Monitor X,Dell,307.64,222.17,2021-07-01,2022-04-27,B,Monitors,0.08,low,Lisboa,PT,professional,flat_rate,30_day,A,good,0.0,138.44,467.81,106.83,3.3792,1,Lucia Sánchez
1828,538,349,9,2022-10-10,2022-11-09,2022-11-09,2022-11-09,30,101.52,0.0,2.84,104.36,19.39,84.97,0,0,0,12,Dell Monitor X,Dell,307.64,222.17,2021-07-01,2022-04-27,B,Monitors,0.08,low,Valencia,ES,business,pct_of_retail,30_day,A,good,0.0,138.44,467.81,106.83,3.3792,1,Fernando Sousa
1829,539,297,10,2023-05-01,2023-06-15,2023-06-15,2023-06-15,45,195.26,0.0,5.08,200.34,38.27,162.07,0,0,0,12,Dell Monitor SE,Dell,438.29,344.46,2022-06-22,2023-04-18,A,Monitors,0.08,low,Madrid,ES,casual,pct_of_retail,30_day,B,excellent,0.0,219.15,630.8,153.34,2.8784,1,Carlos López
1830,539,751,10,2023-06-23,2023-08-07,2023-08-07,2023-08-07,45,195.26,0.0,5.08,200.34,33.58,166.76,0,0,0,12,Dell Monitor SE,Dell,438.29,344.46,2022-06-22,2023-04-18,A,Monitors,0.08,low,Leiria,PT,business,pct_of_retail,30_day,B,fair,0.0,219.15,630.8,153.34,2.8784,1,Isabel Pereira
1831,539,581,8,2023-08-21,2023-09-20,2023-09-20,2023-09-20,30,128.86,0.0,4.25,133.11,25.26,107.85,0,0,0,12,Dell Monitor SE,Dell,438.29,344.46,2022-06-22,2023-04-18,A,Monitors,0.08,low,Funchal,PT,professional,pct_of_retail,7_day,B,fair,0.0,219.15,630.8,153.34,2.8784,1,Diego Ferreira
1832,539,792,3,2023-09-30,2023-10-30,2023-10-30,2023-10-30,30,95.7,0.0,2.39,98.09,23.73,74.36,0,0,0,12,Dell Monitor SE,Dell,438.29,344.46,2022-06-22,2023-04-18,A,Monitors,0.08,low,Braga,PT,professional,flat_rate,30_day,A,fair,0.0,219.15,630.8,153.34,2.8784,1,Marco Fernández
1833,539,1426,10,2023-11-10,2023-12-10,2023-12-10,2023-12-10,30,148.4,0.0,3.86,152.26,32.5,119.76,0,0,0,12,Dell Monitor SE,Dell,438.29,344.46,2022-06-22,2023-04-18,A,Monitors,0.08,low,Alicante,ES,casual,pct_of_retail,30_day,B,excellent,48.18,219.15,630.8,153.34,2.8784,1,Rafael Costa
1834,540,89,12,2022-09-16,2022-10-31,2022-10-31,2022-10-31,45,205.91,0.0,6.18,212.09,50.24,161.85,0,0,0,12,Benq Monitor Plus,Benq,538.33,428.7,2021-11-11,2022-09-07,C,Monitors,0.08,low,Faro,PT,professional,pct_of_retail,flexible,B,good,20.2,242.25,929.0,256.37,3.8349,1,Tiago Martins
1835,540,1108,12,2022-11-12,2023-01-11,2023-01-11,2023-01-11,60,301.97,0.0,9.06,311.03,75.19,235.84,0,0,0,12,Benq Monitor Plus,Benq,538.33,428.7,2021-11-11,2022-09-07,C,Monitors,0.08,low,Porto,PT,business,pct_of_retail,flexible,B,excellent,30.53,242.25,929.0,256.37,3.8349,1,João González
1836,540,726,3,2023-01-21,2023-02-20,2023-02-27,2023-02-27,30,95.7,48.93,2.39,147.02,21.92,125.1,0,0,1,12,Benq Monitor Plus,Benq,538.33,428.7,2021-11-11,2022-09-07,C,Monitors,0.08,low,Lisboa,PT,business,flat_rate,30_day,A,good,0.0,242.25,929.0,256.37,3.8349,1,Rui Jesus
1837,540,153,1,2023-04-03,2023-05-03,2023-05-03,2023-05-03,30,191.1,0.0,4.78,195.88,39.18,156.7,0,0,0,12,Benq Monitor Plus,Benq,538.33,428.7,2021-11-11,2022-09-07,C,Monitors,0.08,low,Setúbal,PT,student,flat_rate,7_day,A,excellent,0.0,242.25,929.0,256.37,3.8349,1,Carmen Pereira
1838,540,221,11,2023-05-15,2023-06-29,2023-06-29,2023-06-29,45,307.66,0.0,11.69,319.35,69.84,249.51,0,0,0,12,Benq Monitor Plus,Benq,538.33,428.7,2021-11-11,2022-09-07,C,Monitors,0.08,low,Évora,PT,business,pct_of_retail,flexible,A,good,0.0,242.25,929.0,256.37,3.8349,1,Miguel Fernández
1839,541,186,1,2024-11-02,2024-12-02,2024-12-02,2024-12-02,30,205.22,0.0,5.13,210.35,38.17,172.18,0,0,0,12,LG Monitor,LG,643.35,605.14,2023-11-30,2024-09-25,A,Monitors,0.08,low,Alicante,ES,business,flat_rate,7_day,A,damaged,0.0,482.51,172.18,56.83,0.3568,0,Beatriz Rodrigues
1840,541,1782,11,2024-12-15,2024-12-29,2024-12-29,,14,120.38,0.0,4.57,124.95,18.66,106.29,1,1,0,12,LG Monitor,LG,643.35,605.14,2023-11-30,2024-09-25,A,Monitors,0.08,low,Setúbal,PT,business,pct_of_retail,flexible,A,,,482.51,172.18,56.83,0.3568,0,Lucia Martins
1841,542,1733,8,2024-04-23,2024-05-23,2024-05-23,2024-05-23,30,106.14,0.0,3.5,109.64,21.23,88.41,0,0,0,12,AOC Monitor Pro,AOC,361.03,312.27,2023-06-05,2024-03-31,A,Monitors,0.08,low,Funchal,PT,professional,pct_of_retail,7_day,B,good,0.0,252.72,682.19,157.99,2.6994,1,Tiago Silva
1842,542,683,8,2024-06-20,2024-08-19,2024-08-19,2024-08-19,60,212.29,0.0,7.01,219.3,34.82,184.48,0,0,0,12,AOC Monitor Pro,AOC,361.03,312.27,2023-06-05,2024-03-31,A,Monitors,0.08,low,Faro,PT,student,pct_of_retail,7_day,B,good,0.0,252.72,682.19,157.99,2.6994,1,Carmen Sánchez
1843,542,1934,11,2024-08-26,2024-10-10,2024-10-10,2024-10-10,45,206.33,0.0,7.84,214.17,42.3,171.87,0,0,0,12,AOC Monitor Pro,AOC,361.03,312.27,2023-06-05,2024-03-31,A,Monitors,0.08,low,Sevilla,ES,business,pct_of_retail,flexible,A,fair,0.0,252.72,682.19,157.99,2.6994,1,Tiago Rodrigues
1844,542,1410,2,2024-11-13,2025-01-12,2025-01-12,2025-01-12,60,285.37,0.0,11.7,297.07,59.64,237.43,0,0,0,12,AOC Monitor Pro,AOC,361.03,312.27,2023-06-05,2024-03-31,A,Monitors,0.08,low,Barcelona,ES,business,flat_rate,7_day,B,excellent,1.53,252.72,682.19,157.99,2.6994,1,Pablo Martínez
1845,543,880,11,2023-04-06,2023-05-06,2023-05-06,2023-05-06,30,71.38,0.0,2.71,74.09,16.56,57.53,0,0,0,12,Benq Monitor SE,Benq,187.35,133.99,2022-04-14,2023-02-08,B,Monitors,0.08,low,Évora,PT,professional,pct_of_retail,flexible,A,fair,0.0,93.67,626.38,135.32,6.6871,1,Tiago Santos
1846,543,1208,8,2023-05-16,2023-06-15,2023-06-17,2023-06-17,30,55.08,5.18,1.82,62.08,11.79,50.29,0,0,1,12,Benq Monitor SE,Benq,187.35,133.99,2022-04-14,2023-02-08,B,Monitors,0.08,low,Leiria,PT,professional,pct_of_retail,7_day,B,fair,0.0,93.67,626.38,135.32,6.6871,1,Marta Martínez
1847,543,1536,6,2023-06-23,2023-08-07,2023-08-12,2023-08-12,45,453.15,25.45,9.52,488.12,78.85,409.27,0,0,1,12,Benq Monitor SE,Benq,187.35,133.99,2022-04-14,2023-02-08,B,Monitors,0.08,low,Funchal,PT,business,flat_rate,flexible,B,good,0.0,93.67,626.38,135.32,6.6871,1,João García
1848,543,1576,2,2023-08-22,2023-09-21,2023-09-21,2023-09-21,30,132.0,0.0,5.41,137.41,28.12,109.29,0,0,0,12,Benq Monitor SE,Benq,187.35,133.99,2022-04-14,2023-02-08,B,Monitors,0.08,low,Madrid,ES,professional,flat_rate,7_day,B,excellent,0.0,93.67,626.38,135.32,6.6871,1,Marco Pereira
1849,544,1108,9,2022-01-31,2022-02-14,2022-02-14,2022-02-14,14,133.94,0.0,3.75,137.69,28.66,109.03,0,0,0,12,AOC Monitor X,AOC,869.74,628.61,2021-02-26,2021-12-23,A,Monitors,0.08,low,Porto,PT,business,pct_of_retail,30_day,A,fair,0.0,391.38,573.8,190.45,1.4661,1,João González
1850,544,1615,12,2022-02-24,2022-03-10,2022-03-10,2022-03-10,14,103.5,0.0,3.1,106.6,20.6,86.0,0,0,0,12,AOC Monitor X,AOC,869.74,628.61,2021-02-26,2021-12-23,A,Monitors,0.08,low,Málaga,ES,professional,pct_of_retail,flexible,B,fair,0.0,391.38,573.8,190.45,1.4661,1,Lucia García
1851,544,863,3,2022-03-24,2022-04-23,2022-04-23,2022-04-23,30,95.7,0.0,2.39,98.09,18.09,80.0,0,0,0,12,AOC Monitor X,AOC,869.74,628.61,2021-02-26,2021-12-23,A,Monitors,0.08,low,Sevilla,ES,professional,flat_rate,30_day,A,excellent,0.0,391.38,573.8,190.45,1.4661,1,Rui González
1852,544,1948,8,2022-05-06,2022-05-20,2022-05-20,2022-05-20,14,119.33,0.0,3.94,123.27,26.25,97.02,0,0,0,12,AOC Monitor X,AOC,869.74,628.61,2021-02-26,2021-12-23,A,Monitors,0.08,low,Aveiro,PT,professional,pct_of_retail,7_day,B,good,0.0,391.38,573.8,190.45,1.4661,1,Luísa González
1853,544,1838,8,2022-06-01,2022-07-01,2022-07-01,2022-07-01,30,255.7,0.0,8.44,264.14,62.39,201.75,0,0,0,12,AOC Monitor X,AOC,869.74,628.61,2021-02-26,2021-12-23,A,Monitors,0.08,low,Zaragoza,ES,professional,pct_of_retail,7_day,B,fair,0.0,391.38,573.8,190.45,1.4661,1,Miguel Sousa
1854,544,1704,4,2022-07-12,2022-08-11,2022-08-11,,30,139.5,0.0,4.05,143.55,34.46,109.09,1,1,0,12,AOC Monitor X,AOC,869.74,628.61,2021-02-26,2021-12-23,A,Monitors,0.08,low,Bilbao,ES,student,flat_rate,30_day,B,,,391.38,573.8,190.45,1.4661,1,Nuno Jesus
1855,546,19,12,2023-01-13,2023-02-12,2023-02-12,2023-02-12,30,57.01,0.0,1.71,58.72,9.52,49.2,0,0,0,13,TP-Link Networking SE,TP-Link,223.55,153.06,2022-02-20,2022-12-17,B,Networking,0.09,medium,Leiria,PT,professional,pct_of_retail,flexible,B,fair,0.0,89.42,118.75,27.59,1.328,1,Isabel González
1856,546,969,11,2023-03-08,2023-03-15,2023-03-15,2023-03-15,7,19.87,0.0,0.76,20.63,4.53,16.1,0,0,0,13,TP-Link Networking SE,TP-Link,223.55,153.06,2022-02-20,2022-12-17,B,Networking,0.09,medium,Madrid,ES,business,pct_of_retail,flexible,A,good,0.0,89.42,118.75,27.59,1.328,1,Rui Costa
1857,546,1428,4,2023-04-17,2023-05-01,2023-05-01,2023-05-01,14,65.1,0.0,1.89,66.99,13.54,53.45,0,0,0,13,TP-Link Networking SE,TP-Link,223.55,153.06,2022-02-20,2022-12-17,B,Networking,0.09,medium,Funchal,PT,professional,flat_rate,30_day,B,good,0.0,89.42,118.75,27.59,1.328,1,Diogo Martins
1858,547,974,6,2024-12-24,2024-12-31,2024-12-31,,7,77.94,0.0,1.64,79.58,13.95,65.63,1,0,0,13,Cisco Networking,Cisco,66.69,63.13,2024-02-26,2024-12-22,B,Networking,0.09,medium,Faro,PT,business,flat_rate,flexible,B,,,46.68,65.63,13.95,1.406,1,André González
1859,549,1980,11,2024-02-03,2024-02-17,2024-02-17,2024-02-17,14,27.19,0.0,1.03,28.22,4.76,23.46,0,0,0,13,Netgear Networking Ultra,Netgear,152.93,139.09,2023-03-17,2024-01-11,B,Networking,0.09,medium,Faro,PT,professional,pct_of_retail,flexible,A,fair,0.0,91.76,23.46,4.76,0.2557,0,Pablo Pereira
1860,550,1816,2,2023-02-13,2023-03-30,2023-03-30,2023-03-30,45,198.0,0.0,8.12,206.12,37.03,169.09,0,0,0,13,Cisco Networking,Cisco,47.29,35.24,2022-03-14,2023-01-08,C,Networking,0.09,medium,Leiria,PT,business,flat_rate,7_day,B,fair,0.0,18.92,260.51,50.85,13.769,1,Rosa Sousa
1861,550,441,7,2023-04-08,2023-04-22,2023-04-22,2023-04-22,14,5.96,0.0,0.29,6.25,0.9,5.35,0,0,0,13,Cisco Networking,Cisco,47.29,35.24,2022-03-14,2023-01-08,C,Networking,0.09,medium,Coimbra,PT,professional,pct_of_retail,7_day,A,damaged,0.0,18.92,260.51,50.85,13.769,1,Tiago Sánchez
1862,550,1790,9,2023-05-19,2023-06-18,2023-06-18,2023-06-18,30,15.61,0.0,0.44,16.05,3.04,13.01,0,0,0,13,Cisco Networking,Cisco,47.29,35.24,2022-03-14,2023-01-08,C,Networking,0.09,medium,Alicante,ES,student,pct_of_retail,30_day,A,fair,27.69,18.92,260.51,50.85,13.769,1,Marta González
1863,550,1028,4,2023-07-01,2023-07-08,2023-07-15,,7,32.55,36.05,0.94,69.54,6.9,62.64,1,1,1,13,Cisco Networking,Cisco,47.29,35.24,2022-03-14,2023-01-08,C,Networking,0.09,medium,Faro,PT,business,flat_rate,30_day,B,,,18.92,260.51,50.85,13.769,1,Nuno Martínez
1864,550,1773,7,2023-08-21,2023-09-20,2023-09-20,2023-09-20,30,12.77,0.0,0.63,13.4,2.98,10.42,0,0,0,13,Cisco Networking,Cisco,47.29,35.24,2022-03-14,2023-01-08,C,Networking,0.09,medium,Lisboa,PT,professional,pct_of_retail,7_day,A,excellent,0.0,18.92,260.51,50.85,13.769,1,Luísa Ferreira
1865,551,108,3,2024-11-30,2024-12-14,2024-12-14,,14,46.96,0.0,1.17,48.13,11.18,36.95,1,0,0,13,Asus Networking Pro,Asus,169.7,156.19,2024-02-03,2024-11-29,A,Networking,0.09,medium,Funchal,PT,student,flat_rate,30_day,A,,,118.79,36.95,11.18,0.3111,0,Luísa Sánchez
1866,552,10,6,2023-08-28,2023-10-12,2023-10-16,2023-10-16,45,453.15,20.36,9.52,483.03,99.69,383.34,0,0,1,13,Netgear Networking Pro,Netgear,38.67,30.27,2022-10-23,2023-08-19,A,Networking,0.09,medium,Leiria,PT,business,flat_rate,flexible,B,excellent,0.0,19.34,1269.56,330.54,65.6443,1,Filipa Martins
1867,552,1265,3,2023-10-30,2023-11-29,2023-11-29,2023-11-29,30,95.7,0.0,2.39,98.09,23.35,74.74,0,0,0,13,Netgear Networking Pro,Netgear,38.67,30.27,2022-10-23,2023-08-19,A,Networking,0.09,medium,Coimbra,PT,student,flat_rate,30_day,A,excellent,0.0,19.34,1269.56,330.54,65.6443,1,João Sánchez
1868,552,569,6,2023-12-06,2024-01-20,2024-01-20,2024-01-20,45,479.38,0.0,10.07,489.45,105.94,383.51,0,0,0,13,Netgear Networking Pro,Netgear,38.67,30.27,2022-10-23,2023-08-19,A,Networking,0.09,medium,Sevilla,ES,business,flat_rate,flexible,B,fair,0.0,19.34,1269.56,330.54,65.6443,1,Carmen Silva
1869,552,1297,7,2024-01-28,2024-02-04,2024-02-05,2024-02-05,7,2.44,2.39,0.12,4.95,0.44,4.51,0,0,1,13,Netgear Networking Pro,Netgear,38.67,30.27,2022-10-23,2023-08-19,A,Networking,0.09,medium,Valencia,ES,student,pct_of_retail,7_day,A,fair,0.0,19.34,1269.56,330.54,65.6443,1,Beatriz Costa
1870,552,87,5,2024-03-14,2024-04-13,2024-04-13,2024-04-13,30,255.3,0.0,8.68,263.98,58.72,205.26,0,0,0,13,Netgear Networking Pro,Netgear,38.67,30.27,2022-10-23,2023-08-19,A,Networking,0.09,medium,Leiria,PT,casual,flat_rate,flexible,A,damaged,0.0,19.34,1269.56,330.54,65.6443,1,Elena Jesus
1871,552,284,2,2024-04-21,2024-05-21,2024-05-21,2024-05-21,30,132.0,0.0,5.41,137.41,20.72,116.69,0,0,0,13,Netgear Networking Pro,Netgear,38.67,30.27,2022-10-23,2023-08-19,A,Networking,0.09,medium,Porto,PT,student,flat_rate,7_day,B,excellent,0.0,19.34,1269.56,330.54,65.6443,1,Elena Martins
1872,552,1200,5,2024-06-03,2024-06-17,2024-06-17,2024-06-17,14,119.14,0.0,4.05,123.19,21.68,101.51,0,0,0,13,Netgear Networking Pro,Netgear,38.67,30.27,2022-10-23,2023-08-19,A,Networking,0.09,medium,Setúbal,PT,student,flat_rate,flexible,A,good,0.0,19.34,1269.56,330.54,65.6443,1,Inês Jesus
1873,553,843,9,2023-07-14,2023-08-13,2023-08-13,2023-08-13,30,102.3,0.0,2.86,105.16,24.96,80.2,0,0,0,13,TP-Link Networking Lite,TP-Link,309.99,243.34,2022-09-09,2023-07-06,B,Networking,0.09,medium,Braga,PT,business,pct_of_retail,30_day,A,excellent,0.0,155.0,467.59,118.95,3.0167,1,Beatriz Martínez
1874,553,1363,8,2023-08-24,2023-09-23,2023-09-23,2023-09-23,30,91.14,0.0,3.01,94.15,21.42,72.73,0,0,0,13,TP-Link Networking Lite,TP-Link,309.99,243.34,2022-09-09,2023-07-06,B,Networking,0.09,medium,Setúbal,PT,casual,pct_of_retail,7_day,B,excellent,0.0,155.0,467.59,118.95,3.0167,1,Carlos García
1875,553,1296,5,2023-10-07,2023-10-21,2023-10-21,2023-10-21,14,119.14,0.0,4.05,123.19,22.99,100.2,0,0,0,13,TP-Link Networking Lite,TP-Link,309.99,243.34,2022-09-09,2023-07-06,B,Networking,0.09,medium,Valencia,ES,student,flat_rate,flexible,A,excellent,33.22,155.0,467.59,118.95,3.0167,1,Ricardo Jesus
1876,553,947,2,2023-10-27,2023-11-26,2023-11-26,2023-11-26,30,132.0,0.0,5.41,137.41,30.23,107.18,0,0,0,13,TP-Link Networking Lite,TP-Link,309.99,243.34,2022-09-09,2023-07-06,B,Networking,0.09,medium,Évora,PT,business,flat_rate,7_day,B,good,0.0,155.0,467.59,118.95,3.0167,1,Diego Sousa
1877,553,1624,4,2023-12-09,2023-12-23,2023-12-23,2023-12-23,14,73.96,0.0,2.14,76.1,12.28,63.82,0,0,0,13,TP-Link Networking Lite,TP-Link,309.99,243.34,2022-09-09,2023-07-06,B,Networking,0.09,medium,Setúbal,PT,business,flat_rate,30_day,B,good,0.0,155.0,467.59,118.95,3.0167,1,Pedro Santos
1878,553,818,7,2024-01-05,2024-01-19,2024-01-23,2024-01-23,14,39.06,9.56,1.91,50.53,7.07,43.46,0,0,1,13,TP-Link Networking Lite,TP-Link,309.99,243.34,2022-09-09,2023-07-06,B,Networking,0.09,medium,Lisboa,PT,professional,pct_of_retail,7_day,A,excellent,0.0,155.0,467.59,118.95,3.0167,1,Carmen Pereira
1879,554,244,3,2023-09-24,2023-10-01,2023-10-01,2023-10-01,7,22.33,0.0,0.56,22.89,3.89,19.0,0,0,0,13,Netgear Networking X,Netgear,92.0,72.31,2022-10-20,2023-08-16,A,Networking,0.09,medium,Zaragoza,ES,casual,flat_rate,30_day,A,excellent,0.0,46.0,468.47,101.05,10.1841,1,Carlos González
1880,554,1853,3,2023-10-06,2023-10-13,2023-10-13,2023-10-13,7,22.33,0.0,0.56,22.89,4.38,18.51,0,0,0,13,Netgear Networking X,Netgear,92.0,72.31,2022-10-20,2023-08-16,A,Networking,0.09,medium,Faro,PT,casual,flat_rate,30_day,A,fair,0.0,46.0,468.47,101.05,10.1841,1,Carlos García
1881,554,4,2,2023-10-22,2023-11-05,2023-11-05,2023-11-05,14,61.6,0.0,2.53,64.13,12.38,51.75,0,0,0,13,Netgear Networking X,Netgear,92.0,72.31,2022-10-20,2023-08-16,A,Networking,0.09,medium,Faro,PT,business,flat_rate,7_day,B,good,0.0,46.0,468.47,101.05,10.1841,1,Pedro Sánchez
1882,554,4,3,2023-11-10,2023-12-10,2023-12-10,2023-12-10,30,100.5,0.0,2.51,103.01,22.91,80.1,0,0,0,13,Netgear Networking X,Netgear,92.0,72.31,2022-10-20,2023-08-16,A,Networking,0.09,medium,Faro,PT,business,flat_rate,30_day,A,excellent,0.0,46.0,468.47,101.05,10.1841,1,Pedro Sánchez
1883,554,80,4,2023-12-16,2024-01-15,2024-01-15,2024-01-15,30,150.69,0.0,4.37,155.06,25.47,129.59,0,0,0,13,Netgear Networking X,Netgear,92.0,72.31,2022-10-20,2023-08-16,A,Networking,0.09,medium,Málaga,ES,business,flat_rate,30_day,B,excellent,6.85,46.0,468.47,101.05,10.1841,1,Diego Costa
1884,554,690,2,2024-01-21,2024-02-20,2024-02-20,2024-02-20,30,132.0,0.0,5.41,137.41,21.12,116.29,0,0,0,13,Netgear Networking X,Netgear,92.0,72.31,2022-10-20,2023-08-16,A,Networking,0.09,medium,Évora,PT,professional,flat_rate,7_day,B,good,0.0,46.0,468.47,101.05,10.1841,1,Rafael Ferreira
1885,554,1087,2,2024-03-10,2024-03-24,2024-03-24,2024-03-24,14,61.6,0.0,2.53,64.13,10.9,53.23,0,0,0,13,Netgear Networking X,Netgear,92.0,72.31,2022-10-20,2023-08-16,A,Networking,0.09,medium,Málaga,ES,professional,flat_rate,7_day,B,excellent,0.0,46.0,468.47,101.05,10.1841,1,Maria Pereira
1886,556,1618,3,2023-10-19,2023-11-18,2023-11-18,2023-11-18,30,95.7,0.0,2.39,98.09,23.45,74.64,0,0,0,13,Netgear Networking X,Netgear,147.77,117.33,2022-11-15,2023-09-11,A,Networking,0.09,medium,Zaragoza,ES,business,flat_rate,30_day,A,excellent,0.0,73.89,967.05,250.04,13.0877,1,Rui Sánchez
1887,556,1055,5,2023-11-24,2024-01-08,2024-01-08,2024-01-08,45,408.25,0.0,13.88,422.13,89.82,332.31,0,0,0,13,Netgear Networking X,Netgear,147.77,117.33,2022-11-15,2023-09-11,A,Networking,0.09,medium,Bilbao,ES,student,flat_rate,flexible,A,excellent,0.0,73.89,967.05,250.04,13.0877,1,Lucia Martins
1888,556,1116,5,2024-01-14,2024-02-13,2024-02-13,2024-02-13,30,255.3,0.0,8.68,263.98,57.95,206.03,0,0,0,13,Netgear Networking X,Netgear,147.77,117.33,2022-11-15,2023-09-11,A,Networking,0.09,medium,Braga,PT,professional,flat_rate,flexible,A,good,0.0,73.89,967.05,250.04,13.0877,1,Elena López
1889,556,617,3,2024-02-18,2024-04-03,2024-04-03,2024-04-03,45,143.55,0.0,3.59,147.14,27.85,119.29,0,0,0,13,Netgear Networking X,Netgear,147.77,117.33,2022-11-15,2023-09-11,A,Networking,0.09,medium,Alicante,ES,business,flat_rate,30_day,A,good,0.0,73.89,967.05,250.04,13.0877,1,Diogo Jesus
1890,556,31,5,2024-04-15,2024-05-15,2024-05-15,2024-05-15,30,255.3,0.0,8.68,263.98,49.53,214.45,0,0,0,13,Netgear Networking X,Netgear,147.77,117.33,2022-11-15,2023-09-11,A,Networking,0.09,medium,Madrid,ES,business,flat_rate,flexible,A,fair,0.0,73.89,967.05,250.04,13.0877,1,Isabel Ferreira
1891,556,1027,12,2024-05-23,2024-05-30,2024-06-03,2024-06-03,7,8.79,12.72,0.26,21.77,1.44,20.33,0,0,1,13,Netgear Networking X,Netgear,147.77,117.33,2022-11-15,2023-09-11,A,Networking,0.09,medium,Funchal,PT,professional,pct_of_retail,flexible,B,good,0.0,73.89,967.05,250.04,13.0877,1,Pedro Ferreira
1892,557,1704,11,2024-01-12,2024-02-26,2024-02-26,2024-02-26,45,94.25,0.0,3.58,97.83,18.47,79.36,0,0,0,13,Netgear Networking Lite,Netgear,164.91,136.63,2023-03-03,2023-12-28,B,Networking,0.09,medium,Bilbao,ES,student,pct_of_retail,flexible,A,fair,0.0,98.95,494.45,113.72,4.997,1,Nuno Jesus
1893,557,292,9,2024-03-05,2024-03-12,2024-03-12,2024-03-12,7,12.7,0.0,0.36,13.06,2.4,10.66,0,0,0,13,Netgear Networking Lite,Netgear,164.91,136.63,2023-03-03,2023-12-28,B,Networking,0.09,medium,Porto,PT,professional,pct_of_retail,30_day,A,excellent,24.62,98.95,494.45,113.72,4.997,1,Rosa Santos
1894,557,438,3,2024-03-21,2024-04-20,2024-04-20,2024-04-20,30,95.7,0.0,2.39,98.09,20.29,77.8,0,0,0,13,Netgear Networking Lite,Netgear,164.91,136.63,2023-03-03,2023-12-28,B,Networking,0.09,medium,Aveiro,PT,student,flat_rate,30_day,A,good,0.0,98.95,494.45,113.72,4.997,1,Diego Sánchez
1895,557,765,3,2024-05-01,2024-05-15,2024-05-17,2024-05-17,14,44.66,13.98,1.12,59.76,8.53,51.23,0,0,1,13,Netgear Networking Lite,Netgear,164.91,136.63,2023-03-03,2023-12-28,B,Networking,0.09,medium,Málaga,ES,casual,flat_rate,30_day,A,excellent,0.0,98.95,494.45,113.72,4.997,1,Pedro Martins
1896,557,1260,4,2024-05-24,2024-06-23,2024-06-23,2024-06-23,30,139.5,0.0,4.05,143.55,22.18,121.37,0,0,0,13,Netgear Networking Lite,Netgear,164.91,136.63,2023-03-03,2023-12-28,B,Networking,0.09,medium,Porto,PT,casual,flat_rate,30_day,B,excellent,45.97,98.95,494.45,113.72,4.997,1,Beatriz Rodrigues
1897,557,770,1,2024-07-30,2024-08-29,2024-08-29,2024-08-29,30,191.1,0.0,4.78,195.88,41.85,154.03,0,0,0,13,Netgear Networking Lite,Netgear,164.91,136.63,2023-03-03,2023-12-28,B,Networking,0.09,medium,Zaragoza,ES,casual,flat_rate,7_day,A,excellent,0.0,98.95,494.45,113.72,4.997,1,Rui Rodrigues
1898,559,854,2,2024-09-21,2024-10-05,2024-10-05,2024-10-05,14,61.6,0.0,2.53,64.13,12.69,51.44,0,0,0,13,Netgear Networking Max,Netgear,149.7,136.49,2023-11-17,2024-09-12,C,Networking,0.09,medium,Alicante,ES,professional,flat_rate,7_day,B,fair,0.0,104.79,335.25,63.9,3.1993,1,Tiago López
1899,559,920,6,2024-10-15,2024-11-14,2024-11-14,2024-11-14,30,302.1,0.0,6.34,308.44,49.24,259.2,0,0,0,13,Netgear Networking Max,Netgear,149.7,136.49,2023-11-17,2024-09-12,C,Networking,0.09,medium,Aveiro,PT,student,flat_rate,flexible,B,good,0.0,104.79,335.25,63.9,3.1993,1,Marta Santos
1900,559,28,9,2024-11-27,2024-12-04,2024-12-10,2024-12-10,7,12.96,13.26,0.36,26.58,1.97,24.61,0,0,1,13,Netgear Networking Max,Netgear,149.7,136.49,2023-11-17,2024-09-12,C,Networking,0.09,medium,Sevilla,ES,student,pct_of_retail,30_day,A,damaged,0.0,104.79,335.25,63.9,3.1993,1,Marta Pereira
1901,560,232,8,2024-02-20,2024-02-27,2024-02-27,2024-02-27,7,20.27,0.0,0.67,20.94,4.64,16.3,0,0,0,13,Asus Networking Max,Asus,295.46,246.01,2023-04-09,2024-02-03,C,Networking,0.09,medium,Aveiro,PT,business,pct_of_retail,7_day,B,good,23.2,177.28,399.17,103.72,2.2516,1,Carmen Jesus
1902,560,201,11,2024-04-01,2024-05-16,2024-05-16,2024-05-16,45,168.86,0.0,6.42,175.28,41.88,133.4,0,0,0,13,Asus Networking Max,Asus,295.46,246.01,2023-04-09,2024-02-03,C,Networking,0.09,medium,Aveiro,PT,business,pct_of_retail,flexible,A,good,0.0,177.28,399.17,103.72,2.2516,1,Catarina Oliveira
1903,560,663,8,2024-05-23,2024-06-22,2024-06-22,2024-06-22,30,86.87,0.0,2.87,89.74,16.77,72.97,0,0,0,13,Asus Networking Max,Asus,295.46,246.01,2023-04-09,2024-02-03,C,Networking,0.09,medium,Málaga,ES,professional,pct_of_retail,7_day,B,fair,0.0,177.28,399.17,103.72,2.2516,1,Diego Ferreira
1904,560,489,1,2024-06-27,2024-07-11,2024-07-11,2024-07-11,14,89.18,0.0,2.23,91.41,16.5,74.91,0,0,0,13,Asus Networking Max,Asus,295.46,246.01,2023-04-09,2024-02-03,C,Networking,0.09,medium,Funchal,PT,student,flat_rate,7_day,A,fair,0.0,177.28,399.17,103.72,2.2516,1,Miguel Rodrigues
1905,560,1099,7,2024-07-25,2024-09-08,2024-09-08,2024-09-08,45,119.66,0.0,5.86,125.52,23.93,101.59,0,0,0,13,Asus Networking Max,Asus,295.46,246.01,2023-04-09,2024-02-03,C,Networking,0.09,medium,Braga,PT,business,pct_of_retail,7_day,A,good,0.0,177.28,399.17,103.72,2.2516,1,Ricardo Rodrigues
1906,561,499,3,2022-11-13,2022-11-20,2022-11-20,2022-11-20,7,23.84,0.0,0.6,24.44,4.7,19.74,0,0,0,13,Netgear Networking Lite,Netgear,119.31,84.16,2022-01-04,2022-10-31,A,Networking,0.09,medium,Zaragoza,ES,business,flat_rate,30_day,A,fair,0.0,47.72,394.32,91.84,8.2632,1,Pablo González
1907,561,85,12,2022-11-27,2022-12-11,2022-12-11,2022-12-11,14,15.89,0.0,0.48,16.37,2.42,13.95,0,0,0,13,Netgear Networking Lite,Netgear,119.31,84.16,2022-01-04,2022-10-31,A,Networking,0.09,medium,Faro,PT,casual,pct_of_retail,flexible,B,fair,0.0,47.72,394.32,91.84,8.2632,1,Catarina Oliveira
1908,561,59,4,2022-12-24,2023-01-07,2023-01-07,2023-01-07,14,72.94,0.0,2.12,75.06,17.72,57.34,0,0,0,13,Netgear Networking Lite,Netgear,119.31,84.16,2022-01-04,2022-10-31,A,Networking,0.09,medium,Barcelona,ES,professional,flat_rate,30_day,B,excellent,0.0,47.72,394.32,91.84,8.2632,1,Isabel Pereira
1909,561,679,2,2023-01-14,2023-01-28,2023-01-28,2023-01-28,14,61.6,0.0,2.53,64.13,9.79,54.34,0,0,0,13,Netgear Networking Lite,Netgear,119.31,84.16,2022-01-04,2022-10-31,A,Networking,0.09,medium,Setúbal,PT,business,flat_rate,7_day,B,fair,0.0,47.72,394.32,91.84,8.2632,1,Marco Rodrigues
1910,561,582,6,2023-02-07,2023-02-21,2023-02-21,2023-02-21,14,140.98,0.0,2.96,143.94,24.11,119.83,0,0,0,13,Netgear Networking Lite,Netgear,119.31,84.16,2022-01-04,2022-10-31,A,Networking,0.09,medium,Aveiro,PT,professional,flat_rate,flexible,B,good,0.0,47.72,394.32,91.84,8.2632,1,Miguel Pereira
1911,561,396,3,2023-03-01,2023-03-31,2023-03-31,2023-03-31,30,95.7,0.0,2.39,98.09,19.24,78.85,0,0,0,13,Netgear Networking Lite,Netgear,119.31,84.16,2022-01-04,2022-10-31,A,Networking,0.09,medium,Alicante,ES,professional,flat_rate,30_day,A,excellent,0.0,47.72,394.32,91.84,8.2632,1,Diego González
1912,561,756,2,2023-04-05,2023-04-19,2023-04-19,2023-04-19,14,61.6,0.0,2.53,64.13,13.86,50.27,0,0,0,13,Netgear Networking Lite,Netgear,119.31,84.16,2022-01-04,2022-10-31,A,Networking,0.09,medium,Málaga,ES,professional,flat_rate,7_day,B,good,0.0,47.72,394.32,91.84,8.2632,1,Miguel Rodrigues
1913,563,352,4,2024-06-12,2024-06-26,2024-06-26,2024-06-26,14,65.1,0.0,1.89,66.99,10.68,56.31,0,0,0,13,TP-Link Networking Max,TP-Link,29.04,26.7,2023-08-06,2024-06-01,A,Networking,0.09,medium,Barcelona,ES,professional,flat_rate,30_day,B,damaged,0.0,20.33,750.87,168.45,36.9341,1,Elena Oliveira
1914,563,1989,3,2024-07-08,2024-07-22,2024-07-22,,14,44.66,0.0,1.12,45.78,10.85,34.93,1,1,0,13,TP-Link Networking Max,TP-Link,29.04,26.7,2023-08-06,2024-06-01,A,Networking,0.09,medium,Madrid,ES,casual,flat_rate,30_day,A,,,20.33,750.87,168.45,36.9341,1,Sara Costa
1915,563,1188,2,2024-08-01,2024-08-15,2024-08-15,2024-08-15,14,61.6,0.0,2.53,64.13,12.81,51.32,0,0,0,13,TP-Link Networking Max,TP-Link,29.04,26.7,2023-08-06,2024-06-01,A,Networking,0.09,medium,Aveiro,PT,business,flat_rate,7_day,B,good,0.0,20.33,750.87,168.45,36.9341,1,André Ferreira
1916,563,664,5,2024-08-29,2024-10-13,2024-10-13,2024-10-13,45,382.95,0.0,13.02,395.97,61.65,334.32,0,0,0,13,TP-Link Networking Max,TP-Link,29.04,26.7,2023-08-06,2024-06-01,A,Networking,0.09,medium,Málaga,ES,student,flat_rate,flexible,A,fair,0.0,20.33,750.87,168.45,36.9341,1,Isabel González
1917,563,215,5,2024-10-27,2024-11-10,2024-11-10,2024-11-10,14,119.14,0.0,4.05,123.19,24.54,98.65,0,0,0,13,TP-Link Networking Max,TP-Link,29.04,26.7,2023-08-06,2024-06-01,A,Networking,0.09,medium,Bilbao,ES,student,flat_rate,flexible,A,fair,0.0,20.33,750.87,168.45,36.9341,1,Tiago Costa
1918,563,1267,1,2024-11-23,2024-12-23,2024-12-23,2024-12-23,30,217.81,0.0,5.45,223.26,47.92,175.34,0,0,0,13,TP-Link Networking Max,TP-Link,29.04,26.7,2023-08-06,2024-06-01,A,Networking,0.09,medium,Madrid,ES,business,flat_rate,7_day,A,excellent,0.0,20.33,750.87,168.45,36.9341,1,Diego González
1919,564,1133,10,2024-02-12,2024-03-13,2024-03-13,2024-03-13,30,36.2,0.0,0.94,37.14,8.91,28.23,0,0,0,13,Netgear Networking SE,Netgear,121.9,110.35,2023-04-04,2024-01-29,B,Networking,0.09,medium,Faro,PT,business,pct_of_retail,30_day,B,excellent,0.0,73.14,239.11,67.31,3.2692,1,André Rodrigues
1920,564,446,4,2024-03-24,2024-04-23,2024-04-23,2024-04-23,30,139.5,0.0,4.05,143.55,34.6,108.95,0,0,0,13,Netgear Networking SE,Netgear,121.9,110.35,2023-04-04,2024-01-29,B,Networking,0.09,medium,Madrid,ES,business,flat_rate,30_day,B,excellent,0.0,73.14,239.11,67.31,3.2692,1,Maria Sousa
1921,564,847,5,2024-04-30,2024-05-07,2024-05-07,2024-05-07,7,59.57,0.0,2.03,61.6,13.76,47.84,0,0,0,13,Netgear Networking SE,Netgear,121.9,110.35,2023-04-04,2024-01-29,B,Networking,0.09,medium,Braga,PT,student,flat_rate,flexible,A,good,0.0,73.14,239.11,67.31,3.2692,1,Fernando Sánchez
1922,564,384,2,2024-05-21,2024-06-04,2024-06-04,2024-06-04,14,61.6,0.0,2.53,64.13,10.04,54.09,0,0,0,13,Netgear Networking SE,Netgear,121.9,110.35,2023-04-04,2024-01-29,B,Networking,0.09,medium,Lisboa,PT,business,flat_rate,7_day,B,good,0.0,73.14,239.11,67.31,3.2692,1,João López
1923,565,1486,6,2024-09-30,2024-11-14,2024-11-14,2024-11-14,45,453.15,0.0,9.52,462.67,111.47,351.2,0,0,0,13,Cisco Networking Pro,Cisco,179.57,163.9,2023-12-03,2024-09-28,A,Networking,0.09,medium,Setúbal,PT,professional,flat_rate,flexible,B,fair,0.0,125.7,510.54,154.32,4.0616,1,Rosa López
1924,565,509,2,2024-11-23,2024-12-23,2024-12-23,2024-12-23,30,147.96,0.0,6.07,154.03,32.7,121.33,0,0,0,13,Cisco Networking Pro,Cisco,179.57,163.9,2023-12-03,2024-09-28,A,Networking,0.09,medium,Lisboa,PT,professional,flat_rate,7_day,B,good,0.0,125.7,510.54,154.32,4.0616,1,Marta Martínez
1925,565,1610,3,2024-12-30,2025-01-13,2025-01-13,2025-01-13,14,46.99,0.0,1.17,48.16,10.15,38.01,0,0,0,13,Cisco Networking Pro,Cisco,179.57,163.9,2023-12-03,2024-09-28,A,Networking,0.09,medium,Sevilla,ES,professional,flat_rate,30_day,A,excellent,0.0,125.7,510.54,154.32,4.0616,1,Carlos González
1926,567,1882,7,2023-12-13,2023-12-27,2023-12-27,2023-12-27,14,23.06,0.0,1.13,24.19,5.37,18.82,0,0,0,13,Asus Networking Ultra,Asus,172.88,157.76,2023-02-13,2023-12-10,B,Networking,0.09,medium,Coimbra,PT,business,pct_of_retail,7_day,A,good,0.0,103.73,597.35,128.97,5.7587,1,Pedro Pereira
1927,567,564,3,2024-01-30,2024-02-29,2024-02-29,2024-02-29,30,95.7,0.0,2.39,98.09,21.72,76.37,0,0,0,13,Asus Networking Ultra,Asus,172.88,157.76,2023-02-13,2023-12-10,B,Networking,0.09,medium,Valencia,ES,professional,flat_rate,30_day,A,good,0.0,103.73,597.35,128.97,5.7587,1,Carmen Martins
1928,567,1182,6,2024-03-05,2024-03-19,2024-03-19,2024-03-19,14,140.98,0.0,2.96,143.94,30.87,113.07,0,0,0,13,Asus Networking Ultra,Asus,172.88,157.76,2023-02-13,2023-12-10,B,Networking,0.09,medium,Porto,PT,professional,flat_rate,flexible,B,good,0.0,103.73,597.35,128.97,5.7587,1,Lucia Oliveira
1929,567,544,5,2024-03-28,2024-05-12,2024-05-12,2024-05-12,45,382.95,0.0,13.02,395.97,57.83,338.14,0,0,0,13,Asus Networking Ultra,Asus,172.88,157.76,2023-02-13,2023-12-10,B,Networking,0.09,medium,Madrid,ES,professional,flat_rate,flexible,A,excellent,0.0,103.73,597.35,128.97,5.7587,1,Fernando García
1930,567,1921,2,2024-05-22,2024-06-05,2024-06-05,2024-06-05,14,61.6,0.0,2.53,64.13,13.18,50.95,0,0,0,13,Asus Networking Ultra,Asus,172.88,157.76,2023-02-13,2023-12-10,B,Networking,0.09,medium,Málaga,ES,professional,flat_rate,7_day,B,damaged,0.0,103.73,597.35,128.97,5.7587,1,Rui Sánchez
1931,568,184,4,2024-12-13,2024-12-20,2024-12-20,2024-12-20,7,36.11,0.0,1.05,37.16,7.04,30.12,0,0,0,13,Asus Networking Plus,Asus,26.96,24.73,2024-02-12,2024-12-08,A,Networking,0.09,medium,Alicante,ES,casual,flat_rate,30_day,B,excellent,0.0,18.87,30.12,7.04,1.5962,1,João Jesus
1932,569,136,6,2023-05-06,2023-06-05,2023-06-05,2023-06-05,30,302.1,0.0,6.34,308.44,59.21,249.23,0,0,0,13,Asus Networking Plus,Asus,160.24,122.53,2022-06-12,2023-04-08,C,Networking,0.09,medium,Sevilla,ES,student,flat_rate,flexible,B,excellent,0.0,64.1,516.19,123.27,8.0529,1,Luísa Santos
1933,569,1069,4,2023-06-11,2023-06-18,2023-06-18,2023-06-18,7,32.55,0.0,0.94,33.49,7.03,26.46,0,0,0,13,Asus Networking Plus,Asus,160.24,122.53,2022-06-12,2023-04-08,C,Networking,0.09,medium,Porto,PT,student,flat_rate,30_day,B,excellent,0.0,64.1,516.19,123.27,8.0529,1,Ricardo González
1934,569,1502,1,2023-07-26,2023-08-09,2023-08-09,2023-08-09,14,89.18,0.0,2.23,91.41,15.25,76.16,0,0,0,13,Asus Networking Plus,Asus,160.24,122.53,2022-06-12,2023-04-08,C,Networking,0.09,medium,Braga,PT,professional,flat_rate,7_day,A,excellent,0.0,64.1,516.19,123.27,8.0529,1,Ana Ferreira
1935,569,829,2,2023-08-20,2023-10-04,2023-10-04,2023-10-04,45,198.0,0.0,8.12,206.12,41.78,164.34,0,0,0,13,Asus Networking Plus,Asus,160.24,122.53,2022-06-12,2023-04-08,C,Networking,0.09,medium,Braga,PT,business,flat_rate,7_day,B,good,0.0,64.1,516.19,123.27,8.0529,1,Pablo Rodrigues
1936,571,545,4,2024-11-21,2024-12-05,2024-12-05,2024-12-05,14,70.1,0.0,2.03,72.13,11.01,61.12,0,0,0,13,Asus Networking Lite,Asus,179.21,167.17,2024-01-18,2024-11-13,A,Networking,0.09,medium,Évora,PT,business,flat_rate,30_day,B,good,0.0,125.45,61.12,11.01,0.4872,0,Marco García
1937,572,1353,9,2024-11-24,2024-12-01,2024-12-01,2024-12-01,7,19.39,0.0,0.54,19.93,3.32,16.61,0,0,0,13,TP-Link Networking Max,TP-Link,237.35,209.8,2024-01-01,2024-10-27,A,Networking,0.09,medium,Bilbao,ES,business,pct_of_retail,30_day,A,good,0.0,166.14,42.19,10.47,0.2539,0,João Martins
1938,572,478,12,2024-12-14,2024-12-28,2024-12-28,2024-12-28,14,31.78,0.0,0.95,32.73,7.15,25.58,0,0,0,13,TP-Link Networking Max,TP-Link,237.35,209.8,2024-01-01,2024-10-27,A,Networking,0.09,medium,Sevilla,ES,business,pct_of_retail,flexible,B,fair,0.0,166.14,42.19,10.47,0.2539,0,Pedro Jesus
1939,573,439,1,2024-03-05,2024-03-12,2024-03-12,2024-03-12,7,44.59,0.0,1.11,45.7,8.03,37.67,0,0,0,13,Netgear Networking Ultra,Netgear,35.29,32.07,2023-04-17,2024-02-11,C,Networking,0.09,medium,Sevilla,ES,professional,flat_rate,7_day,A,excellent,0.0,21.17,898.02,224.19,42.4195,1,Lucia López
1940,573,1144,5,2024-03-17,2024-04-16,2024-04-16,2024-04-16,30,255.3,0.0,8.68,263.98,53.87,210.11,0,0,0,13,Netgear Networking Ultra,Netgear,35.29,32.07,2023-04-17,2024-02-11,C,Networking,0.09,medium,Barcelona,ES,business,flat_rate,flexible,A,good,0.0,21.17,898.02,224.19,42.4195,1,João Silva
1941,573,1505,6,2024-04-25,2024-06-09,2024-06-09,2024-06-09,45,453.15,0.0,9.52,462.67,96.97,365.7,0,0,0,13,Netgear Networking Ultra,Netgear,35.29,32.07,2023-04-17,2024-02-11,C,Networking,0.09,medium,Aveiro,PT,professional,flat_rate,flexible,B,fair,0.0,21.17,898.02,224.19,42.4195,1,Fernando López
1942,573,1567,2,2024-07-08,2024-07-22,2024-07-26,2024-07-26,14,61.6,28.8,2.53,92.93,13.06,79.87,0,0,1,13,Netgear Networking Ultra,Netgear,35.29,32.07,2023-04-17,2024-02-11,C,Networking,0.09,medium,Valencia,ES,casual,flat_rate,7_day,B,fair,0.0,21.17,898.02,224.19,42.4195,1,Carlos Costa
1943,573,975,4,2024-08-07,2024-08-21,2024-08-22,2024-08-22,14,65.1,5.15,1.89,72.14,12.89,59.25,0,0,1,13,Netgear Networking Ultra,Netgear,35.29,32.07,2023-04-17,2024-02-11,C,Networking,0.09,medium,Madrid,ES,business,flat_rate,30_day,B,fair,0.0,21.17,898.02,224.19,42.4195,1,Diogo Martínez
1944,573,1009,5,2024-09-04,2024-09-18,2024-09-18,2024-09-18,14,119.14,0.0,4.05,123.19,28.83,94.36,0,0,0,13,Netgear Networking Ultra,Netgear,35.29,32.07,2023-04-17,2024-02-11,C,Networking,0.09,medium,Zaragoza,ES,professional,flat_rate,flexible,A,excellent,0.0,21.17,898.02,224.19,42.4195,1,Pedro Santos
1945,573,79,5,2024-09-27,2024-10-04,2024-10-04,2024-10-04,7,59.57,0.0,2.03,61.6,10.54,51.06,0,0,0,13,Netgear Networking Ultra,Netgear,35.29,32.07,2023-04-17,2024-02-11,C,Networking,0.09,medium,Aveiro,PT,student,flat_rate,flexible,A,excellent,20.57,21.17,898.02,224.19,42.4195,1,Inês Sousa
1946,574,167,1,2024-11-20,2024-12-20,2024-12-20,2024-12-20,30,216.46,0.0,5.41,221.87,38.96,182.91,0,0,0,13,Asus Networking Plus,Asus,30.87,28.91,2024-01-11,2024-11-06,A,Networking,0.09,medium,Lisboa,PT,business,flat_rate,7_day,A,damaged,0.0,21.61,182.91,38.96,8.4641,1,Diogo Sánchez
1947,575,1987,1,2023-06-30,2023-07-30,2023-07-30,2023-07-30,30,191.1,0.0,4.78,195.88,44.72,151.16,0,0,0,13,TP-Link Networking Pro,TP-Link,68.07,52.98,2022-08-20,2023-06-16,C,Networking,0.09,medium,Porto,PT,business,flat_rate,7_day,A,good,0.0,34.03,567.37,159.62,16.6726,1,Marta Costa
1948,575,1293,5,2023-08-07,2023-09-06,2023-09-06,2023-09-06,30,255.3,0.0,8.68,263.98,63.82,200.16,0,0,0,13,TP-Link Networking Pro,TP-Link,68.07,52.98,2022-08-20,2023-06-16,C,Networking,0.09,medium,Valencia,ES,business,flat_rate,flexible,A,good,0.0,34.03,567.37,159.62,16.6726,1,Isabel Pereira
1949,575,12,6,2023-09-13,2023-09-20,2023-09-20,2023-09-20,7,70.49,0.0,1.48,71.97,17.27,54.7,0,0,0,13,TP-Link Networking Pro,TP-Link,68.07,52.98,2022-08-20,2023-06-16,C,Networking,0.09,medium,Bilbao,ES,professional,flat_rate,flexible,B,excellent,0.0,34.03,567.37,159.62,16.6726,1,Diego Sánchez
1950,575,325,6,2023-09-30,2023-10-07,2023-10-07,2023-10-07,7,70.49,0.0,1.48,71.97,14.87,57.1,0,0,0,13,TP-Link Networking Pro,TP-Link,68.07,52.98,2022-08-20,2023-06-16,C,Networking,0.09,medium,Málaga,ES,business,flat_rate,flexible,B,good,0.0,34.03,567.37,159.62,16.6726,1,Carlos García
1951,575,345,5,2023-10-13,2023-10-27,2023-10-27,2023-10-27,14,119.14,0.0,4.05,123.19,18.94,104.25,0,0,0,13,TP-Link Networking Pro,TP-Link,68.07,52.98,2022-08-20,2023-06-16,C,Networking,0.09,medium,Aveiro,PT,professional,flat_rate,flexible,A,excellent,0.0,34.03,567.37,159.62,16.6726,1,Lucia González
1952,576,303,10,2024-10-30,2024-11-13,2024-11-13,2024-11-13,14,28.93,0.0,0.75,29.68,6.97,22.71,0,0,0,13,Cisco Networking SE,Cisco,208.7,184.61,2024-01-03,2024-10-29,B,Networking,0.09,medium,Sevilla,ES,casual,pct_of_retail,30_day,B,excellent,0.0,146.09,22.71,12.34,0.1555,0,André Martínez
1953,576,761,12,2024-11-27,2024-12-11,2024-12-11,,14,26.2,0.0,0.79,26.99,5.37,21.62,1,1,0,13,Cisco Networking SE,Cisco,208.7,184.61,2024-01-03,2024-10-29,B,Networking,0.09,medium,Valencia,ES,casual,pct_of_retail,flexible,B,,,146.09,22.71,12.34,0.1555,0,Fernando Santos
1954,577,260,4,2024-12-02,2024-12-16,2024-12-16,2024-12-16,14,73.41,0.0,2.13,75.54,14.98,60.56,0,0,0,13,Netgear Networking X,Netgear,319.34,299.15,2024-02-06,2024-12-02,A,Networking,0.09,medium,Alicante,ES,casual,flat_rate,30_day,B,good,22.96,223.54,60.56,14.98,0.2709,0,Marta Costa
1955,578,1895,2,2023-02-22,2023-03-08,2023-03-08,2023-03-08,14,61.6,0.0,2.53,64.13,12.69,51.44,0,0,0,13,TP-Link Networking SE,TP-Link,63.02,51.21,2022-04-24,2023-02-18,B,Networking,0.09,medium,Funchal,PT,business,flat_rate,7_day,B,excellent,0.0,25.21,169.66,38.34,6.7299,1,Catarina Sánchez
1956,578,768,3,2023-03-16,2023-03-30,2023-03-30,2023-03-30,14,44.66,0.0,1.12,45.78,8.62,37.16,0,0,0,13,TP-Link Networking SE,TP-Link,63.02,51.21,2022-04-24,2023-02-18,B,Networking,0.09,medium,Lisboa,PT,business,flat_rate,30_day,A,good,0.0,25.21,169.66,38.34,6.7299,1,Maria Sánchez
1957,578,1014,3,2023-04-27,2023-05-27,2023-05-27,2023-05-27,30,95.7,0.0,2.39,98.09,17.03,81.06,0,0,0,13,TP-Link Networking SE,TP-Link,63.02,51.21,2022-04-24,2023-02-18,B,Networking,0.09,medium,Setúbal,PT,professional,flat_rate,30_day,A,good,7.27,25.21,169.66,38.34,6.7299,1,Sofia Sousa
1958,579,1560,1,2023-12-23,2024-01-22,2024-01-24,2024-01-24,30,213.34,12.78,5.33,231.45,44.16,187.29,0,0,1,13,Asus Networking Lite,Asus,95.58,83.74,2023-02-01,2023-11-28,A,Networking,0.09,medium,Braga,PT,business,flat_rate,7_day,A,good,0.0,57.35,598.63,150.68,10.4382,1,Maria García
1959,579,322,1,2024-02-01,2024-03-02,2024-03-02,2024-03-02,30,191.1,0.0,4.78,195.88,33.63,162.25,0,0,0,13,Asus Networking Lite,Asus,95.58,83.74,2023-02-01,2023-11-28,A,Networking,0.09,medium,Évora,PT,professional,flat_rate,7_day,A,fair,0.0,57.35,598.63,150.68,10.4382,1,Diego Santos
1960,579,1293,6,2024-03-14,2024-04-13,2024-04-13,2024-04-13,30,302.1,0.0,6.34,308.44,70.69,237.75,0,0,0,13,Asus Networking Lite,Asus,95.58,83.74,2023-02-01,2023-11-28,A,Networking,0.09,medium,Valencia,ES,business,flat_rate,flexible,B,good,0.0,57.35,598.63,150.68,10.4382,1,Isabel Pereira
1961,579,351,8,2024-04-18,2024-05-02,2024-05-02,2024-05-02,14,13.11,0.0,0.43,13.54,2.2,11.34,0,0,0,13,Asus Networking Lite,Asus,95.58,83.74,2023-02-01,2023-11-28,A,Networking,0.09,medium,Madrid,ES,professional,pct_of_retail,7_day,B,good,0.0,57.35,598.63,150.68,10.4382,1,Fernando Costa
1962,580,896,6,2022-02-13,2022-02-27,2022-02-27,2022-02-27,14,140.98,0.0,2.96,143.94,34.26,109.68,0,0,0,13,Cisco Networking Ultra,Cisco,239.9,190.26,2021-03-07,2022-01-01,C,Networking,0.09,medium,Évora,PT,student,flat_rate,flexible,B,good,0.0,83.97,325.77,82.88,3.8796,1,Diogo Pereira
1963,580,302,3,2022-03-09,2022-03-23,2022-03-23,2022-03-23,14,44.66,0.0,1.12,45.78,8.49,37.29,0,0,0,13,Cisco Networking Ultra,Cisco,239.9,190.26,2021-03-07,2022-01-01,C,Networking,0.09,medium,Coimbra,PT,professional,flat_rate,30_day,A,excellent,0.0,83.97,325.77,82.88,3.8796,1,Elena González
1964,580,147,7,2022-04-02,2022-04-09,2022-04-09,,7,15.11,0.0,0.74,15.85,2.64,13.21,1,1,0,13,Cisco Networking Ultra,Cisco,239.9,190.26,2021-03-07,2022-01-01,C,Networking,0.09,medium,Braga,PT,student,pct_of_retail,7_day,A,,,83.97,325.77,82.88,3.8796,1,Catarina Oliveira
1965,580,1,3,2022-04-18,2022-05-02,2022-05-02,2022-05-02,14,44.66,0.0,1.12,45.78,9.65,36.13,0,0,0,13,Cisco Networking Ultra,Cisco,239.9,190.26,2021-03-07,2022-01-01,C,Networking,0.09,medium,Évora,PT,professional,flat_rate,30_day,A,good,0.0,83.97,325.77,82.88,3.8796,1,Carlos López
1966,580,659,5,2022-05-09,2022-05-23,2022-05-23,2022-05-23,14,119.14,0.0,4.05,123.19,20.49,102.7,0,0,0,13,Cisco Networking Ultra,Cisco,239.9,190.26,2021-03-07,2022-01-01,C,Networking,0.09,medium,Setúbal,PT,student,flat_rate,flexible,A,good,0.0,83.97,325.77,82.88,3.8796,1,Fernando Fernández
1967,580,473,10,2022-05-31,2022-06-14,2022-06-14,2022-06-14,14,33.25,0.0,0.86,34.11,7.35,26.76,0,0,0,13,Cisco Networking Ultra,Cisco,239.9,190.26,2021-03-07,2022-01-01,C,Networking,0.09,medium,Zaragoza,ES,casual,pct_of_retail,30_day,B,fair,0.0,83.97,325.77,82.88,3.8796,1,Marco Sánchez
1968,583,1874,6,2024-01-14,2024-01-28,2024-02-03,2024-02-03,14,140.98,30.54,2.96,174.48,27.21,147.27,0,0,1,13,Netgear Networking SE,Netgear,59.96,47.22,2023-02-24,2023-12-21,A,Networking,0.09,medium,Zaragoza,ES,professional,flat_rate,flexible,B,good,0.0,35.98,372.86,104.37,10.363,1,Luísa Jesus
1969,583,393,3,2024-02-12,2024-03-13,2024-03-13,2024-03-13,30,95.7,0.0,2.39,98.09,17.7,80.39,0,0,0,13,Netgear Networking SE,Netgear,59.96,47.22,2023-02-24,2023-12-21,A,Networking,0.09,medium,Faro,PT,professional,flat_rate,30_day,A,good,0.0,35.98,372.86,104.37,10.363,1,Maria Jesus
1970,583,804,2,2024-03-26,2024-04-09,2024-04-09,2024-04-09,14,61.6,0.0,2.53,64.13,14.72,49.41,0,0,0,13,Netgear Networking SE,Netgear,59.96,47.22,2023-02-24,2023-12-21,A,Networking,0.09,medium,Funchal,PT,casual,flat_rate,7_day,B,good,14.15,35.98,372.86,104.37,10.363,1,Marta Martínez
1971,583,690,5,2024-04-20,2024-05-04,2024-05-04,2024-05-04,14,119.14,0.0,4.05,123.19,27.4,95.79,0,0,0,13,Netgear Networking SE,Netgear,59.96,47.22,2023-02-24,2023-12-21,A,Networking,0.09,medium,Évora,PT,professional,flat_rate,flexible,A,fair,5.46,35.98,372.86,104.37,10.363,1,Rafael Ferreira
1972,583,521,6,2024-06-06,2024-06-13,2024-06-15,,7,70.49,10.18,1.48,82.15,17.34,64.81,1,1,1,13,Netgear Networking SE,Netgear,59.96,47.22,2023-02-24,2023-12-21,A,Networking,0.09,medium,Leiria,PT,casual,flat_rate,flexible,B,,,35.98,372.86,104.37,10.363,1,Nuno García
1973,584,576,2,2024-06-25,2024-07-09,2024-07-09,2024-07-09,14,61.6,0.0,2.53,64.13,12.57,51.56,0,0,0,13,TP-Link Networking,TP-Link,41.49,35.82,2023-08-08,2024-06-03,A,Networking,0.09,medium,Zaragoza,ES,professional,flat_rate,7_day,B,good,8.84,29.04,339.15,70.46,11.6787,1,Ana Santos
1974,584,945,6,2024-07-28,2024-08-11,2024-08-11,2024-08-11,14,140.98,0.0,2.96,143.94,26.22,117.72,0,0,0,13,TP-Link Networking,TP-Link,41.49,35.82,2023-08-08,2024-06-03,A,Networking,0.09,medium,Porto,PT,professional,flat_rate,flexible,B,good,28.27,29.04,339.15,70.46,11.6787,1,João Oliveira
1975,584,409,2,2024-08-22,2024-09-05,2024-09-05,2024-09-05,14,61.6,0.0,2.53,64.13,9.49,54.64,0,0,0,13,TP-Link Networking,TP-Link,41.49,35.82,2023-08-08,2024-06-03,A,Networking,0.09,medium,Barcelona,ES,business,flat_rate,7_day,B,good,0.0,29.04,339.15,70.46,11.6787,1,Sofia Pereira
1976,584,922,2,2024-09-14,2024-10-14,2024-10-14,2024-10-14,30,132.0,0.0,5.41,137.41,22.18,115.23,0,0,0,13,TP-Link Networking,TP-Link,41.49,35.82,2023-08-08,2024-06-03,A,Networking,0.09,medium,Alicante,ES,casual,flat_rate,7_day,B,good,0.0,29.04,339.15,70.46,11.6787,1,Marco Sánchez
1977,586,1246,4,2023-04-16,2023-04-30,2023-04-30,2023-04-30,14,65.1,0.0,1.89,66.99,9.9,57.09,0,0,0,13,TP-Link Networking,TP-Link,58.54,48.16,2022-05-22,2023-03-18,A,Networking,0.09,medium,Braga,PT,business,flat_rate,30_day,B,excellent,0.0,23.42,175.55,35.0,7.4957,1,Maria González
1978,586,1114,8,2023-05-14,2023-06-13,2023-06-14,2023-06-14,30,17.21,2.59,0.57,20.37,4.13,16.24,0,0,1,13,TP-Link Networking,TP-Link,58.54,48.16,2022-05-22,2023-03-18,A,Networking,0.09,medium,Alicante,ES,professional,pct_of_retail,7_day,B,good,0.0,23.42,175.55,35.0,7.4957,1,Rafael Rodrigues
1979,586,1448,5,2023-06-20,2023-07-04,2023-07-04,2023-07-04,14,119.14,0.0,4.05,123.19,20.97,102.22,0,0,0,13,TP-Link Networking,TP-Link,58.54,48.16,2022-05-22,2023-03-18,A,Networking,0.09,medium,Sevilla,ES,business,flat_rate,flexible,A,good,0.0,23.42,175.55,35.0,7.4957,1,Beatriz Sánchez
1980,587,1246,5,2022-05-19,2022-05-26,2022-05-26,2022-05-26,7,59.57,0.0,2.03,61.6,11.32,50.28,0,0,0,13,TP-Link Networking Pro,TP-Link,75.1,53.29,2021-06-26,2022-04-22,A,Networking,0.09,medium,Braga,PT,business,flat_rate,flexible,A,excellent,0.0,26.28,307.84,73.59,11.7139,1,Maria González
1981,587,919,2,2022-06-02,2022-07-17,2022-07-17,2022-07-17,45,198.0,0.0,8.12,206.12,48.91,157.21,0,0,0,13,TP-Link Networking Pro,TP-Link,75.1,53.29,2021-06-26,2022-04-22,A,Networking,0.09,medium,Braga,PT,professional,flat_rate,7_day,B,excellent,0.0,26.28,307.84,73.59,11.7139,1,Isabel Pereira
1982,587,933,10,2022-07-23,2022-08-06,2022-08-06,2022-08-06,14,10.41,0.0,0.27,10.68,2.23,8.45,0,0,0,13,TP-Link Networking Pro,TP-Link,75.1,53.29,2021-06-26,2022-04-22,A,Networking,0.09,medium,Alicante,ES,business,pct_of_retail,30_day,B,good,0.0,26.28,307.84,73.59,11.7139,1,Marta Rodrigues
1983,587,1946,4,2022-08-20,2022-08-27,2022-08-27,2022-08-27,7,32.55,0.0,0.94,33.49,5.11,28.38,0,0,0,13,TP-Link Networking Pro,TP-Link,75.1,53.29,2021-06-26,2022-04-22,A,Networking,0.09,medium,Setúbal,PT,student,flat_rate,30_day,B,good,0.0,26.28,307.84,73.59,11.7139,1,Nuno González
1984,587,1833,4,2022-09-06,2022-09-13,2022-09-20,2022-09-20,7,32.55,36.05,0.94,69.54,6.02,63.52,0,0,1,13,TP-Link Networking Pro,TP-Link,75.1,53.29,2021-06-26,2022-04-22,A,Networking,0.09,medium,Lisboa,PT,business,flat_rate,30_day,B,good,0.0,26.28,307.84,73.59,11.7139,1,Miguel Santos
1985,588,1927,3,2024-10-24,2024-11-23,2024-11-29,2024-11-29,30,95.7,41.94,2.39,140.03,17.42,122.61,0,0,1,13,Cisco Networking Plus,Cisco,65.79,60.24,2023-11-19,2024-09-14,B,Networking,0.09,medium,Aveiro,PT,business,flat_rate,30_day,A,damaged,0.0,46.05,161.93,28.04,3.5164,1,Pablo Jesus
1986,588,1830,1,2024-12-22,2024-12-29,2024-12-29,2024-12-29,7,48.72,0.0,1.22,49.94,10.62,39.32,0,0,0,13,Cisco Networking Plus,Cisco,65.79,60.24,2023-11-19,2024-09-14,B,Networking,0.09,medium,Setúbal,PT,professional,flat_rate,7_day,A,fair,0.0,46.05,161.93,28.04,3.5164,1,Miguel Rodrigues
1987,589,1082,2,2023-03-30,2023-04-29,2023-04-29,2023-04-29,30,132.0,0.0,5.41,137.41,26.27,111.14,0,0,0,13,Netgear Networking Ultra,Netgear,75.41,60.49,2022-05-16,2023-03-12,B,Networking,0.09,medium,Coimbra,PT,business,flat_rate,7_day,B,good,0.0,30.16,341.37,88.05,11.3186,1,Marco García
1988,589,503,6,2023-06-04,2023-06-11,2023-06-11,2023-06-11,7,70.49,0.0,1.48,71.97,12.62,59.35,0,0,0,13,Netgear Networking Ultra,Netgear,75.41,60.49,2022-05-16,2023-03-12,B,Networking,0.09,medium,Aveiro,PT,business,flat_rate,flexible,B,good,32.58,30.16,341.37,88.05,11.3186,1,Tiago López
1989,589,1603,2,2023-06-22,2023-08-06,2023-08-06,2023-08-06,45,198.0,0.0,8.12,206.12,46.73,159.39,0,0,0,13,Netgear Networking Ultra,Netgear,75.41,60.49,2022-05-16,2023-03-12,B,Networking,0.09,medium,Setúbal,PT,professional,flat_rate,7_day,B,damaged,0.6,30.16,341.37,88.05,11.3186,1,Maria Sánchez
1990,589,347,11,2023-08-19,2023-09-02,2023-09-02,2023-09-02,14,13.41,0.0,0.51,13.92,2.43,11.49,0,0,0,13,Netgear Networking Ultra,Netgear,75.41,60.49,2022-05-16,2023-03-12,B,Networking,0.09,medium,Porto,PT,professional,pct_of_retail,flexible,A,excellent,0.0,30.16,341.37,88.05,11.3186,1,Sara Rodrigues
1991,590,1861,3,2023-04-23,2023-04-30,2023-04-30,2023-04-30,7,22.33,0.0,0.56,22.89,3.97,18.92,0,0,0,13,TP-Link Networking Lite,TP-Link,188.43,134.01,2022-06-19,2023-04-15,B,Networking,0.09,medium,Funchal,PT,professional,flat_rate,30_day,A,fair,0.0,75.37,155.66,36.12,2.0653,1,Inês Sousa
1992,590,1984,1,2023-05-08,2023-05-15,2023-05-15,2023-05-15,7,44.59,0.0,1.11,45.7,8.56,37.14,0,0,0,13,TP-Link Networking Lite,TP-Link,188.43,134.01,2022-06-19,2023-04-15,B,Networking,0.09,medium,Lisboa,PT,professional,flat_rate,7_day,A,good,0.0,75.37,155.66,36.12,2.0653,1,Beatriz Costa
1993,590,1808,5,2023-06-15,2023-06-29,2023-06-29,2023-06-29,14,119.14,0.0,4.05,123.19,23.59,99.6,0,0,0,13,TP-Link Networking Lite,TP-Link,188.43,134.01,2022-06-19,2023-04-15,B,Networking,0.09,medium,Aveiro,PT,casual,flat_rate,flexible,A,fair,0.0,75.37,155.66,36.12,2.0653,1,Sara Rodrigues
1994,592,1442,4,2024-10-09,2024-10-23,2024-10-23,2024-10-23,14,65.1,0.0,1.89,66.99,14.97,52.02,0,0,0,14,Anker Peripheral,Anker,47.09,44.55,2023-11-06,2024-09-01,B,Peripherals,0.05,low,Bilbao,ES,business,flat_rate,30_day,B,good,0.0,35.32,213.83,51.21,6.0541,1,Carlos Martins
1995,592,1737,2,2024-11-01,2024-12-01,2024-12-01,2024-12-01,30,143.21,0.0,5.87,149.08,26.78,122.3,0,0,0,14,Anker Peripheral,Anker,47.09,44.55,2023-11-06,2024-09-01,B,Peripherals,0.05,low,Valencia,ES,casual,flat_rate,7_day,B,good,5.18,35.32,213.83,51.21,6.0541,1,Inês Jesus
1996,592,1392,3,2024-12-13,2024-12-27,2024-12-27,2024-12-27,14,47.78,0.0,1.19,48.97,9.46,39.51,0,0,0,14,Anker Peripheral,Anker,47.09,44.55,2023-11-06,2024-09-01,B,Peripherals,0.05,low,Funchal,PT,student,flat_rate,30_day,A,good,0.0,35.32,213.83,51.21,6.0541,1,Marta Ferreira
1997,594,507,4,2024-01-05,2024-02-04,2024-02-04,2024-02-04,30,139.5,0.0,4.05,143.55,24.97,118.58,0,0,0,14,Logitech Peripheral Max,Logitech,47.85,43.74,2023-03-10,2024-01-04,B,Peripherals,0.05,low,Valencia,ES,student,flat_rate,30_day,B,excellent,0.0,33.49,1468.78,369.62,43.8573,1,Miguel Sousa
1998,594,1219,5,2024-02-09,2024-03-25,2024-03-25,2024-03-25,45,382.95,0.0,13.02,395.97,74.68,321.29,0,0,0,14,Logitech Peripheral Max,Logitech,47.85,43.74,2023-03-10,2024-01-04,B,Peripherals,0.05,low,Braga,PT,student,flat_rate,flexible,A,fair,0.0,33.49,1468.78,369.62,43.8573,1,Marco Santos
1999,594,257,5,2024-03-30,2024-04-29,2024-05-06,2024-05-06,30,255.3,26.25,8.68,290.23,55.91,234.32,0,0,1,14,Logitech Peripheral Max,Logitech,47.85,43.74,2023-03-10,2024-01-04,B,Peripherals,0.05,low,Funchal,PT,professional,flat_rate,flexible,A,fair,22.49,33.49,1468.78,369.62,43.8573,1,Rui Silva
2000,594,369,6,2024-06-03,2024-08-02,2024-08-02,2024-08-02,60,604.2,0.0,12.69,616.89,123.86,493.03,0,0,0,14,Logitech Peripheral Max,Logitech,47.85,43.74,2023-03-10,2024-01-04,B,Peripherals,0.05,low,Zaragoza,ES,casual,flat_rate,flexible,B,good,47.32,33.49,1468.78,369.62,43.8573,1,Marta Silva
2001,594,183,1,2024-08-07,2024-10-06,2024-10-06,2024-10-06,60,382.2,0.0,9.56,391.76,90.2,301.56,0,0,0,14,Logitech Peripheral Max,Logitech,47.85,43.74,2023-03-10,2024-01-04,B,Peripherals,0.05,low,Madrid,ES,professional,flat_rate,7_day,A,excellent,0.0,33.49,1468.78,369.62,43.8573,1,Diego Martins
2002,595,1617,3,2024-02-19,2024-04-04,2024-04-04,2024-04-04,45,143.55,0.0,3.59,147.14,33.16,113.98,0,0,0,14,Microsoft Peripheral Pro,Microsoft,24.97,22.82,2023-03-20,2024-01-14,C,Peripherals,0.05,low,Coimbra,PT,professional,flat_rate,30_day,A,good,0.0,17.48,719.67,149.01,41.1711,1,Isabel Ferreira
2003,595,554,6,2024-04-10,2024-06-09,2024-06-09,2024-06-09,60,604.2,0.0,12.69,616.89,95.46,521.43,0,0,0,14,Microsoft Peripheral Pro,Microsoft,24.97,22.82,2023-03-20,2024-01-14,C,Peripherals,0.05,low,Leiria,PT,casual,flat_rate,flexible,B,good,0.0,17.48,719.67,149.01,41.1711,1,Carlos Sousa
2004,595,45,3,2024-06-15,2024-07-15,2024-07-15,2024-07-15,30,95.7,0.0,2.39,98.09,19.33,78.76,0,0,0,14,Microsoft Peripheral Pro,Microsoft,24.97,22.82,2023-03-20,2024-01-14,C,Peripherals,0.05,low,Porto,PT,business,flat_rate,30_day,A,fair,0.0,17.48,719.67,149.01,41.1711,1,João Pereira
2005,595,1195,12,2024-07-21,2024-08-20,2024-08-20,2024-08-20,30,6.37,0.0,0.19,6.56,1.06,5.5,0,0,0,14,Microsoft Peripheral Pro,Microsoft,24.97,22.82,2023-03-20,2024-01-14,C,Peripherals,0.05,low,Sevilla,ES,professional,pct_of_retail,flexible,B,excellent,0.0,17.48,719.67,149.01,41.1711,1,Beatriz Silva
2006,596,1513,4,2024-01-23,2024-03-23,2024-03-23,2024-03-23,60,279.0,0.0,8.09,287.09,44.92,242.17,0,0,0,14,Belkin Peripheral,Belkin,42.61,37.73,2023-02-15,2023-12-12,A,Peripherals,0.05,low,Aveiro,PT,student,flat_rate,30_day,B,excellent,0.0,29.83,1098.06,241.76,36.8106,1,Tiago Silva
2007,596,1619,1,2024-04-02,2024-04-16,2024-04-16,2024-04-16,14,89.18,0.0,2.23,91.41,20.78,70.63,0,0,0,14,Belkin Peripheral,Belkin,42.61,37.73,2023-02-15,2023-12-12,A,Peripherals,0.05,low,Lisboa,PT,student,flat_rate,7_day,A,excellent,0.0,29.83,1098.06,241.76,36.8106,1,Inês López
2008,596,220,3,2024-04-30,2024-06-29,2024-06-29,2024-06-29,60,191.4,0.0,4.78,196.18,42.11,154.07,0,0,0,14,Belkin Peripheral,Belkin,42.61,37.73,2023-02-15,2023-12-12,A,Peripherals,0.05,low,Málaga,ES,student,flat_rate,30_day,A,good,0.0,29.83,1098.06,241.76,36.8106,1,Carlos Martins
2009,596,1502,4,2024-07-09,2024-08-08,2024-08-08,2024-08-08,30,139.5,0.0,4.05,143.55,28.74,114.81,0,0,0,14,Belkin Peripheral,Belkin,42.61,37.73,2023-02-15,2023-12-12,A,Peripherals,0.05,low,Braga,PT,professional,flat_rate,30_day,B,damaged,18.34,29.83,1098.06,241.76,36.8106,1,Ana Ferreira
2010,596,1253,5,2024-08-19,2024-10-03,2024-10-03,2024-10-03,45,382.95,0.0,13.02,395.97,68.17,327.8,0,0,0,14,Belkin Peripheral,Belkin,42.61,37.73,2023-02-15,2023-12-12,A,Peripherals,0.05,low,Aveiro,PT,student,flat_rate,flexible,A,good,0.0,29.83,1098.06,241.76,36.8106,1,Lucia Pereira
2011,596,1464,4,2024-10-13,2024-11-27,2024-11-29,2024-11-29,45,209.25,10.3,6.07,225.62,37.04,188.58,0,0,1,14,Belkin Peripheral,Belkin,42.61,37.73,2023-02-15,2023-12-12,A,Peripherals,0.05,low,Aveiro,PT,student,flat_rate,30_day,B,good,0.0,29.83,1098.06,241.76,36.8106,1,Pedro Martins
2012,597,1407,5,2024-10-03,2024-11-02,2024-11-02,2024-11-02,30,255.3,0.0,8.68,263.98,39.32,224.66,0,0,0,14,Anker Peripheral Max,Anker,96.96,93.58,2023-11-03,2024-08-29,B,Peripherals,0.05,low,Alicante,ES,casual,flat_rate,flexible,A,excellent,0.0,72.72,468.11,95.44,6.4372,1,Tiago Martins
2013,597,1520,2,2024-11-11,2025-01-10,2025-01-10,2025-01-10,60,287.77,0.0,11.8,299.57,56.12,243.45,0,0,0,14,Anker Peripheral Max,Anker,96.96,93.58,2023-11-03,2024-08-29,B,Peripherals,0.05,low,Alicante,ES,casual,flat_rate,7_day,B,good,6.66,72.72,468.11,95.44,6.4372,1,Fernando Sánchez
2014,598,1493,1,2024-03-13,2024-03-27,2024-03-31,2024-03-31,14,89.18,25.56,2.23,116.97,18.19,98.78,0,0,1,14,Logitech Peripheral Max,Logitech,78.77,71.78,2023-05-05,2024-02-29,A,Peripherals,0.05,low,Málaga,ES,business,flat_rate,7_day,A,excellent,0.0,55.14,304.72,62.43,5.5263,1,Isabel González
2015,598,1696,4,2024-04-09,2024-04-23,2024-04-23,2024-04-23,14,65.1,0.0,1.89,66.99,13.35,53.64,0,0,0,14,Logitech Peripheral Max,Logitech,78.77,71.78,2023-05-05,2024-02-29,A,Peripherals,0.05,low,Coimbra,PT,professional,flat_rate,30_day,B,excellent,4.48,55.14,304.72,62.43,5.5263,1,Rosa García
2016,598,876,3,2024-04-29,2024-05-13,2024-05-13,2024-05-13,14,44.66,0.0,1.12,45.78,8.98,36.8,0,0,0,14,Logitech Peripheral Max,Logitech,78.77,71.78,2023-05-05,2024-02-29,A,Peripherals,0.05,low,Setúbal,PT,professional,flat_rate,30_day,A,good,0.0,55.14,304.72,62.43,5.5263,1,Marta Jesus
2017,598,1288,2,2024-05-21,2024-06-20,2024-06-20,2024-06-20,30,132.0,0.0,5.41,137.41,21.91,115.5,0,0,0,14,Logitech Peripheral Max,Logitech,78.77,71.78,2023-05-05,2024-02-29,A,Peripherals,0.05,low,Coimbra,PT,student,flat_rate,7_day,B,excellent,0.0,55.14,304.72,62.43,5.5263,1,Marco Oliveira
2018,600,614,6,2024-11-30,2024-12-30,2024-12-30,2024-12-30,30,336.57,0.0,7.07,343.64,83.47,260.17,0,0,0,14,Belkin Peripheral Ultra,Belkin,25.54,24.84,2024-02-02,2024-11-28,A,Peripherals,0.05,low,Porto,PT,professional,flat_rate,flexible,B,damaged,0.0,19.16,260.17,83.47,13.5788,1,Ricardo Ferreira
2019,601,1396,1,2023-01-15,2023-02-14,2023-02-14,2023-02-14,30,191.1,0.0,4.78,195.88,37.26,158.62,0,0,0,14,Anker Peripheral Max,Anker,61.77,53.48,2022-03-19,2023-01-13,C,Peripherals,0.05,low,Braga,PT,casual,flat_rate,7_day,A,good,0.0,30.89,1770.45,465.48,57.3147,1,Carlos García
2020,601,1106,6,2023-02-19,2023-04-05,2023-04-05,2023-04-05,45,453.15,0.0,9.52,462.67,109.66,353.01,0,0,0,14,Anker Peripheral Max,Anker,61.77,53.48,2022-03-19,2023-01-13,C,Peripherals,0.05,low,Porto,PT,professional,flat_rate,flexible,B,excellent,0.0,30.89,1770.45,465.48,57.3147,1,Marta Martins
2021,601,482,6,2023-04-19,2023-06-18,2023-06-18,2023-06-18,60,604.2,0.0,12.69,616.89,146.82,470.07,0,0,0,14,Anker Peripheral Max,Anker,61.77,53.48,2022-03-19,2023-01-13,C,Peripherals,0.05,low,Évora,PT,business,flat_rate,flexible,B,good,0.0,30.89,1770.45,465.48,57.3147,1,Isabel Jesus
2022,601,1303,3,2023-06-27,2023-07-27,2023-07-27,2023-07-27,30,95.7,0.0,2.39,98.09,23.73,74.36,0,0,0,14,Anker Peripheral Max,Anker,61.77,53.48,2022-03-19,2023-01-13,C,Peripherals,0.05,low,Funchal,PT,business,flat_rate,30_day,A,good,0.0,30.89,1770.45,465.48,57.3147,1,Miguel Silva
2023,601,495,1,2023-08-22,2023-10-06,2023-10-06,2023-10-06,45,286.65,0.0,7.17,293.82,54.75,239.07,0,0,0,14,Anker Peripheral Max,Anker,61.77,53.48,2022-03-19,2023-01-13,C,Peripherals,0.05,low,Valencia,ES,student,flat_rate,7_day,A,fair,0.0,30.89,1770.45,465.48,57.3147,1,Nuno García
2024,601,1134,4,2023-10-11,2023-11-25,2023-11-26,2023-11-26,45,209.25,5.15,6.07,220.47,39.97,180.5,0,0,1,14,Anker Peripheral Max,Anker,61.77,53.48,2022-03-19,2023-01-13,C,Peripherals,0.05,low,Leiria,PT,professional,flat_rate,30_day,B,excellent,8.77,30.89,1770.45,465.48,57.3147,1,Ana Sánchez
2025,601,527,6,2023-12-04,2024-01-03,2024-01-07,2024-01-07,30,321.01,20.36,6.74,348.11,53.29,294.82,0,0,1,14,Anker Peripheral Max,Anker,61.77,53.48,2022-03-19,2023-01-13,C,Peripherals,0.05,low,Setúbal,PT,student,flat_rate,flexible,B,fair,0.0,30.89,1770.45,465.48,57.3147,1,Rosa Jesus
2026,602,549,2,2024-10-29,2024-12-13,2024-12-13,2024-12-13,45,198.0,0.0,8.12,206.12,36.04,170.08,0,0,0,14,Belkin Peripheral Lite,Belkin,77.66,73.9,2023-12-06,2024-10-01,A,Peripherals,0.05,low,Leiria,PT,professional,flat_rate,7_day,B,fair,0.0,58.24,410.66,98.46,7.0512,1,Tiago González
2027,602,1445,5,2024-12-22,2025-01-21,2025-01-21,2025-01-21,30,293.04,0.0,9.96,303.0,62.42,240.58,0,0,0,14,Belkin Peripheral Lite,Belkin,77.66,73.9,2023-12-06,2024-10-01,A,Peripherals,0.05,low,Braga,PT,casual,flat_rate,flexible,A,excellent,0.0,58.24,410.66,98.46,7.0512,1,Tiago Sousa
2028,603,1188,3,2023-05-21,2023-07-20,2023-07-25,2023-07-25,60,191.4,34.95,4.78,231.13,31.96,199.17,0,0,1,14,Logitech Peripheral Plus,Logitech,36.07,28.03,2022-07-14,2023-05-10,A,Peripherals,0.05,low,Aveiro,PT,business,flat_rate,30_day,A,fair,0.0,21.64,607.44,128.01,28.0702,1,André Ferreira
2029,603,587,6,2023-08-27,2023-09-26,2023-09-26,2023-09-26,30,302.1,0.0,6.34,308.44,62.23,246.21,0,0,0,14,Logitech Peripheral Plus,Logitech,36.07,28.03,2022-07-14,2023-05-10,A,Peripherals,0.05,low,Sevilla,ES,student,flat_rate,flexible,B,good,3.26,21.64,607.44,128.01,28.0702,1,Sara Sousa
2030,603,1983,1,2023-10-03,2023-11-02,2023-11-02,2023-11-02,30,191.1,0.0,4.78,195.88,33.82,162.06,0,0,0,14,Logitech Peripheral Plus,Logitech,36.07,28.03,2022-07-14,2023-05-10,A,Peripherals,0.05,low,Coimbra,PT,professional,flat_rate,7_day,A,excellent,0.0,21.64,607.44,128.01,28.0702,1,João Martínez
2031,605,713,5,2024-05-19,2024-07-03,2024-07-03,2024-07-03,45,382.95,0.0,13.02,395.97,75.44,320.53,0,0,0,14,Microsoft Peripheral X,Microsoft,60.12,55.26,2023-07-12,2024-05-07,B,Peripherals,0.05,low,Lisboa,PT,business,flat_rate,flexible,A,excellent,0.0,45.09,616.93,168.74,13.6822,1,Fernando Rodrigues
2032,605,1963,4,2024-08-27,2024-10-26,2024-10-26,2024-10-26,60,279.0,0.0,8.09,287.09,69.47,217.62,0,0,0,14,Microsoft Peripheral X,Microsoft,60.12,55.26,2023-07-12,2024-05-07,B,Peripherals,0.05,low,Setúbal,PT,student,flat_rate,30_day,B,fair,0.0,45.09,616.93,168.74,13.6822,1,Pedro Sánchez
2033,605,325,1,2024-11-01,2024-11-15,2024-11-15,2024-11-15,14,100.11,0.0,2.5,102.61,23.83,78.78,0,0,0,14,Microsoft Peripheral X,Microsoft,60.12,55.26,2023-07-12,2024-05-07,B,Peripherals,0.05,low,Málaga,ES,business,flat_rate,7_day,A,damaged,46.57,45.09,616.93,168.74,13.6822,1,Carlos García
2034,606,1150,5,2024-05-06,2024-06-20,2024-06-20,2024-06-20,45,382.95,0.0,13.02,395.97,95.35,300.62,0,0,0,14,Logitech Peripheral Max,Logitech,18.72,17.84,2023-06-09,2024-04-04,B,Peripherals,0.05,low,Porto,PT,student,flat_rate,flexible,A,excellent,0.0,13.1,828.96,236.07,63.2794,1,Sara Ferreira
2035,606,1333,6,2024-07-01,2024-08-15,2024-08-15,2024-08-15,45,453.15,0.0,9.52,462.67,100.15,362.52,0,0,0,14,Logitech Peripheral Max,Logitech,18.72,17.84,2023-06-09,2024-04-04,B,Peripherals,0.05,low,Bilbao,ES,professional,flat_rate,flexible,B,good,0.0,13.1,828.96,236.07,63.2794,1,Diogo Martins
2036,606,685,3,2024-08-25,2024-09-24,2024-09-24,2024-09-24,30,95.7,0.0,2.39,98.09,15.6,82.49,0,0,0,14,Logitech Peripheral Max,Logitech,18.72,17.84,2023-06-09,2024-04-04,B,Peripherals,0.05,low,Sevilla,ES,business,flat_rate,30_day,A,good,0.0,13.1,828.96,236.07,63.2794,1,Inês Silva
2037,606,779,7,2024-09-30,2024-10-30,2024-10-30,2024-10-30,30,5.05,0.0,0.25,5.3,0.95,4.35,0,0,0,14,Logitech Peripheral Max,Logitech,18.72,17.84,2023-06-09,2024-04-04,B,Peripherals,0.05,low,Lisboa,PT,casual,pct_of_retail,7_day,A,excellent,9.13,13.1,828.96,236.07,63.2794,1,Catarina Martins
2038,606,197,3,2024-11-05,2024-12-05,2024-12-05,2024-12-05,30,100.49,0.0,2.51,103.0,24.02,78.98,0,0,0,14,Logitech Peripheral Max,Logitech,18.72,17.84,2023-06-09,2024-04-04,B,Peripherals,0.05,low,Málaga,ES,professional,flat_rate,30_day,A,good,0.0,13.1,828.96,236.07,63.2794,1,Maria Santos
2039,607,105,6,2024-03-03,2024-04-02,2024-04-04,2024-04-04,30,302.1,10.18,6.34,318.62,48.94,269.68,0,0,1,14,Anker Peripheral Max,Anker,144.59,137.33,2023-04-30,2024-02-24,A,Peripherals,0.05,low,Coimbra,PT,professional,flat_rate,flexible,B,good,0.0,101.21,723.67,152.38,7.1502,1,Diego Costa
2040,607,229,3,2024-05-05,2024-07-04,2024-07-08,2024-07-08,60,191.4,27.96,4.78,224.14,38.85,185.29,0,0,1,14,Anker Peripheral Max,Anker,144.59,137.33,2023-04-30,2024-02-24,A,Peripherals,0.05,low,Aveiro,PT,professional,flat_rate,30_day,A,good,0.0,101.21,723.67,152.38,7.1502,1,Catarina Sánchez
2041,607,1178,1,2024-07-19,2024-08-18,2024-08-18,2024-08-18,30,191.1,0.0,4.78,195.88,40.7,155.18,0,0,0,14,Anker Peripheral Max,Anker,144.59,137.33,2023-04-30,2024-02-24,A,Peripherals,0.05,low,Porto,PT,business,flat_rate,7_day,A,good,46.99,101.21,723.67,152.38,7.1502,1,Ricardo Silva
2042,607,640,2,2024-09-01,2024-10-01,2024-10-01,2024-10-01,30,132.0,0.0,5.41,137.41,23.89,113.52,0,0,0,14,Anker Peripheral Max,Anker,144.59,137.33,2023-04-30,2024-02-24,A,Peripherals,0.05,low,Braga,PT,professional,flat_rate,7_day,B,excellent,0.0,101.21,723.67,152.38,7.1502,1,Beatriz Ferreira
2043,608,881,4,2022-11-06,2023-01-05,2023-01-05,2023-01-05,60,307.12,0.0,8.91,316.03,66.34,249.69,0,0,0,14,Belkin Peripheral Max,Belkin,54.25,47.08,2021-12-21,2022-10-17,B,Peripherals,0.05,low,Bilbao,ES,professional,flat_rate,30_day,B,excellent,0.0,24.41,1083.16,261.81,44.3736,1,Rui López
2044,608,438,3,2023-01-17,2023-03-03,2023-03-09,2023-03-09,45,143.55,41.94,3.59,189.08,27.13,161.95,0,0,1,14,Belkin Peripheral Max,Belkin,54.25,47.08,2021-12-21,2022-10-17,B,Peripherals,0.05,low,Aveiro,PT,student,flat_rate,30_day,A,good,0.0,24.41,1083.16,261.81,44.3736,1,Diego Sánchez
2045,608,764,8,2023-03-20,2023-04-03,2023-04-03,2023-04-03,14,7.44,0.0,0.25,7.69,1.73,5.96,0,0,0,14,Belkin Peripheral Max,Belkin,54.25,47.08,2021-12-21,2022-10-17,B,Peripherals,0.05,low,Sevilla,ES,casual,pct_of_retail,7_day,B,excellent,0.0,24.41,1083.16,261.81,44.3736,1,Rosa Pereira
2046,608,1336,5,2023-04-16,2023-06-15,2023-06-15,2023-06-15,60,510.6,0.0,17.36,527.96,119.99,407.97,0,0,0,14,Belkin Peripheral Max,Belkin,54.25,47.08,2021-12-21,2022-10-17,B,Peripherals,0.05,low,Málaga,ES,business,flat_rate,flexible,A,good,0.0,24.41,1083.16,261.81,44.3736,1,Marta Sánchez
2047,608,733,3,2023-06-27,2023-07-27,2023-07-27,2023-07-27,30,95.7,0.0,2.39,98.09,14.74,83.35,0,0,0,14,Belkin Peripheral Max,Belkin,54.25,47.08,2021-12-21,2022-10-17,B,Peripherals,0.05,low,Madrid,ES,professional,flat_rate,30_day,A,excellent,0.0,24.41,1083.16,261.81,44.3736,1,Diego Pereira
2048,608,1607,2,2023-08-06,2023-09-20,2023-09-20,2023-09-20,45,198.0,0.0,8.12,206.12,31.88,174.24,0,0,0,14,Belkin Peripheral Max,Belkin,54.25,47.08,2021-12-21,2022-10-17,B,Peripherals,0.05,low,Braga,PT,professional,flat_rate,7_day,B,good,0.0,24.41,1083.16,261.81,44.3736,1,Marco Sousa
2049,609,739,7,2021-12-29,2022-01-28,2022-01-28,2022-01-28,30,15.61,0.0,0.76,16.37,2.47,13.9,0,0,0,14,Anker Peripheral Plus,Anker,51.46,43.39,2021-02-08,2021-12-05,B,Peripherals,0.05,low,Faro,PT,business,pct_of_retail,7_day,A,good,0.0,23.16,459.37,116.23,19.8346,1,João García
2050,609,77,1,2022-02-10,2022-03-12,2022-03-12,2022-03-12,30,191.1,0.0,4.78,195.88,40.9,154.98,0,0,0,14,Anker Peripheral Plus,Anker,51.46,43.39,2021-02-08,2021-12-05,B,Peripherals,0.05,low,Braga,PT,professional,flat_rate,7_day,A,good,0.0,23.16,459.37,116.23,19.8346,1,Diego Fernández
2051,609,915,6,2022-03-26,2022-04-09,2022-04-09,2022-04-09,14,140.98,0.0,2.96,143.94,27.35,116.59,0,0,0,14,Anker Peripheral Plus,Anker,51.46,43.39,2021-02-08,2021-12-05,B,Peripherals,0.05,low,Bilbao,ES,professional,flat_rate,flexible,B,excellent,0.0,23.16,459.37,116.23,19.8346,1,Tiago Ferreira
2052,609,693,1,2022-04-23,2022-05-23,2022-05-23,2022-05-23,30,191.1,0.0,4.78,195.88,41.66,154.22,0,0,0,14,Anker Peripheral Plus,Anker,51.46,43.39,2021-02-08,2021-12-05,B,Peripherals,0.05,low,Faro,PT,casual,flat_rate,7_day,A,excellent,0.0,23.16,459.37,116.23,19.8346,1,Rafael Fernández
2053,609,935,10,2022-05-30,2022-07-14,2022-07-14,2022-07-14,45,22.93,0.0,0.6,23.53,3.85,19.68,0,0,0,14,Anker Peripheral Plus,Anker,51.46,43.39,2021-02-08,2021-12-05,B,Peripherals,0.05,low,Zaragoza,ES,business,pct_of_retail,30_day,B,good,0.0,23.16,459.37,116.23,19.8346,1,Rafael Jesus
2054,610,1568,2,2022-11-15,2022-11-29,2022-11-29,2022-11-29,14,69.74,0.0,2.86,72.6,10.6,62.0,0,0,0,14,Belkin Peripheral,Belkin,21.54,17.54,2022-01-14,2022-11-10,B,Peripherals,0.05,low,Lisboa,PT,student,flat_rate,7_day,B,good,0.0,10.77,233.16,51.73,21.649,1,Rosa Silva
2055,610,111,4,2022-12-05,2022-12-19,2022-12-19,2022-12-19,14,73.77,0.0,2.14,75.91,14.24,61.67,0,0,0,14,Belkin Peripheral,Belkin,21.54,17.54,2022-01-14,2022-11-10,B,Peripherals,0.05,low,Sevilla,ES,professional,flat_rate,30_day,B,good,0.0,10.77,233.16,51.73,21.649,1,Pablo Santos
2056,610,1994,2,2022-12-28,2023-01-11,2023-01-11,2023-01-11,14,66.66,0.0,2.73,69.39,14.0,55.39,0,0,0,14,Belkin Peripheral,Belkin,21.54,17.54,2022-01-14,2022-11-10,B,Peripherals,0.05,low,Coimbra,PT,professional,flat_rate,7_day,B,good,49.24,10.77,233.16,51.73,21.649,1,Ricardo Ferreira
2057,610,616,4,2023-01-24,2023-02-07,2023-02-07,2023-02-07,14,65.1,0.0,1.89,66.99,12.89,54.1,0,0,0,14,Belkin Peripheral,Belkin,21.54,17.54,2022-01-14,2022-11-10,B,Peripherals,0.05,low,Évora,PT,casual,flat_rate,30_day,B,fair,0.0,10.77,233.16,51.73,21.649,1,Diogo Martínez
2058,611,845,2,2024-12-17,2024-12-31,2024-12-31,2024-12-31,14,66.62,0.0,2.73,69.35,14.46,54.89,0,0,0,14,Anker Peripheral Ultra,Anker,18.76,18.11,2024-02-17,2024-12-13,B,Peripherals,0.05,low,Alicante,ES,business,flat_rate,7_day,B,excellent,0.0,14.07,54.89,14.46,3.9012,1,Miguel Fernández
2059,612,1023,3,2023-03-10,2023-04-24,2023-04-24,2023-04-24,45,143.55,0.0,3.59,147.14,27.56,119.58,0,0,0,14,Microsoft Peripheral Lite,Microsoft,16.31,14.24,2022-05-14,2023-03-10,B,Peripherals,0.05,low,Valencia,ES,professional,flat_rate,30_day,A,good,0.0,8.15,930.33,227.4,114.1509,1,Pablo Martins
2060,612,1359,4,2023-05-01,2023-06-30,2023-06-30,2023-06-30,60,279.0,0.0,8.09,287.09,61.1,225.99,0,0,0,14,Microsoft Peripheral Lite,Microsoft,16.31,14.24,2022-05-14,2023-03-10,B,Peripherals,0.05,low,Lisboa,PT,student,flat_rate,30_day,B,good,0.0,8.15,930.33,227.4,114.1509,1,Lucia Jesus
2061,612,1594,3,2023-07-31,2023-08-30,2023-08-30,2023-08-30,30,95.7,0.0,2.39,98.09,22.59,75.5,0,0,0,14,Microsoft Peripheral Lite,Microsoft,16.31,14.24,2022-05-14,2023-03-10,B,Peripherals,0.05,low,Madrid,ES,casual,flat_rate,30_day,A,good,0.0,8.15,930.33,227.4,114.1509,1,Ana Pereira
2062,612,1688,6,2023-09-07,2023-10-22,2023-10-28,2023-10-28,45,453.15,30.54,9.52,493.21,91.99,401.22,0,0,1,14,Microsoft Peripheral Lite,Microsoft,16.31,14.24,2022-05-14,2023-03-10,B,Peripherals,0.05,low,Aveiro,PT,casual,flat_rate,flexible,B,excellent,0.0,8.15,930.33,227.4,114.1509,1,Catarina Silva
2063,612,1625,5,2023-11-10,2023-11-24,2023-11-24,2023-11-24,14,127.85,0.0,4.35,132.2,24.16,108.04,0,0,0,14,Microsoft Peripheral Lite,Microsoft,16.31,14.24,2022-05-14,2023-03-10,B,Peripherals,0.05,low,Alicante,ES,student,flat_rate,flexible,A,good,0.0,8.15,930.33,227.4,114.1509,1,Fernando Ferreira
2064,613,542,5,2024-08-12,2024-10-11,2024-10-11,2024-10-11,60,510.6,0.0,17.36,527.96,87.82,440.14,0,0,0,14,Logitech Peripheral Max,Logitech,140.55,128.25,2023-09-13,2024-07-09,A,Peripherals,0.05,low,Bilbao,ES,professional,flat_rate,flexible,A,good,7.85,105.41,853.65,197.89,8.0984,1,Nuno Costa
2065,613,243,6,2024-10-18,2024-12-02,2024-12-02,2024-12-02,45,453.15,0.0,9.52,462.67,98.33,364.34,0,0,0,14,Logitech Peripheral Max,Logitech,140.55,128.25,2023-09-13,2024-07-09,A,Peripherals,0.05,low,Braga,PT,business,flat_rate,flexible,B,excellent,0.0,105.41,853.65,197.89,8.0984,1,Miguel González
2066,613,599,11,2024-12-15,2025-01-14,2025-01-14,2025-01-14,30,58.68,0.0,2.23,60.91,11.74,49.17,0,0,0,14,Logitech Peripheral Max,Logitech,140.55,128.25,2023-09-13,2024-07-09,A,Peripherals,0.05,low,Braga,PT,professional,pct_of_retail,flexible,A,good,0.0,105.41,853.65,197.89,8.0984,1,Diogo Sánchez
2067,614,143,2,2024-11-23,2025-01-07,2025-01-07,2025-01-07,45,218.4,0.0,8.95,227.35,50.01,177.34,0,0,0,14,Belkin Peripheral Plus,Belkin,16.36,15.88,2024-01-11,2024-11-06,C,Peripherals,0.05,low,Setúbal,PT,business,flat_rate,7_day,B,excellent,31.93,12.27,177.34,50.01,14.4531,1,Diogo Ferreira
2068,615,503,4,2023-10-01,2023-10-15,2023-10-15,,14,65.1,0.0,1.89,66.99,11.91,55.08,1,0,0,14,Belkin Peripheral Plus,Belkin,42.49,36.64,2022-11-07,2023-09-03,A,Peripherals,0.05,low,Aveiro,PT,business,flat_rate,30_day,B,,,25.49,685.75,124.35,26.9027,1,Tiago López
2069,615,1194,5,2023-10-24,2023-11-23,2023-11-23,2023-11-23,30,255.3,0.0,8.68,263.98,43.91,220.07,0,0,0,14,Belkin Peripheral Plus,Belkin,42.49,36.64,2022-11-07,2023-09-03,A,Peripherals,0.05,low,Sevilla,ES,student,flat_rate,flexible,A,damaged,0.0,25.49,685.75,124.35,26.9027,1,Diogo Costa
2070,615,1823,5,2023-11-29,2023-12-29,2023-12-29,,30,281.74,0.0,9.58,291.32,42.26,249.06,1,1,0,14,Belkin Peripheral Plus,Belkin,42.49,36.64,2022-11-07,2023-09-03,A,Peripherals,0.05,low,Madrid,ES,business,flat_rate,flexible,A,,,25.49,685.75,124.35,26.9027,1,Pablo Santos
2071,615,1807,2,2024-01-04,2024-02-03,2024-02-10,2024-02-10,30,132.0,50.4,5.41,187.81,26.27,161.54,0,0,1,14,Belkin Peripheral Plus,Belkin,42.49,36.64,2022-11-07,2023-09-03,A,Peripherals,0.05,low,Sevilla,ES,casual,flat_rate,7_day,B,good,0.0,25.49,685.75,124.35,26.9027,1,Tiago Martins
2072,616,821,12,2022-07-13,2022-08-27,2022-08-27,2022-08-27,45,8.44,0.0,0.25,8.69,1.93,6.76,0,0,0,14,Microsoft Peripheral Plus,Microsoft,22.06,14.28,2021-09-07,2022-07-04,B,Peripherals,0.05,low,Málaga,ES,business,pct_of_retail,flexible,B,fair,0.0,9.93,783.99,226.07,78.9517,1,Diogo Jesus
2073,616,1070,6,2022-09-01,2022-10-16,2022-10-22,2022-10-22,45,453.15,30.54,9.52,493.21,103.77,389.44,0,0,1,14,Microsoft Peripheral Plus,Microsoft,22.06,14.28,2021-09-07,2022-07-04,B,Peripherals,0.05,low,Braga,PT,casual,flat_rate,flexible,B,good,0.0,9.93,783.99,226.07,78.9517,1,Rui Jesus
2074,616,1991,2,2022-11-04,2022-12-19,2022-12-19,2022-12-19,45,214.69,0.0,8.8,223.49,53.24,170.25,0,0,0,14,Microsoft Peripheral Plus,Microsoft,22.06,14.28,2021-09-07,2022-07-04,B,Peripherals,0.05,low,Alicante,ES,student,flat_rate,7_day,B,good,0.0,9.93,783.99,226.07,78.9517,1,Marco López
2075,616,608,2,2023-01-01,2023-03-02,2023-03-02,,60,264.0,0.0,10.82,274.82,64.94,209.88,1,0,0,14,Microsoft Peripheral Plus,Microsoft,22.06,14.28,2021-09-07,2022-07-04,B,Peripherals,0.05,low,Madrid,ES,professional,flat_rate,7_day,B,,,9.93,783.99,226.07,78.9517,1,Carlos Pereira
2076,616,1550,8,2023-03-09,2023-03-23,2023-03-23,2023-03-23,14,3.03,0.0,0.1,3.13,0.63,2.5,0,0,0,14,Microsoft Peripheral Plus,Microsoft,22.06,14.28,2021-09-07,2022-07-04,B,Peripherals,0.05,low,Valencia,ES,business,pct_of_retail,7_day,B,good,0.0,9.93,783.99,226.07,78.9517,1,Catarina Fernández
2077,616,348,10,2023-03-30,2023-04-29,2023-04-29,2023-04-29,30,6.55,0.0,0.17,6.72,1.56,5.16,0,0,0,14,Microsoft Peripheral Plus,Microsoft,22.06,14.28,2021-09-07,2022-07-04,B,Peripherals,0.05,low,Valencia,ES,casual,pct_of_retail,30_day,B,damaged,0.0,9.93,783.99,226.07,78.9517,1,Marco Sousa
2078,617,522,3,2024-09-21,2024-11-05,2024-11-05,2024-11-05,45,143.55,0.0,3.59,147.14,34.31,112.83,0,0,0,14,Logitech Peripheral Pro,Logitech,68.32,63.34,2023-11-18,2024-09-13,A,Peripherals,0.05,low,Aveiro,PT,casual,flat_rate,30_day,A,damaged,0.0,51.24,751.49,194.09,14.6661,1,Inês Sousa
2079,617,1998,6,2024-11-12,2024-12-12,2024-12-12,2024-12-12,30,344.15,0.0,7.23,351.38,77.78,273.6,0,0,0,14,Logitech Peripheral Pro,Logitech,68.32,63.34,2023-11-18,2024-09-13,A,Peripherals,0.05,low,Barcelona,ES,professional,flat_rate,flexible,B,good,0.0,51.24,751.49,194.09,14.6661,1,Marta García
2080,617,278,1,2024-12-22,2025-02-20,2025-02-20,2025-02-20,60,436.16,0.0,10.9,447.06,82.0,365.06,0,0,0,14,Logitech Peripheral Pro,Logitech,68.32,63.34,2023-11-18,2024-09-13,A,Peripherals,0.05,low,Braga,PT,professional,flat_rate,7_day,A,excellent,0.0,51.24,751.49,194.09,14.6661,1,Tiago Sánchez
2081,619,658,5,2023-12-23,2024-01-22,2024-01-22,,30,272.45,0.0,9.26,281.71,45.5,236.21,1,0,0,14,Logitech Peripheral Pro,Logitech,41.29,37.83,2023-01-15,2023-11-11,C,Peripherals,0.05,low,Braga,PT,casual,flat_rate,flexible,A,,,28.9,748.68,177.1,25.9059,1,Beatriz Costa
2082,619,877,9,2024-02-02,2024-03-03,2024-03-03,2024-03-03,30,13.63,0.0,0.38,14.01,3.18,10.83,0,0,0,14,Logitech Peripheral Pro,Logitech,41.29,37.83,2023-01-15,2023-11-11,C,Peripherals,0.05,low,Coimbra,PT,professional,pct_of_retail,30_day,A,good,0.0,28.9,748.68,177.1,25.9059,1,Marco Silva
2083,619,315,3,2024-04-10,2024-05-25,2024-05-25,2024-05-25,45,143.55,0.0,3.59,147.14,33.02,114.12,0,0,0,14,Logitech Peripheral Pro,Logitech,41.29,37.83,2023-01-15,2023-11-11,C,Peripherals,0.05,low,Lisboa,PT,casual,flat_rate,30_day,A,fair,0.0,28.9,748.68,177.1,25.9059,1,Marco Pereira
2084,619,620,6,2024-05-31,2024-06-14,2024-06-14,2024-06-14,14,140.98,0.0,2.96,143.94,26.22,117.72,0,0,0,14,Logitech Peripheral Pro,Logitech,41.29,37.83,2023-01-15,2023-11-11,C,Peripherals,0.05,low,Sevilla,ES,professional,flat_rate,flexible,B,good,0.0,28.9,748.68,177.1,25.9059,1,Sara Rodrigues
2085,619,1629,6,2024-06-26,2024-07-26,2024-08-01,2024-08-01,30,302.1,30.54,6.34,338.98,69.18,269.8,0,0,1,14,Logitech Peripheral Pro,Logitech,41.29,37.83,2023-01-15,2023-11-11,C,Peripherals,0.05,low,Coimbra,PT,business,flat_rate,flexible,B,excellent,12.47,28.9,748.68,177.1,25.9059,1,Pablo Oliveira
2086,621,1099,6,2024-11-28,2025-01-12,2025-01-12,2025-01-12,45,476.41,0.0,10.0,486.41,106.72,379.69,0,0,0,14,Microsoft Peripheral SE,Microsoft,70.83,66.27,2024-01-16,2024-11-11,B,Peripherals,0.05,low,Braga,PT,business,flat_rate,flexible,B,excellent,0.0,53.12,379.69,106.72,7.1478,1,Ricardo Rodrigues
2087,625,250,2,2024-12-01,2025-01-15,2025-01-15,2025-01-15,45,215.93,0.0,8.85,224.78,51.18,173.6,0,0,0,14,Belkin Peripheral X,Belkin,51.73,48.29,2024-02-02,2024-11-28,B,Peripherals,0.05,low,Aveiro,PT,casual,flat_rate,7_day,B,fair,0.0,38.8,173.6,51.18,4.4742,1,Sofia Fernández
2088,626,1283,5,2022-02-27,2022-03-29,2022-03-29,2022-03-29,30,255.3,0.0,8.68,263.98,52.59,211.39,0,0,0,14,Microsoft Peripheral Pro,Microsoft,41.42,36.14,2021-04-20,2022-02-14,A,Peripherals,0.05,low,Alicante,ES,professional,flat_rate,flexible,A,good,0.0,18.64,785.36,218.69,42.133,1,Filipa Martins
2089,626,224,5,2022-04-08,2022-04-22,2022-04-22,2022-04-22,14,119.14,0.0,4.05,123.19,29.55,93.64,0,0,0,14,Microsoft Peripheral Pro,Microsoft,41.42,36.14,2021-04-20,2022-02-14,A,Peripherals,0.05,low,Coimbra,PT,professional,flat_rate,flexible,A,damaged,34.83,18.64,785.36,218.69,42.133,1,Fernando Costa
2090,626,411,6,2022-05-28,2022-06-27,2022-06-27,,30,302.1,0.0,6.34,308.44,69.18,239.26,1,0,0,14,Microsoft Peripheral Pro,Microsoft,41.42,36.14,2021-04-20,2022-02-14,A,Peripherals,0.05,low,Alicante,ES,student,flat_rate,flexible,B,,,18.64,785.36,218.69,42.133,1,Ana Ferreira
2091,626,149,6,2022-07-06,2022-08-05,2022-08-05,2022-08-05,30,302.1,0.0,6.34,308.44,67.37,241.07,0,0,0,14,Microsoft Peripheral Pro,Microsoft,41.42,36.14,2021-04-20,2022-02-14,A,Peripherals,0.05,low,Madrid,ES,casual,flat_rate,flexible,B,good,0.0,18.64,785.36,218.69,42.133,1,Marco Martins
2092,627,1369,5,2024-09-19,2024-10-19,2024-10-19,2024-10-19,30,255.3,0.0,8.68,263.98,59.23,204.75,0,0,0,14,Microsoft Peripheral Lite,Microsoft,11.15,10.45,2023-11-19,2024-09-14,A,Peripherals,0.05,low,Faro,PT,professional,flat_rate,flexible,A,good,0.0,8.36,787.32,182.53,94.177,1,Catarina Sousa
2093,627,1046,1,2024-11-01,2024-12-01,2024-12-01,2024-12-01,30,202.21,0.0,5.06,207.27,38.82,168.45,0,0,0,14,Microsoft Peripheral Lite,Microsoft,11.15,10.45,2023-11-19,2024-09-14,A,Peripherals,0.05,low,Funchal,PT,professional,flat_rate,7_day,A,excellent,0.0,8.36,787.32,182.53,94.177,1,Nuno Costa
2094,627,2000,6,2024-12-07,2025-01-21,2025-01-21,2025-01-21,45,488.34,0.0,10.26,498.6,84.48,414.12,0,0,0,14,Microsoft Peripheral Lite,Microsoft,11.15,10.45,2023-11-19,2024-09-14,A,Peripherals,0.05,low,Lisboa,PT,professional,flat_rate,flexible,B,good,0.0,8.36,787.32,182.53,94.177,1,Pedro Santos
2095,628,1639,3,2022-07-23,2022-09-06,2022-09-06,2022-09-06,45,143.55,0.0,3.59,147.14,31.58,115.56,0,0,0,14,Anker Peripheral Max,Anker,55.23,49.75,2021-09-10,2022-07-07,A,Peripherals,0.05,low,Leiria,PT,student,flat_rate,30_day,A,good,0.0,24.85,847.58,240.53,34.1078,1,Ana Rodrigues
2096,628,208,5,2022-09-16,2022-10-31,2022-10-31,2022-10-31,45,382.95,0.0,13.02,395.97,70.08,325.89,0,0,0,14,Anker Peripheral Max,Anker,55.23,49.75,2021-09-10,2022-07-07,A,Peripherals,0.05,low,Alicante,ES,professional,flat_rate,flexible,A,good,0.0,24.85,847.58,240.53,34.1078,1,Rui Martins
2097,628,1505,4,2022-11-12,2022-11-26,2022-11-26,2022-11-26,14,73.31,0.0,2.13,75.44,11.8,63.64,0,0,0,14,Anker Peripheral Max,Anker,55.23,49.75,2021-09-10,2022-07-07,A,Peripherals,0.05,low,Aveiro,PT,professional,flat_rate,30_day,B,excellent,0.0,24.85,847.58,240.53,34.1078,1,Fernando López
2098,628,529,5,2022-12-08,2023-01-22,2023-01-22,2023-01-22,45,413.13,0.0,14.05,427.18,84.69,342.49,0,0,0,14,Anker Peripheral Max,Anker,55.23,49.75,2021-09-10,2022-07-07,A,Peripherals,0.05,low,Braga,PT,professional,flat_rate,flexible,A,fair,0.0,24.85,847.58,240.53,34.1078,1,Tiago López
2099,628,1631,5,2023-02-01,2023-03-03,2023-03-03,,30,255.3,0.0,8.68,263.98,42.38,221.6,1,1,0,14,Anker Peripheral Max,Anker,55.23,49.75,2021-09-10,2022-07-07,A,Peripherals,0.05,low,Porto,PT,professional,flat_rate,flexible,A,,,24.85,847.58,240.53,34.1078,1,Diego Sousa
2100,629,475,11,2024-10-23,2024-11-06,2024-11-06,2024-11-06,14,19.46,0.0,0.74,20.2,3.68,16.52,0,0,0,14,Anker Peripheral X,Anker,109.45,102.01,2023-11-29,2024-09-24,C,Peripherals,0.05,low,Leiria,PT,professional,pct_of_retail,flexible,A,excellent,48.36,82.09,623.44,127.28,7.5946,1,Ricardo Jesus
2101,629,1835,2,2024-11-12,2024-12-12,2024-12-15,2024-12-15,30,144.22,21.6,5.91,171.73,25.24,146.49,0,0,1,14,Anker Peripheral X,Anker,109.45,102.01,2023-11-29,2024-09-24,C,Peripherals,0.05,low,Coimbra,PT,casual,flat_rate,7_day,B,good,0.0,82.09,623.44,127.28,7.5946,1,André Costa
2102,629,352,5,2024-12-28,2025-02-26,2025-02-26,2025-02-26,60,540.42,0.0,18.37,558.79,98.36,460.43,0,0,0,14,Anker Peripheral X,Anker,109.45,102.01,2023-11-29,2024-09-24,C,Peripherals,0.05,low,Barcelona,ES,professional,flat_rate,flexible,A,good,29.72,82.09,623.44,127.28,7.5946,1,Elena Oliveira
2103,631,1561,12,2024-10-19,2024-11-02,2024-11-02,2024-11-02,14,2.5,0.0,0.08,2.58,0.43,2.15,0,0,0,14,Logitech Peripheral SE,Logitech,20.99,19.56,2023-11-17,2024-09-12,A,Peripherals,0.05,low,Madrid,ES,professional,pct_of_retail,flexible,B,excellent,0.0,15.74,442.25,133.45,28.0972,1,Nuno Sousa
2104,631,882,5,2024-11-08,2025-01-07,2025-01-07,2025-01-07,60,554.27,0.0,18.85,573.12,133.02,440.1,0,0,0,14,Logitech Peripheral SE,Logitech,20.99,19.56,2023-11-17,2024-09-12,A,Peripherals,0.05,low,Leiria,PT,business,flat_rate,flexible,A,good,46.41,15.74,442.25,133.45,28.0972,1,Luísa Martínez
2105,632,1043,4,2024-10-05,2024-11-19,2024-11-19,2024-11-19,45,209.25,0.0,6.07,215.32,46.45,168.87,0,0,0,14,Microsoft Peripheral X,Microsoft,44.54,42.48,2023-11-10,2024-09-05,A,Peripherals,0.05,low,Évora,PT,casual,flat_rate,30_day,B,excellent,0.0,33.41,400.81,104.16,11.9967,1,André Jesus
2106,632,1743,5,2024-11-29,2024-12-29,2024-12-29,2024-12-29,30,280.13,0.0,9.52,289.65,57.71,231.94,0,0,0,14,Microsoft Peripheral X,Microsoft,44.54,42.48,2023-11-10,2024-09-05,A,Peripherals,0.05,low,Bilbao,ES,casual,flat_rate,flexible,A,excellent,0.0,33.41,400.81,104.16,11.9967,1,Sofia González
2107,633,1673,6,2024-02-03,2024-03-04,2024-03-04,2024-03-04,30,302.1,0.0,6.34,308.44,65.86,242.58,0,0,0,14,Microsoft Peripheral Plus,Microsoft,25.6,23.77,2023-03-25,2024-01-19,A,Peripherals,0.05,low,Faro,PT,student,flat_rate,flexible,B,good,0.0,17.92,872.06,205.91,48.6641,1,Isabel Sánchez
2108,633,485,1,2024-03-18,2024-04-17,2024-04-23,2024-04-23,30,191.1,38.34,4.78,234.22,42.04,192.18,0,0,1,14,Microsoft Peripheral Plus,Microsoft,25.6,23.77,2023-03-25,2024-01-19,A,Peripherals,0.05,low,Zaragoza,ES,professional,flat_rate,7_day,A,damaged,0.0,17.92,872.06,205.91,48.6641,1,Catarina Ferreira
2109,633,1162,4,2024-04-29,2024-05-29,2024-05-29,2024-05-29,30,139.5,0.0,4.05,143.55,34.18,109.37,0,0,0,14,Microsoft Peripheral Plus,Microsoft,25.6,23.77,2023-03-25,2024-01-19,A,Peripherals,0.05,low,Leiria,PT,professional,flat_rate,30_day,B,fair,0.0,17.92,872.06,205.91,48.6641,1,João Sánchez
2110,633,1822,1,2024-06-08,2024-08-07,2024-08-07,2024-08-07,60,382.2,0.0,9.56,391.76,63.83,327.93,0,0,0,14,Microsoft Peripheral Plus,Microsoft,25.6,23.77,2023-03-25,2024-01-19,A,Peripherals,0.05,low,Aveiro,PT,professional,flat_rate,7_day,A,excellent,29.35,17.92,872.06,205.91,48.6641,1,Marco Sánchez
2111,635,1934,5,2023-01-27,2023-02-26,2023-02-26,2023-02-26,30,255.3,0.0,8.68,263.98,58.72,205.26,0,0,0,14,Anker Peripheral SE,Anker,24.41,21.63,2022-03-09,2023-01-03,B,Peripherals,0.05,low,Sevilla,ES,business,flat_rate,flexible,A,fair,0.0,12.21,1205.24,320.51,98.7093,1,Tiago Rodrigues
2112,635,1894,4,2023-03-21,2023-05-05,2023-05-05,2023-05-05,45,209.25,0.0,6.07,215.32,41.43,173.89,0,0,0,14,Anker Peripheral SE,Anker,24.41,21.63,2022-03-09,2023-01-03,B,Peripherals,0.05,low,Setúbal,PT,professional,flat_rate,30_day,B,good,0.0,12.21,1205.24,320.51,98.7093,1,Diego Fernández
2113,635,1162,2,2023-05-13,2023-06-12,2023-06-19,2023-06-19,30,132.0,50.4,5.41,187.81,30.49,157.32,0,0,1,14,Anker Peripheral SE,Anker,24.41,21.63,2022-03-09,2023-01-03,B,Peripherals,0.05,low,Leiria,PT,professional,flat_rate,7_day,B,fair,0.0,12.21,1205.24,320.51,98.7093,1,João Sánchez
2114,635,486,5,2023-07-03,2023-08-17,2023-08-17,,45,382.95,0.0,13.02,395.97,81.57,314.4,1,0,0,14,Anker Peripheral SE,Anker,24.41,21.63,2022-03-09,2023-01-03,B,Peripherals,0.05,low,Aveiro,PT,professional,flat_rate,flexible,A,,,12.21,1205.24,320.51,98.7093,1,Rosa García
2115,635,588,6,2023-08-28,2023-10-12,2023-10-12,2023-10-12,45,453.15,0.0,9.52,462.67,108.3,354.37,0,0,0,14,Anker Peripheral SE,Anker,24.41,21.63,2022-03-09,2023-01-03,B,Peripherals,0.05,low,Bilbao,ES,business,flat_rate,flexible,B,excellent,0.0,12.21,1205.24,320.51,98.7093,1,Rui Martins
2116,636,382,4,2022-09-04,2022-10-19,2022-10-19,2022-10-19,45,209.25,0.0,6.07,215.32,51.89,163.43,0,0,0,14,Logitech Peripheral Max,Logitech,25.67,20.92,2021-10-06,2022-08-02,A,Peripherals,0.05,low,Madrid,ES,professional,flat_rate,30_day,B,damaged,0.0,11.55,956.3,251.96,82.7965,1,Miguel Jesus
2117,636,935,6,2022-10-27,2022-12-11,2022-12-11,2022-12-11,45,453.15,0.0,9.52,462.67,96.52,366.15,0,0,0,14,Logitech Peripheral Max,Logitech,25.67,20.92,2021-10-06,2022-08-02,A,Peripherals,0.05,low,Zaragoza,ES,business,flat_rate,flexible,B,fair,0.0,11.55,956.3,251.96,82.7965,1,Rafael Jesus
2118,636,438,3,2022-12-20,2023-01-19,2023-01-19,2023-01-19,30,105.41,0.0,2.64,108.05,23.51,84.54,0,0,0,14,Logitech Peripheral Max,Logitech,25.67,20.92,2021-10-06,2022-08-02,A,Peripherals,0.05,low,Aveiro,PT,student,flat_rate,30_day,A,good,36.79,11.55,956.3,251.96,82.7965,1,Diego Sánchez
2119,636,646,5,2023-02-22,2023-04-08,2023-04-15,2023-04-15,45,382.95,26.25,13.02,422.22,80.04,342.18,0,0,1,14,Logitech Peripheral Max,Logitech,25.67,20.92,2021-10-06,2022-08-02,A,Peripherals,0.05,low,Setúbal,PT,professional,flat_rate,flexible,A,good,0.0,11.55,956.3,251.96,82.7965,1,Rosa Rodrigues
2120,638,1936,10,2024-12-04,2025-01-03,2025-01-03,2025-01-03,30,14.21,0.0,0.37,14.58,2.57,12.01,0,0,0,14,Microsoft Peripheral Lite,Microsoft,43.93,42.7,2024-01-26,2024-11-21,A,Peripherals,0.05,low,Alicante,ES,student,pct_of_retail,30_day,B,fair,33.31,32.95,12.01,2.57,0.3645,0,Filipa Jesus
2121,639,1536,5,2022-07-08,2022-07-22,2022-07-22,2022-07-22,14,119.14,0.0,4.05,123.19,25.62,97.57,0,0,0,14,Anker Peripheral SE,Anker,79.94,63.56,2021-07-31,2022-05-27,A,Peripherals,0.05,low,Funchal,PT,business,flat_rate,flexible,A,fair,0.0,35.97,783.45,203.44,21.7807,1,João García
2122,639,83,12,2022-08-03,2022-08-17,2022-08-17,2022-08-17,14,9.51,0.0,0.29,9.8,2.03,7.77,0,0,0,14,Anker Peripheral SE,Anker,79.94,63.56,2021-07-31,2022-05-27,A,Peripherals,0.05,low,Porto,PT,professional,pct_of_retail,flexible,B,excellent,0.0,35.97,783.45,203.44,21.7807,1,Miguel Martínez
2123,639,372,5,2022-09-17,2022-10-17,2022-10-17,2022-10-17,30,255.3,0.0,8.68,263.98,58.46,205.52,0,0,0,14,Anker Peripheral SE,Anker,79.94,63.56,2021-07-31,2022-05-27,A,Peripherals,0.05,low,Setúbal,PT,student,flat_rate,flexible,A,good,0.0,35.97,783.45,203.44,21.7807,1,Pablo Fernández
2124,639,1249,3,2022-10-30,2022-12-14,2022-12-16,2022-12-16,45,143.55,13.98,3.59,161.12,22.39,138.73,0,0,1,14,Anker Peripheral SE,Anker,79.94,63.56,2021-07-31,2022-05-27,A,Peripherals,0.05,low,Sevilla,ES,professional,flat_rate,30_day,A,good,0.0,35.97,783.45,203.44,21.7807,1,Filipa Santos
2125,639,672,5,2022-12-26,2023-02-09,2023-02-11,2023-02-11,45,407.45,7.5,13.85,428.8,94.94,333.86,0,0,1,14,Anker Peripheral SE,Anker,79.94,63.56,2021-07-31,2022-05-27,A,Peripherals,0.05,low,Coimbra,PT,professional,flat_rate,flexible,A,good,0.0,35.97,783.45,203.44,21.7807,1,Rosa López
2126,640,1336,3,2024-12-26,2025-02-09,2025-02-09,2025-02-09,45,150.91,0.0,3.77,154.68,24.15,130.53,0,0,0,14,Logitech Peripheral Pro,Logitech,29.33,28.59,2024-03-01,2024-12-26,C,Peripherals,0.05,low,Málaga,ES,business,flat_rate,30_day,A,good,0.0,22.0,130.53,24.15,5.9332,1,Marta Sánchez
2127,641,1298,6,2022-02-01,2022-03-03,2022-03-03,2022-03-03,30,302.1,0.0,6.34,308.44,49.85,258.59,0,0,0,14,Logitech Peripheral Ultra,Logitech,77.42,62.28,2021-02-28,2021-12-25,A,Peripherals,0.05,low,Leiria,PT,student,flat_rate,flexible,B,good,0.0,34.84,1000.57,235.35,28.719,1,Miguel García
2128,641,797,2,2022-03-10,2022-04-09,2022-04-15,,30,132.0,43.2,5.41,180.61,32.47,148.14,1,1,1,14,Logitech Peripheral Ultra,Logitech,77.42,62.28,2021-02-28,2021-12-25,A,Peripherals,0.05,low,Funchal,PT,casual,flat_rate,7_day,B,,,34.84,1000.57,235.35,28.719,1,Sofia Costa
2129,641,744,4,2022-04-29,2022-06-13,2022-06-13,2022-06-13,45,209.25,0.0,6.07,215.32,50.43,164.89,0,0,0,14,Logitech Peripheral Ultra,Logitech,77.42,62.28,2021-02-28,2021-12-25,A,Peripherals,0.05,low,Lisboa,PT,professional,flat_rate,30_day,B,good,0.0,34.84,1000.57,235.35,28.719,1,Sofia Santos
2130,641,233,1,2022-06-24,2022-07-08,2022-07-08,2022-07-08,14,89.18,0.0,2.23,91.41,20.42,70.99,0,0,0,14,Logitech Peripheral Ultra,Logitech,77.42,62.28,2021-02-28,2021-12-25,A,Peripherals,0.05,low,Bilbao,ES,student,flat_rate,7_day,A,excellent,0.0,34.84,1000.57,235.35,28.719,1,Maria Sánchez
2131,641,1687,3,2022-07-15,2022-08-29,2022-08-29,2022-08-29,45,143.55,0.0,3.59,147.14,24.4,122.74,0,0,0,14,Logitech Peripheral Ultra,Logitech,77.42,62.28,2021-02-28,2021-12-25,A,Peripherals,0.05,low,Funchal,PT,casual,flat_rate,30_day,A,good,23.42,34.84,1000.57,235.35,28.719,1,Marco Martins
2132,641,1365,2,2022-09-06,2022-11-05,2022-11-05,2022-11-05,60,264.0,0.0,10.82,274.82,39.6,235.22,0,0,0,14,Logitech Peripheral Ultra,Logitech,77.42,62.28,2021-02-28,2021-12-25,A,Peripherals,0.05,low,Setúbal,PT,student,flat_rate,7_day,B,fair,0.0,34.84,1000.57,235.35,28.719,1,Miguel Rodrigues
2133,641,1554,3,2022-11-13,2022-12-13,2022-12-13,,30,104.46,0.0,2.61,107.07,18.18,88.89,1,1,0,14,Logitech Peripheral Ultra,Logitech,77.42,62.28,2021-02-28,2021-12-25,A,Peripherals,0.05,low,Faro,PT,professional,flat_rate,30_day,A,,,34.84,1000.57,235.35,28.719,1,Isabel Oliveira
2134,642,384,4,2024-12-22,2025-02-05,2025-02-05,2025-02-05,45,236.88,0.0,6.87,243.75,36.48,207.27,0,0,0,14,Anker Peripheral Lite,Anker,66.66,63.16,2024-02-22,2024-12-18,B,Peripherals,0.05,low,Lisboa,PT,business,flat_rate,30_day,B,fair,20.93,49.99,207.27,36.48,4.1462,1,João López
2135,644,937,5,2024-08-12,2024-10-11,2024-10-11,2024-10-11,60,510.6,0.0,17.36,527.96,85.27,442.69,0,0,0,14,Anker Peripheral Lite,Anker,122.79,113.67,2023-10-09,2024-08-04,A,Peripherals,0.05,low,Coimbra,PT,professional,flat_rate,flexible,A,excellent,2.01,92.09,471.42,93.83,5.1191,1,Marco Pereira
2136,644,523,8,2024-10-21,2024-11-20,2024-11-20,2024-11-20,30,36.1,0.0,1.19,37.29,8.56,28.73,0,0,0,14,Anker Peripheral Lite,Anker,122.79,113.67,2023-10-09,2024-08-04,A,Peripherals,0.05,low,Málaga,ES,student,pct_of_retail,7_day,B,fair,0.0,92.09,471.42,93.83,5.1191,1,Rafael Rodrigues
2137,645,1896,5,2024-08-22,2024-10-06,2024-10-06,2024-10-06,45,382.95,0.0,13.02,395.97,67.4,328.57,0,0,0,14,Belkin Peripheral SE,Belkin,69.09,66.59,2023-10-17,2024-08-12,A,Peripherals,0.05,low,Funchal,PT,student,flat_rate,flexible,A,damaged,42.72,51.82,476.23,94.08,9.1901,1,Diogo Sánchez
2138,645,505,4,2024-10-14,2024-11-13,2024-11-13,2024-11-13,30,139.5,0.0,4.05,143.55,21.9,121.65,0,0,0,14,Belkin Peripheral SE,Belkin,69.09,66.59,2023-10-17,2024-08-12,A,Peripherals,0.05,low,Funchal,PT,professional,flat_rate,30_day,B,good,0.0,51.82,476.23,94.08,9.1901,1,Carlos Rodrigues
2139,645,886,11,2024-11-25,2024-12-25,2024-12-25,2024-12-25,30,29.66,0.0,1.13,30.79,4.78,26.01,0,0,0,14,Belkin Peripheral SE,Belkin,69.09,66.59,2023-10-17,2024-08-12,A,Peripherals,0.05,low,Zaragoza,ES,business,pct_of_retail,flexible,A,good,22.85,51.82,476.23,94.08,9.1901,1,Diogo Oliveira
2140,646,1230,2,2022-07-20,2022-09-03,2022-09-03,2022-09-03,45,198.0,0.0,8.12,206.12,42.97,163.15,0,0,0,14,Belkin Peripheral Max,Belkin,43.04,33.25,2021-08-25,2022-06-21,A,Peripherals,0.05,low,Alicante,ES,student,flat_rate,7_day,B,damaged,0.0,19.37,1632.19,501.88,84.2638,1,Elena Santos
2141,646,1582,1,2022-09-12,2022-11-11,2022-11-11,2022-11-11,60,382.2,0.0,9.56,391.76,71.09,320.67,0,0,0,14,Belkin Peripheral Max,Belkin,43.04,33.25,2021-08-25,2022-06-21,A,Peripherals,0.05,low,Faro,PT,professional,flat_rate,7_day,A,excellent,0.0,19.37,1632.19,501.88,84.2638,1,Tiago Martins
2142,646,751,5,2022-11-21,2022-12-21,2022-12-21,2022-12-21,30,293.25,0.0,9.97,303.22,66.27,236.95,0,0,0,14,Belkin Peripheral Max,Belkin,43.04,33.25,2021-08-25,2022-06-21,A,Peripherals,0.05,low,Leiria,PT,business,flat_rate,flexible,A,damaged,0.0,19.37,1632.19,501.88,84.2638,1,Isabel Pereira
2143,646,740,12,2023-01-03,2023-03-04,2023-03-04,2023-03-04,60,21.95,0.0,0.66,22.61,5.42,17.19,0,0,0,14,Belkin Peripheral Max,Belkin,43.04,33.25,2021-08-25,2022-06-21,A,Peripherals,0.05,low,Aveiro,PT,business,pct_of_retail,flexible,B,good,0.0,19.37,1632.19,501.88,84.2638,1,Beatriz Jesus
2144,646,571,6,2023-03-18,2023-05-02,2023-05-02,2023-05-02,45,453.15,0.0,9.52,462.67,101.05,361.62,0,0,0,14,Belkin Peripheral Max,Belkin,43.04,33.25,2021-08-25,2022-06-21,A,Peripherals,0.05,low,Funchal,PT,casual,flat_rate,flexible,B,good,0.0,19.37,1632.19,501.88,84.2638,1,Elena Martins
2145,646,212,4,2023-05-11,2023-06-25,2023-06-25,2023-06-25,45,209.25,0.0,6.07,215.32,47.5,167.82,0,0,0,14,Belkin Peripheral Max,Belkin,43.04,33.25,2021-08-25,2022-06-21,A,Peripherals,0.05,low,Coimbra,PT,professional,flat_rate,30_day,B,good,0.0,19.37,1632.19,501.88,84.2638,1,Elena Costa
2146,646,1001,6,2023-07-03,2023-08-17,2023-08-17,2023-08-17,45,453.15,0.0,9.52,462.67,97.88,364.79,0,0,0,14,Belkin Peripheral Max,Belkin,43.04,33.25,2021-08-25,2022-06-21,A,Peripherals,0.05,low,Aveiro,PT,casual,flat_rate,flexible,B,good,0.0,19.37,1632.19,501.88,84.2638,1,Rui Oliveira
2147,646,1975,5,2023-08-22,2023-10-06,2023-10-06,,45,382.95,0.0,13.02,395.97,69.7,326.27,1,1,0,14,Belkin Peripheral Max,Belkin,43.04,33.25,2021-08-25,2022-06-21,A,Peripherals,0.05,low,Leiria,PT,professional,flat_rate,flexible,A,,,19.37,1632.19,501.88,84.2638,1,Luísa Oliveira
2148,647,419,1,2023-06-02,2023-08-01,2023-08-01,2023-08-01,60,382.2,0.0,9.56,391.76,83.7,308.06,0,0,0,14,Microsoft Peripheral Plus,Microsoft,73.17,63.44,2022-07-27,2023-05-23,A,Peripherals,0.05,low,Madrid,ES,professional,flat_rate,7_day,A,fair,0.0,43.9,598.46,151.1,13.6323,1,Miguel Rodrigues
2149,647,198,3,2023-08-14,2023-08-28,2023-08-28,2023-08-28,14,44.66,0.0,1.12,45.78,6.97,38.81,0,0,0,14,Microsoft Peripheral Plus,Microsoft,73.17,63.44,2022-07-27,2023-05-23,A,Peripherals,0.05,low,Funchal,PT,professional,flat_rate,30_day,A,fair,0.0,43.9,598.46,151.1,13.6323,1,Marta Martins
2150,647,1278,8,2023-09-05,2023-11-04,2023-11-04,2023-11-04,60,43.02,0.0,1.42,44.44,6.5,37.94,0,0,0,14,Microsoft Peripheral Plus,Microsoft,73.17,63.44,2022-07-27,2023-05-23,A,Peripherals,0.05,low,Braga,PT,professional,pct_of_retail,7_day,B,good,0.0,43.9,598.46,151.1,13.6323,1,Catarina García
2151,647,1474,10,2023-11-10,2024-01-09,2024-01-14,2024-01-14,60,46.68,25.6,1.21,73.49,10.74,62.75,0,0,1,14,Microsoft Peripheral Plus,Microsoft,73.17,63.44,2022-07-27,2023-05-23,A,Peripherals,0.05,low,Zaragoza,ES,casual,pct_of_retail,30_day,B,excellent,0.0,43.9,598.46,151.1,13.6323,1,Inês Santos
2152,647,1616,11,2024-01-22,2024-02-05,2024-02-05,2024-02-05,14,13.01,0.0,0.49,13.5,1.98,11.52,0,0,0,14,Microsoft Peripheral Plus,Microsoft,73.17,63.44,2022-07-27,2023-05-23,A,Peripherals,0.05,low,Aveiro,PT,casual,pct_of_retail,flexible,A,excellent,0.0,43.9,598.46,151.1,13.6323,1,Fernando López
2153,647,1414,3,2024-02-10,2024-03-26,2024-03-26,2024-03-26,45,143.55,0.0,3.59,147.14,35.6,111.54,0,0,0,14,Microsoft Peripheral Plus,Microsoft,73.17,63.44,2022-07-27,2023-05-23,A,Peripherals,0.05,low,Madrid,ES,business,flat_rate,30_day,A,fair,39.39,43.9,598.46,151.1,13.6323,1,Rui Martins
2154,647,1441,10,2024-04-03,2024-05-18,2024-05-18,2024-05-18,45,32.6,0.0,0.85,33.45,5.61,27.84,0,0,0,14,Microsoft Peripheral Plus,Microsoft,73.17,63.44,2022-07-27,2023-05-23,A,Peripherals,0.05,low,Faro,PT,professional,pct_of_retail,30_day,B,fair,0.0,43.9,598.46,151.1,13.6323,1,Filipa González
2155,650,121,3,2024-03-30,2024-05-29,2024-05-29,2024-05-29,60,191.4,0.0,4.78,196.18,29.67,166.51,0,0,0,14,Logitech Peripheral Lite,Logitech,10.99,10.45,2023-05-10,2024-03-05,A,Peripherals,0.05,low,Lisboa,PT,casual,flat_rate,30_day,A,good,0.0,7.69,986.79,244.65,128.3212,1,Isabel Oliveira
2156,650,1043,6,2024-06-05,2024-08-04,2024-08-04,2024-08-04,60,604.2,0.0,12.69,616.89,124.47,492.42,0,0,0,14,Logitech Peripheral Lite,Logitech,10.99,10.45,2023-05-10,2024-03-05,A,Peripherals,0.05,low,Évora,PT,casual,flat_rate,flexible,B,excellent,0.0,7.69,986.79,244.65,128.3212,1,André Jesus
2157,650,1327,2,2024-08-13,2024-09-12,2024-09-12,2024-09-12,30,132.0,0.0,5.41,137.41,28.12,109.29,0,0,0,14,Logitech Peripheral Lite,Logitech,10.99,10.45,2023-05-10,2024-03-05,A,Peripherals,0.05,low,Barcelona,ES,student,flat_rate,7_day,B,fair,0.0,7.69,986.79,244.65,128.3212,1,Marco González
2158,650,714,4,2024-09-18,2024-10-18,2024-10-18,2024-10-18,30,139.5,0.0,4.05,143.55,31.11,112.44,0,0,0,14,Logitech Peripheral Lite,Logitech,10.99,10.45,2023-05-10,2024-03-05,A,Peripherals,0.05,low,Braga,PT,business,flat_rate,30_day,B,excellent,0.0,7.69,986.79,244.65,128.3212,1,Lucia Costa
2159,650,1732,2,2024-10-26,2024-11-25,2024-11-25,2024-11-25,30,132.0,0.0,5.41,137.41,31.28,106.13,0,0,0,14,Logitech Peripheral Lite,Logitech,10.99,10.45,2023-05-10,2024-03-05,A,Peripherals,0.05,low,Lisboa,PT,business,flat_rate,7_day,B,good,0.0,7.69,986.79,244.65,128.3212,1,Diogo Santos
2160,652,727,10,2022-08-20,2022-09-03,2022-09-03,2022-09-03,14,8.37,0.0,0.22,8.59,1.96,6.63,0,0,0,14,Microsoft Peripheral Plus,Microsoft,60.37,54.35,2021-09-05,2022-07-02,B,Peripherals,0.05,low,Funchal,PT,casual,pct_of_retail,30_day,B,damaged,0.0,27.17,927.31,259.26,34.1299,1,Carmen Costa
2161,652,159,2,2022-09-11,2022-10-11,2022-10-11,,30,132.0,0.0,5.41,137.41,29.3,108.11,1,1,0,14,Microsoft Peripheral Plus,Microsoft,60.37,54.35,2021-09-05,2022-07-02,B,Peripherals,0.05,low,Barcelona,ES,professional,flat_rate,7_day,B,,,27.17,927.31,259.26,34.1299,1,Tiago Ferreira
2162,652,1827,6,2022-11-04,2022-12-04,2022-12-04,2022-12-04,30,326.95,0.0,6.87,333.82,60.49,273.33,0,0,0,14,Microsoft Peripheral Plus,Microsoft,60.37,54.35,2021-09-05,2022-07-02,B,Peripherals,0.05,low,Évora,PT,casual,flat_rate,flexible,B,excellent,0.0,27.17,927.31,259.26,34.1299,1,Rui Santos
2163,652,1427,6,2022-12-17,2023-02-15,2023-02-15,2023-02-15,60,692.21,0.0,14.54,706.75,167.51,539.24,0,0,0,14,Microsoft Peripheral Plus,Microsoft,60.37,54.35,2021-09-05,2022-07-02,B,Peripherals,0.05,low,Madrid,ES,business,flat_rate,flexible,B,good,0.0,27.17,927.31,259.26,34.1299,1,Diogo Pereira
2164,653,60,1,2022-09-14,2022-09-28,2022-09-28,2022-09-28,14,89.18,0.0,2.23,91.41,21.49,69.92,0,0,0,14,Microsoft Peripheral Max,Microsoft,26.83,24.29,2021-11-04,2022-08-31,C,Peripherals,0.05,low,Braga,PT,professional,flat_rate,7_day,A,excellent,0.0,12.07,453.49,122.35,37.5717,1,Carlos Martínez
2165,653,227,11,2022-10-06,2022-11-05,2022-11-05,,30,10.22,0.0,0.39,10.61,2.52,8.09,1,1,0,14,Microsoft Peripheral Max,Microsoft,26.83,24.29,2021-11-04,2022-08-31,C,Peripherals,0.05,low,Zaragoza,ES,professional,pct_of_retail,flexible,A,,,12.07,453.49,122.35,37.5717,1,Miguel Pereira
2166,653,1134,1,2022-11-19,2023-01-03,2023-01-03,2023-01-03,45,321.33,0.0,8.03,329.36,71.01,258.35,0,0,0,14,Microsoft Peripheral Max,Microsoft,26.83,24.29,2021-11-04,2022-08-31,C,Peripherals,0.05,low,Leiria,PT,professional,flat_rate,7_day,A,excellent,0.0,12.07,453.49,122.35,37.5717,1,Ana Sánchez
2167,653,1900,2,2023-01-09,2023-02-08,2023-02-08,2023-02-08,30,132.0,0.0,5.41,137.41,25.87,111.54,0,0,0,14,Microsoft Peripheral Max,Microsoft,26.83,24.29,2021-11-04,2022-08-31,C,Peripherals,0.05,low,Málaga,ES,student,flat_rate,7_day,B,fair,0.0,12.07,453.49,122.35,37.5717,1,Diogo Martínez
2168,653,729,12,2023-02-13,2023-03-15,2023-03-15,2023-03-15,30,6.84,0.0,0.21,7.05,1.46,5.59,0,0,0,14,Microsoft Peripheral Max,Microsoft,26.83,24.29,2021-11-04,2022-08-31,C,Peripherals,0.05,low,Évora,PT,student,pct_of_retail,flexible,B,damaged,0.0,12.07,453.49,122.35,37.5717,1,Fernando Pereira
2169,654,1365,1,2024-07-03,2024-07-17,2024-07-17,2024-07-17,14,89.18,0.0,2.23,91.41,13.56,77.85,0,0,0,14,Belkin Peripheral Plus,Belkin,16.96,15.83,2023-07-18,2024-05-13,A,Peripherals,0.05,low,Setúbal,PT,student,flat_rate,7_day,A,good,0.0,12.72,430.86,123.22,33.8726,1,Miguel Rodrigues
2170,654,11,6,2024-08-15,2024-09-29,2024-09-29,,45,453.15,0.0,9.52,462.67,109.66,353.01,1,0,0,14,Belkin Peripheral Plus,Belkin,16.96,15.83,2023-07-18,2024-05-13,A,Peripherals,0.05,low,Faro,PT,professional,flat_rate,flexible,B,,,12.72,430.86,123.22,33.8726,1,André Costa
2171,655,624,3,2024-03-30,2024-04-29,2024-04-29,2024-04-29,30,95.7,0.0,2.39,98.09,22.01,76.08,0,0,0,14,Belkin Peripheral,Belkin,18.22,17.25,2023-03-21,2024-01-15,C,Peripherals,0.05,low,Setúbal,PT,student,flat_rate,30_day,A,excellent,0.0,12.75,76.08,22.01,5.9671,1,Diogo Fernández
2172,656,318,3,2023-02-20,2023-03-22,2023-03-29,2023-03-29,30,95.7,48.93,2.39,147.02,22.68,124.34,0,0,1,14,Belkin Peripheral Pro,Belkin,11.36,10.43,2022-04-08,2023-02-02,B,Peripherals,0.05,low,Porto,PT,professional,flat_rate,30_day,A,fair,43.15,5.68,678.67,144.27,119.4842,1,Catarina Pereira
2173,656,1155,1,2023-04-08,2023-05-23,2023-05-23,2023-05-23,45,286.65,0.0,7.17,293.82,50.16,243.66,0,0,0,14,Belkin Peripheral Pro,Belkin,11.36,10.43,2022-04-08,2023-02-02,B,Peripherals,0.05,low,Leiria,PT,student,flat_rate,7_day,A,excellent,0.0,5.68,678.67,144.27,119.4842,1,João Sánchez
2174,656,528,3,2023-06-04,2023-07-19,2023-07-19,2023-07-19,45,143.55,0.0,3.59,147.14,22.82,124.32,0,0,0,14,Belkin Peripheral Pro,Belkin,11.36,10.43,2022-04-08,2023-02-02,B,Peripherals,0.05,low,Braga,PT,business,flat_rate,30_day,A,good,0.0,5.68,678.67,144.27,119.4842,1,Sofia López
2175,656,1409,1,2023-07-29,2023-08-12,2023-08-12,2023-08-12,14,89.18,0.0,2.23,91.41,16.94,74.47,0,0,0,14,Belkin Peripheral Pro,Belkin,11.36,10.43,2022-04-08,2023-02-02,B,Peripherals,0.05,low,Coimbra,PT,professional,flat_rate,7_day,A,excellent,0.0,5.68,678.67,144.27,119.4842,1,Sara Ferreira
2176,656,808,4,2023-08-19,2023-09-18,2023-09-18,2023-09-18,30,139.5,0.0,4.05,143.55,31.67,111.88,0,0,0,14,Belkin Peripheral Pro,Belkin,11.36,10.43,2022-04-08,2023-02-02,B,Peripherals,0.05,low,Bilbao,ES,professional,flat_rate,30_day,B,fair,0.0,5.68,678.67,144.27,119.4842,1,João Silva
2177,657,1756,5,2024-03-07,2024-04-06,2024-04-12,2024-04-12,30,255.3,22.5,8.68,286.48,60.76,225.72,0,0,1,14,Logitech Peripheral X,Logitech,47.98,43.68,2023-04-25,2024-02-19,A,Peripherals,0.05,low,Madrid,ES,casual,flat_rate,flexible,A,excellent,0.0,33.59,395.3,98.86,11.7684,1,Pedro Silva
2178,657,1480,2,2024-04-18,2024-05-02,2024-05-02,2024-05-02,14,61.6,0.0,2.53,64.13,12.01,52.12,0,0,0,14,Logitech Peripheral X,Logitech,47.98,43.68,2023-04-25,2024-02-19,A,Peripherals,0.05,low,Setúbal,PT,casual,flat_rate,7_day,B,good,24.02,33.59,395.3,98.86,11.7684,1,Maria López
2179,657,1159,4,2024-05-16,2024-06-15,2024-06-15,2024-06-15,30,139.5,0.0,4.05,143.55,26.09,117.46,0,0,0,14,Logitech Peripheral X,Logitech,47.98,43.68,2023-04-25,2024-02-19,A,Peripherals,0.05,low,Braga,PT,business,flat_rate,30_day,B,excellent,0.0,33.59,395.3,98.86,11.7684,1,Sara López
2180,658,507,5,2023-09-13,2023-09-27,2023-09-27,2023-09-27,14,119.14,0.0,4.05,123.19,20.25,102.94,0,0,0,14,Anker Peripheral SE,Anker,68.31,61.84,2022-10-24,2023-08-20,A,Peripherals,0.05,low,Valencia,ES,student,flat_rate,flexible,A,good,0.0,40.99,451.86,87.23,11.0237,1,Miguel Sousa
2181,658,1401,3,2023-10-07,2023-11-21,2023-11-21,2023-11-21,45,143.55,0.0,3.59,147.14,22.68,124.46,0,0,0,14,Anker Peripheral SE,Anker,68.31,61.84,2022-10-24,2023-08-20,A,Peripherals,0.05,low,Málaga,ES,business,flat_rate,30_day,A,good,0.0,40.99,451.86,87.23,11.0237,1,Tiago Costa
2182,658,1279,10,2023-11-26,2024-01-10,2024-01-17,2024-01-17,45,34.2,35.84,0.89,70.93,7.35,63.58,0,0,1,14,Anker Peripheral SE,Anker,68.31,61.84,2022-10-24,2023-08-20,A,Peripherals,0.05,low,Coimbra,PT,business,pct_of_retail,30_day,B,good,0.0,40.99,451.86,87.23,11.0237,1,Rui Sousa
2183,658,779,8,2024-01-30,2024-03-15,2024-03-15,2024-03-15,45,30.12,0.0,0.99,31.11,4.91,26.2,0,0,0,14,Anker Peripheral SE,Anker,68.31,61.84,2022-10-24,2023-08-20,A,Peripherals,0.05,low,Lisboa,PT,casual,pct_of_retail,7_day,B,excellent,49.51,40.99,451.86,87.23,11.0237,1,Catarina Martins
2184,658,750,9,2024-03-25,2024-04-24,2024-04-24,2024-04-24,30,22.54,0.0,0.63,23.17,3.72,19.45,0,0,0,14,Anker Peripheral SE,Anker,68.31,61.84,2022-10-24,2023-08-20,A,Peripherals,0.05,low,Porto,PT,professional,pct_of_retail,30_day,A,damaged,0.0,40.99,451.86,87.23,11.0237,1,Isabel Rodrigues
2185,658,496,4,2024-05-03,2024-06-02,2024-06-02,2024-06-02,30,139.5,0.0,4.05,143.55,28.32,115.23,0,0,0,14,Anker Peripheral SE,Anker,68.31,61.84,2022-10-24,2023-08-20,A,Peripherals,0.05,low,Coimbra,PT,professional,flat_rate,30_day,B,fair,0.0,40.99,451.86,87.23,11.0237,1,Marta Sánchez
2186,659,1346,5,2023-08-01,2023-08-15,2023-08-15,,14,119.14,0.0,4.05,123.19,26.69,96.5,1,1,0,14,Logitech Peripheral Pro,Logitech,79.37,67.28,2022-08-30,2023-06-26,B,Peripherals,0.05,low,Bilbao,ES,business,flat_rate,flexible,A,,,47.62,1335.83,324.69,28.0519,1,Catarina Sousa
2187,659,1786,1,2023-08-25,2023-09-08,2023-09-08,2023-09-08,14,89.18,0.0,2.23,91.41,14.45,76.96,0,0,0,14,Logitech Peripheral Pro,Logitech,79.37,67.28,2022-08-30,2023-06-26,B,Peripherals,0.05,low,Setúbal,PT,business,flat_rate,7_day,A,good,0.0,47.62,1335.83,324.69,28.0519,1,Carmen Santos
2188,659,1698,6,2023-09-17,2023-10-17,2023-10-17,2023-10-17,30,302.1,0.0,6.34,308.44,56.19,252.25,0,0,0,14,Logitech Peripheral Pro,Logitech,79.37,67.28,2022-08-30,2023-06-26,B,Peripherals,0.05,low,Braga,PT,student,flat_rate,flexible,B,excellent,0.0,47.62,1335.83,324.69,28.0519,1,Nuno González
2189,659,616,3,2023-10-30,2023-12-29,2023-12-29,2023-12-29,60,191.4,0.0,4.78,196.18,32.54,163.64,0,0,0,14,Logitech Peripheral Pro,Logitech,79.37,67.28,2022-08-30,2023-06-26,B,Peripherals,0.05,low,Évora,PT,casual,flat_rate,30_day,A,damaged,0.0,47.62,1335.83,324.69,28.0519,1,Diogo Martínez
2190,659,1657,5,2024-01-04,2024-02-03,2024-02-03,2024-02-03,30,255.3,0.0,8.68,263.98,61.02,202.96,0,0,0,14,Logitech Peripheral Pro,Logitech,79.37,67.28,2022-08-30,2023-06-26,B,Peripherals,0.05,low,Valencia,ES,professional,flat_rate,flexible,A,good,0.0,47.62,1335.83,324.69,28.0519,1,Diogo Martins
2191,659,724,5,2024-02-17,2024-04-02,2024-04-02,2024-04-02,45,382.95,0.0,13.02,395.97,76.59,319.38,0,0,0,14,Logitech Peripheral Pro,Logitech,79.37,67.28,2022-08-30,2023-06-26,B,Peripherals,0.05,low,Aveiro,PT,student,flat_rate,flexible,A,good,0.0,47.62,1335.83,324.69,28.0519,1,Sara Ferreira
2192,659,1787,6,2024-04-11,2024-04-25,2024-04-25,2024-04-25,14,140.98,0.0,2.96,143.94,29.89,114.05,0,0,0,14,Logitech Peripheral Pro,Logitech,79.37,67.28,2022-08-30,2023-06-26,B,Peripherals,0.05,low,Madrid,ES,student,flat_rate,flexible,B,good,0.0,47.62,1335.83,324.69,28.0519,1,Maria Santos
2193,659,1641,2,2024-05-07,2024-06-06,2024-06-06,2024-06-06,30,132.0,0.0,5.41,137.41,27.32,110.09,0,0,0,14,Logitech Peripheral Pro,Logitech,79.37,67.28,2022-08-30,2023-06-26,B,Peripherals,0.05,low,Faro,PT,professional,flat_rate,7_day,B,good,0.0,47.62,1335.83,324.69,28.0519,1,Luísa Sousa
2194,660,882,1,2023-08-04,2023-09-03,2023-09-06,2023-09-06,30,191.1,19.17,4.78,215.05,39.75,175.3,0,0,1,14,Anker Peripheral X,Anker,19.49,16.94,2022-07-31,2023-05-27,B,Peripherals,0.05,low,Leiria,PT,business,flat_rate,7_day,A,damaged,4.41,11.69,708.67,178.35,60.6219,1,Luísa Martínez
2195,660,867,5,2023-09-18,2023-10-18,2023-10-18,2023-10-18,30,255.3,0.0,8.68,263.98,59.23,204.75,0,0,0,14,Anker Peripheral X,Anker,19.49,16.94,2022-07-31,2023-05-27,B,Peripherals,0.05,low,Faro,PT,professional,flat_rate,flexible,A,good,0.0,11.69,708.67,178.35,60.6219,1,Nuno Costa
2196,660,498,11,2023-10-26,2023-11-25,2023-11-25,2023-11-25,30,7.43,0.0,0.28,7.71,1.28,6.43,0,0,0,14,Anker Peripheral X,Anker,19.49,16.94,2022-07-31,2023-05-27,B,Peripherals,0.05,low,Málaga,ES,student,pct_of_retail,flexible,A,excellent,0.0,11.69,708.67,178.35,60.6219,1,Catarina Jesus
2197,660,142,5,2023-11-30,2023-12-30,2023-12-30,2023-12-30,30,292.25,0.0,9.94,302.19,59.91,242.28,0,0,0,14,Anker Peripheral X,Anker,19.49,16.94,2022-07-31,2023-05-27,B,Peripherals,0.05,low,Setúbal,PT,professional,flat_rate,flexible,A,fair,0.0,11.69,708.67,178.35,60.6219,1,Sara Rodrigues
2198,660,1554,3,2024-01-05,2024-02-04,2024-02-04,2024-02-04,30,95.7,0.0,2.39,98.09,18.18,79.91,0,0,0,14,Anker Peripheral X,Anker,19.49,16.94,2022-07-31,2023-05-27,B,Peripherals,0.05,low,Faro,PT,professional,flat_rate,30_day,A,fair,0.0,11.69,708.67,178.35,60.6219,1,Isabel Oliveira
