event_id,product_id,event_type,event_date,price_at_event,notes
1,1,listed,2022-06-28,525.0,Initial stock entry
2,1,price_reduced,2023-01-23,470.14,Seasonal markdown to 470.14E
3,1,rental_eligible,2023-06-28,525.0,Crossed 12-month threshold -- eligible for rental program
4,1,sold,2023-06-28,404.34,Final sale
5,2,listed,2024-05-09,735.0,Initial stock entry
6,2,sold,2025-01-23,426.26,Final sale
7,3,listed,2024-02-18,525.0,Initial stock entry
8,3,price_reduced,2024-08-29,423.05,Seasonal markdown to 423.05E
9,3,rental_eligible,2025-02-17,525.0,Crossed 12-month threshold -- eligible for rental program
10,3,sold,2025-02-08,299.89,Final sale
11,4,listed,2024-01-11,1515.0,Initial stock entry
12,4,price_reduced,2024-08-01,1138.77,Seasonal markdown to 1138.77E
13,4,rental_eligible,2025-01-10,1515.0,Crossed 12-month threshold -- eligible for rental program
14,4,rented_out,2025-02-09,1515.0,Assigned to rental program
15,5,listed,2024-01-18,1295.0,Initial stock entry
16,5,price_reduced,2024-11-13,966.15,Seasonal markdown to 966.15E
17,5,rental_eligible,2025-01-17,1295.0,Crossed 12-month threshold -- eligible for rental program
18,5,sold,2024-08-22,1084.41,Final sale
19,6,listed,2023-03-26,1135.0,Initial stock entry
20,6,price_reduced,2023-10-28,862.05,Seasonal markdown to 862.05E
21,6,rental_eligible,2024-03-25,1135.0,Crossed 12-month threshold -- eligible for rental program
22,6,sold,2024-10-17,998.02,Final sale
23,7,listed,2023-10-07,2225.0,Initial stock entry
24,7,rental_eligible,2024-10-06,2225.0,Crossed 12-month threshold -- eligible for rental program
25,8,listed,2024-03-28,1585.0,Initial stock entry
26,8,price_reduced,2025-01-20,1147.25,Seasonal markdown to 1147.25E
27,8,rental_eligible,2025-03-28,1585.0,Crossed 12-month threshold -- eligible for rental program
28,8,sold,2025-02-18,1085.92,Final sale
29,9,listed,2024-05-14,2040.0,Initial stock entry
30,9,sold,2025-04-01,1543.79,Final sale
31,10,listed,2023-11-28,1950.0,Initial stock entry
32,10,price_reduced,2024-10-27,1444.24,Seasonal markdown to 1444.24E
33,10,rental_eligible,2024-11-27,1950.0,Crossed 12-month threshold -- eligible for rental program
34,10,sold,2024-06-15,1275.53,Final sale
35,11,listed,2023-09-04,2215.0,Initial stock entry
36,11,rental_eligible,2024-09-03,2215.0,Crossed 12-month threshold -- eligible for rental program
37,11,sold,2023-11-04,1439.77,Final sale
38,12,listed,2022-08-18,1375.0,Initial stock entry
39,12,price_reduced,2023-04-10,1078.35,Seasonal markdown to 1078.35E
40,12,rental_eligible,2023-08-18,1375.0,Crossed 12-month threshold -- eligible for rental program
41,12,sold,2025-02-27,1243.53,Final sale
42,13,listed,2024-08-31,580.0,Initial stock entry
43,13,sold,2024-11-30,534.46,Final sale
44,14,listed,2024-06-16,1730.0,Initial stock entry
45,14,sold,2024-10-17,1284.02,Final sale
46,15,listed,2022-01-15,1595.0,Initial stock entry
47,15,price_reduced,2022-11-12,1277.92,Seasonal markdown to 1277.92E
48,15,rental_eligible,2023-01-15,1595.0,Crossed 12-month threshold -- eligible for rental program
49,15,sold,2023-02-07,1460.12,Final sale
50,16,listed,2023-03-15,1770.0,Initial stock entry
51,16,rental_eligible,2024-03-14,1770.0,Crossed 12-month threshold -- eligible for rental program
52,16,sold,2024-04-09,1606.24,Final sale
53,17,listed,2024-04-21,1080.0,Initial stock entry
54,17,sold,2025-01-19,689.4,Final sale
55,18,listed,2024-07-07,715.0,Initial stock entry
56,18,price_reduced,2025-02-27,526.81,Seasonal markdown to 526.81E
57,18,sold,2025-01-28,413.39,Final sale
58,19,listed,2022-01-31,1735.0,Initial stock entry
59,19,price_reduced,2022-11-20,1454.45,Seasonal markdown to 1454.45E
60,19,rental_eligible,2023-01-31,1735.0,Crossed 12-month threshold -- eligible for rental program
61,19,sold,2024-06-15,1209.33,Final sale
62,20,listed,2024-03-10,1135.0,Initial stock entry
63,20,rental_eligible,2025-03-10,1135.0,Crossed 12-month threshold -- eligible for rental program
64,20,sold,2024-09-23,996.56,Final sale
65,21,listed,2022-05-05,1575.0,Initial stock entry
66,21,rental_eligible,2023-05-05,1575.0,Crossed 12-month threshold -- eligible for rental program
67,21,sold,2022-09-14,938.21,Final sale
68,22,listed,2023-04-27,1610.0,Initial stock entry
69,22,rental_eligible,2024-04-26,1610.0,Crossed 12-month threshold -- eligible for rental program
70,22,sold,2023-09-13,1143.6,Final sale
71,23,listed,2023-02-23,2355.0,Initial stock entry
72,23,rental_eligible,2024-02-23,2355.0,Crossed 12-month threshold -- eligible for rental program
73,23,sold,2023-10-03,1605.27,Final sale
74,24,listed,2022-07-24,320.0,Initial stock entry
75,24,rental_eligible,2023-07-24,320.0,Crossed 12-month threshold -- eligible for rental program
76,24,sold,2024-01-13,188.62,Final sale
77,25,listed,2023-09-12,645.0,Initial stock entry
78,25,rental_eligible,2024-09-11,645.0,Crossed 12-month threshold -- eligible for rental program
79,25,sold,2024-11-02,625.7,Final sale
80,26,listed,2022-11-15,1930.0,Initial stock entry
81,26,rental_eligible,2023-11-15,1930.0,Crossed 12-month threshold -- eligible for rental program
82,26,sold,2024-01-26,1572.92,Final sale
83,27,listed,2024-05-17,500.0,Initial stock entry
84,27,price_reduced,2024-12-22,372.45,Seasonal markdown to 372.45E
85,27,sold,2025-01-04,305.72,Final sale
86,28,listed,2022-08-18,1535.0,Initial stock entry
87,28,rental_eligible,2023-08-18,1535.0,Crossed 12-month threshold -- eligible for rental program
88,28,sold,2023-06-07,1458.09,Final sale
89,29,listed,2022-03-23,975.0,Initial stock entry
90,29,rental_eligible,2023-03-23,975.0,Crossed 12-month threshold -- eligible for rental program
91,29,sold,2024-09-18,651.2,Final sale
92,30,listed,2023-04-30,2335.0,Initial stock entry
93,30,rental_eligible,2024-04-29,2335.0,Crossed 12-month threshold -- eligible for rental program
94,30,sold,2023-07-22,1924.78,Final sale
95,31,listed,2022-03-21,535.0,Initial stock entry
96,31,rental_eligible,2023-03-21,535.0,Crossed 12-month threshold -- eligible for rental program
97,31,sold,2022-06-18,460.25,Final sale
98,32,listed,2023-07-25,1175.0,Initial stock entry
99,32,price_reduced,2024-06-05,962.46,Seasonal markdown to 962.46E
100,32,rental_eligible,2024-07-24,1175.0,Crossed 12-month threshold -- eligible for rental program
101,33,listed,2023-06-28,2415.0,Initial stock entry
102,33,price_reduced,2024-02-21,1969.4,Seasonal markdown to 1969.4E
103,33,rental_eligible,2024-06-27,2415.0,Crossed 12-month threshold -- eligible for rental program
104,33,sold,2025-01-22,2312.76,Final sale
105,34,listed,2024-06-12,860.0,Initial stock entry
106,34,sold,2025-01-02,536.36,Final sale
107,35,listed,2022-09-13,1760.0,Initial stock entry
108,35,rental_eligible,2023-09-13,1760.0,Crossed 12-month threshold -- eligible for rental program
109,35,sold,2024-04-18,1438.81,Final sale
110,36,listed,2024-02-16,1225.0,Initial stock entry
111,36,rental_eligible,2025-02-15,1225.0,Crossed 12-month threshold -- eligible for rental program
112,36,sold,2024-08-12,1172.41,Final sale
113,37,listed,2023-10-22,760.0,Initial stock entry
114,37,price_reduced,2024-07-03,591.26,Seasonal markdown to 591.26E
115,37,rental_eligible,2024-10-21,760.0,Crossed 12-month threshold -- eligible for rental program
116,37,sold,2024-12-01,738.76,Final sale
117,38,listed,2023-11-18,1690.0,Initial stock entry
118,38,rental_eligible,2024-11-17,1690.0,Crossed 12-month threshold -- eligible for rental program
119,38,sold,2024-05-18,1400.44,Final sale
120,39,listed,2022-05-30,2465.0,Initial stock entry
121,39,rental_eligible,2023-05-30,2465.0,Crossed 12-month threshold -- eligible for rental program
122,39,sold,2024-11-04,2098.94,Final sale
123,40,listed,2022-08-07,310.0,Initial stock entry
124,40,rental_eligible,2023-08-07,310.0,Crossed 12-month threshold -- eligible for rental program
125,40,sold,2024-04-24,222.21,Final sale
126,41,listed,2024-08-09,590.0,Initial stock entry
127,41,price_reduced,2025-03-06,516.47,Seasonal markdown to 516.47E
128,42,listed,2024-08-30,1935.0,Initial stock entry
129,42,sold,2025-02-01,1350.37,Final sale
130,43,listed,2023-07-11,930.0,Initial stock entry
131,43,rental_eligible,2024-07-10,930.0,Crossed 12-month threshold -- eligible for rental program
132,43,sold,2024-07-31,827.15,Final sale
133,44,listed,2024-04-14,440.0,Initial stock entry
134,44,price_reduced,2025-02-20,373.29,Seasonal markdown to 373.29E
135,44,sold,2025-03-13,252.17,Final sale
136,45,listed,2024-02-19,2185.0,Initial stock entry
137,45,price_reduced,2024-12-07,1855.15,Seasonal markdown to 1855.15E
138,45,rental_eligible,2025-02-18,2185.0,Crossed 12-month threshold -- eligible for rental program
139,45,sold,2024-11-11,1920.63,Final sale
140,46,listed,2024-06-11,780.0,Initial stock entry
141,46,sold,2024-08-17,716.82,Final sale
142,47,listed,2022-02-25,2295.0,Initial stock entry
143,47,price_reduced,2023-01-09,1692.58,Seasonal markdown to 1692.58E
144,47,rental_eligible,2023-02-25,2295.0,Crossed 12-month threshold -- eligible for rental program
145,47,sold,2024-10-07,2190.4,Final sale
146,48,listed,2023-11-23,1300.0,Initial stock entry
147,48,rental_eligible,2024-11-22,1300.0,Crossed 12-month threshold -- eligible for rental program
148,48,sold,2024-06-08,1154.11,Final sale
149,49,listed,2022-03-24,1730.0,Initial stock entry
150,49,rental_eligible,2023-03-24,1730.0,Crossed 12-month threshold -- eligible for rental program
151,49,sold,2023-10-12,1671.96,Final sale
152,50,listed,2023-06-09,1320.0,Initial stock entry
153,50,rental_eligible,2024-06-08,1320.0,Crossed 12-month threshold -- eligible for rental program
154,50,sold,2024-04-06,1198.11,Final sale
155,51,listed,2023-02-11,1170.0,Initial stock entry
156,51,price_reduced,2023-12-15,996.97,Seasonal markdown to 996.97E
157,51,rental_eligible,2024-02-11,1170.0,Crossed 12-month threshold -- eligible for rental program
158,51,sold,2023-08-23,918.9,Final sale
159,52,listed,2024-11-02,1115.0,Initial stock entry
160,52,sold,2025-01-21,1105.99,Final sale
161,53,listed,2023-07-08,1255.0,Initial stock entry
162,53,price_reduced,2024-02-19,1060.76,Seasonal markdown to 1060.76E
163,53,rental_eligible,2024-07-07,1255.0,Crossed 12-month threshold -- eligible for rental program
164,53,sold,2023-09-06,808.8,Final sale
165,54,listed,2024-08-09,835.0,Initial stock entry
166,55,listed,2023-11-29,2055.0,Initial stock entry
167,55,rental_eligible,2024-11-28,2055.0,Crossed 12-month threshold -- eligible for rental program
168,55,sold,2025-03-07,1626.26,Final sale
169,56,listed,2024-09-02,1965.0,Initial stock entry
170,57,listed,2024-01-26,975.0,Initial stock entry
171,57,rental_eligible,2025-01-25,975.0,Crossed 12-month threshold -- eligible for rental program
172,57,sold,2025-01-02,968.89,Final sale
173,58,listed,2023-01-30,805.0,Initial stock entry
174,58,rental_eligible,2024-01-30,805.0,Crossed 12-month threshold -- eligible for rental program
175,58,sold,2024-09-02,471.65,Final sale
176,59,listed,2023-08-03,2450.0,Initial stock entry
177,59,rental_eligible,2024-08-02,2450.0,Crossed 12-month threshold -- eligible for rental program
178,59,sold,2024-08-11,1983.02,Final sale
179,60,listed,2022-04-22,400.0,Initial stock entry
180,60,rental_eligible,2023-04-22,400.0,Crossed 12-month threshold -- eligible for rental program
181,60,sold,2022-07-07,352.82,Final sale
182,61,listed,2023-01-13,1270.0,Initial stock entry
183,61,rental_eligible,2024-01-13,1270.0,Crossed 12-month threshold -- eligible for rental program
184,61,sold,2025-02-18,1025.89,Final sale
185,62,listed,2022-11-02,415.0,Initial stock entry
186,62,rental_eligible,2023-11-02,415.0,Crossed 12-month threshold -- eligible for rental program
187,62,sold,2025-04-03,247.93,Final sale
188,63,listed,2024-05-28,955.0,Initial stock entry
189,63,sold,2024-07-21,684.43,Final sale
190,64,listed,2022-06-03,680.0,Initial stock entry
191,64,price_reduced,2023-03-18,601.75,Seasonal markdown to 601.75E
192,64,rental_eligible,2023-06-03,680.0,Crossed 12-month threshold -- eligible for rental program
193,64,sold,2024-02-22,437.56,Final sale
194,65,listed,2024-07-18,1845.0,Initial stock entry
195,66,listed,2023-06-29,625.0,Initial stock entry
196,66,price_reduced,2024-06-03,541.13,Seasonal markdown to 541.13E
197,66,rental_eligible,2024-06-28,625.0,Crossed 12-month threshold -- eligible for rental program
198,66,sold,2024-06-13,553.14,Final sale
199,67,listed,2023-07-12,1840.0,Initial stock entry
200,67,rental_eligible,2024-07-11,1840.0,Crossed 12-month threshold -- eligible for rental program
201,67,sold,2023-09-01,1636.76,Final sale
202,68,listed,2022-02-12,500.0,Initial stock entry
203,68,rental_eligible,2023-02-12,500.0,Crossed 12-month threshold -- eligible for rental program
204,68,sold,2022-04-07,447.98,Final sale
205,69,listed,2022-07-06,2090.0,Initial stock entry
206,69,rental_eligible,2023-07-06,2090.0,Crossed 12-month threshold -- eligible for rental program
207,69,sold,2023-02-20,1268.51,Final sale
208,70,listed,2024-03-31,935.0,Initial stock entry
209,70,price_reduced,2024-10-28,677.29,Seasonal markdown to 677.29E
210,70,rental_eligible,2025-03-31,935.0,Crossed 12-month threshold -- eligible for rental program
211,70,sold,2024-08-31,845.49,Final sale
212,71,listed,2024-08-04,1745.0,Initial stock entry
213,71,price_reduced,2025-02-15,1556.03,Seasonal markdown to 1556.03E
214,71,sold,2025-01-17,1058.42,Final sale
215,72,listed,2023-08-13,585.0,Initial stock entry
216,72,rental_eligible,2024-08-12,585.0,Crossed 12-month threshold -- eligible for rental program
217,72,sold,2025-01-09,402.67,Final sale
218,73,listed,2023-04-06,1195.0,Initial stock entry
219,73,rental_eligible,2024-04-05,1195.0,Crossed 12-month threshold -- eligible for rental program
220,73,sold,2024-03-23,845.23,Final sale
221,74,listed,2023-05-15,2455.0,Initial stock entry
222,74,price_reduced,2024-02-28,1739.25,Seasonal markdown to 1739.25E
223,74,rental_eligible,2024-05-14,2455.0,Crossed 12-month threshold -- eligible for rental program
224,74,sold,2023-08-13,2112.62,Final sale
225,75,listed,2022-01-06,885.0,Initial stock entry
226,75,price_reduced,2022-11-18,760.68,Seasonal markdown to 760.68E
227,75,rental_eligible,2023-01-06,885.0,Crossed 12-month threshold -- eligible for rental program
228,75,sold,2024-11-29,772.37,Final sale
229,76,listed,2024-02-12,1030.0,Initial stock entry
230,76,price_reduced,2024-11-01,733.57,Seasonal markdown to 733.57E
231,76,rental_eligible,2025-02-11,1030.0,Crossed 12-month threshold -- eligible for rental program
232,76,sold,2024-05-21,705.24,Final sale
233,77,listed,2024-02-20,1340.0,Initial stock entry
234,77,rental_eligible,2025-02-19,1340.0,Crossed 12-month threshold -- eligible for rental program
235,77,sold,2024-07-04,978.48,Final sale
236,78,listed,2024-07-24,520.0,Initial stock entry
237,78,sold,2025-02-17,472.05,Final sale
238,79,listed,2022-06-14,1175.0,Initial stock entry
239,79,rental_eligible,2023-06-14,1175.0,Crossed 12-month threshold -- eligible for rental program
240,79,sold,2023-02-09,846.71,Final sale
241,80,listed,2023-08-12,1690.0,Initial stock entry
242,80,rental_eligible,2024-08-11,1690.0,Crossed 12-month threshold -- eligible for rental program
243,80,sold,2024-12-04,989.48,Final sale
244,81,listed,2022-04-25,1015.0,Initial stock entry
245,81,rental_eligible,2023-04-25,1015.0,Crossed 12-month threshold -- eligible for rental program
246,81,sold,2025-04-02,887.4,Final sale
247,82,listed,2022-06-11,675.0,Initial stock entry
248,82,rental_eligible,2023-06-11,675.0,Crossed 12-month threshold -- eligible for rental program
249,82,sold,2023-03-19,434.73,Final sale
250,83,listed,2024-08-10,1765.0,Initial stock entry
251,83,price_reduced,2025-02-25,1256.8,Seasonal markdown to 1256.8E
252,84,listed,2024-07-24,1820.0,Initial stock entry
253,84,price_reduced,2025-02-10,1472.22,Seasonal markdown to 1472.22E
254,84,sold,2025-04-03,1800.81,Final sale
255,85,listed,2023-08-28,2485.0,Initial stock entry
256,85,rental_eligible,2024-08-27,2485.0,Crossed 12-month threshold -- eligible for rental program
257,85,sold,2024-12-10,1467.78,Final sale
258,86,listed,2023-01-25,780.0,Initial stock entry
259,86,rental_eligible,2024-01-25,780.0,Crossed 12-month threshold -- eligible for rental program
260,86,sold,2023-12-19,587.08,Final sale
261,87,listed,2022-07-04,1910.0,Initial stock entry
262,87,price_reduced,2023-06-15,1464.71,Seasonal markdown to 1464.71E
263,87,rental_eligible,2023-07-04,1910.0,Crossed 12-month threshold -- eligible for rental program
264,87,sold,2023-09-02,1755.64,Final sale
265,88,listed,2023-06-11,2125.0,Initial stock entry
266,88,price_reduced,2024-04-10,1728.94,Seasonal markdown to 1728.94E
267,88,rental_eligible,2024-06-10,2125.0,Crossed 12-month threshold -- eligible for rental program
268,88,sold,2024-07-10,1500.3,Final sale
269,89,listed,2024-03-19,500.0,Initial stock entry
270,89,rental_eligible,2025-03-19,500.0,Crossed 12-month threshold -- eligible for rental program
271,89,sold,2024-06-08,360.46,Final sale
272,90,listed,2023-04-24,535.0,Initial stock entry
273,90,price_reduced,2024-04-11,440.14,Seasonal markdown to 440.14E
274,90,rental_eligible,2024-04-23,535.0,Crossed 12-month threshold -- eligible for rental program
275,90,sold,2025-03-29,326.52,Final sale
276,91,listed,2022-03-18,400.0,Initial stock entry
277,91,rental_eligible,2023-03-18,400.0,Crossed 12-month threshold -- eligible for rental program
278,91,sold,2023-08-21,304.88,Final sale
279,92,listed,2024-05-08,1830.0,Initial stock entry
280,92,price_reduced,2024-11-07,1594.03,Seasonal markdown to 1594.03E
281,93,listed,2024-06-29,775.0,Initial stock entry
282,93,sold,2024-11-13,773.87,Final sale
283,94,listed,2024-07-20,2385.0,Initial stock entry
284,94,sold,2024-12-01,1316.78,Final sale
285,95,listed,2023-03-01,450.0,Initial stock entry
286,95,rental_eligible,2024-02-29,450.0,Crossed 12-month threshold -- eligible for rental program
287,95,sold,2024-01-27,283.36,Final sale
288,96,listed,2022-08-14,2055.0,Initial stock entry
289,96,price_reduced,2023-04-16,1543.89,Seasonal markdown to 1543.89E
290,96,rental_eligible,2023-08-14,2055.0,Crossed 12-month threshold -- eligible for rental program
291,96,sold,2024-12-27,1782.01,Final sale
292,97,listed,2024-05-12,580.0,Initial stock entry
293,97,sold,2024-06-28,552.15,Final sale
294,98,listed,2022-03-30,785.0,Initial stock entry
295,98,rental_eligible,2023-03-30,785.0,Crossed 12-month threshold -- eligible for rental program
296,98,sold,2024-11-29,770.48,Final sale
297,99,listed,2024-06-27,1380.0,Initial stock entry
298,99,price_reduced,2025-01-19,1058.39,Seasonal markdown to 1058.39E
299,99,sold,2025-03-07,1267.06,Final sale
300,100,listed,2023-10-28,1505.0,Initial stock entry
301,100,rental_eligible,2024-10-27,1505.0,Crossed 12-month threshold -- eligible for rental program
302,100,sold,2024-06-23,1388.67,Final sale
303,101,listed,2023-04-13,1245.0,Initial stock entry
304,101,price_reduced,2024-01-13,1111.37,Seasonal markdown to 1111.37E
305,101,rental_eligible,2024-04-12,1245.0,Crossed 12-month threshold -- eligible for rental program
306,101,sold,2023-06-20,790.59,Final sale
307,102,listed,2022-11-09,1120.0,Initial stock entry
308,102,rental_eligible,2023-11-09,1120.0,Crossed 12-month threshold -- eligible for rental program
309,102,sold,2022-12-10,684.23,Final sale
310,103,listed,2023-11-07,430.0,Initial stock entry
311,103,rental_eligible,2024-11-06,430.0,Crossed 12-month threshold -- eligible for rental program
312,103,sold,2023-12-11,287.6,Final sale
313,104,listed,2023-03-12,1570.0,Initial stock entry
314,104,rental_eligible,2024-03-11,1570.0,Crossed 12-month threshold -- eligible for rental program
315,104,sold,2023-11-10,1161.8,Final sale
316,105,listed,2024-05-28,795.0,Initial stock entry
317,105,sold,2025-03-14,749.34,Final sale
318,106,listed,2022-10-21,310.0,Initial stock entry
319,106,price_reduced,2023-06-24,258.94,Seasonal markdown to 258.94E
320,106,rental_eligible,2023-10-21,310.0,Crossed 12-month threshold -- eligible for rental program
321,106,sold,2024-02-27,186.69,Final sale
322,107,listed,2022-11-19,1295.0,Initial stock entry
323,107,rental_eligible,2023-11-19,1295.0,Crossed 12-month threshold -- eligible for rental program
324,107,sold,2023-08-11,1057.22,Final sale
325,108,listed,2024-06-26,480.0,Initial stock entry
326,108,sold,2025-03-20,268.67,Final sale
327,109,listed,2023-08-04,1245.0,Initial stock entry
328,109,rental_eligible,2024-08-03,1245.0,Crossed 12-month threshold -- eligible for rental program
329,109,sold,2023-10-18,919.15,Final sale
330,110,listed,2023-03-09,750.0,Initial stock entry
331,110,rental_eligible,2024-03-08,750.0,Crossed 12-month threshold -- eligible for rental program
332,110,sold,2025-03-19,667.71,Final sale
333,111,listed,2023-04-17,1135.0,Initial stock entry
334,111,rental_eligible,2024-04-16,1135.0,Crossed 12-month threshold -- eligible for rental program
335,111,sold,2025-01-27,944.34,Final sale
336,112,listed,2024-04-08,1565.0,Initial stock entry
337,112,sold,2024-05-09,1261.94,Final sale
338,113,listed,2024-01-12,2130.0,Initial stock entry
339,113,price_reduced,2024-11-24,1816.26,Seasonal markdown to 1816.26E
340,113,rental_eligible,2025-01-11,2130.0,Crossed 12-month threshold -- eligible for rental program
341,113,sold,2024-07-02,2071.04,Final sale
342,114,listed,2023-11-14,1045.0,Initial stock entry
343,114,rental_eligible,2024-11-13,1045.0,Crossed 12-month threshold -- eligible for rental program
344,114,rented_out,2025-01-01,1045.0,Assigned to rental program
345,115,listed,2023-02-09,620.0,Initial stock entry
346,115,price_reduced,2023-10-28,527.55,Seasonal markdown to 527.55E
347,115,rental_eligible,2024-02-09,620.0,Crossed 12-month threshold -- eligible for rental program
348,115,sold,2024-03-04,372.22,Final sale
349,116,listed,2023-10-24,1795.0,Initial stock entry
350,116,rental_eligible,2024-10-23,1795.0,Crossed 12-month threshold -- eligible for rental program
351,116,sold,2025-01-21,1658.84,Final sale
352,117,listed,2022-06-01,1075.0,Initial stock entry
353,117,price_reduced,2023-03-24,781.69,Seasonal markdown to 781.69E
354,117,rental_eligible,2023-06-01,1075.0,Crossed 12-month threshold -- eligible for rental program
355,117,sold,2023-11-15,650.89,Final sale
356,118,listed,2024-08-05,1415.0,Initial stock entry
357,118,price_reduced,2025-02-13,996.52,Seasonal markdown to 996.52E
358,118,sold,2024-12-21,1291.5,Final sale
359,119,listed,2024-07-11,2405.0,Initial stock entry
360,120,listed,2024-01-16,1640.0,Initial stock entry
361,120,rental_eligible,2025-01-15,1640.0,Crossed 12-month threshold -- eligible for rental program
362,120,sold,2025-03-24,979.98,Final sale
363,121,listed,2023-08-05,1790.0,Initial stock entry
364,121,price_reduced,2024-04-10,1530.69,Seasonal markdown to 1530.69E
365,121,rental_eligible,2024-08-04,1790.0,Crossed 12-month threshold -- eligible for rental program
366,121,sold,2023-10-09,1148.09,Final sale
367,122,listed,2022-06-23,1860.0,Initial stock entry
368,122,rental_eligible,2023-06-23,1860.0,Crossed 12-month threshold -- eligible for rental program
369,122,sold,2024-03-18,1444.74,Final sale
370,123,listed,2023-09-25,340.0,Initial stock entry
371,123,rental_eligible,2024-09-24,340.0,Crossed 12-month threshold -- eligible for rental program
372,123,sold,2023-12-30,264.61,Final sale
373,124,listed,2022-03-19,1415.0,Initial stock entry
374,124,price_reduced,2023-01-13,1115.92,Seasonal markdown to 1115.92E
375,124,rental_eligible,2023-03-19,1415.0,Crossed 12-month threshold -- eligible for rental program
376,124,sold,2024-04-22,1390.68,Final sale
377,125,listed,2024-04-21,1260.0,Initial stock entry
378,125,price_reduced,2024-12-16,936.04,Seasonal markdown to 936.04E
379,125,sold,2024-10-13,1124.48,Final sale
380,126,listed,2023-02-02,2290.0,Initial stock entry
381,126,rental_eligible,2024-02-02,2290.0,Crossed 12-month threshold -- eligible for rental program
382,127,listed,2024-09-11,415.0,Initial stock entry
383,127,sold,2024-12-14,245.86,Final sale
384,128,listed,2022-10-29,2290.0,Initial stock entry
385,128,rental_eligible,2023-10-29,2290.0,Crossed 12-month threshold -- eligible for rental program
386,128,sold,2024-08-08,1272.34,Final sale
387,129,listed,2022-06-17,820.0,Initial stock entry
388,129,rental_eligible,2023-06-17,820.0,Crossed 12-month threshold -- eligible for rental program
389,129,sold,2025-03-07,802.11,Final sale
390,130,listed,2022-10-12,1830.0,Initial stock entry
391,130,price_reduced,2023-09-20,1600.65,Seasonal markdown to 1600.65E
392,130,rental_eligible,2023-10-12,1830.0,Crossed 12-month threshold -- eligible for rental program
393,130,sold,2022-12-04,1159.91,Final sale
394,131,listed,2024-05-16,2365.0,Initial stock entry
395,131,price_reduced,2024-11-29,1820.43,Seasonal markdown to 1820.43E
396,131,sold,2024-09-08,2332.95,Final sale
397,132,listed,2022-08-16,1305.0,Initial stock entry
398,132,rental_eligible,2023-08-16,1305.0,Crossed 12-month threshold -- eligible for rental program
399,132,sold,2022-11-23,1102.52,Final sale
400,133,listed,2024-05-03,1075.0,Initial stock entry
401,133,price_reduced,2024-12-28,944.8,Seasonal markdown to 944.8E
402,133,sold,2024-06-19,941.56,Final sale
403,134,listed,2024-08-20,345.0,Initial stock entry
404,134,price_reduced,2025-03-02,250.74,Seasonal markdown to 250.74E
405,134,sold,2024-11-26,307.42,Final sale
406,135,listed,2022-08-01,1745.0,Initial stock entry
407,135,price_reduced,2023-02-11,1468.34,Seasonal markdown to 1468.34E
408,135,rental_eligible,2023-08-01,1745.0,Crossed 12-month threshold -- eligible for rental program
409,135,sold,2024-01-19,1501.15,Final sale
410,136,listed,2024-09-07,2455.0,Initial stock entry
411,137,listed,2023-09-28,995.0,Initial stock entry
412,137,price_reduced,2024-08-17,739.3,Seasonal markdown to 739.3E
413,137,rental_eligible,2024-09-27,995.0,Crossed 12-month threshold -- eligible for rental program
414,137,sold,2024-07-31,713.47,Final sale
415,138,listed,2022-09-12,1030.0,Initial stock entry
416,138,rental_eligible,2023-09-12,1030.0,Crossed 12-month threshold -- eligible for rental program
417,138,sold,2025-02-18,821.81,Final sale
418,139,listed,2024-11-29,1105.0,Initial stock entry
419,140,listed,2023-08-29,1020.0,Initial stock entry
420,140,price_reduced,2024-08-02,812.48,Seasonal markdown to 812.48E
421,140,rental_eligible,2024-08-28,1020.0,Crossed 12-month threshold -- eligible for rental program
422,140,sold,2024-08-09,606.34,Final sale
423,141,listed,2022-04-28,905.0,Initial stock entry
424,141,rental_eligible,2023-04-28,905.0,Crossed 12-month threshold -- eligible for rental program
425,141,sold,2023-03-19,556.47,Final sale
426,142,listed,2022-05-18,375.0,Initial stock entry
427,142,price_reduced,2023-03-13,264.61,Seasonal markdown to 264.61E
428,142,rental_eligible,2023-05-18,375.0,Crossed 12-month threshold -- eligible for rental program
429,142,sold,2025-02-13,231.74,Final sale
430,143,listed,2022-10-09,1980.0,Initial stock entry
431,143,price_reduced,2023-06-11,1728.76,Seasonal markdown to 1728.76E
432,143,rental_eligible,2023-10-09,1980.0,Crossed 12-month threshold -- eligible for rental program
433,143,sold,2024-06-18,1451.52,Final sale
434,144,listed,2022-08-30,1150.0,Initial stock entry
435,144,price_reduced,2023-06-01,822.97,Seasonal markdown to 822.97E
436,144,rental_eligible,2023-08-30,1150.0,Crossed 12-month threshold -- eligible for rental program
437,144,sold,2024-02-18,1068.23,Final sale
438,145,listed,2024-07-14,2175.0,Initial stock entry
439,145,sold,2024-09-29,1479.71,Final sale
440,146,listed,2022-12-23,2170.0,Initial stock entry
441,146,price_reduced,2023-12-15,1799.23,Seasonal markdown to 1799.23E
442,146,rental_eligible,2023-12-23,2170.0,Crossed 12-month threshold -- eligible for rental program
443,146,sold,2023-08-29,1361.84,Final sale
444,147,listed,2024-08-15,1560.0,Initial stock entry
445,147,price_reduced,2025-02-28,1350.47,Seasonal markdown to 1350.47E
446,147,sold,2024-09-27,882.88,Final sale
447,148,listed,2023-10-12,460.0,Initial stock entry
448,148,price_reduced,2024-08-21,361.71,Seasonal markdown to 361.71E
449,148,rental_eligible,2024-10-11,460.0,Crossed 12-month threshold -- eligible for rental program
450,148,sold,2024-12-05,297.53,Final sale
451,149,listed,2022-04-24,1250.0,Initial stock entry
452,149,rental_eligible,2023-04-24,1250.0,Crossed 12-month threshold -- eligible for rental program
453,149,sold,2023-03-25,994.71,Final sale
454,150,listed,2023-05-29,2160.0,Initial stock entry
455,150,rental_eligible,2024-05-28,2160.0,Crossed 12-month threshold -- eligible for rental program
456,150,sold,2023-12-18,1242.52,Final sale
457,151,listed,2022-11-12,1600.0,Initial stock entry
458,151,rental_eligible,2023-11-12,1600.0,Crossed 12-month threshold -- eligible for rental program
459,151,sold,2025-02-16,905.31,Final sale
460,152,listed,2024-05-03,765.0,Initial stock entry
461,152,sold,2024-10-01,555.33,Final sale
462,153,listed,2022-05-30,955.0,Initial stock entry
463,153,rental_eligible,2023-05-30,955.0,Crossed 12-month threshold -- eligible for rental program
464,153,sold,2024-07-06,583.5,Final sale
465,154,listed,2023-10-16,985.0,Initial stock entry
466,154,rental_eligible,2024-10-15,985.0,Crossed 12-month threshold -- eligible for rental program
467,154,sold,2024-02-23,723.16,Final sale
468,155,listed,2022-10-16,1290.0,Initial stock entry
469,155,rental_eligible,2023-10-16,1290.0,Crossed 12-month threshold -- eligible for rental program
470,155,sold,2022-12-16,715.29,Final sale
471,156,listed,2022-11-23,715.0,Initial stock entry
472,156,rental_eligible,2023-11-23,715.0,Crossed 12-month threshold -- eligible for rental program
473,156,sold,2024-09-02,493.95,Final sale
474,157,listed,2023-03-17,2425.0,Initial stock entry
475,157,price_reduced,2024-01-17,1815.55,Seasonal markdown to 1815.55E
476,157,rental_eligible,2024-03-16,2425.0,Crossed 12-month threshold -- eligible for rental program
477,157,sold,2024-03-22,2376.24,Final sale
478,158,listed,2023-06-26,1245.0,Initial stock entry
479,158,rental_eligible,2024-06-25,1245.0,Crossed 12-month threshold -- eligible for rental program
480,158,sold,2023-08-07,699.31,Final sale
481,159,listed,2022-05-31,1515.0,Initial stock entry
482,159,rental_eligible,2023-05-31,1515.0,Crossed 12-month threshold -- eligible for rental program
483,159,sold,2024-03-21,1147.86,Final sale
484,160,listed,2024-01-19,1525.0,Initial stock entry
485,160,price_reduced,2024-07-25,1267.08,Seasonal markdown to 1267.08E
486,160,rental_eligible,2025-01-18,1525.0,Crossed 12-month threshold -- eligible for rental program
487,160,sold,2024-05-15,948.72,Final sale
488,161,listed,2024-11-29,2070.0,Initial stock entry
489,161,sold,2025-01-11,1328.71,Final sale
490,162,listed,2024-11-04,1605.0,Initial stock entry
491,163,listed,2024-05-03,540.0,Initial stock entry
492,164,listed,2024-02-18,1450.0,Initial stock entry
493,164,rental_eligible,2025-02-17,1450.0,Crossed 12-month threshold -- eligible for rental program
494,164,sold,2025-04-03,1129.83,Final sale
495,165,listed,2023-02-22,630.0,Initial stock entry
496,165,rental_eligible,2024-02-22,630.0,Crossed 12-month threshold -- eligible for rental program
497,165,sold,2025-01-22,457.02,Final sale
498,166,listed,2024-02-11,1350.0,Initial stock entry
499,166,price_reduced,2024-09-08,951.74,Seasonal markdown to 951.74E
500,166,rental_eligible,2025-02-10,1350.0,Crossed 12-month threshold -- eligible for rental program
501,166,sold,2024-07-19,934.6,Final sale
502,167,listed,2023-09-04,915.0,Initial stock entry
503,167,rental_eligible,2024-09-03,915.0,Crossed 12-month threshold -- eligible for rental program
504,167,sold,2024-07-16,809.38,Final sale
505,168,listed,2022-09-07,900.0,Initial stock entry
506,168,rental_eligible,2023-09-07,900.0,Crossed 12-month threshold -- eligible for rental program
507,168,sold,2024-02-26,539.94,Final sale
508,169,listed,2024-06-24,475.0,Initial stock entry
509,169,price_reduced,2024-12-29,377.53,Seasonal markdown to 377.53E
510,169,sold,2024-07-27,358.46,Final sale
511,170,listed,2023-05-06,1930.0,Initial stock entry
512,170,price_reduced,2024-02-14,1371.76,Seasonal markdown to 1371.76E
513,170,rental_eligible,2024-05-05,1930.0,Crossed 12-month threshold -- eligible for rental program
514,170,sold,2023-10-31,1778.06,Final sale
515,171,listed,2022-10-09,520.0,Initial stock entry
516,171,rental_eligible,2023-10-09,520.0,Crossed 12-month threshold -- eligible for rental program
517,171,sold,2023-09-04,486.5,Final sale
518,172,listed,2022-07-03,430.0,Initial stock entry
519,172,rental_eligible,2023-07-03,430.0,Crossed 12-month threshold -- eligible for rental program
520,172,sold,2022-12-14,272.04,Final sale
521,173,listed,2023-08-16,710.0,Initial stock entry
522,173,price_reduced,2024-07-26,553.42,Seasonal markdown to 553.42E
523,173,rental_eligible,2024-08-15,710.0,Crossed 12-month threshold -- eligible for rental program
524,173,sold,2024-02-09,499.87,Final sale
525,174,listed,2022-10-02,2255.0,Initial stock entry
526,174,price_reduced,2023-08-28,1700.22,Seasonal markdown to 1700.22E
527,174,rental_eligible,2023-10-02,2255.0,Crossed 12-month threshold -- eligible for rental program
528,174,sold,2023-01-24,1384.26,Final sale
529,175,listed,2023-11-22,330.0,Initial stock entry
530,175,rental_eligible,2024-11-21,330.0,Crossed 12-month threshold -- eligible for rental program
531,175,sold,2024-11-26,289.97,Final sale
532,176,listed,2022-10-15,510.0,Initial stock entry
533,176,rental_eligible,2023-10-15,510.0,Crossed 12-month threshold -- eligible for rental program
534,176,sold,2023-09-22,450.77,Final sale
535,177,listed,2022-01-24,1580.0,Initial stock entry
536,177,rental_eligible,2023-01-24,1580.0,Crossed 12-month threshold -- eligible for rental program
537,177,sold,2024-10-21,1497.03,Final sale
538,178,listed,2023-09-29,1810.0,Initial stock entry
539,178,price_reduced,2024-04-01,1342.38,Seasonal markdown to 1342.38E
540,178,rental_eligible,2024-09-28,1810.0,Crossed 12-month threshold -- eligible for rental program
541,178,sold,2024-05-03,1338.13,Final sale
542,179,listed,2024-02-05,2475.0,Initial stock entry
543,179,rental_eligible,2025-02-04,2475.0,Crossed 12-month threshold -- eligible for rental program
544,179,sold,2024-08-14,1466.36,Final sale
545,180,listed,2024-01-11,1460.0,Initial stock entry
546,180,rental_eligible,2025-01-10,1460.0,Crossed 12-month threshold -- eligible for rental program
547,181,listed,2023-02-25,1270.0,Initial stock entry
548,181,rental_eligible,2024-02-25,1270.0,Crossed 12-month threshold -- eligible for rental program
549,181,sold,2023-06-15,1070.86,Final sale
550,182,listed,2024-08-04,1540.0,Initial stock entry
551,182,sold,2024-11-18,1346.1,Final sale
552,183,listed,2022-05-11,1055.0,Initial stock entry
553,183,price_reduced,2023-04-29,766.76,Seasonal markdown to 766.76E
554,183,rental_eligible,2023-05-11,1055.0,Crossed 12-month threshold -- eligible for rental program
555,183,sold,2024-05-16,972.94,Final sale
556,184,listed,2024-05-10,1720.0,Initial stock entry
557,184,price_reduced,2025-01-14,1324.66,Seasonal markdown to 1324.66E
558,184,sold,2024-12-21,974.68,Final sale
559,185,listed,2024-03-15,2485.0,Initial stock entry
560,185,price_reduced,2025-02-05,2071.21,Seasonal markdown to 2071.21E
561,185,rental_eligible,2025-03-15,2485.0,Crossed 12-month threshold -- eligible for rental program
562,185,sold,2024-09-24,2434.77,Final sale
563,186,listed,2023-05-22,2110.0,Initial stock entry
564,186,rental_eligible,2024-05-21,2110.0,Crossed 12-month threshold -- eligible for rental program
565,186,sold,2023-09-22,1322.61,Final sale
566,187,listed,2022-07-26,750.0,Initial stock entry
567,187,rental_eligible,2023-07-26,750.0,Crossed 12-month threshold -- eligible for rental program
568,187,sold,2025-02-11,549.05,Final sale
569,188,listed,2022-04-26,775.0,Initial stock entry
570,188,rental_eligible,2023-04-26,775.0,Crossed 12-month threshold -- eligible for rental program
571,188,sold,2023-12-31,681.71,Final sale
572,189,listed,2024-04-26,1445.0,Initial stock entry
573,189,sold,2024-12-23,960.76,Final sale
574,190,listed,2024-02-20,2370.0,Initial stock entry
575,190,rental_eligible,2025-02-19,2370.0,Crossed 12-month threshold -- eligible for rental program
576,190,sold,2024-12-09,2022.82,Final sale
577,191,listed,2023-09-08,2170.0,Initial stock entry
578,191,price_reduced,2024-07-02,1683.65,Seasonal markdown to 1683.65E
579,191,rental_eligible,2024-09-07,2170.0,Crossed 12-month threshold -- eligible for rental program
580,191,sold,2023-12-07,2080.02,Final sale
581,192,listed,2023-02-21,835.0,Initial stock entry
582,192,rental_eligible,2024-02-21,835.0,Crossed 12-month threshold -- eligible for rental program
583,192,sold,2023-12-23,576.47,Final sale
584,193,listed,2022-03-22,1780.0,Initial stock entry
585,193,price_reduced,2023-01-26,1512.72,Seasonal markdown to 1512.72E
586,193,rental_eligible,2023-03-22,1780.0,Crossed 12-month threshold -- eligible for rental program
587,193,sold,2024-10-04,1636.51,Final sale
588,194,listed,2022-08-29,2415.0,Initial stock entry
589,194,rental_eligible,2023-08-29,2415.0,Crossed 12-month threshold -- eligible for rental program
590,194,sold,2022-12-27,2389.7,Final sale
591,195,listed,2023-06-20,1090.0,Initial stock entry
592,195,price_reduced,2023-12-25,869.97,Seasonal markdown to 869.97E
593,195,rental_eligible,2024-06-19,1090.0,Crossed 12-month threshold -- eligible for rental program
594,195,sold,2025-02-19,663.57,Final sale
595,196,listed,2023-03-30,400.0,Initial stock entry
596,196,rental_eligible,2024-03-29,400.0,Crossed 12-month threshold -- eligible for rental program
597,196,sold,2023-06-12,229.06,Final sale
598,197,listed,2023-05-19,1135.0,Initial stock entry
599,197,rental_eligible,2024-05-18,1135.0,Crossed 12-month threshold -- eligible for rental program
600,197,sold,2024-12-10,1100.93,Final sale
601,198,listed,2024-09-27,1885.0,Initial stock entry
602,198,sold,2024-12-17,1370.14,Final sale
603,199,listed,2022-11-06,810.0,Initial stock entry
604,199,rental_eligible,2023-11-06,810.0,Crossed 12-month threshold -- eligible for rental program
605,199,sold,2024-09-06,492.1,Final sale
606,200,listed,2022-01-25,1515.0,Initial stock entry
607,200,price_reduced,2022-10-15,1357.33,Seasonal markdown to 1357.33E
608,200,rental_eligible,2023-01-25,1515.0,Crossed 12-month threshold -- eligible for rental program
609,200,sold,2023-09-17,1201.62,Final sale
610,201,listed,2023-05-09,1455.0,Initial stock entry
611,201,rental_eligible,2024-05-08,1455.0,Crossed 12-month threshold -- eligible for rental program
612,201,sold,2024-03-10,1094.26,Final sale
613,202,listed,2023-04-08,1540.0,Initial stock entry
614,202,rental_eligible,2024-04-07,1540.0,Crossed 12-month threshold -- eligible for rental program
615,202,sold,2024-10-05,956.3,Final sale
616,203,listed,2022-01-20,420.0,Initial stock entry
617,203,price_reduced,2022-12-01,328.46,Seasonal markdown to 328.46E
618,203,rental_eligible,2023-01-20,420.0,Crossed 12-month threshold -- eligible for rental program
619,203,sold,2023-09-03,312.59,Final sale
620,204,listed,2024-08-31,2280.0,Initial stock entry
621,204,price_reduced,2025-02-27,1672.69,Seasonal markdown to 1672.69E
622,205,listed,2024-03-26,615.0,Initial stock entry
623,205,rental_eligible,2025-03-26,615.0,Crossed 12-month threshold -- eligible for rental program
624,205,sold,2024-08-05,544.01,Final sale
625,206,listed,2022-06-10,2040.0,Initial stock entry
626,206,rental_eligible,2023-06-10,2040.0,Crossed 12-month threshold -- eligible for rental program
627,206,sold,2025-02-25,1803.66,Final sale
628,207,listed,2024-03-23,2400.0,Initial stock entry
629,207,rental_eligible,2025-03-23,2400.0,Crossed 12-month threshold -- eligible for rental program
630,207,sold,2024-10-22,2294.88,Final sale
631,208,listed,2024-02-18,1795.0,Initial stock entry
632,208,price_reduced,2024-10-08,1529.83,Seasonal markdown to 1529.83E
633,208,rental_eligible,2025-02-17,1795.0,Crossed 12-month threshold -- eligible for rental program
634,208,sold,2024-03-20,1036.49,Final sale
635,209,listed,2024-03-08,640.0,Initial stock entry
636,209,price_reduced,2025-01-14,496.24,Seasonal markdown to 496.24E
637,209,rental_eligible,2025-03-08,640.0,Crossed 12-month threshold -- eligible for rental program
638,209,sold,2024-09-03,566.21,Final sale
639,210,listed,2024-06-01,490.0,Initial stock entry
640,211,listed,2023-10-27,1610.0,Initial stock entry
641,211,rental_eligible,2024-10-26,1610.0,Crossed 12-month threshold -- eligible for rental program
642,211,sold,2024-09-24,966.09,Final sale
643,212,listed,2022-12-14,1805.0,Initial stock entry
644,212,price_reduced,2023-10-22,1451.61,Seasonal markdown to 1451.61E
645,212,rental_eligible,2023-12-14,1805.0,Crossed 12-month threshold -- eligible for rental program
646,212,sold,2025-03-09,1624.8,Final sale
647,213,listed,2022-06-07,960.0,Initial stock entry
648,213,rental_eligible,2023-06-07,960.0,Crossed 12-month threshold -- eligible for rental program
649,213,sold,2022-11-08,636.92,Final sale
650,214,listed,2023-11-12,2385.0,Initial stock entry
651,214,rental_eligible,2024-11-11,2385.0,Crossed 12-month threshold -- eligible for rental program
652,214,sold,2023-12-13,1336.59,Final sale
653,215,listed,2023-10-06,740.0,Initial stock entry
654,215,rental_eligible,2024-10-05,740.0,Crossed 12-month threshold -- eligible for rental program
655,215,sold,2024-02-07,535.03,Final sale
656,216,listed,2023-02-14,550.0,Initial stock entry
657,216,rental_eligible,2024-02-14,550.0,Crossed 12-month threshold -- eligible for rental program
658,216,sold,2024-12-17,340.19,Final sale
659,217,listed,2024-04-17,450.0,Initial stock entry
660,217,price_reduced,2025-02-17,333.14,Seasonal markdown to 333.14E
661,217,sold,2025-01-05,397.79,Final sale
662,218,listed,2024-09-08,1285.0,Initial stock entry
663,218,sold,2025-03-05,1096.06,Final sale
664,219,listed,2023-05-24,540.0,Initial stock entry
665,219,rental_eligible,2024-05-23,540.0,Crossed 12-month threshold -- eligible for rental program
666,219,sold,2025-02-03,473.6,Final sale
667,220,listed,2024-11-11,870.0,Initial stock entry
668,221,listed,2024-09-15,2495.0,Initial stock entry
669,222,listed,2023-12-15,1445.0,Initial stock entry
670,222,rental_eligible,2024-12-14,1445.0,Crossed 12-month threshold -- eligible for rental program
671,222,sold,2024-11-25,823.84,Final sale
672,223,listed,2023-12-04,350.0,Initial stock entry
673,223,price_reduced,2024-08-26,266.01,Seasonal markdown to 266.01E
674,223,rental_eligible,2024-12-03,350.0,Crossed 12-month threshold -- eligible for rental program
675,223,sold,2025-03-09,342.28,Final sale
676,224,listed,2023-04-20,2410.0,Initial stock entry
677,224,rental_eligible,2024-04-19,2410.0,Crossed 12-month threshold -- eligible for rental program
678,224,sold,2024-11-30,1786.69,Final sale
679,225,listed,2022-01-10,1245.0,Initial stock entry
680,225,rental_eligible,2023-01-10,1245.0,Crossed 12-month threshold -- eligible for rental program
681,225,sold,2024-04-14,821.98,Final sale
682,226,listed,2023-06-22,1305.0,Initial stock entry
683,226,price_reduced,2024-05-19,1126.46,Seasonal markdown to 1126.46E
684,226,rental_eligible,2024-06-21,1305.0,Crossed 12-month threshold -- eligible for rental program
685,226,sold,2025-03-16,1020.21,Final sale
686,227,listed,2022-12-20,2160.0,Initial stock entry
687,227,rental_eligible,2023-12-20,2160.0,Crossed 12-month threshold -- eligible for rental program
688,227,sold,2023-10-01,1610.39,Final sale
689,228,listed,2024-02-04,555.0,Initial stock entry
690,228,rental_eligible,2025-02-03,555.0,Crossed 12-month threshold -- eligible for rental program
691,228,sold,2025-03-10,513.8,Final sale
692,229,listed,2022-12-21,1480.0,Initial stock entry
693,229,rental_eligible,2023-12-21,1480.0,Crossed 12-month threshold -- eligible for rental program
694,229,sold,2023-04-14,1433.09,Final sale
695,230,listed,2024-09-19,2395.0,Initial stock entry
696,231,listed,2022-06-19,1375.0,Initial stock entry
697,231,rental_eligible,2023-06-19,1375.0,Crossed 12-month threshold -- eligible for rental program
698,231,sold,2022-10-14,953.22,Final sale
699,232,listed,2024-10-11,1545.0,Initial stock entry
700,232,sold,2025-04-01,1298.72,Final sale
701,233,listed,2023-03-24,1270.0,Initial stock entry
702,233,rental_eligible,2024-03-23,1270.0,Crossed 12-month threshold -- eligible for rental program
703,233,sold,2024-03-25,984.96,Final sale
704,234,listed,2023-05-01,2005.0,Initial stock entry
705,234,rental_eligible,2024-04-30,2005.0,Crossed 12-month threshold -- eligible for rental program
706,234,sold,2024-04-11,1238.16,Final sale
707,235,listed,2023-07-30,1070.0,Initial stock entry
708,235,price_reduced,2024-07-06,804.59,Seasonal markdown to 804.59E
709,235,rental_eligible,2024-07-29,1070.0,Crossed 12-month threshold -- eligible for rental program
710,235,rented_out,2024-09-22,1070.0,Assigned to rental program
711,236,listed,2022-09-17,2480.0,Initial stock entry
712,236,rental_eligible,2023-09-17,2480.0,Crossed 12-month threshold -- eligible for rental program
713,236,sold,2022-12-26,1769.13,Final sale
714,237,listed,2024-04-28,890.0,Initial stock entry
715,237,price_reduced,2024-12-25,672.44,Seasonal markdown to 672.44E
716,237,sold,2024-12-24,501.5,Final sale
717,238,listed,2022-01-06,1020.0,Initial stock entry
718,238,price_reduced,2022-11-29,837.87,Seasonal markdown to 837.87E
719,238,rental_eligible,2023-01-06,1020.0,Crossed 12-month threshold -- eligible for rental program
720,238,sold,2023-07-02,691.07,Final sale
721,239,listed,2023-10-24,1385.0,Initial stock entry
722,239,rental_eligible,2024-10-23,1385.0,Crossed 12-month threshold -- eligible for rental program
723,239,sold,2024-04-10,1299.76,Final sale
724,240,listed,2024-07-30,2025.0,Initial stock entry
725,241,listed,2023-07-16,650.0,Initial stock entry
726,241,price_reduced,2024-01-25,467.41,Seasonal markdown to 467.41E
727,241,rental_eligible,2024-07-15,650.0,Crossed 12-month threshold -- eligible for rental program
728,241,sold,2025-02-28,397.85,Final sale
729,242,listed,2023-04-25,1895.0,Initial stock entry
730,242,rental_eligible,2024-04-24,1895.0,Crossed 12-month threshold -- eligible for rental program
731,242,sold,2023-06-10,1733.07,Final sale
732,243,listed,2024-06-30,795.0,Initial stock entry
733,243,sold,2024-12-15,762.89,Final sale
734,244,listed,2022-07-29,1905.0,Initial stock entry
735,244,rental_eligible,2023-07-29,1905.0,Crossed 12-month threshold -- eligible for rental program
736,244,sold,2023-01-30,1836.98,Final sale
737,245,listed,2022-12-03,320.0,Initial stock entry
738,245,rental_eligible,2023-12-03,320.0,Crossed 12-month threshold -- eligible for rental program
739,245,sold,2024-06-10,240.33,Final sale
740,246,listed,2024-02-26,1955.0,Initial stock entry
741,246,rental_eligible,2025-02-25,1955.0,Crossed 12-month threshold -- eligible for rental program
742,246,sold,2024-08-21,1926.98,Final sale
743,247,listed,2023-08-07,1885.0,Initial stock entry
744,247,price_reduced,2024-05-13,1372.56,Seasonal markdown to 1372.56E
745,247,rental_eligible,2024-08-06,1885.0,Crossed 12-month threshold -- eligible for rental program
746,247,sold,2025-03-02,1330.8,Final sale
747,248,listed,2023-05-09,1150.0,Initial stock entry
748,248,rental_eligible,2024-05-08,1150.0,Crossed 12-month threshold -- eligible for rental program
749,248,sold,2024-10-28,768.13,Final sale
750,249,listed,2022-12-20,1105.0,Initial stock entry
751,249,price_reduced,2023-07-22,876.83,Seasonal markdown to 876.83E
752,249,rental_eligible,2023-12-20,1105.0,Crossed 12-month threshold -- eligible for rental program
753,249,sold,2024-01-21,924.58,Final sale
754,250,listed,2024-03-26,2385.0,Initial stock entry
755,250,price_reduced,2024-12-10,1745.71,Seasonal markdown to 1745.71E
756,250,rental_eligible,2025-03-26,2385.0,Crossed 12-month threshold -- eligible for rental program
757,250,sold,2024-08-16,1681.42,Final sale
758,251,listed,2023-09-27,910.0,Initial stock entry
759,251,rental_eligible,2024-09-26,910.0,Crossed 12-month threshold -- eligible for rental program
760,251,sold,2023-11-04,621.16,Final sale
761,252,listed,2023-05-04,1260.0,Initial stock entry
762,252,price_reduced,2023-11-24,1132.11,Seasonal markdown to 1132.11E
763,252,rental_eligible,2024-05-03,1260.0,Crossed 12-month threshold -- eligible for rental program
764,252,sold,2024-12-27,1231.89,Final sale
765,253,listed,2022-01-24,1855.0,Initial stock entry
766,253,rental_eligible,2023-01-24,1855.0,Crossed 12-month threshold -- eligible for rental program
767,253,sold,2024-01-03,1109.72,Final sale
768,254,listed,2022-08-30,1910.0,Initial stock entry
769,254,price_reduced,2023-06-13,1695.42,Seasonal markdown to 1695.42E
770,254,rental_eligible,2023-08-30,1910.0,Crossed 12-month threshold -- eligible for rental program
771,254,sold,2024-07-03,1202.36,Final sale
772,255,listed,2022-04-24,1425.0,Initial stock entry
773,255,rental_eligible,2023-04-24,1425.0,Crossed 12-month threshold -- eligible for rental program
774,255,sold,2024-03-24,1005.59,Final sale
775,256,listed,2022-04-01,1420.0,Initial stock entry
776,256,price_reduced,2023-03-17,1240.02,Seasonal markdown to 1240.02E
777,256,rental_eligible,2023-04-01,1420.0,Crossed 12-month threshold -- eligible for rental program
778,256,sold,2024-07-23,854.12,Final sale
779,257,listed,2024-05-08,1930.0,Initial stock entry
780,257,price_reduced,2025-01-02,1583.22,Seasonal markdown to 1583.22E
781,258,listed,2022-04-18,1780.0,Initial stock entry
782,258,price_reduced,2022-12-21,1397.82,Seasonal markdown to 1397.82E
783,258,rental_eligible,2023-04-18,1780.0,Crossed 12-month threshold -- eligible for rental program
784,258,sold,2022-07-05,1022.08,Final sale
785,259,listed,2022-01-17,1515.0,Initial stock entry
786,259,price_reduced,2022-09-16,1218.78,Seasonal markdown to 1218.78E
787,259,rental_eligible,2023-01-17,1515.0,Crossed 12-month threshold -- eligible for rental program
788,259,sold,2024-09-11,892.33,Final sale
789,260,listed,2023-05-18,1910.0,Initial stock entry
790,260,price_reduced,2023-12-28,1413.59,Seasonal markdown to 1413.59E
791,260,rental_eligible,2024-05-17,1910.0,Crossed 12-month threshold -- eligible for rental program
792,260,sold,2023-10-25,1538.52,Final sale
793,261,listed,2023-09-22,2165.0,Initial stock entry
794,261,rental_eligible,2024-09-21,2165.0,Crossed 12-month threshold -- eligible for rental program
795,261,sold,2025-01-01,1257.63,Final sale
796,262,listed,2024-11-30,2325.0,Initial stock entry
797,263,listed,2024-06-09,1550.0,Initial stock entry
798,263,price_reduced,2024-12-09,1288.01,Seasonal markdown to 1288.01E
799,263,sold,2024-11-21,1512.69,Final sale
800,264,listed,2023-02-20,815.0,Initial stock entry
801,264,rental_eligible,2024-02-20,815.0,Crossed 12-month threshold -- eligible for rental program
802,264,sold,2023-04-02,630.8,Final sale
803,265,listed,2023-03-02,1480.0,Initial stock entry
804,265,rental_eligible,2024-03-01,1480.0,Crossed 12-month threshold -- eligible for rental program
805,265,sold,2024-02-27,963.44,Final sale
806,266,listed,2023-11-03,2140.0,Initial stock entry
807,266,rental_eligible,2024-11-02,2140.0,Crossed 12-month threshold -- eligible for rental program
808,266,sold,2025-03-03,1880.48,Final sale
809,267,listed,2023-05-27,2180.0,Initial stock entry
810,267,rental_eligible,2024-05-26,2180.0,Crossed 12-month threshold -- eligible for rental program
811,267,sold,2024-03-16,1505.13,Final sale
812,268,listed,2022-06-22,1120.0,Initial stock entry
813,268,rental_eligible,2023-06-22,1120.0,Crossed 12-month threshold -- eligible for rental program
814,268,sold,2025-01-03,769.95,Final sale
815,269,listed,2024-08-02,570.0,Initial stock entry
816,269,price_reduced,2025-02-07,510.55,Seasonal markdown to 510.55E
817,269,sold,2024-12-17,566.81,Final sale
818,270,listed,2023-01-19,770.0,Initial stock entry
819,270,rental_eligible,2024-01-19,770.0,Crossed 12-month threshold -- eligible for rental program
820,270,sold,2023-12-22,556.15,Final sale
821,271,listed,2023-07-27,435.0,Initial stock entry
822,271,rental_eligible,2024-07-26,435.0,Crossed 12-month threshold -- eligible for rental program
823,271,sold,2023-12-13,361.01,Final sale
824,272,listed,2024-09-19,1355.0,Initial stock entry
825,272,sold,2025-01-12,889.52,Final sale
826,273,listed,2023-07-30,365.0,Initial stock entry
827,273,price_reduced,2024-07-04,327.26,Seasonal markdown to 327.26E
828,273,rental_eligible,2024-07-29,365.0,Crossed 12-month threshold -- eligible for rental program
829,273,sold,2024-07-10,281.53,Final sale
830,274,listed,2022-04-25,885.0,Initial stock entry
831,274,price_reduced,2022-12-21,681.4,Seasonal markdown to 681.4E
832,274,rental_eligible,2023-04-25,885.0,Crossed 12-month threshold -- eligible for rental program
833,274,sold,2024-10-04,519.83,Final sale
834,275,listed,2022-02-27,1090.0,Initial stock entry
835,275,rental_eligible,2023-02-27,1090.0,Crossed 12-month threshold -- eligible for rental program
836,275,sold,2025-03-28,682.43,Final sale
837,276,listed,2022-07-04,1380.0,Initial stock entry
838,276,rental_eligible,2023-07-04,1380.0,Crossed 12-month threshold -- eligible for rental program
839,276,sold,2024-09-16,822.07,Final sale
840,277,listed,2022-12-30,1050.0,Initial stock entry
841,277,rental_eligible,2023-12-30,1050.0,Crossed 12-month threshold -- eligible for rental program
842,277,sold,2024-05-12,893.21,Final sale
843,278,listed,2024-03-21,1850.0,Initial stock entry
844,278,price_reduced,2025-01-10,1660.14,Seasonal markdown to 1660.14E
845,278,rental_eligible,2025-03-21,1850.0,Crossed 12-month threshold -- eligible for rental program
846,278,sold,2025-01-05,1343.83,Final sale
847,279,listed,2024-01-01,680.0,Initial stock entry
848,279,rental_eligible,2024-12-31,680.0,Crossed 12-month threshold -- eligible for rental program
849,279,sold,2025-03-20,492.55,Final sale
850,280,listed,2022-03-08,1160.0,Initial stock entry
851,280,price_reduced,2023-03-01,993.7,Seasonal markdown to 993.7E
852,280,rental_eligible,2023-03-08,1160.0,Crossed 12-month threshold -- eligible for rental program
853,280,sold,2023-02-13,1084.79,Final sale
854,281,listed,2023-12-12,285.0,Initial stock entry
855,281,price_reduced,2024-06-28,254.01,Seasonal markdown to 254.01E
856,281,rental_eligible,2024-12-11,285.0,Crossed 12-month threshold -- eligible for rental program
857,281,sold,2024-11-24,269.52,Final sale
858,282,listed,2023-06-10,270.0,Initial stock entry
859,282,rental_eligible,2024-06-09,270.0,Crossed 12-month threshold -- eligible for rental program
860,282,sold,2024-08-31,252.05,Final sale
861,283,listed,2023-12-21,1690.0,Initial stock entry
862,283,rental_eligible,2024-12-20,1690.0,Crossed 12-month threshold -- eligible for rental program
863,283,rented_out,2025-02-13,1690.0,Assigned to rental program
864,284,listed,2022-08-03,605.0,Initial stock entry
865,284,rental_eligible,2023-08-03,605.0,Crossed 12-month threshold -- eligible for rental program
866,284,sold,2024-11-19,502.51,Final sale
867,285,listed,2024-09-15,1875.0,Initial stock entry
868,286,listed,2024-04-18,1855.0,Initial stock entry
869,286,sold,2024-06-28,1573.18,Final sale
870,287,listed,2024-10-02,1150.0,Initial stock entry
871,287,sold,2025-03-29,663.6,Final sale
872,288,listed,2023-02-28,320.0,Initial stock entry
873,288,price_reduced,2023-08-30,226.34,Seasonal markdown to 226.34E
874,288,rental_eligible,2024-02-28,320.0,Crossed 12-month threshold -- eligible for rental program
875,288,sold,2023-07-19,292.1,Final sale
876,289,listed,2023-06-27,1715.0,Initial stock entry
877,289,price_reduced,2024-05-16,1366.3,Seasonal markdown to 1366.3E
878,289,rental_eligible,2024-06-26,1715.0,Crossed 12-month threshold -- eligible for rental program
879,289,sold,2024-05-30,1694.59,Final sale
880,290,listed,2024-06-19,225.0,Initial stock entry
881,290,price_reduced,2025-01-25,196.38,Seasonal markdown to 196.38E
882,290,sold,2024-11-03,154.89,Final sale
883,291,listed,2024-04-27,750.0,Initial stock entry
884,291,price_reduced,2025-02-08,656.81,Seasonal markdown to 656.81E
885,291,sold,2024-12-06,597.34,Final sale
886,292,listed,2022-06-11,980.0,Initial stock entry
887,292,rental_eligible,2023-06-11,980.0,Crossed 12-month threshold -- eligible for rental program
888,292,sold,2022-12-12,577.31,Final sale
889,293,listed,2023-01-30,1850.0,Initial stock entry
890,293,rental_eligible,2024-01-30,1850.0,Crossed 12-month threshold -- eligible for rental program
891,293,sold,2024-05-17,1719.69,Final sale
892,294,listed,2022-05-18,1745.0,Initial stock entry
893,294,rental_eligible,2023-05-18,1745.0,Crossed 12-month threshold -- eligible for rental program
894,294,sold,2024-06-15,1088.24,Final sale
895,295,listed,2024-05-09,1525.0,Initial stock entry
896,295,price_reduced,2025-02-13,1119.98,Seasonal markdown to 1119.98E
897,295,sold,2024-12-29,1291.62,Final sale
898,296,listed,2023-12-06,1665.0,Initial stock entry
899,296,price_reduced,2024-08-14,1379.56,Seasonal markdown to 1379.56E
900,296,rental_eligible,2024-12-05,1665.0,Crossed 12-month threshold -- eligible for rental program
901,296,sold,2024-02-19,1489.99,Final sale
902,297,listed,2024-04-02,400.0,Initial stock entry
903,297,price_reduced,2025-03-04,319.44,Seasonal markdown to 319.44E
904,297,rental_eligible,2025-04-02,400.0,Crossed 12-month threshold -- eligible for rental program
905,298,listed,2024-10-03,695.0,Initial stock entry
906,299,listed,2022-07-02,880.0,Initial stock entry
907,299,price_reduced,2023-05-18,630.13,Seasonal markdown to 630.13E
908,299,rental_eligible,2023-07-02,880.0,Crossed 12-month threshold -- eligible for rental program
909,299,sold,2022-12-29,667.59,Final sale
910,300,listed,2024-11-03,695.0,Initial stock entry
911,301,listed,2022-04-14,205.0,Initial stock entry
912,301,price_reduced,2023-03-31,161.09,Seasonal markdown to 161.09E
913,301,rental_eligible,2023-04-14,205.0,Crossed 12-month threshold -- eligible for rental program
914,301,sold,2024-02-01,133.54,Final sale
915,302,listed,2024-02-02,200.0,Initial stock entry
916,302,rental_eligible,2025-02-01,200.0,Crossed 12-month threshold -- eligible for rental program
917,302,sold,2024-07-28,155.04,Final sale
918,303,listed,2022-07-05,1605.0,Initial stock entry
919,303,rental_eligible,2023-07-05,1605.0,Crossed 12-month threshold -- eligible for rental program
920,303,sold,2024-11-06,1011.87,Final sale
921,304,listed,2024-11-17,1290.0,Initial stock entry
922,305,listed,2023-09-18,1560.0,Initial stock entry
923,305,price_reduced,2024-07-26,1178.49,Seasonal markdown to 1178.49E
924,305,rental_eligible,2024-09-17,1560.0,Crossed 12-month threshold -- eligible for rental program
925,305,sold,2024-12-20,1234.86,Final sale
926,306,listed,2024-03-24,680.0,Initial stock entry
927,306,rental_eligible,2025-03-24,680.0,Crossed 12-month threshold -- eligible for rental program
928,306,sold,2024-11-16,453.46,Final sale
929,307,listed,2023-07-21,735.0,Initial stock entry
930,307,rental_eligible,2024-07-20,735.0,Crossed 12-month threshold -- eligible for rental program
931,307,sold,2024-08-09,684.31,Final sale
932,308,listed,2024-04-07,1560.0,Initial stock entry
933,308,sold,2024-05-29,985.58,Final sale
934,309,listed,2023-01-24,1440.0,Initial stock entry
935,309,price_reduced,2023-10-25,1097.57,Seasonal markdown to 1097.57E
936,309,rental_eligible,2024-01-24,1440.0,Crossed 12-month threshold -- eligible for rental program
937,309,sold,2024-12-26,1277.84,Final sale
938,310,listed,2023-01-06,1685.0,Initial stock entry
939,310,price_reduced,2023-08-21,1262.78,Seasonal markdown to 1262.78E
940,310,rental_eligible,2024-01-06,1685.0,Crossed 12-month threshold -- eligible for rental program
941,310,sold,2023-03-07,1016.58,Final sale
942,311,listed,2023-09-21,540.0,Initial stock entry
943,311,rental_eligible,2024-09-20,540.0,Crossed 12-month threshold -- eligible for rental program
944,311,sold,2024-09-03,445.55,Final sale
945,312,listed,2022-05-26,1665.0,Initial stock entry
946,312,rental_eligible,2023-05-26,1665.0,Crossed 12-month threshold -- eligible for rental program
947,312,sold,2023-09-02,918.89,Final sale
948,313,listed,2023-12-03,1885.0,Initial stock entry
949,313,rental_eligible,2024-12-02,1885.0,Crossed 12-month threshold -- eligible for rental program
950,313,sold,2024-09-12,1157.44,Final sale
951,314,listed,2023-10-04,1875.0,Initial stock entry
952,314,rental_eligible,2024-10-03,1875.0,Crossed 12-month threshold -- eligible for rental program
953,314,sold,2025-04-03,1356.14,Final sale
954,315,listed,2022-06-30,1525.0,Initial stock entry
955,315,rental_eligible,2023-06-30,1525.0,Crossed 12-month threshold -- eligible for rental program
956,315,sold,2023-02-22,950.72,Final sale
957,316,listed,2024-02-04,1085.0,Initial stock entry
958,316,rental_eligible,2025-02-03,1085.0,Crossed 12-month threshold -- eligible for rental program
959,316,sold,2024-06-16,648.03,Final sale
960,317,listed,2024-02-25,375.0,Initial stock entry
961,317,rental_eligible,2025-02-24,375.0,Crossed 12-month threshold -- eligible for rental program
962,317,sold,2025-01-23,311.36,Final sale
963,318,listed,2023-11-23,1060.0,Initial stock entry
964,318,rental_eligible,2024-11-22,1060.0,Crossed 12-month threshold -- eligible for rental program
965,318,sold,2024-01-17,621.25,Final sale
966,319,listed,2022-09-26,550.0,Initial stock entry
967,319,rental_eligible,2023-09-26,550.0,Crossed 12-month threshold -- eligible for rental program
968,319,sold,2022-11-28,534.74,Final sale
969,320,listed,2023-06-08,1685.0,Initial stock entry
970,320,price_reduced,2024-04-04,1453.58,Seasonal markdown to 1453.58E
971,320,rental_eligible,2024-06-07,1685.0,Crossed 12-month threshold -- eligible for rental program
972,320,sold,2024-03-10,1007.84,Final sale
973,321,listed,2022-09-11,925.0,Initial stock entry
974,321,rental_eligible,2023-09-11,925.0,Crossed 12-month threshold -- eligible for rental program
975,321,sold,2024-11-14,549.92,Final sale
976,322,listed,2022-10-08,1060.0,Initial stock entry
977,322,rental_eligible,2023-10-08,1060.0,Crossed 12-month threshold -- eligible for rental program
978,322,sold,2024-12-26,894.11,Final sale
979,323,listed,2023-06-23,1215.0,Initial stock entry
980,323,rental_eligible,2024-06-22,1215.0,Crossed 12-month threshold -- eligible for rental program
981,323,sold,2023-11-07,1151.92,Final sale
982,324,listed,2024-09-11,1355.0,Initial stock entry
983,325,listed,2022-07-27,280.0,Initial stock entry
984,325,rental_eligible,2023-07-27,280.0,Crossed 12-month threshold -- eligible for rental program
985,325,sold,2025-02-16,270.84,Final sale
986,326,listed,2023-08-19,1680.0,Initial stock entry
987,326,rental_eligible,2024-08-18,1680.0,Crossed 12-month threshold -- eligible for rental program
988,326,sold,2024-09-15,1440.91,Final sale
989,327,listed,2023-11-05,1280.0,Initial stock entry
990,327,rental_eligible,2024-11-04,1280.0,Crossed 12-month threshold -- eligible for rental program
991,328,listed,2023-07-11,1835.0,Initial stock entry
992,328,rental_eligible,2024-07-10,1835.0,Crossed 12-month threshold -- eligible for rental program
993,328,sold,2023-10-01,1605.24,Final sale
994,329,listed,2024-09-15,875.0,Initial stock entry
995,330,listed,2024-04-22,345.0,Initial stock entry
996,330,price_reduced,2024-12-30,299.83,Seasonal markdown to 299.83E
997,330,sold,2025-01-15,317.28,Final sale
998,331,listed,2023-11-24,1860.0,Initial stock entry
999,331,price_reduced,2024-08-23,1644.71,Seasonal markdown to 1644.71E
1000,331,rental_eligible,2024-11-23,1860.0,Crossed 12-month threshold -- eligible for rental program
1001,331,sold,2024-11-09,1123.84,Final sale
1002,332,listed,2022-04-22,1710.0,Initial stock entry
1003,332,price_reduced,2023-02-08,1313.53,Seasonal markdown to 1313.53E
1004,332,rental_eligible,2023-04-22,1710.0,Crossed 12-month threshold -- eligible for rental program
1005,332,sold,2024-04-12,1348.42,Final sale
1006,333,listed,2023-07-24,570.0,Initial stock entry
1007,333,rental_eligible,2024-07-23,570.0,Crossed 12-month threshold -- eligible for rental program
1008,333,sold,2023-09-15,434.71,Final sale
1009,334,listed,2024-07-06,1550.0,Initial stock entry
1010,334,price_reduced,2025-02-27,1247.0,Seasonal markdown to 1247.0E
1011,334,sold,2024-08-05,1181.49,Final sale
1012,335,listed,2022-01-01,210.0,Initial stock entry
1013,335,rental_eligible,2023-01-01,210.0,Crossed 12-month threshold -- eligible for rental program
1014,335,sold,2022-05-26,183.07,Final sale
1015,336,listed,2024-07-19,1580.0,Initial stock entry
1016,336,sold,2024-12-02,944.21,Final sale
1017,337,listed,2023-08-21,770.0,Initial stock entry
1018,337,price_reduced,2024-08-11,617.85,Seasonal markdown to 617.85E
1019,337,rental_eligible,2024-08-20,770.0,Crossed 12-month threshold -- eligible for rental program
1020,337,sold,2025-01-13,761.67,Final sale
1021,338,listed,2023-02-06,595.0,Initial stock entry
1022,338,price_reduced,2023-09-25,497.04,Seasonal markdown to 497.04E
1023,338,rental_eligible,2024-02-06,595.0,Crossed 12-month threshold -- eligible for rental program
1024,338,sold,2024-10-30,496.93,Final sale
1025,339,listed,2022-09-10,1770.0,Initial stock entry
1026,339,price_reduced,2023-07-10,1412.61,Seasonal markdown to 1412.61E
1027,339,rental_eligible,2023-09-10,1770.0,Crossed 12-month threshold -- eligible for rental program
1028,339,sold,2023-02-10,1400.0,Final sale
1029,340,listed,2024-09-16,1615.0,Initial stock entry
1030,340,sold,2025-02-17,1134.51,Final sale
1031,341,listed,2024-10-29,1695.0,Initial stock entry
1032,341,sold,2025-01-25,963.0,Final sale
1033,342,listed,2024-11-15,870.0,Initial stock entry
1034,343,listed,2023-12-09,660.0,Initial stock entry
1035,343,rental_eligible,2024-12-08,660.0,Crossed 12-month threshold -- eligible for rental program
1036,343,sold,2024-10-20,619.4,Final sale
1037,344,listed,2024-05-04,1170.0,Initial stock entry
1038,344,sold,2024-06-06,739.36,Final sale
1039,345,listed,2022-04-26,405.0,Initial stock entry
1040,345,price_reduced,2022-10-26,338.07,Seasonal markdown to 338.07E
1041,345,rental_eligible,2023-04-26,405.0,Crossed 12-month threshold -- eligible for rental program
1042,345,sold,2024-06-14,365.7,Final sale
1043,346,listed,2024-07-15,205.0,Initial stock entry
1044,346,sold,2024-12-20,115.65,Final sale
1045,347,listed,2024-02-21,1310.0,Initial stock entry
1046,347,price_reduced,2024-10-23,1092.31,Seasonal markdown to 1092.31E
1047,347,rental_eligible,2025-02-20,1310.0,Crossed 12-month threshold -- eligible for rental program
1048,347,sold,2024-08-19,834.95,Final sale
1049,348,listed,2024-01-24,1600.0,Initial stock entry
1050,348,rental_eligible,2025-01-23,1600.0,Crossed 12-month threshold -- eligible for rental program
1051,348,sold,2024-06-11,1510.96,Final sale
1052,349,listed,2022-09-02,1435.0,Initial stock entry
1053,349,rental_eligible,2023-09-02,1435.0,Crossed 12-month threshold -- eligible for rental program
1054,349,sold,2023-03-17,1415.81,Final sale
1055,350,listed,2024-08-13,160.0,Initial stock entry
1056,350,price_reduced,2025-02-27,113.22,Seasonal markdown to 113.22E
1057,350,sold,2024-12-19,131.38,Final sale
1058,351,listed,2023-10-13,775.0,Initial stock entry
1059,351,rental_eligible,2024-10-12,775.0,Crossed 12-month threshold -- eligible for rental program
1060,351,sold,2024-08-20,549.15,Final sale
1061,352,listed,2023-03-30,310.0,Initial stock entry
1062,352,rental_eligible,2024-03-29,310.0,Crossed 12-month threshold -- eligible for rental program
1063,353,listed,2023-12-10,165.0,Initial stock entry
1064,353,price_reduced,2024-10-05,116.16,Seasonal markdown to 116.16E
1065,353,rental_eligible,2024-12-09,165.0,Crossed 12-month threshold -- eligible for rental program
1066,353,sold,2025-02-22,123.6,Final sale
1067,354,listed,2022-02-20,1415.0,Initial stock entry
1068,354,rental_eligible,2023-02-20,1415.0,Crossed 12-month threshold -- eligible for rental program
1069,354,sold,2022-08-04,1056.47,Final sale
1070,355,listed,2024-11-18,485.0,Initial stock entry
1071,356,listed,2022-08-01,890.0,Initial stock entry
1072,356,rental_eligible,2023-08-01,890.0,Crossed 12-month threshold -- eligible for rental program
1073,356,sold,2023-05-09,721.01,Final sale
1074,357,listed,2022-12-31,275.0,Initial stock entry
1075,357,rental_eligible,2023-12-31,275.0,Crossed 12-month threshold -- eligible for rental program
1076,357,sold,2024-02-07,237.5,Final sale
1077,358,listed,2023-10-10,855.0,Initial stock entry
1078,358,rental_eligible,2024-10-09,855.0,Crossed 12-month threshold -- eligible for rental program
1079,358,sold,2024-04-02,504.66,Final sale
1080,359,listed,2023-09-10,335.0,Initial stock entry
1081,359,price_reduced,2024-04-06,290.69,Seasonal markdown to 290.69E
1082,359,rental_eligible,2024-09-09,335.0,Crossed 12-month threshold -- eligible for rental program
1083,359,sold,2024-08-10,308.39,Final sale
1084,360,listed,2024-03-11,535.0,Initial stock entry
1085,360,price_reduced,2024-09-08,425.9,Seasonal markdown to 425.9E
1086,360,rental_eligible,2025-03-11,535.0,Crossed 12-month threshold -- eligible for rental program
1087,360,sold,2024-04-14,346.63,Final sale
1088,361,listed,2024-03-18,220.0,Initial stock entry
1089,361,price_reduced,2025-02-27,177.0,Seasonal markdown to 177.0E
1090,361,rental_eligible,2025-03-18,220.0,Crossed 12-month threshold -- eligible for rental program
1091,361,sold,2024-08-27,209.39,Final sale
1092,362,listed,2023-03-29,430.0,Initial stock entry
1093,362,price_reduced,2023-11-18,361.44,Seasonal markdown to 361.44E
1094,362,rental_eligible,2024-03-28,430.0,Crossed 12-month threshold -- eligible for rental program
1095,362,rented_out,2024-05-12,430.0,Assigned to rental program
1096,363,listed,2022-05-18,660.0,Initial stock entry
1097,363,price_reduced,2023-03-31,576.27,Seasonal markdown to 576.27E
1098,363,rental_eligible,2023-05-18,660.0,Crossed 12-month threshold -- eligible for rental program
1099,363,sold,2023-03-24,448.7,Final sale
1100,364,listed,2022-05-23,650.0,Initial stock entry
1101,364,rental_eligible,2023-05-23,650.0,Crossed 12-month threshold -- eligible for rental program
1102,364,sold,2023-11-19,376.79,Final sale
1103,365,listed,2024-05-27,1560.0,Initial stock entry
1104,365,price_reduced,2024-12-31,1376.82,Seasonal markdown to 1376.82E
1105,366,listed,2024-09-09,1430.0,Initial stock entry
1106,366,sold,2025-01-25,1173.04,Final sale
1107,367,listed,2022-10-14,1650.0,Initial stock entry
1108,367,rental_eligible,2023-10-14,1650.0,Crossed 12-month threshold -- eligible for rental program
1109,367,sold,2025-02-23,918.99,Final sale
1110,368,listed,2023-03-12,860.0,Initial stock entry
1111,368,rental_eligible,2024-03-11,860.0,Crossed 12-month threshold -- eligible for rental program
1112,368,sold,2023-05-28,530.03,Final sale
1113,369,listed,2023-08-19,1710.0,Initial stock entry
1114,369,price_reduced,2024-03-04,1325.95,Seasonal markdown to 1325.95E
1115,369,rental_eligible,2024-08-18,1710.0,Crossed 12-month threshold -- eligible for rental program
1116,369,sold,2024-09-25,1528.13,Final sale
1117,370,listed,2022-12-06,565.0,Initial stock entry
1118,370,rental_eligible,2023-12-06,565.0,Crossed 12-month threshold -- eligible for rental program
1119,370,sold,2024-02-06,488.29,Final sale
1120,371,listed,2023-04-20,1480.0,Initial stock entry
1121,371,rental_eligible,2024-04-19,1480.0,Crossed 12-month threshold -- eligible for rental program
1122,371,sold,2024-01-25,967.9,Final sale
1123,372,listed,2022-04-06,1755.0,Initial stock entry
1124,372,rental_eligible,2023-04-06,1755.0,Crossed 12-month threshold -- eligible for rental program
1125,372,sold,2024-03-11,1149.0,Final sale
1126,373,listed,2024-02-15,455.0,Initial stock entry
1127,373,rental_eligible,2025-02-14,455.0,Crossed 12-month threshold -- eligible for rental program
1128,374,listed,2024-09-14,1000.0,Initial stock entry
1129,375,listed,2022-11-04,640.0,Initial stock entry
1130,375,price_reduced,2023-07-25,450.19,Seasonal markdown to 450.19E
1131,375,rental_eligible,2023-11-04,640.0,Crossed 12-month threshold -- eligible for rental program
1132,376,listed,2022-11-27,520.0,Initial stock entry
1133,376,price_reduced,2023-08-04,458.86,Seasonal markdown to 458.86E
1134,376,rental_eligible,2023-11-27,520.0,Crossed 12-month threshold -- eligible for rental program
1135,376,sold,2024-03-01,346.74,Final sale
1136,377,listed,2022-10-28,1710.0,Initial stock entry
1137,377,rental_eligible,2023-10-28,1710.0,Crossed 12-month threshold -- eligible for rental program
1138,377,sold,2024-04-12,1329.53,Final sale
1139,378,listed,2024-08-23,935.0,Initial stock entry
1140,378,sold,2025-01-08,874.21,Final sale
1141,379,listed,2024-07-17,1350.0,Initial stock entry
1142,379,price_reduced,2025-02-12,1011.63,Seasonal markdown to 1011.63E
1143,380,listed,2024-10-29,1065.0,Initial stock entry
1144,380,sold,2025-02-22,739.57,Final sale
1145,381,listed,2024-10-27,1685.0,Initial stock entry
1146,381,sold,2024-12-24,1030.49,Final sale
1147,382,listed,2024-05-28,1680.0,Initial stock entry
1148,382,sold,2025-02-11,1610.15,Final sale
1149,383,listed,2022-06-21,1490.0,Initial stock entry
1150,383,price_reduced,2023-01-12,1082.93,Seasonal markdown to 1082.93E
1151,383,rental_eligible,2023-06-21,1490.0,Crossed 12-month threshold -- eligible for rental program
1152,383,sold,2024-03-18,1069.0,Final sale
1153,384,listed,2022-01-15,355.0,Initial stock entry
1154,384,rental_eligible,2023-01-15,355.0,Crossed 12-month threshold -- eligible for rental program
1155,384,sold,2024-12-17,210.98,Final sale
1156,385,listed,2023-06-20,1175.0,Initial stock entry
1157,385,price_reduced,2024-01-25,910.95,Seasonal markdown to 910.95E
1158,385,rental_eligible,2024-06-19,1175.0,Crossed 12-month threshold -- eligible for rental program
1159,385,sold,2023-09-04,1049.38,Final sale
1160,386,listed,2024-01-29,995.0,Initial stock entry
1161,386,rental_eligible,2025-01-28,995.0,Crossed 12-month threshold -- eligible for rental program
1162,386,sold,2024-10-21,619.24,Final sale
1163,387,listed,2022-11-28,550.0,Initial stock entry
1164,387,rental_eligible,2023-11-28,550.0,Crossed 12-month threshold -- eligible for rental program
1165,387,sold,2023-01-16,340.49,Final sale
1166,388,listed,2024-08-23,1590.0,Initial stock entry
1167,389,listed,2024-03-31,1415.0,Initial stock entry
1168,389,rental_eligible,2025-03-31,1415.0,Crossed 12-month threshold -- eligible for rental program
1169,390,listed,2024-11-11,490.0,Initial stock entry
1170,390,sold,2025-03-28,487.97,Final sale
1171,391,listed,2023-07-20,300.0,Initial stock entry
1172,391,rental_eligible,2024-07-19,300.0,Crossed 12-month threshold -- eligible for rental program
1173,391,sold,2024-10-24,269.38,Final sale
1174,392,listed,2023-12-14,1110.0,Initial stock entry
1175,392,rental_eligible,2024-12-13,1110.0,Crossed 12-month threshold -- eligible for rental program
1176,392,sold,2024-01-31,789.37,Final sale
1177,393,listed,2024-11-02,455.0,Initial stock entry
1178,393,sold,2025-01-27,271.08,Final sale
1179,394,listed,2023-05-28,1570.0,Initial stock entry
1180,394,rental_eligible,2024-05-27,1570.0,Crossed 12-month threshold -- eligible for rental program
1181,394,rented_out,2024-05-31,1570.0,Assigned to rental program
1182,395,listed,2022-05-19,350.0,Initial stock entry
1183,395,rental_eligible,2023-05-19,350.0,Crossed 12-month threshold -- eligible for rental program
1184,395,sold,2023-10-05,211.79,Final sale
1185,396,listed,2023-06-24,1375.0,Initial stock entry
1186,396,price_reduced,2024-02-26,1170.04,Seasonal markdown to 1170.04E
1187,396,rental_eligible,2024-06-23,1375.0,Crossed 12-month threshold -- eligible for rental program
1188,396,sold,2024-11-27,1085.15,Final sale
1189,397,listed,2023-07-06,770.0,Initial stock entry
1190,397,rental_eligible,2024-07-05,770.0,Crossed 12-month threshold -- eligible for rental program
1191,397,sold,2024-03-27,590.22,Final sale
1192,398,listed,2023-05-27,505.0,Initial stock entry
1193,398,rental_eligible,2024-05-26,505.0,Crossed 12-month threshold -- eligible for rental program
1194,398,sold,2024-02-02,299.95,Final sale
1195,399,listed,2024-09-14,1825.0,Initial stock entry
1196,399,sold,2025-01-03,1255.79,Final sale
1197,400,listed,2022-09-20,845.0,Initial stock entry
1198,400,price_reduced,2023-03-23,722.7,Seasonal markdown to 722.7E
1199,400,rental_eligible,2023-09-20,845.0,Crossed 12-month threshold -- eligible for rental program
1200,400,sold,2024-01-15,577.5,Final sale
1201,401,listed,2024-07-25,1505.0,Initial stock entry
1202,401,price_reduced,2025-02-09,1204.98,Seasonal markdown to 1204.98E
1203,401,sold,2024-11-15,1305.67,Final sale
1204,402,listed,2024-01-11,325.0,Initial stock entry
1205,402,rental_eligible,2025-01-10,325.0,Crossed 12-month threshold -- eligible for rental program
1206,402,sold,2024-08-24,186.03,Final sale
1207,403,listed,2024-10-18,790.0,Initial stock entry
1208,403,sold,2024-12-31,552.64,Final sale
1209,404,listed,2023-04-14,380.0,Initial stock entry
1210,404,rental_eligible,2024-04-13,380.0,Crossed 12-month threshold -- eligible for rental program
1211,404,sold,2024-06-20,326.18,Final sale
1212,405,listed,2022-01-20,410.0,Initial stock entry
1213,405,rental_eligible,2023-01-20,410.0,Crossed 12-month threshold -- eligible for rental program
1214,405,sold,2022-12-18,390.35,Final sale
1215,406,listed,2022-04-08,1650.0,Initial stock entry
1216,406,price_reduced,2023-02-14,1430.19,Seasonal markdown to 1430.19E
1217,406,rental_eligible,2023-04-08,1650.0,Crossed 12-month threshold -- eligible for rental program
1218,406,sold,2022-08-09,1240.66,Final sale
1219,407,listed,2024-01-10,735.0,Initial stock entry
1220,407,rental_eligible,2025-01-09,735.0,Crossed 12-month threshold -- eligible for rental program
1221,407,sold,2024-04-18,407.65,Final sale
1222,408,listed,2023-02-12,1835.0,Initial stock entry
1223,408,rental_eligible,2024-02-12,1835.0,Crossed 12-month threshold -- eligible for rental program
1224,408,sold,2024-04-03,1573.4,Final sale
1225,409,listed,2022-06-10,930.0,Initial stock entry
1226,409,price_reduced,2022-12-24,810.9,Seasonal markdown to 810.9E
1227,409,rental_eligible,2023-06-10,930.0,Crossed 12-month threshold -- eligible for rental program
1228,409,sold,2024-07-02,597.93,Final sale
1229,410,listed,2022-05-27,855.0,Initial stock entry
1230,410,price_reduced,2023-04-12,763.84,Seasonal markdown to 763.84E
1231,410,rental_eligible,2023-05-27,855.0,Crossed 12-month threshold -- eligible for rental program
1232,410,sold,2023-08-10,653.35,Final sale
1233,411,listed,2024-06-30,840.0,Initial stock entry
1234,412,listed,2023-05-31,560.0,Initial stock entry
1235,412,price_reduced,2023-12-29,416.4,Seasonal markdown to 416.4E
1236,412,rental_eligible,2024-05-30,560.0,Crossed 12-month threshold -- eligible for rental program
1237,412,sold,2024-12-22,416.67,Final sale
1238,413,listed,2022-02-23,1110.0,Initial stock entry
1239,413,rental_eligible,2023-02-23,1110.0,Crossed 12-month threshold -- eligible for rental program
1240,413,sold,2024-11-22,913.89,Final sale
1241,414,listed,2023-08-05,580.0,Initial stock entry
1242,414,rental_eligible,2024-08-04,580.0,Crossed 12-month threshold -- eligible for rental program
1243,414,sold,2023-10-04,527.1,Final sale
1244,415,listed,2024-08-14,1660.0,Initial stock entry
1245,416,listed,2023-09-27,1270.0,Initial stock entry
1246,416,rental_eligible,2024-09-26,1270.0,Crossed 12-month threshold -- eligible for rental program
1247,416,sold,2024-12-02,1036.44,Final sale
1248,417,listed,2022-01-22,420.0,Initial stock entry
1249,417,price_reduced,2022-08-04,352.29,Seasonal markdown to 352.29E
1250,417,rental_eligible,2023-01-22,420.0,Crossed 12-month threshold -- eligible for rental program
1251,417,sold,2024-03-20,377.93,Final sale
1252,418,listed,2024-05-31,675.0,Initial stock entry
1253,418,price_reduced,2025-01-10,578.91,Seasonal markdown to 578.91E
1254,418,sold,2025-03-25,657.87,Final sale
1255,419,listed,2022-12-01,840.0,Initial stock entry
1256,419,rental_eligible,2023-12-01,840.0,Crossed 12-month threshold -- eligible for rental program
1257,419,sold,2023-05-28,641.27,Final sale
1258,420,listed,2023-07-11,1560.0,Initial stock entry
1259,420,rental_eligible,2024-07-10,1560.0,Crossed 12-month threshold -- eligible for rental program
1260,420,sold,2023-11-03,1529.81,Final sale
1261,421,listed,2024-07-21,340.0,Initial stock entry
1262,421,price_reduced,2025-02-14,267.18,Seasonal markdown to 267.18E
1263,422,listed,2022-02-15,1845.0,Initial stock entry
1264,422,price_reduced,2022-08-16,1407.47,Seasonal markdown to 1407.47E
1265,422,rental_eligible,2023-02-15,1845.0,Crossed 12-month threshold -- eligible for rental program
1266,422,sold,2024-01-04,1356.39,Final sale
1267,423,listed,2023-03-21,175.0,Initial stock entry
1268,423,price_reduced,2024-01-16,140.01,Seasonal markdown to 140.01E
1269,423,rental_eligible,2024-03-20,175.0,Crossed 12-month threshold -- eligible for rental program
1270,423,sold,2024-08-06,135.61,Final sale
1271,424,listed,2024-03-14,245.0,Initial stock entry
1272,424,price_reduced,2024-11-14,179.28,Seasonal markdown to 179.28E
1273,424,rental_eligible,2025-03-14,245.0,Crossed 12-month threshold -- eligible for rental program
1274,425,listed,2022-03-10,580.0,Initial stock entry
1275,425,rental_eligible,2023-03-10,580.0,Crossed 12-month threshold -- eligible for rental program
1276,425,sold,2022-06-04,381.96,Final sale
1277,426,listed,2022-03-28,1250.0,Initial stock entry
1278,426,rental_eligible,2023-03-28,1250.0,Crossed 12-month threshold -- eligible for rental program
1279,426,sold,2023-10-10,770.28,Final sale
1280,427,listed,2022-08-20,530.0,Initial stock entry
1281,427,price_reduced,2023-04-10,462.19,Seasonal markdown to 462.19E
1282,427,rental_eligible,2023-08-20,530.0,Crossed 12-month threshold -- eligible for rental program
1283,427,sold,2024-10-25,491.19,Final sale
1284,428,listed,2022-01-19,1530.0,Initial stock entry
1285,428,rental_eligible,2023-01-19,1530.0,Crossed 12-month threshold -- eligible for rental program
1286,428,sold,2023-04-16,965.61,Final sale
1287,429,listed,2023-11-25,310.0,Initial stock entry
1288,429,rental_eligible,2024-11-24,310.0,Crossed 12-month threshold -- eligible for rental program
1289,429,sold,2024-03-23,302.15,Final sale
1290,430,listed,2023-12-13,1865.0,Initial stock entry
1291,430,price_reduced,2024-07-06,1345.19,Seasonal markdown to 1345.19E
1292,430,rental_eligible,2024-12-12,1865.0,Crossed 12-month threshold -- eligible for rental program
1293,430,sold,2024-02-19,1727.29,Final sale
1294,431,listed,2023-08-27,1385.0,Initial stock entry
1295,431,rental_eligible,2024-08-26,1385.0,Crossed 12-month threshold -- eligible for rental program
1296,431,sold,2025-02-08,1027.21,Final sale
1297,432,listed,2022-11-25,970.0,Initial stock entry
1298,432,price_reduced,2023-09-26,699.68,Seasonal markdown to 699.68E
1299,432,rental_eligible,2023-11-25,970.0,Crossed 12-month threshold -- eligible for rental program
1300,432,sold,2023-06-11,558.47,Final sale
1301,433,listed,2024-11-02,1505.0,Initial stock entry
1302,433,sold,2025-01-08,934.49,Final sale
1303,434,listed,2024-10-15,480.0,Initial stock entry
1304,435,listed,2022-09-23,265.0,Initial stock entry
1305,435,rental_eligible,2023-09-23,265.0,Crossed 12-month threshold -- eligible for rental program
1306,435,sold,2023-11-07,159.35,Final sale
1307,436,listed,2024-09-30,1615.0,Initial stock entry
1308,436,sold,2025-01-06,1496.65,Final sale
1309,437,listed,2022-06-13,1010.0,Initial stock entry
1310,437,rental_eligible,2023-06-13,1010.0,Crossed 12-month threshold -- eligible for rental program
1311,437,sold,2024-01-30,661.26,Final sale
1312,438,listed,2022-05-25,1075.0,Initial stock entry
1313,438,price_reduced,2022-12-17,932.14,Seasonal markdown to 932.14E
1314,438,rental_eligible,2023-05-25,1075.0,Crossed 12-month threshold -- eligible for rental program
1315,438,sold,2025-02-26,871.14,Final sale
1316,439,listed,2023-05-25,485.0,Initial stock entry
1317,439,price_reduced,2024-01-05,357.66,Seasonal markdown to 357.66E
1318,439,rental_eligible,2024-05-24,485.0,Crossed 12-month threshold -- eligible for rental program
1319,439,sold,2023-12-25,429.76,Final sale
1320,440,listed,2024-05-24,950.0,Initial stock entry
1321,440,sold,2025-03-31,528.45,Final sale
1322,441,listed,2023-10-08,1785.0,Initial stock entry
1323,441,rental_eligible,2024-10-07,1785.0,Crossed 12-month threshold -- eligible for rental program
1324,441,sold,2024-08-05,1129.86,Final sale
1325,442,listed,2023-06-05,805.0,Initial stock entry
1326,442,price_reduced,2024-04-06,696.94,Seasonal markdown to 696.94E
1327,442,rental_eligible,2024-06-04,805.0,Crossed 12-month threshold -- eligible for rental program
1328,442,sold,2023-09-05,595.73,Final sale
1329,443,listed,2023-09-11,385.0,Initial stock entry
1330,443,price_reduced,2024-03-27,304.19,Seasonal markdown to 304.19E
1331,443,rental_eligible,2024-09-10,385.0,Crossed 12-month threshold -- eligible for rental program
1332,443,sold,2023-10-30,371.42,Final sale
1333,444,listed,2022-11-13,1150.0,Initial stock entry
1334,444,rental_eligible,2023-11-13,1150.0,Crossed 12-month threshold -- eligible for rental program
1335,444,sold,2023-03-05,839.53,Final sale
1336,445,listed,2023-09-08,555.0,Initial stock entry
1337,445,price_reduced,2024-03-16,487.09,Seasonal markdown to 487.09E
1338,445,rental_eligible,2024-09-07,555.0,Crossed 12-month threshold -- eligible for rental program
1339,445,sold,2023-10-19,540.36,Final sale
1340,446,listed,2022-07-15,1595.0,Initial stock entry
1341,446,price_reduced,2023-03-02,1183.07,Seasonal markdown to 1183.07E
1342,446,rental_eligible,2023-07-15,1595.0,Crossed 12-month threshold -- eligible for rental program
1343,446,sold,2023-10-11,1476.67,Final sale
1344,447,listed,2024-06-08,1690.0,Initial stock entry
1345,447,price_reduced,2025-01-09,1310.34,Seasonal markdown to 1310.34E
1346,447,sold,2024-10-30,1578.06,Final sale
1347,448,listed,2022-11-03,710.0,Initial stock entry
1348,448,rental_eligible,2023-11-03,710.0,Crossed 12-month threshold -- eligible for rental program
1349,448,sold,2024-02-27,441.59,Final sale
1350,449,listed,2024-06-03,305.0,Initial stock entry
1351,449,price_reduced,2025-01-25,239.93,Seasonal markdown to 239.93E
1352,449,sold,2024-11-03,293.45,Final sale
1353,450,listed,2022-06-24,850.0,Initial stock entry
1354,450,price_reduced,2023-02-15,757.84,Seasonal markdown to 757.84E
1355,450,rental_eligible,2023-06-24,850.0,Crossed 12-month threshold -- eligible for rental program
1356,450,sold,2022-08-26,751.1,Final sale
1357,451,listed,2023-02-06,1290.0,Initial stock entry
1358,451,rental_eligible,2024-02-06,1290.0,Crossed 12-month threshold -- eligible for rental program
1359,451,sold,2024-02-03,860.49,Final sale
1360,452,listed,2022-07-03,1765.0,Initial stock entry
1361,452,price_reduced,2023-03-29,1452.87,Seasonal markdown to 1452.87E
1362,452,rental_eligible,2023-07-03,1765.0,Crossed 12-month threshold -- eligible for rental program
1363,452,sold,2024-04-20,1620.15,Final sale
1364,453,listed,2023-09-17,1295.0,Initial stock entry
1365,453,rental_eligible,2024-09-16,1295.0,Crossed 12-month threshold -- eligible for rental program
1366,453,sold,2024-02-05,1119.52,Final sale
1367,454,listed,2022-06-25,805.0,Initial stock entry
1368,454,price_reduced,2023-05-25,599.7,Seasonal markdown to 599.7E
1369,454,rental_eligible,2023-06-25,805.0,Crossed 12-month threshold -- eligible for rental program
1370,454,sold,2023-11-10,696.58,Final sale
1371,455,listed,2022-02-16,935.0,Initial stock entry
1372,455,rental_eligible,2023-02-16,935.0,Crossed 12-month threshold -- eligible for rental program
1373,455,sold,2024-12-22,590.06,Final sale
1374,456,listed,2022-02-07,1885.0,Initial stock entry
1375,456,rental_eligible,2023-02-07,1885.0,Crossed 12-month threshold -- eligible for rental program
1376,456,sold,2023-01-30,1795.77,Final sale
1377,457,listed,2022-04-19,1230.0,Initial stock entry
1378,457,price_reduced,2023-01-23,915.66,Seasonal markdown to 915.66E
1379,457,rental_eligible,2023-04-19,1230.0,Crossed 12-month threshold -- eligible for rental program
1380,457,sold,2022-08-24,841.7,Final sale
1381,458,listed,2024-03-02,1665.0,Initial stock entry
1382,458,rental_eligible,2025-03-02,1665.0,Crossed 12-month threshold -- eligible for rental program
1383,458,sold,2024-11-06,960.33,Final sale
1384,459,listed,2024-07-26,1025.0,Initial stock entry
1385,459,sold,2025-02-24,757.37,Final sale
1386,460,listed,2023-12-12,425.0,Initial stock entry
1387,460,price_reduced,2024-09-01,367.55,Seasonal markdown to 367.55E
1388,460,rental_eligible,2024-12-11,425.0,Crossed 12-month threshold -- eligible for rental program
1389,460,sold,2024-08-30,398.8,Final sale
1390,461,listed,2024-03-03,365.0,Initial stock entry
1391,461,rental_eligible,2025-03-03,365.0,Crossed 12-month threshold -- eligible for rental program
1392,461,sold,2024-09-04,259.21,Final sale
1393,462,listed,2023-04-11,420.0,Initial stock entry
1394,462,price_reduced,2024-02-10,316.24,Seasonal markdown to 316.24E
1395,462,rental_eligible,2024-04-10,420.0,Crossed 12-month threshold -- eligible for rental program
1396,462,sold,2025-02-10,341.83,Final sale
1397,463,listed,2023-02-19,545.0,Initial stock entry
1398,463,price_reduced,2023-08-18,436.62,Seasonal markdown to 436.62E
1399,463,rental_eligible,2024-02-19,545.0,Crossed 12-month threshold -- eligible for rental program
1400,463,sold,2024-09-30,406.4,Final sale
1401,464,listed,2022-08-31,490.0,Initial stock entry
1402,464,rental_eligible,2023-08-31,490.0,Crossed 12-month threshold -- eligible for rental program
1403,464,sold,2023-12-02,434.47,Final sale
1404,465,listed,2023-07-15,585.0,Initial stock entry
1405,465,rental_eligible,2024-07-14,585.0,Crossed 12-month threshold -- eligible for rental program
1406,465,sold,2024-10-09,544.59,Final sale
1407,466,listed,2023-04-18,520.0,Initial stock entry
1408,466,price_reduced,2023-10-26,420.75,Seasonal markdown to 420.75E
1409,466,rental_eligible,2024-04-17,520.0,Crossed 12-month threshold -- eligible for rental program
1410,466,sold,2025-03-29,453.28,Final sale
1411,467,listed,2024-08-18,630.0,Initial stock entry
1412,467,price_reduced,2025-02-19,515.97,Seasonal markdown to 515.97E
1413,467,sold,2024-10-29,399.28,Final sale
1414,468,listed,2022-01-31,265.0,Initial stock entry
1415,468,price_reduced,2022-11-02,226.66,Seasonal markdown to 226.66E
1416,468,rental_eligible,2023-01-31,265.0,Crossed 12-month threshold -- eligible for rental program
1417,468,sold,2023-11-04,250.94,Final sale
1418,469,listed,2023-10-28,470.0,Initial stock entry
1419,469,price_reduced,2024-05-03,355.27,Seasonal markdown to 355.27E
1420,469,rental_eligible,2024-10-27,470.0,Crossed 12-month threshold -- eligible for rental program
1421,469,sold,2024-08-30,379.57,Final sale
1422,470,listed,2022-03-20,505.0,Initial stock entry
1423,470,price_reduced,2022-11-12,371.01,Seasonal markdown to 371.01E
1424,470,rental_eligible,2023-03-20,505.0,Crossed 12-month threshold -- eligible for rental program
1425,470,sold,2023-03-06,356.95,Final sale
1426,471,listed,2024-03-04,265.0,Initial stock entry
1427,471,price_reduced,2024-10-22,194.69,Seasonal markdown to 194.69E
1428,471,rental_eligible,2025-03-04,265.0,Crossed 12-month threshold -- eligible for rental program
1429,471,sold,2024-06-27,174.93,Final sale
1430,472,listed,2023-08-26,325.0,Initial stock entry
1431,472,price_reduced,2024-04-01,280.12,Seasonal markdown to 280.12E
1432,472,rental_eligible,2024-08-25,325.0,Crossed 12-month threshold -- eligible for rental program
1433,472,sold,2024-08-29,229.07,Final sale
1434,473,listed,2022-10-05,600.0,Initial stock entry
1435,473,rental_eligible,2023-10-05,600.0,Crossed 12-month threshold -- eligible for rental program
1436,473,sold,2023-02-28,496.91,Final sale
1437,474,listed,2023-10-26,290.0,Initial stock entry
1438,474,rental_eligible,2024-10-25,290.0,Crossed 12-month threshold -- eligible for rental program
1439,474,sold,2024-05-15,196.52,Final sale
1440,475,listed,2024-02-26,485.0,Initial stock entry
1441,475,rental_eligible,2025-02-25,485.0,Crossed 12-month threshold -- eligible for rental program
1442,475,sold,2025-03-11,462.62,Final sale
1443,476,listed,2022-11-04,640.0,Initial stock entry
1444,476,price_reduced,2023-08-14,522.35,Seasonal markdown to 522.35E
1445,476,rental_eligible,2023-11-04,640.0,Crossed 12-month threshold -- eligible for rental program
1446,476,sold,2025-03-15,511.66,Final sale
1447,477,listed,2022-08-29,530.0,Initial stock entry
1448,477,rental_eligible,2023-08-29,530.0,Crossed 12-month threshold -- eligible for rental program
1449,477,sold,2024-09-08,478.33,Final sale
1450,478,listed,2024-10-07,610.0,Initial stock entry
1451,478,sold,2024-12-25,542.76,Final sale
1452,479,listed,2023-07-24,360.0,Initial stock entry
1453,479,price_reduced,2024-03-01,273.21,Seasonal markdown to 273.21E
1454,479,rental_eligible,2024-07-23,360.0,Crossed 12-month threshold -- eligible for rental program
1455,479,rented_out,2024-08-08,360.0,Assigned to rental program
1456,480,listed,2023-09-04,550.0,Initial stock entry
1457,480,price_reduced,2024-04-12,450.13,Seasonal markdown to 450.13E
1458,480,rental_eligible,2024-09-03,550.0,Crossed 12-month threshold -- eligible for rental program
1459,480,sold,2024-02-16,304.29,Final sale
1460,481,listed,2022-12-30,560.0,Initial stock entry
1461,481,rental_eligible,2023-12-30,560.0,Crossed 12-month threshold -- eligible for rental program
1462,481,sold,2024-01-19,450.21,Final sale
1463,482,listed,2022-05-13,590.0,Initial stock entry
1464,482,rental_eligible,2023-05-13,590.0,Crossed 12-month threshold -- eligible for rental program
1465,482,sold,2023-09-27,357.01,Final sale
1466,483,listed,2022-04-30,560.0,Initial stock entry
1467,483,rental_eligible,2023-04-30,560.0,Crossed 12-month threshold -- eligible for rental program
1468,483,sold,2023-12-02,497.67,Final sale
1469,484,listed,2023-12-26,485.0,Initial stock entry
1470,484,price_reduced,2024-11-18,345.08,Seasonal markdown to 345.08E
1471,484,rental_eligible,2024-12-25,485.0,Crossed 12-month threshold -- eligible for rental program
1472,484,sold,2025-02-27,339.5,Final sale
1473,485,listed,2023-02-01,380.0,Initial stock entry
1474,485,rental_eligible,2024-02-01,380.0,Crossed 12-month threshold -- eligible for rental program
1475,485,sold,2024-01-17,364.21,Final sale
1476,486,listed,2023-03-11,405.0,Initial stock entry
1477,486,rental_eligible,2024-03-10,405.0,Crossed 12-month threshold -- eligible for rental program
1478,486,sold,2024-12-29,247.15,Final sale
1479,487,listed,2022-01-13,495.0,Initial stock entry
1480,487,price_reduced,2022-08-17,370.53,Seasonal markdown to 370.53E
1481,487,rental_eligible,2023-01-13,495.0,Crossed 12-month threshold -- eligible for rental program
1482,487,sold,2024-11-24,361.68,Final sale
1483,488,listed,2024-09-08,665.0,Initial stock entry
1484,488,sold,2024-10-27,509.73,Final sale
1485,489,listed,2022-04-25,665.0,Initial stock entry
1486,489,price_reduced,2023-01-25,502.45,Seasonal markdown to 502.45E
1487,489,rental_eligible,2023-04-25,665.0,Crossed 12-month threshold -- eligible for rental program
1488,489,sold,2022-10-06,636.99,Final sale
1489,490,listed,2022-11-02,280.0,Initial stock entry
1490,490,price_reduced,2023-09-30,239.39,Seasonal markdown to 239.39E
1491,490,rental_eligible,2023-11-02,280.0,Crossed 12-month threshold -- eligible for rental program
1492,490,sold,2023-09-02,234.76,Final sale
1493,491,listed,2023-09-24,640.0,Initial stock entry
1494,491,rental_eligible,2024-09-23,640.0,Crossed 12-month threshold -- eligible for rental program
1495,491,sold,2025-01-24,450.47,Final sale
1496,492,listed,2023-09-12,620.0,Initial stock entry
1497,492,rental_eligible,2024-09-11,620.0,Crossed 12-month threshold -- eligible for rental program
1498,492,sold,2024-01-20,504.48,Final sale
1499,493,listed,2024-09-15,475.0,Initial stock entry
1500,493,sold,2024-11-30,345.79,Final sale
1501,494,listed,2022-09-29,555.0,Initial stock entry
1502,494,price_reduced,2023-05-25,399.59,Seasonal markdown to 399.59E
1503,494,rental_eligible,2023-09-29,555.0,Crossed 12-month threshold -- eligible for rental program
1504,494,sold,2023-11-14,363.22,Final sale
1505,495,listed,2022-06-28,630.0,Initial stock entry
1506,495,rental_eligible,2023-06-28,630.0,Crossed 12-month threshold -- eligible for rental program
1507,495,sold,2025-03-20,466.58,Final sale
1508,496,listed,2023-10-20,650.0,Initial stock entry
1509,496,rental_eligible,2024-10-19,650.0,Crossed 12-month threshold -- eligible for rental program
1510,496,sold,2024-07-18,450.66,Final sale
1511,497,listed,2022-08-23,320.0,Initial stock entry
1512,497,rental_eligible,2023-08-23,320.0,Crossed 12-month threshold -- eligible for rental program
1513,497,sold,2024-02-24,266.66,Final sale
1514,498,listed,2023-08-04,370.0,Initial stock entry
1515,498,price_reduced,2024-05-08,266.61,Seasonal markdown to 266.61E
1516,498,rental_eligible,2024-08-03,370.0,Crossed 12-month threshold -- eligible for rental program
1517,498,sold,2024-01-26,320.25,Final sale
1518,499,listed,2022-04-14,260.0,Initial stock entry
1519,499,rental_eligible,2023-04-14,260.0,Crossed 12-month threshold -- eligible for rental program
1520,499,sold,2024-10-01,157.09,Final sale
1521,500,listed,2024-07-02,625.0,Initial stock entry
1522,500,sold,2024-09-28,351.19,Final sale
1523,501,listed,2024-08-17,615.0,Initial stock entry
1524,501,sold,2024-10-26,520.86,Final sale
1525,502,listed,2024-01-15,365.0,Initial stock entry
1526,502,rental_eligible,2025-01-14,365.0,Crossed 12-month threshold -- eligible for rental program
1527,502,sold,2024-06-30,252.56,Final sale
1528,503,listed,2024-08-02,405.0,Initial stock entry
1529,503,price_reduced,2025-02-01,298.98,Seasonal markdown to 298.98E
1530,503,sold,2025-02-28,242.05,Final sale
1531,504,listed,2023-10-30,610.0,Initial stock entry
1532,504,price_reduced,2024-06-24,531.93,Seasonal markdown to 531.93E
1533,504,rental_eligible,2024-10-29,610.0,Crossed 12-month threshold -- eligible for rental program
1534,504,sold,2024-05-28,338.23,Final sale
1535,505,listed,2022-11-22,530.0,Initial stock entry
1536,505,price_reduced,2023-07-13,447.3,Seasonal markdown to 447.3E
1537,505,rental_eligible,2023-11-22,530.0,Crossed 12-month threshold -- eligible for rental program
1538,505,sold,2023-05-13,315.44,Final sale
1539,506,listed,2022-12-21,560.0,Initial stock entry
1540,506,rental_eligible,2023-12-21,560.0,Crossed 12-month threshold -- eligible for rental program
1541,506,sold,2023-11-22,367.92,Final sale
1542,507,listed,2022-07-19,395.0,Initial stock entry
1543,507,rental_eligible,2023-07-19,395.0,Crossed 12-month threshold -- eligible for rental program
1544,507,sold,2024-01-29,368.58,Final sale
1545,508,listed,2022-07-05,545.0,Initial stock entry
1546,508,rental_eligible,2023-07-05,545.0,Crossed 12-month threshold -- eligible for rental program
1547,508,sold,2024-03-31,412.81,Final sale
1548,509,listed,2023-02-05,510.0,Initial stock entry
1549,509,price_reduced,2023-12-01,418.76,Seasonal markdown to 418.76E
1550,509,rental_eligible,2024-02-05,510.0,Crossed 12-month threshold -- eligible for rental program
1551,509,sold,2023-07-14,366.42,Final sale
1552,510,listed,2024-11-11,255.0,Initial stock entry
1553,510,sold,2025-03-15,169.09,Final sale
1554,511,listed,2022-03-05,635.0,Initial stock entry
1555,511,price_reduced,2022-09-24,508.22,Seasonal markdown to 508.22E
1556,511,rental_eligible,2023-03-05,635.0,Crossed 12-month threshold -- eligible for rental program
1557,511,sold,2023-07-31,551.62,Final sale
1558,512,listed,2022-12-22,345.0,Initial stock entry
1559,512,price_reduced,2023-12-09,263.67,Seasonal markdown to 263.67E
1560,512,rental_eligible,2023-12-22,345.0,Crossed 12-month threshold -- eligible for rental program
1561,512,sold,2024-07-26,312.59,Final sale
1562,513,listed,2022-01-24,305.0,Initial stock entry
1563,513,rental_eligible,2023-01-24,305.0,Crossed 12-month threshold -- eligible for rental program
1564,513,sold,2022-03-10,209.27,Final sale
1565,514,listed,2024-07-22,610.0,Initial stock entry
1566,514,sold,2024-12-25,346.88,Final sale
1567,515,listed,2023-04-08,420.0,Initial stock entry
1568,515,rental_eligible,2024-04-07,420.0,Crossed 12-month threshold -- eligible for rental program
1569,515,sold,2024-06-02,387.78,Final sale
1570,516,listed,2022-03-10,510.0,Initial stock entry
1571,516,price_reduced,2022-10-29,446.82,Seasonal markdown to 446.82E
1572,516,rental_eligible,2023-03-10,510.0,Crossed 12-month threshold -- eligible for rental program
1573,516,sold,2023-03-23,415.66,Final sale
1574,517,listed,2023-07-27,580.0,Initial stock entry
1575,517,rental_eligible,2024-07-26,580.0,Crossed 12-month threshold -- eligible for rental program
1576,517,sold,2024-11-08,411.47,Final sale
1577,518,listed,2022-04-19,390.0,Initial stock entry
1578,518,price_reduced,2023-03-23,346.53,Seasonal markdown to 346.53E
1579,518,rental_eligible,2023-04-19,390.0,Crossed 12-month threshold -- eligible for rental program
1580,518,sold,2023-04-23,274.22,Final sale
1581,519,listed,2022-03-14,380.0,Initial stock entry
1582,519,rental_eligible,2023-03-14,380.0,Crossed 12-month threshold -- eligible for rental program
1583,519,sold,2023-11-27,373.17,Final sale
1584,520,listed,2023-08-21,505.0,Initial stock entry
1585,520,price_reduced,2024-06-29,387.19,Seasonal markdown to 387.19E
1586,520,rental_eligible,2024-08-20,505.0,Crossed 12-month threshold -- eligible for rental program
1587,520,sold,2025-02-16,456.28,Final sale
1588,521,listed,2023-07-30,310.0,Initial stock entry
1589,521,price_reduced,2024-06-08,249.89,Seasonal markdown to 249.89E
1590,521,rental_eligible,2024-07-29,310.0,Crossed 12-month threshold -- eligible for rental program
1591,521,sold,2025-03-05,194.47,Final sale
1592,522,listed,2023-04-29,365.0,Initial stock entry
1593,522,rental_eligible,2024-04-28,365.0,Crossed 12-month threshold -- eligible for rental program
1594,522,sold,2024-08-18,317.47,Final sale
1595,523,listed,2024-04-25,590.0,Initial stock entry
1596,523,sold,2024-12-18,533.86,Final sale
1597,524,listed,2024-08-08,275.0,Initial stock entry
1598,524,price_reduced,2025-02-21,214.38,Seasonal markdown to 214.38E
1599,524,sold,2024-10-09,232.73,Final sale
1600,525,listed,2024-06-09,315.0,Initial stock entry
1601,525,sold,2025-01-10,216.5,Final sale
1602,526,listed,2023-07-13,525.0,Initial stock entry
1603,526,price_reduced,2024-06-20,459.36,Seasonal markdown to 459.36E
1604,526,rental_eligible,2024-07-12,525.0,Crossed 12-month threshold -- eligible for rental program
1605,526,sold,2024-08-28,307.69,Final sale
1606,527,listed,2023-01-04,485.0,Initial stock entry
1607,527,rental_eligible,2024-01-04,485.0,Crossed 12-month threshold -- eligible for rental program
1608,527,sold,2023-07-25,387.98,Final sale
1609,528,listed,2024-07-02,295.0,Initial stock entry
1610,528,price_reduced,2025-02-11,207.01,Seasonal markdown to 207.01E
1611,528,sold,2024-08-28,233.04,Final sale
1612,529,listed,2023-03-21,670.0,Initial stock entry
1613,529,price_reduced,2024-03-04,594.13,Seasonal markdown to 594.13E
1614,529,rental_eligible,2024-03-20,670.0,Crossed 12-month threshold -- eligible for rental program
1615,529,sold,2024-06-08,419.15,Final sale
1616,530,listed,2023-01-13,650.0,Initial stock entry
1617,530,rental_eligible,2024-01-13,650.0,Crossed 12-month threshold -- eligible for rental program
1618,530,sold,2023-12-16,488.31,Final sale
1619,531,listed,2022-06-01,320.0,Initial stock entry
1620,531,rental_eligible,2023-06-01,320.0,Crossed 12-month threshold -- eligible for rental program
1621,531,sold,2023-01-10,260.81,Final sale
1622,532,listed,2024-10-04,445.0,Initial stock entry
1623,532,sold,2025-01-06,421.13,Final sale
1624,533,listed,2022-08-06,525.0,Initial stock entry
1625,533,rental_eligible,2023-08-06,525.0,Crossed 12-month threshold -- eligible for rental program
1626,533,sold,2022-12-06,489.82,Final sale
1627,534,listed,2024-10-16,255.0,Initial stock entry
1628,534,sold,2024-12-28,231.24,Final sale
1629,535,listed,2024-10-01,250.0,Initial stock entry
1630,535,sold,2025-01-01,241.23,Final sale
1631,536,listed,2024-01-06,505.0,Initial stock entry
1632,536,price_reduced,2024-11-26,411.41,Seasonal markdown to 411.41E
1633,536,rental_eligible,2025-01-05,505.0,Crossed 12-month threshold -- eligible for rental program
1634,536,sold,2024-12-05,280.35,Final sale
1635,537,listed,2023-08-17,630.0,Initial stock entry
1636,537,price_reduced,2024-08-10,523.55,Seasonal markdown to 523.55E
1637,537,rental_eligible,2024-08-16,630.0,Crossed 12-month threshold -- eligible for rental program
1638,537,sold,2024-10-23,394.76,Final sale
1639,538,listed,2024-01-06,535.0,Initial stock entry
1640,538,rental_eligible,2025-01-05,535.0,Crossed 12-month threshold -- eligible for rental program
1641,538,sold,2024-02-25,326.6,Final sale
1642,539,listed,2023-05-04,695.0,Initial stock entry
1643,539,price_reduced,2024-01-06,614.18,Seasonal markdown to 614.18E
1644,539,rental_eligible,2024-05-03,695.0,Crossed 12-month threshold -- eligible for rental program
1645,539,sold,2024-05-18,641.22,Final sale
1646,540,listed,2023-11-23,400.0,Initial stock entry
1647,540,price_reduced,2024-10-16,308.9,Seasonal markdown to 308.9E
1648,540,rental_eligible,2024-11-22,400.0,Crossed 12-month threshold -- eligible for rental program
1649,540,sold,2024-03-31,253.32,Final sale
1650,541,listed,2022-03-17,665.0,Initial stock entry
1651,541,rental_eligible,2023-03-17,665.0,Crossed 12-month threshold -- eligible for rental program
1652,541,sold,2023-11-20,559.37,Final sale
1653,542,listed,2023-09-22,270.0,Initial stock entry
1654,542,price_reduced,2024-05-18,222.18,Seasonal markdown to 222.18E
1655,542,rental_eligible,2024-09-21,270.0,Crossed 12-month threshold -- eligible for rental program
1656,542,sold,2023-12-12,238.08,Final sale
1657,543,listed,2023-02-20,350.0,Initial stock entry
1658,543,price_reduced,2023-10-14,262.19,Seasonal markdown to 262.19E
1659,543,rental_eligible,2024-02-20,350.0,Crossed 12-month threshold -- eligible for rental program
1660,543,sold,2023-10-13,277.35,Final sale
1661,544,listed,2022-05-10,325.0,Initial stock entry
1662,544,price_reduced,2022-12-17,246.86,Seasonal markdown to 246.86E
1663,544,rental_eligible,2023-05-10,325.0,Crossed 12-month threshold -- eligible for rental program
1664,544,sold,2025-01-13,192.45,Final sale
1665,545,listed,2022-03-25,665.0,Initial stock entry
1666,545,rental_eligible,2023-03-25,665.0,Crossed 12-month threshold -- eligible for rental program
1667,545,sold,2023-07-23,480.16,Final sale
1668,546,listed,2023-08-05,665.0,Initial stock entry
1669,546,price_reduced,2024-02-12,521.34,Seasonal markdown to 521.34E
1670,546,rental_eligible,2024-08-04,665.0,Crossed 12-month threshold -- eligible for rental program
1671,546,sold,2023-09-25,644.58,Final sale
1672,547,listed,2022-12-24,435.0,Initial stock entry
1673,547,price_reduced,2023-10-24,361.84,Seasonal markdown to 361.84E
1674,547,rental_eligible,2023-12-24,435.0,Crossed 12-month threshold -- eligible for rental program
1675,547,sold,2023-12-17,317.54,Final sale
1676,548,listed,2023-04-28,250.0,Initial stock entry
1677,548,rental_eligible,2024-04-27,250.0,Crossed 12-month threshold -- eligible for rental program
1678,548,sold,2024-07-29,230.98,Final sale
1679,549,listed,2022-11-02,335.0,Initial stock entry
1680,549,price_reduced,2023-08-20,292.81,Seasonal markdown to 292.81E
1681,549,rental_eligible,2023-11-02,335.0,Crossed 12-month threshold -- eligible for rental program
1682,549,sold,2024-01-06,226.67,Final sale
1683,550,listed,2023-11-16,445.0,Initial stock entry
1684,550,rental_eligible,2024-11-15,445.0,Crossed 12-month threshold -- eligible for rental program
1685,550,sold,2024-12-15,432.86,Final sale
1686,551,listed,2022-08-26,465.0,Initial stock entry
1687,551,price_reduced,2023-07-18,355.78,Seasonal markdown to 355.78E
1688,551,rental_eligible,2023-08-26,465.0,Crossed 12-month threshold -- eligible for rental program
1689,551,sold,2024-01-12,292.05,Final sale
1690,552,listed,2023-10-30,600.0,Initial stock entry
1691,552,price_reduced,2024-05-20,473.36,Seasonal markdown to 473.36E
1692,552,rental_eligible,2024-10-29,600.0,Crossed 12-month threshold -- eligible for rental program
1693,552,sold,2024-07-03,507.94,Final sale
1694,553,listed,2022-04-22,510.0,Initial stock entry
1695,553,rental_eligible,2023-04-22,510.0,Crossed 12-month threshold -- eligible for rental program
1696,553,sold,2023-01-04,327.68,Final sale
1697,554,listed,2024-01-05,575.0,Initial stock entry
1698,554,rental_eligible,2025-01-04,575.0,Crossed 12-month threshold -- eligible for rental program
1699,554,sold,2024-05-15,519.76,Final sale
1700,555,listed,2022-12-17,455.0,Initial stock entry
1701,555,price_reduced,2023-11-26,403.75,Seasonal markdown to 403.75E
1702,555,rental_eligible,2023-12-17,455.0,Crossed 12-month threshold -- eligible for rental program
1703,555,sold,2024-10-09,303.28,Final sale
1704,556,listed,2024-09-28,635.0,Initial stock entry
1705,556,sold,2024-11-20,625.0,Final sale
1706,557,listed,2023-04-01,445.0,Initial stock entry
1707,557,price_reduced,2023-11-18,375.17,Seasonal markdown to 375.17E
1708,557,rental_eligible,2024-03-31,445.0,Crossed 12-month threshold -- eligible for rental program
1709,557,sold,2024-06-02,314.63,Final sale
1710,558,listed,2024-09-08,490.0,Initial stock entry
1711,558,sold,2024-12-20,295.15,Final sale
1712,559,listed,2023-08-29,310.0,Initial stock entry
1713,559,rental_eligible,2024-08-28,310.0,Crossed 12-month threshold -- eligible for rental program
1714,559,sold,2025-01-10,195.43,Final sale
1715,560,listed,2024-07-20,510.0,Initial stock entry
1716,560,sold,2025-04-05,369.63,Final sale
1717,561,listed,2023-11-13,280.0,Initial stock entry
1718,561,price_reduced,2024-08-26,246.08,Seasonal markdown to 246.08E
1719,561,rental_eligible,2024-11-12,280.0,Crossed 12-month threshold -- eligible for rental program
1720,561,sold,2025-01-01,157.99,Final sale
1721,562,listed,2024-11-20,670.0,Initial stock entry
1722,563,listed,2022-05-18,415.0,Initial stock entry
1723,563,rental_eligible,2023-05-18,415.0,Crossed 12-month threshold -- eligible for rental program
1724,563,sold,2023-08-17,375.79,Final sale
1725,564,listed,2023-03-06,670.0,Initial stock entry
1726,564,rental_eligible,2024-03-05,670.0,Crossed 12-month threshold -- eligible for rental program
1727,564,sold,2023-10-06,556.54,Final sale
1728,565,listed,2024-09-22,405.0,Initial stock entry
1729,566,listed,2022-05-15,675.0,Initial stock entry
1730,566,price_reduced,2023-01-21,591.3,Seasonal markdown to 591.3E
1731,566,rental_eligible,2023-05-15,675.0,Crossed 12-month threshold -- eligible for rental program
1732,566,sold,2022-11-03,515.04,Final sale
1733,567,listed,2022-10-31,375.0,Initial stock entry
1734,567,rental_eligible,2023-10-31,375.0,Crossed 12-month threshold -- eligible for rental program
1735,567,sold,2023-03-12,292.58,Final sale
1736,568,listed,2024-06-28,405.0,Initial stock entry
1737,568,sold,2024-08-19,375.09,Final sale
1738,569,listed,2023-10-31,510.0,Initial stock entry
1739,569,rental_eligible,2024-10-30,510.0,Crossed 12-month threshold -- eligible for rental program
1740,569,sold,2024-10-10,410.08,Final sale
1741,570,listed,2023-06-17,325.0,Initial stock entry
1742,570,price_reduced,2024-06-09,239.38,Seasonal markdown to 239.38E
1743,570,rental_eligible,2024-06-16,325.0,Crossed 12-month threshold -- eligible for rental program
1744,570,sold,2024-01-05,220.73,Final sale
1745,571,listed,2022-11-26,525.0,Initial stock entry
1746,571,price_reduced,2023-08-11,395.49,Seasonal markdown to 395.49E
1747,571,rental_eligible,2023-11-26,525.0,Crossed 12-month threshold -- eligible for rental program
1748,571,sold,2023-09-25,307.12,Final sale
1749,572,listed,2024-06-21,510.0,Initial stock entry
1750,573,listed,2022-11-29,450.0,Initial stock entry
1751,573,price_reduced,2023-08-24,353.56,Seasonal markdown to 353.56E
1752,573,rental_eligible,2023-11-29,450.0,Crossed 12-month threshold -- eligible for rental program
1753,573,sold,2023-12-07,408.72,Final sale
1754,574,listed,2024-11-05,250.0,Initial stock entry
1755,574,sold,2025-02-07,230.19,Final sale
1756,575,listed,2022-03-24,465.0,Initial stock entry
1757,575,rental_eligible,2023-03-24,465.0,Crossed 12-month threshold -- eligible for rental program
1758,575,sold,2024-10-27,375.08,Final sale
1759,576,listed,2023-10-31,410.0,Initial stock entry
1760,576,rental_eligible,2024-10-30,410.0,Crossed 12-month threshold -- eligible for rental program
1761,576,sold,2024-02-22,291.72,Final sale
1762,577,listed,2024-07-01,490.0,Initial stock entry
1763,577,price_reduced,2025-03-06,379.23,Seasonal markdown to 379.23E
1764,577,sold,2024-09-26,352.96,Final sale
1765,578,listed,2022-04-25,480.0,Initial stock entry
1766,578,rental_eligible,2023-04-25,480.0,Crossed 12-month threshold -- eligible for rental program
1767,578,sold,2024-09-27,384.83,Final sale
1768,579,listed,2023-09-23,405.0,Initial stock entry
1769,579,price_reduced,2024-09-13,321.38,Seasonal markdown to 321.38E
1770,579,rental_eligible,2024-09-22,405.0,Crossed 12-month threshold -- eligible for rental program
1771,579,sold,2024-05-12,316.74,Final sale
1772,580,listed,2024-05-18,685.0,Initial stock entry
1773,580,sold,2024-10-31,396.24,Final sale
1774,581,listed,2024-02-09,670.0,Initial stock entry
1775,581,price_reduced,2024-08-07,548.81,Seasonal markdown to 548.81E
1776,581,rental_eligible,2025-02-08,670.0,Crossed 12-month threshold -- eligible for rental program
1777,581,sold,2024-07-04,519.51,Final sale
1778,582,listed,2022-10-08,505.0,Initial stock entry
1779,582,price_reduced,2023-06-25,402.15,Seasonal markdown to 402.15E
1780,582,rental_eligible,2023-10-08,505.0,Crossed 12-month threshold -- eligible for rental program
1781,582,sold,2023-08-08,317.38,Final sale
1782,583,listed,2024-08-07,470.0,Initial stock entry
1783,583,price_reduced,2025-02-20,351.04,Seasonal markdown to 351.04E
1784,583,sold,2025-03-24,383.28,Final sale
1785,584,listed,2023-05-17,330.0,Initial stock entry
1786,584,price_reduced,2023-11-21,269.38,Seasonal markdown to 269.38E
1787,584,rental_eligible,2024-05-16,330.0,Crossed 12-month threshold -- eligible for rental program
1788,584,sold,2024-01-27,252.33,Final sale
1789,585,listed,2024-09-01,530.0,Initial stock entry
1790,585,price_reduced,2025-03-06,376.29,Seasonal markdown to 376.29E
1791,585,sold,2025-02-03,493.37,Final sale
1792,586,listed,2024-08-02,315.0,Initial stock entry
1793,586,sold,2025-03-08,186.56,Final sale
1794,587,listed,2022-06-07,380.0,Initial stock entry
1795,587,price_reduced,2023-04-12,338.67,Seasonal markdown to 338.67E
1796,587,rental_eligible,2023-06-07,380.0,Crossed 12-month threshold -- eligible for rental program
1797,587,sold,2023-12-24,253.79,Final sale
1798,588,listed,2024-01-13,565.0,Initial stock entry
1799,588,price_reduced,2024-07-24,440.27,Seasonal markdown to 440.27E
1800,588,rental_eligible,2025-01-12,565.0,Crossed 12-month threshold -- eligible for rental program
1801,588,sold,2024-08-22,331.69,Final sale
1802,589,listed,2022-11-30,435.0,Initial stock entry
1803,589,rental_eligible,2023-11-30,435.0,Crossed 12-month threshold -- eligible for rental program
1804,589,sold,2024-10-27,427.76,Final sale
1805,590,listed,2022-08-22,570.0,Initial stock entry
1806,590,price_reduced,2023-06-04,428.23,Seasonal markdown to 428.23E
1807,590,rental_eligible,2023-08-22,570.0,Crossed 12-month threshold -- eligible for rental program
1808,590,sold,2023-11-19,531.29,Final sale
1809,591,listed,2024-06-24,410.0,Initial stock entry
1810,591,price_reduced,2025-02-08,348.91,Seasonal markdown to 348.91E
1811,591,sold,2025-02-15,327.61,Final sale
1812,592,listed,2023-04-10,315.0,Initial stock entry
1813,592,rental_eligible,2024-04-09,315.0,Crossed 12-month threshold -- eligible for rental program
1814,592,sold,2023-07-17,225.38,Final sale
1815,593,listed,2022-03-29,590.0,Initial stock entry
1816,593,price_reduced,2023-03-21,423.28,Seasonal markdown to 423.28E
1817,593,rental_eligible,2023-03-29,590.0,Crossed 12-month threshold -- eligible for rental program
1818,593,sold,2024-05-30,541.27,Final sale
1819,594,listed,2022-01-22,280.0,Initial stock entry
1820,594,rental_eligible,2023-01-22,280.0,Crossed 12-month threshold -- eligible for rental program
1821,594,sold,2022-04-30,272.24,Final sale
1822,595,listed,2023-07-23,630.0,Initial stock entry
1823,595,price_reduced,2024-05-19,557.49,Seasonal markdown to 557.49E
1824,595,rental_eligible,2024-07-22,630.0,Crossed 12-month threshold -- eligible for rental program
1825,595,sold,2024-02-08,510.04,Final sale
1826,596,listed,2022-01-29,620.0,Initial stock entry
1827,596,price_reduced,2022-12-07,472.2,Seasonal markdown to 472.2E
1828,596,rental_eligible,2023-01-29,620.0,Crossed 12-month threshold -- eligible for rental program
1829,596,sold,2022-05-22,535.6,Final sale
1830,597,listed,2023-01-15,465.0,Initial stock entry
1831,597,rental_eligible,2024-01-15,465.0,Crossed 12-month threshold -- eligible for rental program
1832,597,sold,2024-09-11,336.32,Final sale
1833,598,listed,2023-10-06,430.0,Initial stock entry
1834,598,price_reduced,2024-06-02,332.25,Seasonal markdown to 332.25E
1835,598,rental_eligible,2024-10-05,430.0,Crossed 12-month threshold -- eligible for rental program
1836,598,sold,2025-01-16,242.94,Final sale
1837,599,listed,2023-11-03,265.0,Initial stock entry
1838,599,rental_eligible,2024-11-02,265.0,Crossed 12-month threshold -- eligible for rental program
1839,599,sold,2024-03-28,229.93,Final sale
1840,600,listed,2024-05-26,380.0,Initial stock entry
1841,600,sold,2025-01-28,310.26,Final sale
1842,601,listed,2022-06-24,445.0,Initial stock entry
1843,601,price_reduced,2022-12-27,346.78,Seasonal markdown to 346.78E
1844,601,rental_eligible,2023-06-24,445.0,Crossed 12-month threshold -- eligible for rental program
1845,601,sold,2024-05-14,332.87,Final sale
1846,602,listed,2024-04-07,400.0,Initial stock entry
1847,602,price_reduced,2025-01-15,317.68,Seasonal markdown to 317.68E
1848,602,sold,2024-07-07,318.64,Final sale
1849,603,listed,2024-04-08,550.0,Initial stock entry
1850,603,price_reduced,2024-11-20,431.27,Seasonal markdown to 431.27E
1851,603,sold,2025-01-06,528.03,Final sale
1852,604,listed,2022-10-03,355.0,Initial stock entry
1853,604,rental_eligible,2023-10-03,355.0,Crossed 12-month threshold -- eligible for rental program
1854,604,sold,2025-01-04,208.23,Final sale
1855,605,listed,2023-09-13,395.0,Initial stock entry
1856,605,price_reduced,2024-07-20,312.22,Seasonal markdown to 312.22E
1857,605,rental_eligible,2024-09-12,395.0,Crossed 12-month threshold -- eligible for rental program
1858,605,sold,2025-03-15,293.84,Final sale
1859,606,listed,2024-10-30,475.0,Initial stock entry
1860,607,listed,2024-02-10,450.0,Initial stock entry
1861,607,price_reduced,2024-10-31,375.86,Seasonal markdown to 375.86E
1862,607,rental_eligible,2025-02-09,450.0,Crossed 12-month threshold -- eligible for rental program
1863,607,sold,2024-04-03,325.91,Final sale
1864,608,listed,2024-03-07,390.0,Initial stock entry
1865,608,rental_eligible,2025-03-07,390.0,Crossed 12-month threshold -- eligible for rental program
1866,608,sold,2025-01-24,287.28,Final sale
1867,609,listed,2023-06-24,275.0,Initial stock entry
1868,609,price_reduced,2024-02-02,230.8,Seasonal markdown to 230.8E
1869,609,rental_eligible,2024-06-23,275.0,Crossed 12-month threshold -- eligible for rental program
1870,609,sold,2024-12-20,244.8,Final sale
1871,610,listed,2024-01-21,270.0,Initial stock entry
1872,610,rental_eligible,2025-01-20,270.0,Crossed 12-month threshold -- eligible for rental program
1873,610,sold,2024-03-03,238.64,Final sale
1874,611,listed,2022-04-26,435.0,Initial stock entry
1875,611,price_reduced,2023-04-04,332.57,Seasonal markdown to 332.57E
1876,611,rental_eligible,2023-04-26,435.0,Crossed 12-month threshold -- eligible for rental program
1877,611,sold,2022-07-09,404.43,Final sale
1878,612,listed,2023-10-30,325.0,Initial stock entry
1879,612,rental_eligible,2024-10-29,325.0,Crossed 12-month threshold -- eligible for rental program
1880,612,sold,2024-09-16,198.94,Final sale
1881,613,listed,2023-10-11,260.0,Initial stock entry
1882,613,rental_eligible,2024-10-10,260.0,Crossed 12-month threshold -- eligible for rental program
1883,613,sold,2025-02-18,149.87,Final sale
1884,614,listed,2023-11-27,475.0,Initial stock entry
1885,614,rental_eligible,2024-11-26,475.0,Crossed 12-month threshold -- eligible for rental program
1886,614,sold,2024-10-09,351.58,Final sale
1887,615,listed,2022-04-08,380.0,Initial stock entry
1888,615,rental_eligible,2023-04-08,380.0,Crossed 12-month threshold -- eligible for rental program
1889,615,sold,2022-10-14,302.21,Final sale
1890,616,listed,2024-08-31,610.0,Initial stock entry
1891,616,sold,2025-04-03,457.04,Final sale
1892,617,listed,2023-05-30,435.0,Initial stock entry
1893,617,rental_eligible,2024-05-29,435.0,Crossed 12-month threshold -- eligible for rental program
1894,617,sold,2024-01-25,275.82,Final sale
1895,618,listed,2024-08-15,475.0,Initial stock entry
1896,618,price_reduced,2025-02-13,370.71,Seasonal markdown to 370.71E
1897,618,sold,2024-10-25,384.77,Final sale
1898,619,listed,2022-11-05,315.0,Initial stock entry
1899,619,rental_eligible,2023-11-05,315.0,Crossed 12-month threshold -- eligible for rental program
1900,619,sold,2022-12-20,240.52,Final sale
1901,620,listed,2022-11-25,620.0,Initial stock entry
1902,620,rental_eligible,2023-11-25,620.0,Crossed 12-month threshold -- eligible for rental program
1903,620,sold,2024-08-10,503.2,Final sale
1904,621,listed,2023-09-28,610.0,Initial stock entry
1905,621,rental_eligible,2024-09-27,610.0,Crossed 12-month threshold -- eligible for rental program
1906,621,sold,2025-04-01,565.89,Final sale
1907,622,listed,2023-07-23,260.0,Initial stock entry
1908,622,price_reduced,2024-06-12,224.45,Seasonal markdown to 224.45E
1909,622,rental_eligible,2024-07-22,260.0,Crossed 12-month threshold -- eligible for rental program
1910,622,sold,2024-02-01,200.39,Final sale
1911,623,listed,2022-05-11,520.0,Initial stock entry
1912,623,rental_eligible,2023-05-11,520.0,Crossed 12-month threshold -- eligible for rental program
1913,623,sold,2024-10-14,450.37,Final sale
1914,624,listed,2023-05-31,485.0,Initial stock entry
1915,624,rental_eligible,2024-05-30,485.0,Crossed 12-month threshold -- eligible for rental program
1916,624,sold,2024-01-24,435.37,Final sale
1917,625,listed,2024-05-16,585.0,Initial stock entry
1918,625,price_reduced,2024-11-23,463.03,Seasonal markdown to 463.03E
1919,625,sold,2024-06-18,462.3,Final sale
1920,626,listed,2024-02-07,275.0,Initial stock entry
1921,626,rental_eligible,2025-02-06,275.0,Crossed 12-month threshold -- eligible for rental program
1922,626,sold,2024-08-12,226.83,Final sale
1923,627,listed,2024-01-24,465.0,Initial stock entry
1924,627,price_reduced,2024-12-19,352.65,Seasonal markdown to 352.65E
1925,627,rental_eligible,2025-01-23,465.0,Crossed 12-month threshold -- eligible for rental program
1926,627,sold,2024-03-09,298.91,Final sale
1927,628,listed,2024-01-14,535.0,Initial stock entry
1928,628,rental_eligible,2025-01-13,535.0,Crossed 12-month threshold -- eligible for rental program
1929,628,sold,2024-11-13,459.64,Final sale
1930,629,listed,2023-04-28,290.0,Initial stock entry
1931,629,rental_eligible,2024-04-27,290.0,Crossed 12-month threshold -- eligible for rental program
1932,629,sold,2023-08-25,247.53,Final sale
1933,630,listed,2024-04-25,460.0,Initial stock entry
1934,630,price_reduced,2025-01-13,349.83,Seasonal markdown to 349.83E
1935,630,sold,2025-03-28,396.31,Final sale
1936,631,listed,2023-11-01,520.0,Initial stock entry
1937,631,price_reduced,2024-07-29,444.61,Seasonal markdown to 444.61E
1938,631,rental_eligible,2024-10-31,520.0,Crossed 12-month threshold -- eligible for rental program
1939,631,sold,2024-10-08,514.94,Final sale
1940,632,listed,2023-10-05,530.0,Initial stock entry
1941,632,rental_eligible,2024-10-04,530.0,Crossed 12-month threshold -- eligible for rental program
1942,632,sold,2024-11-27,434.32,Final sale
1943,633,listed,2022-10-01,640.0,Initial stock entry
1944,633,price_reduced,2023-06-25,552.9,Seasonal markdown to 552.9E
1945,633,rental_eligible,2023-10-01,640.0,Crossed 12-month threshold -- eligible for rental program
1946,633,sold,2024-01-23,406.68,Final sale
1947,634,listed,2023-04-05,645.0,Initial stock entry
1948,634,price_reduced,2024-03-05,519.93,Seasonal markdown to 519.93E
1949,634,rental_eligible,2024-04-04,645.0,Crossed 12-month threshold -- eligible for rental program
1950,634,sold,2024-02-07,422.09,Final sale
1951,635,listed,2022-04-12,630.0,Initial stock entry
1952,635,rental_eligible,2023-04-12,630.0,Crossed 12-month threshold -- eligible for rental program
1953,635,sold,2023-12-02,533.24,Final sale
1954,636,listed,2024-06-10,300.0,Initial stock entry
1955,636,price_reduced,2024-12-13,251.84,Seasonal markdown to 251.84E
1956,636,sold,2024-08-17,227.9,Final sale
1957,637,listed,2022-09-24,470.0,Initial stock entry
1958,637,rental_eligible,2023-09-24,470.0,Crossed 12-month threshold -- eligible for rental program
1959,637,sold,2023-12-22,358.22,Final sale
1960,638,listed,2023-06-21,380.0,Initial stock entry
1961,638,rental_eligible,2024-06-20,380.0,Crossed 12-month threshold -- eligible for rental program
1962,638,sold,2023-07-26,275.07,Final sale
1963,639,listed,2024-03-25,640.0,Initial stock entry
1964,639,price_reduced,2025-03-04,482.7,Seasonal markdown to 482.7E
1965,639,rental_eligible,2025-03-25,640.0,Crossed 12-month threshold -- eligible for rental program
1966,639,sold,2024-08-15,547.21,Final sale
1967,640,listed,2023-04-26,270.0,Initial stock entry
1968,640,price_reduced,2024-04-05,217.5,Seasonal markdown to 217.5E
1969,640,rental_eligible,2024-04-25,270.0,Crossed 12-month threshold -- eligible for rental program
1970,640,sold,2023-07-18,161.01,Final sale
1971,641,listed,2022-03-26,685.0,Initial stock entry
1972,641,rental_eligible,2023-03-26,685.0,Crossed 12-month threshold -- eligible for rental program
1973,641,sold,2023-09-24,648.78,Final sale
1974,642,listed,2024-06-05,390.0,Initial stock entry
1975,642,sold,2024-09-15,372.67,Final sale
1976,643,listed,2023-06-24,375.0,Initial stock entry
1977,643,rental_eligible,2024-06-23,375.0,Crossed 12-month threshold -- eligible for rental program
1978,643,sold,2023-10-27,261.7,Final sale
1979,644,listed,2024-06-20,500.0,Initial stock entry
1980,644,price_reduced,2025-02-12,427.47,Seasonal markdown to 427.47E
1981,644,sold,2024-09-16,382.09,Final sale
1982,645,listed,2024-06-12,565.0,Initial stock entry
1983,645,sold,2024-09-29,415.57,Final sale
1984,646,listed,2022-09-11,640.0,Initial stock entry
1985,646,price_reduced,2023-07-02,560.62,Seasonal markdown to 560.62E
1986,646,rental_eligible,2023-09-11,640.0,Crossed 12-month threshold -- eligible for rental program
1987,646,sold,2023-05-07,360.95,Final sale
1988,647,listed,2022-01-09,515.0,Initial stock entry
1989,647,rental_eligible,2023-01-09,515.0,Crossed 12-month threshold -- eligible for rental program
1990,647,sold,2022-04-13,403.2,Final sale
1991,648,listed,2022-09-07,375.0,Initial stock entry
1992,648,rental_eligible,2023-09-07,375.0,Crossed 12-month threshold -- eligible for rental program
1993,648,sold,2025-03-04,217.32,Final sale
1994,649,listed,2023-07-06,530.0,Initial stock entry
1995,649,price_reduced,2024-02-09,427.04,Seasonal markdown to 427.04E
1996,649,rental_eligible,2024-07-05,530.0,Crossed 12-month threshold -- eligible for rental program
1997,649,sold,2024-10-02,422.74,Final sale
1998,650,listed,2023-08-03,635.0,Initial stock entry
1999,650,rental_eligible,2024-08-02,635.0,Crossed 12-month threshold -- eligible for rental program
2000,650,sold,2024-07-01,587.26,Final sale
2001,651,listed,2024-03-27,685.0,Initial stock entry
2002,651,rental_eligible,2025-03-27,685.0,Crossed 12-month threshold -- eligible for rental program
2003,651,sold,2024-10-10,608.64,Final sale
2004,652,listed,2024-06-04,470.0,Initial stock entry
2005,652,price_reduced,2024-12-03,372.02,Seasonal markdown to 372.02E
2006,652,sold,2025-03-25,365.87,Final sale
2007,653,listed,2024-09-02,645.0,Initial stock entry
2008,653,sold,2024-12-27,630.9,Final sale
2009,654,listed,2023-12-01,265.0,Initial stock entry
2010,654,price_reduced,2024-11-10,210.25,Seasonal markdown to 210.25E
2011,654,rental_eligible,2024-11-30,265.0,Crossed 12-month threshold -- eligible for rental program
2012,654,sold,2024-05-20,156.34,Final sale
2013,655,listed,2022-06-12,460.0,Initial stock entry
2014,655,rental_eligible,2023-06-12,460.0,Crossed 12-month threshold -- eligible for rental program
2015,655,sold,2022-07-14,340.56,Final sale
2016,656,listed,2022-06-06,270.0,Initial stock entry
2017,656,rental_eligible,2023-06-06,270.0,Crossed 12-month threshold -- eligible for rental program
2018,656,sold,2022-10-29,235.89,Final sale
2019,657,listed,2022-06-17,410.0,Initial stock entry
2020,657,rental_eligible,2023-06-17,410.0,Crossed 12-month threshold -- eligible for rental program
2021,657,sold,2023-08-15,383.91,Final sale
2022,658,listed,2023-09-02,435.0,Initial stock entry
2023,658,price_reduced,2024-06-28,339.83,Seasonal markdown to 339.83E
2024,658,rental_eligible,2024-09-01,435.0,Crossed 12-month threshold -- eligible for rental program
2025,658,sold,2024-02-14,242.3,Final sale
2026,659,listed,2023-06-16,285.0,Initial stock entry
2027,659,price_reduced,2024-01-16,247.42,Seasonal markdown to 247.42E
2028,659,rental_eligible,2024-06-15,285.0,Crossed 12-month threshold -- eligible for rental program
2029,659,sold,2024-03-17,236.89,Final sale
2030,660,listed,2024-07-31,545.0,Initial stock entry
2031,660,sold,2025-02-08,485.5,Final sale
2032,661,listed,2023-01-26,750.0,Initial stock entry
2033,661,price_reduced,2023-11-09,554.19,Seasonal markdown to 554.19E
2034,661,rental_eligible,2024-01-26,750.0,Crossed 12-month threshold -- eligible for rental program
2035,661,sold,2023-11-22,507.21,Final sale
2036,662,listed,2023-01-26,1530.0,Initial stock entry
2037,662,price_reduced,2023-12-24,1187.73,Seasonal markdown to 1187.73E
2038,662,rental_eligible,2024-01-26,1530.0,Crossed 12-month threshold -- eligible for rental program
2039,662,sold,2024-12-22,968.1,Final sale
2040,663,listed,2024-06-30,2745.0,Initial stock entry
2041,663,price_reduced,2025-03-03,2295.08,Seasonal markdown to 2295.08E
2042,663,sold,2025-03-11,2108.29,Final sale
2043,664,listed,2024-03-13,2555.0,Initial stock entry
2044,664,price_reduced,2024-10-24,1794.1,Seasonal markdown to 1794.1E
2045,664,rental_eligible,2025-03-13,2555.0,Crossed 12-month threshold -- eligible for rental program
2046,664,sold,2024-09-10,2337.13,Final sale
2047,665,listed,2023-08-19,2300.0,Initial stock entry
2048,665,rental_eligible,2024-08-18,2300.0,Crossed 12-month threshold -- eligible for rental program
2049,665,sold,2024-02-11,1573.7,Final sale
2050,666,listed,2023-10-09,450.0,Initial stock entry
2051,666,rental_eligible,2024-10-08,450.0,Crossed 12-month threshold -- eligible for rental program
2052,666,sold,2024-11-24,291.03,Final sale
2053,667,listed,2023-12-12,2840.0,Initial stock entry
2054,667,rental_eligible,2024-12-11,2840.0,Crossed 12-month threshold -- eligible for rental program
2055,667,sold,2024-11-05,1677.05,Final sale
2056,668,listed,2024-11-05,1540.0,Initial stock entry
2057,669,listed,2024-01-08,2565.0,Initial stock entry
2058,669,rental_eligible,2025-01-07,2565.0,Crossed 12-month threshold -- eligible for rental program
2059,669,sold,2024-05-31,1940.01,Final sale
2060,670,listed,2024-10-04,805.0,Initial stock entry
2061,671,listed,2023-06-19,1330.0,Initial stock entry
2062,671,price_reduced,2024-01-31,1077.65,Seasonal markdown to 1077.65E
2063,671,rental_eligible,2024-06-18,1330.0,Crossed 12-month threshold -- eligible for rental program
2064,671,sold,2024-04-16,1072.57,Final sale
2065,672,listed,2023-04-10,695.0,Initial stock entry
2066,672,rental_eligible,2024-04-09,695.0,Crossed 12-month threshold -- eligible for rental program
2067,672,sold,2023-07-09,460.41,Final sale
2068,673,listed,2022-11-06,1095.0,Initial stock entry
2069,673,price_reduced,2023-08-27,766.67,Seasonal markdown to 766.67E
2070,673,rental_eligible,2023-11-06,1095.0,Crossed 12-month threshold -- eligible for rental program
2071,673,sold,2025-01-16,746.94,Final sale
2072,674,listed,2022-07-28,2430.0,Initial stock entry
2073,674,price_reduced,2023-02-27,2111.41,Seasonal markdown to 2111.41E
2074,674,rental_eligible,2023-07-28,2430.0,Crossed 12-month threshold -- eligible for rental program
2075,674,sold,2025-02-24,2090.69,Final sale
2076,675,listed,2024-06-23,2295.0,Initial stock entry
2077,675,price_reduced,2025-02-03,1708.54,Seasonal markdown to 1708.54E
2078,675,sold,2025-02-25,1526.47,Final sale
2079,676,listed,2024-05-01,1540.0,Initial stock entry
2080,676,sold,2025-02-27,1411.9,Final sale
2081,677,listed,2024-04-29,2260.0,Initial stock entry
2082,677,sold,2024-10-18,1934.22,Final sale
2083,678,listed,2024-04-18,1475.0,Initial stock entry
2084,679,listed,2023-10-07,620.0,Initial stock entry
2085,679,rental_eligible,2024-10-06,620.0,Crossed 12-month threshold -- eligible for rental program
2086,679,sold,2024-08-10,575.47,Final sale
2087,680,listed,2024-11-30,550.0,Initial stock entry
2088,681,listed,2022-10-28,2550.0,Initial stock entry
2089,681,rental_eligible,2023-10-28,2550.0,Crossed 12-month threshold -- eligible for rental program
2090,681,sold,2024-06-08,1571.03,Final sale
2091,682,listed,2022-06-22,2690.0,Initial stock entry
2092,682,price_reduced,2023-05-13,2126.05,Seasonal markdown to 2126.05E
2093,682,rental_eligible,2023-06-22,2690.0,Crossed 12-month threshold -- eligible for rental program
2094,682,sold,2023-12-14,1780.64,Final sale
2095,683,listed,2023-11-29,1835.0,Initial stock entry
2096,683,price_reduced,2024-09-06,1435.38,Seasonal markdown to 1435.38E
2097,683,rental_eligible,2024-11-28,1835.0,Crossed 12-month threshold -- eligible for rental program
2098,683,sold,2024-04-08,1802.57,Final sale
2099,684,listed,2022-08-15,2965.0,Initial stock entry
2100,684,price_reduced,2023-02-20,2301.53,Seasonal markdown to 2301.53E
2101,684,rental_eligible,2023-08-15,2965.0,Crossed 12-month threshold -- eligible for rental program
2102,684,sold,2024-12-18,2249.3,Final sale
2103,685,listed,2022-01-11,1565.0,Initial stock entry
2104,685,rental_eligible,2023-01-11,1565.0,Crossed 12-month threshold -- eligible for rental program
2105,685,sold,2025-01-28,1147.91,Final sale
2106,686,listed,2022-10-14,2135.0,Initial stock entry
2107,686,rental_eligible,2023-10-14,2135.0,Crossed 12-month threshold -- eligible for rental program
2108,686,sold,2023-03-25,1532.45,Final sale
2109,687,listed,2024-05-21,780.0,Initial stock entry
2110,687,price_reduced,2025-03-01,621.6,Seasonal markdown to 621.6E
2111,687,sold,2024-09-17,476.35,Final sale
2112,688,listed,2024-04-04,600.0,Initial stock entry
2113,688,price_reduced,2024-12-05,442.32,Seasonal markdown to 442.32E
2114,688,rental_eligible,2025-04-04,600.0,Crossed 12-month threshold -- eligible for rental program
2115,688,sold,2025-01-27,434.48,Final sale
2116,689,listed,2024-09-29,2190.0,Initial stock entry
2117,690,listed,2022-08-30,2645.0,Initial stock entry
2118,690,price_reduced,2023-06-11,2149.68,Seasonal markdown to 2149.68E
2119,690,rental_eligible,2023-08-30,2645.0,Crossed 12-month threshold -- eligible for rental program
2120,690,sold,2023-02-07,1467.94,Final sale
2121,691,listed,2024-04-16,1965.0,Initial stock entry
2122,691,sold,2024-06-22,1935.38,Final sale
2123,692,listed,2024-02-06,1365.0,Initial stock entry
2124,692,rental_eligible,2025-02-05,1365.0,Crossed 12-month threshold -- eligible for rental program
2125,692,sold,2024-12-23,1109.11,Final sale
2126,693,listed,2023-03-18,2710.0,Initial stock entry
2127,693,price_reduced,2023-12-11,2101.31,Seasonal markdown to 2101.31E
2128,693,rental_eligible,2024-03-17,2710.0,Crossed 12-month threshold -- eligible for rental program
2129,693,sold,2024-12-11,2598.64,Final sale
2130,694,listed,2023-09-27,1650.0,Initial stock entry
2131,694,rental_eligible,2024-09-26,1650.0,Crossed 12-month threshold -- eligible for rental program
2132,694,sold,2024-04-02,1344.08,Final sale
2133,695,listed,2024-07-10,2055.0,Initial stock entry
2134,695,sold,2025-02-27,2010.01,Final sale
2135,696,listed,2023-11-26,2740.0,Initial stock entry
2136,696,rental_eligible,2024-11-25,2740.0,Crossed 12-month threshold -- eligible for rental program
2137,696,sold,2024-04-14,1902.32,Final sale
2138,697,listed,2023-09-25,2035.0,Initial stock entry
2139,697,rental_eligible,2024-09-24,2035.0,Crossed 12-month threshold -- eligible for rental program
2140,697,sold,2025-02-24,1911.52,Final sale
2141,698,listed,2022-04-19,1900.0,Initial stock entry
2142,698,price_reduced,2023-02-24,1506.32,Seasonal markdown to 1506.32E
2143,698,rental_eligible,2023-04-19,1900.0,Crossed 12-month threshold -- eligible for rental program
2144,698,sold,2025-02-26,1430.55,Final sale
2145,699,listed,2023-07-18,2900.0,Initial stock entry
2146,699,price_reduced,2024-05-04,2037.17,Seasonal markdown to 2037.17E
2147,699,rental_eligible,2024-07-17,2900.0,Crossed 12-month threshold -- eligible for rental program
2148,699,sold,2023-12-19,1917.41,Final sale
2149,700,listed,2022-02-17,1675.0,Initial stock entry
2150,700,rental_eligible,2023-02-17,1675.0,Crossed 12-month threshold -- eligible for rental program
2151,700,sold,2022-06-27,1315.66,Final sale
2152,701,listed,2022-07-23,695.0,Initial stock entry
2153,701,rental_eligible,2023-07-23,695.0,Crossed 12-month threshold -- eligible for rental program
2154,701,sold,2023-05-06,662.23,Final sale
2155,702,listed,2022-12-13,2875.0,Initial stock entry
2156,702,rental_eligible,2023-12-13,2875.0,Crossed 12-month threshold -- eligible for rental program
2157,702,sold,2023-04-19,2004.79,Final sale
2158,703,listed,2024-04-25,1230.0,Initial stock entry
2159,703,sold,2024-08-30,1216.74,Final sale
2160,704,listed,2024-10-06,1925.0,Initial stock entry
2161,704,sold,2024-11-26,1192.81,Final sale
2162,705,listed,2022-05-15,1835.0,Initial stock entry
2163,705,price_reduced,2022-11-13,1295.26,Seasonal markdown to 1295.26E
2164,705,rental_eligible,2023-05-15,1835.0,Crossed 12-month threshold -- eligible for rental program
2165,705,sold,2022-10-28,1248.38,Final sale
2166,706,listed,2023-05-20,2155.0,Initial stock entry
2167,706,price_reduced,2024-05-02,1809.51,Seasonal markdown to 1809.51E
2168,706,rental_eligible,2024-05-19,2155.0,Crossed 12-month threshold -- eligible for rental program
2169,706,sold,2024-07-31,1327.6,Final sale
2170,707,listed,2022-10-19,930.0,Initial stock entry
2171,707,rental_eligible,2023-10-19,930.0,Crossed 12-month threshold -- eligible for rental program
2172,707,sold,2024-12-21,906.52,Final sale
2173,708,listed,2024-08-09,400.0,Initial stock entry
2174,709,listed,2024-02-18,2580.0,Initial stock entry
2175,709,price_reduced,2025-01-29,2147.25,Seasonal markdown to 2147.25E
2176,709,rental_eligible,2025-02-17,2580.0,Crossed 12-month threshold -- eligible for rental program
2177,709,sold,2024-04-05,2429.9,Final sale
2178,710,listed,2023-09-08,1865.0,Initial stock entry
2179,710,rental_eligible,2024-09-07,1865.0,Crossed 12-month threshold -- eligible for rental program
2180,710,sold,2023-12-19,1208.48,Final sale
2181,711,listed,2023-10-14,1710.0,Initial stock entry
2182,711,price_reduced,2024-06-02,1373.67,Seasonal markdown to 1373.67E
2183,711,rental_eligible,2024-10-13,1710.0,Crossed 12-month threshold -- eligible for rental program
2184,711,sold,2024-09-02,1321.95,Final sale
2185,712,listed,2023-11-04,945.0,Initial stock entry
2186,712,price_reduced,2024-10-11,820.94,Seasonal markdown to 820.94E
2187,712,rental_eligible,2024-11-03,945.0,Crossed 12-month threshold -- eligible for rental program
2188,712,sold,2024-07-31,576.05,Final sale
2189,713,listed,2024-09-28,1475.0,Initial stock entry
2190,713,sold,2025-03-28,1218.06,Final sale
2191,714,listed,2024-02-10,2925.0,Initial stock entry
2192,714,rental_eligible,2025-02-09,2925.0,Crossed 12-month threshold -- eligible for rental program
2193,714,sold,2024-08-25,2704.95,Final sale
2194,715,listed,2023-03-30,1555.0,Initial stock entry
2195,715,price_reduced,2023-11-05,1319.35,Seasonal markdown to 1319.35E
2196,715,rental_eligible,2024-03-29,1555.0,Crossed 12-month threshold -- eligible for rental program
2197,715,sold,2025-03-12,1512.89,Final sale
2198,716,listed,2023-03-29,2500.0,Initial stock entry
2199,716,price_reduced,2023-09-27,1914.75,Seasonal markdown to 1914.75E
2200,716,rental_eligible,2024-03-28,2500.0,Crossed 12-month threshold -- eligible for rental program
2201,716,sold,2025-02-20,1545.25,Final sale
2202,717,listed,2024-03-22,2960.0,Initial stock entry
2203,717,rental_eligible,2025-03-22,2960.0,Crossed 12-month threshold -- eligible for rental program
2204,717,sold,2024-08-18,2076.66,Final sale
2205,718,listed,2022-05-14,730.0,Initial stock entry
2206,718,price_reduced,2023-04-04,647.14,Seasonal markdown to 647.14E
2207,718,rental_eligible,2023-05-14,730.0,Crossed 12-month threshold -- eligible for rental program
2208,718,sold,2024-11-02,542.13,Final sale
2209,719,listed,2024-07-18,1055.0,Initial stock entry
2210,719,sold,2024-09-12,875.73,Final sale
2211,720,listed,2024-08-13,2165.0,Initial stock entry
2212,720,price_reduced,2025-02-28,1688.99,Seasonal markdown to 1688.99E
2213,720,sold,2025-02-04,2106.71,Final sale
2214,721,listed,2023-10-10,1785.0,Initial stock entry
2215,721,rental_eligible,2024-10-09,1785.0,Crossed 12-month threshold -- eligible for rental program
2216,721,sold,2023-12-13,1503.09,Final sale
2217,722,listed,2023-02-08,2785.0,Initial stock entry
2218,722,rental_eligible,2024-02-08,2785.0,Crossed 12-month threshold -- eligible for rental program
2219,722,sold,2024-04-24,2200.92,Final sale
2220,723,listed,2023-11-16,1940.0,Initial stock entry
2221,723,rental_eligible,2024-11-15,1940.0,Crossed 12-month threshold -- eligible for rental program
2222,723,sold,2024-01-28,1480.68,Final sale
2223,724,listed,2022-05-30,2465.0,Initial stock entry
2224,724,price_reduced,2023-05-05,2186.57,Seasonal markdown to 2186.57E
2225,724,rental_eligible,2023-05-30,2465.0,Crossed 12-month threshold -- eligible for rental program
2226,724,sold,2023-10-01,2038.7,Final sale
2227,725,listed,2024-02-12,2780.0,Initial stock entry
2228,725,rental_eligible,2025-02-11,2780.0,Crossed 12-month threshold -- eligible for rental program
2229,725,sold,2024-12-07,2067.7,Final sale
2230,726,listed,2024-06-03,1985.0,Initial stock entry
2231,726,price_reduced,2025-01-30,1450.22,Seasonal markdown to 1450.22E
2232,726,sold,2024-11-28,1850.63,Final sale
2233,727,listed,2024-04-21,2005.0,Initial stock entry
2234,727,price_reduced,2024-12-20,1722.46,Seasonal markdown to 1722.46E
2235,727,sold,2024-10-25,1545.53,Final sale
2236,728,listed,2022-02-23,660.0,Initial stock entry
2237,728,price_reduced,2022-10-02,503.97,Seasonal markdown to 503.97E
2238,728,rental_eligible,2023-02-23,660.0,Crossed 12-month threshold -- eligible for rental program
2239,728,sold,2022-08-20,558.02,Final sale
2240,729,listed,2023-02-01,2255.0,Initial stock entry
2241,729,rental_eligible,2024-02-01,2255.0,Crossed 12-month threshold -- eligible for rental program
2242,729,sold,2024-11-25,1560.66,Final sale
2243,730,listed,2022-10-09,880.0,Initial stock entry
2244,730,rental_eligible,2023-10-09,880.0,Crossed 12-month threshold -- eligible for rental program
2245,730,sold,2022-11-21,504.52,Final sale
2246,731,listed,2022-10-26,1915.0,Initial stock entry
2247,731,rental_eligible,2023-10-26,1915.0,Crossed 12-month threshold -- eligible for rental program
2248,731,sold,2023-06-14,1606.81,Final sale
2249,732,listed,2022-10-24,1925.0,Initial stock entry
2250,732,price_reduced,2023-07-20,1371.41,Seasonal markdown to 1371.41E
2251,732,rental_eligible,2023-10-24,1925.0,Crossed 12-month threshold -- eligible for rental program
2252,732,sold,2024-01-26,1133.39,Final sale
2253,733,listed,2023-02-17,2940.0,Initial stock entry
2254,733,rental_eligible,2024-02-17,2940.0,Crossed 12-month threshold -- eligible for rental program
2255,733,sold,2025-01-26,1854.27,Final sale
2256,734,listed,2023-09-06,2905.0,Initial stock entry
2257,734,price_reduced,2024-08-28,2227.28,Seasonal markdown to 2227.28E
2258,734,rental_eligible,2024-09-05,2905.0,Crossed 12-month threshold -- eligible for rental program
2259,734,sold,2023-12-17,2370.06,Final sale
2260,735,listed,2023-04-17,2060.0,Initial stock entry
2261,735,rental_eligible,2024-04-16,2060.0,Crossed 12-month threshold -- eligible for rental program
2262,735,sold,2023-12-01,1327.64,Final sale
2263,736,listed,2022-01-14,880.0,Initial stock entry
2264,736,price_reduced,2022-09-27,744.79,Seasonal markdown to 744.79E
2265,736,rental_eligible,2023-01-14,880.0,Crossed 12-month threshold -- eligible for rental program
2266,736,sold,2023-10-07,821.31,Final sale
2267,737,listed,2024-01-08,905.0,Initial stock entry
2268,737,price_reduced,2024-10-28,685.38,Seasonal markdown to 685.38E
2269,737,rental_eligible,2025-01-07,905.0,Crossed 12-month threshold -- eligible for rental program
2270,737,sold,2024-12-14,497.78,Final sale
2271,738,listed,2023-05-19,1285.0,Initial stock entry
2272,738,price_reduced,2024-03-04,906.1,Seasonal markdown to 906.1E
2273,738,rental_eligible,2024-05-18,1285.0,Crossed 12-month threshold -- eligible for rental program
2274,738,sold,2024-12-16,947.29,Final sale
2275,739,listed,2022-08-16,2100.0,Initial stock entry
2276,739,price_reduced,2023-04-10,1602.39,Seasonal markdown to 1602.39E
2277,739,rental_eligible,2023-08-16,2100.0,Crossed 12-month threshold -- eligible for rental program
2278,739,sold,2022-11-21,2027.24,Final sale
2279,740,listed,2024-06-07,2940.0,Initial stock entry
2280,741,listed,2024-05-29,1225.0,Initial stock entry
2281,741,sold,2025-02-23,901.71,Final sale
2282,742,listed,2022-04-20,1250.0,Initial stock entry
2283,742,price_reduced,2023-03-21,892.82,Seasonal markdown to 892.82E
2284,742,rental_eligible,2023-04-20,1250.0,Crossed 12-month threshold -- eligible for rental program
2285,742,sold,2025-01-09,1041.8,Final sale
2286,743,listed,2022-05-13,2455.0,Initial stock entry
2287,743,rental_eligible,2023-05-13,2455.0,Crossed 12-month threshold -- eligible for rental program
2288,743,sold,2024-06-12,1449.49,Final sale
2289,744,listed,2024-02-05,865.0,Initial stock entry
2290,744,rental_eligible,2025-02-04,865.0,Crossed 12-month threshold -- eligible for rental program
2291,744,sold,2025-02-05,540.54,Final sale
2292,745,listed,2022-03-16,2060.0,Initial stock entry
2293,745,rental_eligible,2023-03-16,2060.0,Crossed 12-month threshold -- eligible for rental program
2294,745,sold,2024-03-25,1205.73,Final sale
2295,746,listed,2022-11-18,2710.0,Initial stock entry
2296,746,price_reduced,2023-07-05,2423.61,Seasonal markdown to 2423.61E
2297,746,rental_eligible,2023-11-18,2710.0,Crossed 12-month threshold -- eligible for rental program
2298,746,sold,2023-01-24,2228.32,Final sale
2299,747,listed,2022-03-26,1315.0,Initial stock entry
2300,747,price_reduced,2022-12-21,1054.34,Seasonal markdown to 1054.34E
2301,747,rental_eligible,2023-03-26,1315.0,Crossed 12-month threshold -- eligible for rental program
2302,747,sold,2024-03-30,928.18,Final sale
2303,748,listed,2023-10-12,2490.0,Initial stock entry
2304,748,rental_eligible,2024-10-11,2490.0,Crossed 12-month threshold -- eligible for rental program
2305,748,sold,2024-02-16,1729.14,Final sale
2306,749,listed,2023-08-27,2745.0,Initial stock entry
2307,749,rental_eligible,2024-08-26,2745.0,Crossed 12-month threshold -- eligible for rental program
2308,749,sold,2024-06-18,1844.81,Final sale
2309,750,listed,2022-03-20,585.0,Initial stock entry
2310,750,rental_eligible,2023-03-20,585.0,Crossed 12-month threshold -- eligible for rental program
2311,750,sold,2024-06-30,497.88,Final sale
2312,751,listed,2022-10-10,2235.0,Initial stock entry
2313,751,price_reduced,2023-09-25,1616.79,Seasonal markdown to 1616.79E
2314,751,rental_eligible,2023-10-10,2235.0,Crossed 12-month threshold -- eligible for rental program
2315,751,sold,2023-12-21,1276.41,Final sale
2316,752,listed,2022-01-25,2535.0,Initial stock entry
2317,752,rental_eligible,2023-01-25,2535.0,Crossed 12-month threshold -- eligible for rental program
2318,752,sold,2024-10-19,1397.32,Final sale
2319,753,listed,2024-11-22,1635.0,Initial stock entry
2320,753,sold,2025-01-27,907.57,Final sale
2321,754,listed,2024-05-05,1515.0,Initial stock entry
2322,754,price_reduced,2025-02-15,1303.25,Seasonal markdown to 1303.25E
2323,754,sold,2024-11-10,1050.68,Final sale
2324,755,listed,2023-09-18,2670.0,Initial stock entry
2325,755,price_reduced,2024-08-01,2016.54,Seasonal markdown to 2016.54E
2326,755,rental_eligible,2024-09-17,2670.0,Crossed 12-month threshold -- eligible for rental program
2327,755,sold,2023-11-05,2663.34,Final sale
2328,756,listed,2022-02-17,1180.0,Initial stock entry
2329,756,price_reduced,2023-01-02,861.31,Seasonal markdown to 861.31E
2330,756,rental_eligible,2023-02-17,1180.0,Crossed 12-month threshold -- eligible for rental program
2331,756,rented_out,2023-02-23,1180.0,Assigned to rental program
2332,757,listed,2024-03-02,565.0,Initial stock entry
2333,757,rental_eligible,2025-03-02,565.0,Crossed 12-month threshold -- eligible for rental program
2334,757,sold,2024-04-13,483.89,Final sale
2335,758,listed,2022-12-30,670.0,Initial stock entry
2336,758,rental_eligible,2023-12-30,670.0,Crossed 12-month threshold -- eligible for rental program
2337,758,sold,2024-03-07,600.34,Final sale
2338,759,listed,2023-08-20,935.0,Initial stock entry
2339,759,rental_eligible,2024-08-19,935.0,Crossed 12-month threshold -- eligible for rental program
2340,759,sold,2023-10-29,614.62,Final sale
2341,760,listed,2024-04-21,1250.0,Initial stock entry
2342,760,price_reduced,2025-03-06,1013.67,Seasonal markdown to 1013.67E
2343,760,sold,2024-10-10,1040.94,Final sale
2344,761,listed,2023-02-27,2880.0,Initial stock entry
2345,761,rental_eligible,2024-02-27,2880.0,Crossed 12-month threshold -- eligible for rental program
2346,761,sold,2023-04-19,2439.45,Final sale
2347,762,listed,2024-07-28,1705.0,Initial stock entry
2348,762,sold,2024-08-30,1054.03,Final sale
2349,763,listed,2024-10-02,1765.0,Initial stock entry
2350,764,listed,2022-12-25,1415.0,Initial stock entry
2351,764,price_reduced,2023-11-25,1187.98,Seasonal markdown to 1187.98E
2352,764,rental_eligible,2023-12-25,1415.0,Crossed 12-month threshold -- eligible for rental program
2353,764,sold,2023-04-26,1396.42,Final sale
2354,765,listed,2022-03-31,645.0,Initial stock entry
2355,765,price_reduced,2023-03-23,507.92,Seasonal markdown to 507.92E
2356,765,rental_eligible,2023-03-31,645.0,Crossed 12-month threshold -- eligible for rental program
2357,765,sold,2023-06-27,606.38,Final sale
2358,766,listed,2022-09-06,1470.0,Initial stock entry
2359,766,rental_eligible,2023-09-06,1470.0,Crossed 12-month threshold -- eligible for rental program
2360,766,sold,2023-09-21,1285.33,Final sale
2361,767,listed,2022-04-02,940.0,Initial stock entry
2362,767,price_reduced,2022-10-13,833.32,Seasonal markdown to 833.32E
2363,767,rental_eligible,2023-04-02,940.0,Crossed 12-month threshold -- eligible for rental program
2364,767,sold,2024-12-16,643.89,Final sale
2365,768,listed,2022-01-22,1430.0,Initial stock entry
2366,768,rental_eligible,2023-01-22,1430.0,Crossed 12-month threshold -- eligible for rental program
2367,768,sold,2024-12-17,1370.72,Final sale
2368,769,listed,2023-05-12,1825.0,Initial stock entry
2369,769,rental_eligible,2024-05-11,1825.0,Crossed 12-month threshold -- eligible for rental program
2370,769,sold,2024-08-26,1404.01,Final sale
2371,770,listed,2023-08-26,660.0,Initial stock entry
2372,770,rental_eligible,2024-08-25,660.0,Crossed 12-month threshold -- eligible for rental program
2373,771,listed,2022-03-12,860.0,Initial stock entry
2374,771,rental_eligible,2023-03-12,860.0,Crossed 12-month threshold -- eligible for rental program
2375,771,sold,2024-12-25,857.06,Final sale
2376,772,listed,2022-01-10,535.0,Initial stock entry
2377,772,price_reduced,2022-08-21,378.89,Seasonal markdown to 378.89E
2378,772,rental_eligible,2023-01-10,535.0,Crossed 12-month threshold -- eligible for rental program
2379,772,sold,2022-10-07,438.58,Final sale
2380,773,listed,2024-05-13,635.0,Initial stock entry
2381,773,sold,2025-03-15,589.02,Final sale
2382,774,listed,2022-04-01,2280.0,Initial stock entry
2383,774,rental_eligible,2023-04-01,2280.0,Crossed 12-month threshold -- eligible for rental program
2384,774,sold,2023-11-29,2142.16,Final sale
2385,775,listed,2024-03-20,940.0,Initial stock entry
2386,775,price_reduced,2024-11-06,785.98,Seasonal markdown to 785.98E
2387,775,rental_eligible,2025-03-20,940.0,Crossed 12-month threshold -- eligible for rental program
2388,775,sold,2024-07-02,859.95,Final sale
2389,776,listed,2023-10-10,1445.0,Initial stock entry
2390,776,price_reduced,2024-05-01,1108.4,Seasonal markdown to 1108.4E
2391,776,rental_eligible,2024-10-09,1445.0,Crossed 12-month threshold -- eligible for rental program
2392,776,sold,2024-08-17,1154.69,Final sale
2393,777,listed,2023-03-24,515.0,Initial stock entry
2394,777,rental_eligible,2024-03-23,515.0,Crossed 12-month threshold -- eligible for rental program
2395,777,sold,2024-04-08,321.03,Final sale
2396,778,listed,2024-03-06,1240.0,Initial stock entry
2397,778,price_reduced,2024-10-19,1031.22,Seasonal markdown to 1031.22E
2398,778,rental_eligible,2025-03-06,1240.0,Crossed 12-month threshold -- eligible for rental program
2399,778,sold,2024-06-01,1013.45,Final sale
2400,779,listed,2024-07-08,445.0,Initial stock entry
2401,779,sold,2024-10-21,443.84,Final sale
2402,780,listed,2022-09-12,2370.0,Initial stock entry
2403,780,rental_eligible,2023-09-12,2370.0,Crossed 12-month threshold -- eligible for rental program
2404,780,sold,2024-08-30,2356.98,Final sale
2405,781,listed,2023-02-18,1695.0,Initial stock entry
2406,781,price_reduced,2023-11-05,1263.08,Seasonal markdown to 1263.08E
2407,781,rental_eligible,2024-02-18,1695.0,Crossed 12-month threshold -- eligible for rental program
2408,781,sold,2024-07-13,1449.49,Final sale
2409,782,listed,2022-03-23,1120.0,Initial stock entry
2410,782,rental_eligible,2023-03-23,1120.0,Crossed 12-month threshold -- eligible for rental program
2411,782,sold,2023-11-01,799.13,Final sale
2412,783,listed,2022-04-21,935.0,Initial stock entry
2413,783,price_reduced,2023-02-17,790.34,Seasonal markdown to 790.34E
2414,783,rental_eligible,2023-04-21,935.0,Crossed 12-month threshold -- eligible for rental program
2415,783,sold,2022-09-14,877.59,Final sale
2416,784,listed,2024-10-03,565.0,Initial stock entry
2417,785,listed,2023-02-23,1940.0,Initial stock entry
2418,785,rental_eligible,2024-02-23,1940.0,Crossed 12-month threshold -- eligible for rental program
2419,785,sold,2025-02-17,1741.46,Final sale
2420,786,listed,2023-05-25,1500.0,Initial stock entry
2421,786,rental_eligible,2024-05-24,1500.0,Crossed 12-month threshold -- eligible for rental program
2422,786,sold,2024-01-11,878.95,Final sale
2423,787,listed,2022-12-10,1435.0,Initial stock entry
2424,787,rental_eligible,2023-12-10,1435.0,Crossed 12-month threshold -- eligible for rental program
2425,787,sold,2023-11-01,1041.35,Final sale
2426,788,listed,2022-06-20,1510.0,Initial stock entry
2427,788,price_reduced,2023-05-24,1229.83,Seasonal markdown to 1229.83E
2428,788,rental_eligible,2023-06-20,1510.0,Crossed 12-month threshold -- eligible for rental program
2429,788,sold,2024-08-04,996.22,Final sale
2430,789,listed,2023-08-04,1195.0,Initial stock entry
2431,789,price_reduced,2024-06-03,1028.63,Seasonal markdown to 1028.63E
2432,789,rental_eligible,2024-08-03,1195.0,Crossed 12-month threshold -- eligible for rental program
2433,789,sold,2024-10-24,728.38,Final sale
2434,790,listed,2022-01-09,2780.0,Initial stock entry
2435,790,rental_eligible,2023-01-09,2780.0,Crossed 12-month threshold -- eligible for rental program
2436,790,sold,2023-07-01,1937.72,Final sale
2437,791,listed,2022-05-26,1670.0,Initial stock entry
2438,791,rental_eligible,2023-05-26,1670.0,Crossed 12-month threshold -- eligible for rental program
2439,791,sold,2023-07-14,1612.02,Final sale
2440,792,listed,2023-12-15,2405.0,Initial stock entry
2441,792,price_reduced,2024-06-15,1749.81,Seasonal markdown to 1749.81E
2442,792,rental_eligible,2024-12-14,2405.0,Crossed 12-month threshold -- eligible for rental program
2443,792,sold,2024-07-28,1402.48,Final sale
2444,793,listed,2022-03-12,1030.0,Initial stock entry
2445,793,rental_eligible,2023-03-12,1030.0,Crossed 12-month threshold -- eligible for rental program
2446,793,sold,2022-05-14,626.63,Final sale
2447,794,listed,2022-11-27,1040.0,Initial stock entry
2448,794,rental_eligible,2023-11-27,1040.0,Crossed 12-month threshold -- eligible for rental program
2449,794,sold,2024-07-17,996.58,Final sale
2450,795,listed,2022-12-06,2675.0,Initial stock entry
2451,795,price_reduced,2023-09-11,2149.06,Seasonal markdown to 2149.06E
2452,795,rental_eligible,2023-12-06,2675.0,Crossed 12-month threshold -- eligible for rental program
2453,795,sold,2023-02-23,1869.26,Final sale
2454,796,listed,2023-12-07,685.0,Initial stock entry
2455,796,rental_eligible,2024-12-06,685.0,Crossed 12-month threshold -- eligible for rental program
2456,796,sold,2024-07-25,449.65,Final sale
2457,797,listed,2022-05-24,405.0,Initial stock entry
2458,797,price_reduced,2023-01-20,318.65,Seasonal markdown to 318.65E
2459,797,rental_eligible,2023-05-24,405.0,Crossed 12-month threshold -- eligible for rental program
2460,797,sold,2022-07-01,290.36,Final sale
2461,798,listed,2022-10-03,885.0,Initial stock entry
2462,798,price_reduced,2023-08-14,776.52,Seasonal markdown to 776.52E
2463,798,rental_eligible,2023-10-03,885.0,Crossed 12-month threshold -- eligible for rental program
2464,798,sold,2023-01-30,744.41,Final sale
2465,799,listed,2023-01-10,550.0,Initial stock entry
2466,799,rental_eligible,2024-01-10,550.0,Crossed 12-month threshold -- eligible for rental program
2467,799,sold,2023-02-17,456.9,Final sale
2468,800,listed,2023-07-21,1380.0,Initial stock entry
2469,800,rental_eligible,2024-07-20,1380.0,Crossed 12-month threshold -- eligible for rental program
2470,800,sold,2023-08-31,1292.8,Final sale
2471,801,listed,2022-01-15,560.0,Initial stock entry
2472,801,rental_eligible,2023-01-15,560.0,Crossed 12-month threshold -- eligible for rental program
2473,801,sold,2022-10-14,557.09,Final sale
2474,802,listed,2023-06-29,2965.0,Initial stock entry
2475,802,price_reduced,2024-02-24,2454.48,Seasonal markdown to 2454.48E
2476,802,rental_eligible,2024-06-28,2965.0,Crossed 12-month threshold -- eligible for rental program
2477,802,sold,2023-12-22,2117.53,Final sale
2478,803,listed,2024-01-10,2525.0,Initial stock entry
2479,803,price_reduced,2024-09-13,1938.68,Seasonal markdown to 1938.68E
2480,803,rental_eligible,2025-01-09,2525.0,Crossed 12-month threshold -- eligible for rental program
2481,803,sold,2025-01-26,1616.04,Final sale
2482,804,listed,2024-04-02,1585.0,Initial stock entry
2483,804,rental_eligible,2025-04-02,1585.0,Crossed 12-month threshold -- eligible for rental program
2484,804,sold,2024-11-07,1277.18,Final sale
2485,805,listed,2024-08-31,2005.0,Initial stock entry
2486,805,sold,2025-01-01,1311.41,Final sale
2487,806,listed,2023-04-24,2160.0,Initial stock entry
2488,806,price_reduced,2024-04-04,1868.13,Seasonal markdown to 1868.13E
2489,806,rental_eligible,2024-04-23,2160.0,Crossed 12-month threshold -- eligible for rental program
2490,806,sold,2024-06-28,1228.49,Final sale
2491,807,listed,2023-08-25,2310.0,Initial stock entry
2492,807,rental_eligible,2024-08-24,2310.0,Crossed 12-month threshold -- eligible for rental program
2493,807,sold,2025-03-23,1717.88,Final sale
2494,808,listed,2024-08-14,1185.0,Initial stock entry
2495,808,price_reduced,2025-02-24,912.17,Seasonal markdown to 912.17E
2496,808,sold,2025-01-17,1150.04,Final sale
2497,809,listed,2022-07-03,2355.0,Initial stock entry
2498,809,rental_eligible,2023-07-03,2355.0,Crossed 12-month threshold -- eligible for rental program
2499,809,sold,2023-04-22,2155.05,Final sale
2500,810,listed,2022-09-10,2130.0,Initial stock entry
2501,810,rental_eligible,2023-09-10,2130.0,Crossed 12-month threshold -- eligible for rental program
2502,810,sold,2024-06-05,2083.82,Final sale
2503,811,listed,2022-05-13,2390.0,Initial stock entry
2504,811,price_reduced,2023-01-21,2030.15,Seasonal markdown to 2030.15E
2505,811,rental_eligible,2023-05-13,2390.0,Crossed 12-month threshold -- eligible for rental program
2506,811,sold,2024-01-09,2060.34,Final sale
2507,812,listed,2022-06-29,700.0,Initial stock entry
2508,812,rental_eligible,2023-06-29,700.0,Crossed 12-month threshold -- eligible for rental program
2509,812,sold,2023-03-16,546.85,Final sale
2510,813,listed,2023-10-04,730.0,Initial stock entry
2511,813,price_reduced,2024-04-05,603.07,Seasonal markdown to 603.07E
2512,813,rental_eligible,2024-10-03,730.0,Crossed 12-month threshold -- eligible for rental program
2513,813,sold,2024-03-05,637.48,Final sale
2514,814,listed,2022-09-16,2405.0,Initial stock entry
2515,814,rental_eligible,2023-09-16,2405.0,Crossed 12-month threshold -- eligible for rental program
2516,814,sold,2023-10-07,2003.76,Final sale
2517,815,listed,2023-08-31,775.0,Initial stock entry
2518,815,rental_eligible,2024-08-30,775.0,Crossed 12-month threshold -- eligible for rental program
2519,815,sold,2024-07-16,735.35,Final sale
2520,816,listed,2022-09-10,1200.0,Initial stock entry
2521,816,rental_eligible,2023-09-10,1200.0,Crossed 12-month threshold -- eligible for rental program
2522,816,sold,2024-11-28,838.29,Final sale
2523,817,listed,2023-11-14,2950.0,Initial stock entry
2524,817,rental_eligible,2024-11-13,2950.0,Crossed 12-month threshold -- eligible for rental program
2525,817,sold,2024-03-03,2773.38,Final sale
2526,818,listed,2022-11-23,1175.0,Initial stock entry
2527,818,rental_eligible,2023-11-23,1175.0,Crossed 12-month threshold -- eligible for rental program
2528,818,sold,2024-11-24,842.41,Final sale
2529,819,listed,2023-08-03,585.0,Initial stock entry
2530,819,price_reduced,2024-07-05,467.42,Seasonal markdown to 467.42E
2531,819,rental_eligible,2024-08-02,585.0,Crossed 12-month threshold -- eligible for rental program
2532,819,sold,2024-07-20,505.87,Final sale
2533,820,listed,2022-04-21,2355.0,Initial stock entry
2534,820,price_reduced,2022-12-17,2105.14,Seasonal markdown to 2105.14E
2535,820,rental_eligible,2023-04-21,2355.0,Crossed 12-month threshold -- eligible for rental program
2536,820,sold,2024-09-03,1403.93,Final sale
2537,821,listed,2023-03-06,2730.0,Initial stock entry
2538,821,rental_eligible,2024-03-05,2730.0,Crossed 12-month threshold -- eligible for rental program
2539,821,sold,2023-08-25,1881.84,Final sale
2540,822,listed,2024-05-24,2870.0,Initial stock entry
2541,823,listed,2023-11-25,2950.0,Initial stock entry
2542,823,rental_eligible,2024-11-24,2950.0,Crossed 12-month threshold -- eligible for rental program
2543,823,rented_out,2024-12-13,2950.0,Assigned to rental program
2544,824,listed,2022-12-20,1185.0,Initial stock entry
2545,824,rental_eligible,2023-12-20,1185.0,Crossed 12-month threshold -- eligible for rental program
2546,824,sold,2024-11-04,734.01,Final sale
2547,825,listed,2022-09-03,1355.0,Initial stock entry
2548,825,rental_eligible,2023-09-03,1355.0,Crossed 12-month threshold -- eligible for rental program
2549,825,sold,2023-11-22,755.03,Final sale
2550,826,listed,2024-09-09,2965.0,Initial stock entry
2551,827,listed,2022-09-14,1175.0,Initial stock entry
2552,827,price_reduced,2023-03-29,908.5,Seasonal markdown to 908.5E
2553,827,rental_eligible,2023-09-14,1175.0,Crossed 12-month threshold -- eligible for rental program
2554,827,sold,2023-10-22,660.62,Final sale
2555,828,listed,2024-09-27,1845.0,Initial stock entry
2556,828,sold,2025-01-30,1807.55,Final sale
2557,829,listed,2022-01-11,2205.0,Initial stock entry
2558,829,rental_eligible,2023-01-11,2205.0,Crossed 12-month threshold -- eligible for rental program
2559,829,sold,2022-06-28,1650.55,Final sale
2560,830,listed,2022-03-13,1860.0,Initial stock entry
2561,830,rental_eligible,2023-03-13,1860.0,Crossed 12-month threshold -- eligible for rental program
2562,830,sold,2022-10-13,1377.19,Final sale
2563,831,listed,2024-11-29,1180.0,Initial stock entry
2564,831,sold,2025-01-10,816.81,Final sale
2565,832,listed,2024-11-11,1975.0,Initial stock entry
2566,832,sold,2024-12-17,1394.52,Final sale
2567,833,listed,2023-03-17,1180.0,Initial stock entry
2568,833,rental_eligible,2024-03-16,1180.0,Crossed 12-month threshold -- eligible for rental program
2569,833,sold,2023-06-18,847.29,Final sale
2570,834,listed,2023-06-07,1495.0,Initial stock entry
2571,834,price_reduced,2024-02-19,1068.94,Seasonal markdown to 1068.94E
2572,834,rental_eligible,2024-06-06,1495.0,Crossed 12-month threshold -- eligible for rental program
2573,834,sold,2024-03-14,1219.66,Final sale
2574,835,listed,2022-05-25,1790.0,Initial stock entry
2575,835,price_reduced,2023-04-15,1347.99,Seasonal markdown to 1347.99E
2576,835,rental_eligible,2023-05-25,1790.0,Crossed 12-month threshold -- eligible for rental program
2577,835,sold,2024-06-19,1286.87,Final sale
2578,836,listed,2022-11-11,1490.0,Initial stock entry
2579,836,price_reduced,2023-08-11,1106.71,Seasonal markdown to 1106.71E
2580,836,rental_eligible,2023-11-11,1490.0,Crossed 12-month threshold -- eligible for rental program
2581,836,sold,2024-11-06,1363.71,Final sale
2582,837,listed,2024-04-13,685.0,Initial stock entry
2583,838,listed,2024-02-12,425.0,Initial stock entry
2584,838,rental_eligible,2025-02-11,425.0,Crossed 12-month threshold -- eligible for rental program
2585,838,sold,2024-11-07,345.35,Final sale
2586,839,listed,2024-09-29,2535.0,Initial stock entry
2587,840,listed,2022-04-09,655.0,Initial stock entry
2588,840,price_reduced,2023-01-31,474.63,Seasonal markdown to 474.63E
2589,840,rental_eligible,2023-04-09,655.0,Crossed 12-month threshold -- eligible for rental program
2590,840,sold,2022-10-19,583.81,Final sale
2591,841,listed,2024-11-17,1075.0,Initial stock entry
2592,841,sold,2025-02-22,899.51,Final sale
2593,842,listed,2024-05-06,2160.0,Initial stock entry
2594,842,sold,2025-01-13,2125.42,Final sale
2595,843,listed,2023-04-14,2875.0,Initial stock entry
2596,843,rental_eligible,2024-04-13,2875.0,Crossed 12-month threshold -- eligible for rental program
2597,843,sold,2024-07-01,2332.58,Final sale
2598,844,listed,2022-07-11,2295.0,Initial stock entry
2599,844,rental_eligible,2023-07-11,2295.0,Crossed 12-month threshold -- eligible for rental program
2600,844,sold,2023-09-11,2176.41,Final sale
2601,845,listed,2022-10-07,2825.0,Initial stock entry
2602,845,rental_eligible,2023-10-07,2825.0,Crossed 12-month threshold -- eligible for rental program
2603,845,sold,2023-05-24,2673.86,Final sale
2604,846,listed,2022-01-15,895.0,Initial stock entry
2605,846,rental_eligible,2023-01-15,895.0,Crossed 12-month threshold -- eligible for rental program
2606,846,sold,2024-11-23,598.51,Final sale
2607,847,listed,2022-12-12,1980.0,Initial stock entry
2608,847,rental_eligible,2023-12-12,1980.0,Crossed 12-month threshold -- eligible for rental program
2609,847,sold,2024-04-26,1441.83,Final sale
2610,848,listed,2022-04-15,1320.0,Initial stock entry
2611,848,rental_eligible,2023-04-15,1320.0,Crossed 12-month threshold -- eligible for rental program
2612,848,sold,2024-06-19,1133.88,Final sale
2613,849,listed,2022-08-30,2610.0,Initial stock entry
2614,849,price_reduced,2023-04-14,2333.64,Seasonal markdown to 2333.64E
2615,849,rental_eligible,2023-08-30,2610.0,Crossed 12-month threshold -- eligible for rental program
2616,849,sold,2024-10-31,2250.68,Final sale
2617,850,listed,2023-09-17,965.0,Initial stock entry
2618,850,rental_eligible,2024-09-16,965.0,Crossed 12-month threshold -- eligible for rental program
2619,850,sold,2024-01-15,766.14,Final sale
2620,851,listed,2023-09-04,1595.0,Initial stock entry
2621,851,price_reduced,2024-03-03,1373.52,Seasonal markdown to 1373.52E
2622,851,rental_eligible,2024-09-03,1595.0,Crossed 12-month threshold -- eligible for rental program
2623,851,sold,2024-01-14,1281.82,Final sale
2624,852,listed,2023-02-09,1520.0,Initial stock entry
2625,852,price_reduced,2024-01-09,1173.4,Seasonal markdown to 1173.4E
2626,852,rental_eligible,2024-02-09,1520.0,Crossed 12-month threshold -- eligible for rental program
2627,852,sold,2024-07-23,1001.46,Final sale
2628,853,listed,2023-05-28,2400.0,Initial stock entry
2629,853,price_reduced,2023-12-30,2011.3,Seasonal markdown to 2011.3E
2630,853,rental_eligible,2024-05-27,2400.0,Crossed 12-month threshold -- eligible for rental program
2631,853,sold,2025-03-06,2074.49,Final sale
2632,854,listed,2022-08-11,2510.0,Initial stock entry
2633,854,price_reduced,2023-07-31,1823.9,Seasonal markdown to 1823.9E
2634,854,rental_eligible,2023-08-11,2510.0,Crossed 12-month threshold -- eligible for rental program
2635,854,sold,2024-04-11,2508.07,Final sale
2636,855,listed,2023-02-11,2695.0,Initial stock entry
2637,855,rental_eligible,2024-02-11,2695.0,Crossed 12-month threshold -- eligible for rental program
2638,855,sold,2023-12-03,1530.66,Final sale
2639,856,listed,2023-02-12,815.0,Initial stock entry
2640,856,rental_eligible,2024-02-12,815.0,Crossed 12-month threshold -- eligible for rental program
2641,856,sold,2023-07-28,566.4,Final sale
2642,857,listed,2024-03-29,1245.0,Initial stock entry
2643,857,rental_eligible,2025-03-29,1245.0,Crossed 12-month threshold -- eligible for rental program
2644,857,sold,2024-11-16,1208.46,Final sale
2645,858,listed,2022-01-28,1295.0,Initial stock entry
2646,858,rental_eligible,2023-01-28,1295.0,Crossed 12-month threshold -- eligible for rental program
2647,858,sold,2024-09-26,931.4,Final sale
2648,859,listed,2024-09-22,1150.0,Initial stock entry
2649,859,sold,2025-03-22,970.29,Final sale
2650,860,listed,2023-05-22,2645.0,Initial stock entry
2651,860,price_reduced,2024-03-09,2101.93,Seasonal markdown to 2101.93E
2652,860,rental_eligible,2024-05-21,2645.0,Crossed 12-month threshold -- eligible for rental program
2653,860,sold,2024-02-18,2195.03,Final sale
2654,861,listed,2022-09-28,995.0,Initial stock entry
2655,861,rental_eligible,2023-09-28,995.0,Crossed 12-month threshold -- eligible for rental program
2656,861,sold,2023-06-14,870.05,Final sale
2657,862,listed,2022-04-15,635.0,Initial stock entry
2658,862,rental_eligible,2023-04-15,635.0,Crossed 12-month threshold -- eligible for rental program
2659,862,sold,2023-02-27,362.6,Final sale
2660,863,listed,2024-05-24,560.0,Initial stock entry
2661,863,price_reduced,2024-12-13,394.43,Seasonal markdown to 394.43E
2662,864,listed,2022-04-08,1040.0,Initial stock entry
2663,864,price_reduced,2023-03-30,934.25,Seasonal markdown to 934.25E
2664,864,rental_eligible,2023-04-08,1040.0,Crossed 12-month threshold -- eligible for rental program
2665,864,sold,2022-09-18,770.09,Final sale
2666,865,listed,2022-07-26,2760.0,Initial stock entry
2667,865,price_reduced,2023-03-07,2216.98,Seasonal markdown to 2216.98E
2668,865,rental_eligible,2023-07-26,2760.0,Crossed 12-month threshold -- eligible for rental program
2669,865,sold,2023-06-21,1689.77,Final sale
2670,866,listed,2022-09-24,2140.0,Initial stock entry
2671,866,rental_eligible,2023-09-24,2140.0,Crossed 12-month threshold -- eligible for rental program
2672,866,sold,2024-03-13,1812.43,Final sale
2673,867,listed,2022-06-28,1920.0,Initial stock entry
2674,867,rental_eligible,2023-06-28,1920.0,Crossed 12-month threshold -- eligible for rental program
2675,867,sold,2024-01-16,1185.04,Final sale
2676,868,listed,2023-12-04,595.0,Initial stock entry
2677,868,rental_eligible,2024-12-03,595.0,Crossed 12-month threshold -- eligible for rental program
2678,868,sold,2025-02-15,507.36,Final sale
2679,869,listed,2023-06-02,1485.0,Initial stock entry
2680,869,price_reduced,2024-02-19,1295.52,Seasonal markdown to 1295.52E
2681,869,rental_eligible,2024-06-01,1485.0,Crossed 12-month threshold -- eligible for rental program
2682,869,sold,2024-06-02,1379.91,Final sale
2683,870,listed,2024-10-28,1760.0,Initial stock entry
2684,871,listed,2023-01-25,2465.0,Initial stock entry
2685,871,rental_eligible,2024-01-25,2465.0,Crossed 12-month threshold -- eligible for rental program
2686,871,sold,2023-07-03,2350.41,Final sale
2687,872,listed,2024-03-10,1400.0,Initial stock entry
2688,872,price_reduced,2024-12-28,1070.61,Seasonal markdown to 1070.61E
2689,872,rental_eligible,2025-03-10,1400.0,Crossed 12-month threshold -- eligible for rental program
2690,872,sold,2025-01-25,1204.53,Final sale
2691,873,listed,2022-01-19,1940.0,Initial stock entry
2692,873,rental_eligible,2023-01-19,1940.0,Crossed 12-month threshold -- eligible for rental program
2693,873,sold,2023-04-07,1548.12,Final sale
2694,874,listed,2022-09-01,2240.0,Initial stock entry
2695,874,price_reduced,2023-03-07,1569.69,Seasonal markdown to 1569.69E
2696,874,rental_eligible,2023-09-01,2240.0,Crossed 12-month threshold -- eligible for rental program
2697,874,sold,2025-01-30,1628.49,Final sale
2698,875,listed,2023-07-08,2810.0,Initial stock entry
2699,875,price_reduced,2024-03-06,2086.96,Seasonal markdown to 2086.96E
2700,875,rental_eligible,2024-07-07,2810.0,Crossed 12-month threshold -- eligible for rental program
2701,875,sold,2024-01-12,1778.55,Final sale
2702,876,listed,2023-10-27,2925.0,Initial stock entry
2703,876,rental_eligible,2024-10-26,2925.0,Crossed 12-month threshold -- eligible for rental program
2704,877,listed,2022-01-22,2025.0,Initial stock entry
2705,877,rental_eligible,2023-01-22,2025.0,Crossed 12-month threshold -- eligible for rental program
2706,877,sold,2022-12-26,1946.28,Final sale
2707,878,listed,2024-02-22,2280.0,Initial stock entry
2708,878,rental_eligible,2025-02-21,2280.0,Crossed 12-month threshold -- eligible for rental program
2709,878,sold,2024-11-17,1733.0,Final sale
2710,879,listed,2024-03-20,1910.0,Initial stock entry
2711,879,price_reduced,2024-10-05,1495.21,Seasonal markdown to 1495.21E
2712,879,rental_eligible,2025-03-20,1910.0,Crossed 12-month threshold -- eligible for rental program
2713,879,sold,2025-01-03,1652.02,Final sale
2714,880,listed,2024-07-29,1690.0,Initial stock entry
2715,880,price_reduced,2025-02-19,1318.81,Seasonal markdown to 1318.81E
2716,881,listed,2022-12-30,825.0,Initial stock entry
2717,881,price_reduced,2023-10-28,582.17,Seasonal markdown to 582.17E
2718,881,rental_eligible,2023-12-30,825.0,Crossed 12-month threshold -- eligible for rental program
2719,881,rented_out,2024-02-20,825.0,Assigned to rental program
2720,882,listed,2024-04-04,2765.0,Initial stock entry
2721,882,rental_eligible,2025-04-04,2765.0,Crossed 12-month threshold -- eligible for rental program
2722,882,sold,2024-08-18,2215.68,Final sale
2723,883,listed,2022-01-28,685.0,Initial stock entry
2724,883,price_reduced,2022-10-31,588.77,Seasonal markdown to 588.77E
2725,883,rental_eligible,2023-01-28,685.0,Crossed 12-month threshold -- eligible for rental program
2726,883,sold,2024-01-14,566.13,Final sale
2727,884,listed,2022-01-20,2460.0,Initial stock entry
2728,884,price_reduced,2022-11-24,2113.71,Seasonal markdown to 2113.71E
2729,884,rental_eligible,2023-01-20,2460.0,Crossed 12-month threshold -- eligible for rental program
2730,884,sold,2022-11-23,2050.6,Final sale
2731,885,listed,2022-12-01,2720.0,Initial stock entry
2732,885,price_reduced,2023-06-08,2252.33,Seasonal markdown to 2252.33E
2733,885,rental_eligible,2023-12-01,2720.0,Crossed 12-month threshold -- eligible for rental program
2734,885,sold,2025-03-20,2362.66,Final sale
2735,886,listed,2022-04-02,720.0,Initial stock entry
2736,886,rental_eligible,2023-04-02,720.0,Crossed 12-month threshold -- eligible for rental program
2737,886,sold,2023-01-27,686.89,Final sale
2738,887,listed,2024-05-24,460.0,Initial stock entry
2739,887,price_reduced,2025-02-14,381.62,Seasonal markdown to 381.62E
2740,887,sold,2025-01-31,350.96,Final sale
2741,888,listed,2022-08-14,840.0,Initial stock entry
2742,888,rental_eligible,2023-08-14,840.0,Crossed 12-month threshold -- eligible for rental program
2743,888,sold,2024-02-13,525.13,Final sale
2744,889,listed,2022-11-06,2730.0,Initial stock entry
2745,889,rental_eligible,2023-11-06,2730.0,Crossed 12-month threshold -- eligible for rental program
2746,889,sold,2023-04-26,1957.58,Final sale
2747,890,listed,2023-12-15,2525.0,Initial stock entry
2748,890,rental_eligible,2024-12-14,2525.0,Crossed 12-month threshold -- eligible for rental program
2749,890,sold,2025-03-20,2440.86,Final sale
2750,891,listed,2022-10-28,2420.0,Initial stock entry
2751,891,rental_eligible,2023-10-28,2420.0,Crossed 12-month threshold -- eligible for rental program
2752,891,sold,2022-12-11,2248.78,Final sale
2753,892,listed,2023-07-25,2895.0,Initial stock entry
2754,892,price_reduced,2024-05-03,2137.04,Seasonal markdown to 2137.04E
2755,892,rental_eligible,2024-07-24,2895.0,Crossed 12-month threshold -- eligible for rental program
2756,892,sold,2025-01-25,2455.14,Final sale
2757,893,listed,2024-04-27,1500.0,Initial stock entry
2758,893,price_reduced,2025-02-04,1314.91,Seasonal markdown to 1314.91E
2759,893,sold,2024-10-08,1463.46,Final sale
2760,894,listed,2024-10-05,1800.0,Initial stock entry
2761,895,listed,2023-04-27,2225.0,Initial stock entry
2762,895,rental_eligible,2024-04-26,2225.0,Crossed 12-month threshold -- eligible for rental program
2763,895,sold,2024-03-11,1798.14,Final sale
2764,896,listed,2022-05-03,2795.0,Initial stock entry
2765,896,price_reduced,2023-03-31,2228.01,Seasonal markdown to 2228.01E
2766,896,rental_eligible,2023-05-03,2795.0,Crossed 12-month threshold -- eligible for rental program
2767,896,sold,2023-08-03,1668.67,Final sale
2768,897,listed,2023-04-05,945.0,Initial stock entry
2769,897,rental_eligible,2024-04-04,945.0,Crossed 12-month threshold -- eligible for rental program
2770,897,sold,2024-12-26,816.99,Final sale
2771,898,listed,2022-08-06,540.0,Initial stock entry
2772,898,rental_eligible,2023-08-06,540.0,Crossed 12-month threshold -- eligible for rental program
2773,898,sold,2024-01-14,478.9,Final sale
2774,899,listed,2022-06-07,605.0,Initial stock entry
2775,899,rental_eligible,2023-06-07,605.0,Crossed 12-month threshold -- eligible for rental program
2776,899,sold,2024-07-01,408.38,Final sale
2777,900,listed,2023-11-22,1620.0,Initial stock entry
2778,900,rental_eligible,2024-11-21,1620.0,Crossed 12-month threshold -- eligible for rental program
2779,900,sold,2025-01-29,947.41,Final sale
2780,901,listed,2024-10-27,2350.0,Initial stock entry
2781,902,listed,2023-04-11,1705.0,Initial stock entry
2782,902,rental_eligible,2024-04-10,1705.0,Crossed 12-month threshold -- eligible for rental program
2783,902,sold,2024-10-10,1265.56,Final sale
2784,903,listed,2023-03-25,2010.0,Initial stock entry
2785,903,rental_eligible,2024-03-24,2010.0,Crossed 12-month threshold -- eligible for rental program
2786,903,sold,2025-01-18,1909.37,Final sale
2787,904,listed,2022-12-04,2550.0,Initial stock entry
2788,904,rental_eligible,2023-12-04,2550.0,Crossed 12-month threshold -- eligible for rental program
2789,904,sold,2023-01-17,2397.12,Final sale
2790,905,listed,2023-11-19,1965.0,Initial stock entry
2791,905,rental_eligible,2024-11-18,1965.0,Crossed 12-month threshold -- eligible for rental program
2792,905,sold,2025-01-31,1665.98,Final sale
2793,906,listed,2023-09-26,430.0,Initial stock entry
2794,906,price_reduced,2024-07-08,367.66,Seasonal markdown to 367.66E
2795,906,rental_eligible,2024-09-25,430.0,Crossed 12-month threshold -- eligible for rental program
2796,906,sold,2025-01-14,293.89,Final sale
2797,907,listed,2024-09-17,1865.0,Initial stock entry
2798,907,sold,2024-11-18,1136.35,Final sale
2799,908,listed,2023-10-07,1700.0,Initial stock entry
2800,908,price_reduced,2024-09-02,1277.47,Seasonal markdown to 1277.47E
2801,908,rental_eligible,2024-10-06,1700.0,Crossed 12-month threshold -- eligible for rental program
2802,908,sold,2024-11-30,1012.59,Final sale
2803,909,listed,2022-11-04,1705.0,Initial stock entry
2804,909,price_reduced,2023-09-20,1393.23,Seasonal markdown to 1393.23E
2805,909,rental_eligible,2023-11-04,1705.0,Crossed 12-month threshold -- eligible for rental program
2806,909,sold,2024-06-02,1555.83,Final sale
2807,910,listed,2022-06-11,2175.0,Initial stock entry
2808,910,price_reduced,2023-01-03,1665.85,Seasonal markdown to 1665.85E
2809,910,rental_eligible,2023-06-11,2175.0,Crossed 12-month threshold -- eligible for rental program
2810,910,sold,2023-05-02,1746.68,Final sale
2811,911,listed,2023-12-01,2095.0,Initial stock entry
2812,911,price_reduced,2024-08-01,1473.32,Seasonal markdown to 1473.32E
2813,911,rental_eligible,2024-11-30,2095.0,Crossed 12-month threshold -- eligible for rental program
2814,911,sold,2024-12-23,1221.29,Final sale
2815,912,listed,2022-06-03,940.0,Initial stock entry
2816,912,rental_eligible,2023-06-03,940.0,Crossed 12-month threshold -- eligible for rental program
2817,912,sold,2023-09-23,830.58,Final sale
2818,913,listed,2024-07-20,1695.0,Initial stock entry
2819,913,sold,2025-03-31,1056.84,Final sale
2820,914,listed,2024-08-01,585.0,Initial stock entry
2821,915,listed,2023-08-11,500.0,Initial stock entry
2822,915,rental_eligible,2024-08-10,500.0,Crossed 12-month threshold -- eligible for rental program
2823,915,sold,2025-03-06,433.22,Final sale
2824,916,listed,2023-06-23,1715.0,Initial stock entry
2825,916,price_reduced,2024-04-25,1303.46,Seasonal markdown to 1303.46E
2826,916,rental_eligible,2024-06-22,1715.0,Crossed 12-month threshold -- eligible for rental program
2827,916,sold,2024-01-04,1206.42,Final sale
2828,917,listed,2024-03-28,1375.0,Initial stock entry
2829,917,rental_eligible,2025-03-28,1375.0,Crossed 12-month threshold -- eligible for rental program
2830,917,sold,2025-01-10,1186.95,Final sale
2831,918,listed,2024-08-10,2070.0,Initial stock entry
2832,918,price_reduced,2025-02-22,1769.58,Seasonal markdown to 1769.58E
2833,918,sold,2025-01-21,1270.16,Final sale
2834,919,listed,2023-10-12,1255.0,Initial stock entry
2835,919,rental_eligible,2024-10-11,1255.0,Crossed 12-month threshold -- eligible for rental program
2836,919,sold,2024-06-07,944.53,Final sale
2837,920,listed,2024-08-20,1815.0,Initial stock entry
2838,920,sold,2025-03-04,1392.8,Final sale
2839,921,listed,2024-08-27,2450.0,Initial stock entry
2840,921,price_reduced,2025-03-03,2191.54,Seasonal markdown to 2191.54E
2841,922,listed,2022-05-22,615.0,Initial stock entry
2842,922,price_reduced,2023-02-25,494.73,Seasonal markdown to 494.73E
2843,922,rental_eligible,2023-05-22,615.0,Crossed 12-month threshold -- eligible for rental program
2844,922,sold,2023-07-19,531.29,Final sale
2845,923,listed,2022-04-21,880.0,Initial stock entry
2846,923,rental_eligible,2023-04-21,880.0,Crossed 12-month threshold -- eligible for rental program
2847,923,sold,2023-07-04,760.37,Final sale
2848,924,listed,2022-11-26,1650.0,Initial stock entry
2849,924,price_reduced,2023-11-05,1277.13,Seasonal markdown to 1277.13E
2850,924,rental_eligible,2023-11-26,1650.0,Crossed 12-month threshold -- eligible for rental program
2851,924,sold,2023-11-04,1254.65,Final sale
2852,925,listed,2022-10-24,915.0,Initial stock entry
2853,925,rental_eligible,2023-10-24,915.0,Crossed 12-month threshold -- eligible for rental program
2854,925,sold,2024-07-28,724.15,Final sale
2855,926,listed,2024-04-12,695.0,Initial stock entry
2856,926,sold,2024-09-27,504.67,Final sale
2857,927,listed,2023-01-20,2340.0,Initial stock entry
2858,927,rental_eligible,2024-01-20,2340.0,Crossed 12-month threshold -- eligible for rental program
2859,927,sold,2024-01-17,1829.63,Final sale
2860,928,listed,2022-01-30,2875.0,Initial stock entry
2861,928,rental_eligible,2023-01-30,2875.0,Crossed 12-month threshold -- eligible for rental program
2862,928,sold,2023-09-03,2315.28,Final sale
2863,929,listed,2023-12-23,1465.0,Initial stock entry
2864,929,rental_eligible,2024-12-22,1465.0,Crossed 12-month threshold -- eligible for rental program
2865,929,rented_out,2025-01-04,1465.0,Assigned to rental program
2866,930,listed,2022-11-30,1835.0,Initial stock entry
2867,930,rental_eligible,2023-11-30,1835.0,Crossed 12-month threshold -- eligible for rental program
2868,930,sold,2024-07-06,1208.62,Final sale
2869,931,listed,2022-02-03,630.0,Initial stock entry
2870,931,price_reduced,2023-01-07,549.12,Seasonal markdown to 549.12E
2871,931,rental_eligible,2023-02-03,630.0,Crossed 12-month threshold -- eligible for rental program
2872,931,sold,2024-08-31,390.21,Final sale
2873,932,listed,2023-08-17,2495.0,Initial stock entry
2874,932,price_reduced,2024-03-14,1771.8,Seasonal markdown to 1771.8E
2875,932,rental_eligible,2024-08-16,2495.0,Crossed 12-month threshold -- eligible for rental program
2876,933,listed,2024-08-08,1310.0,Initial stock entry
2877,933,sold,2025-01-31,1239.29,Final sale
2878,934,listed,2023-06-26,2685.0,Initial stock entry
2879,934,rental_eligible,2024-06-25,2685.0,Crossed 12-month threshold -- eligible for rental program
2880,934,sold,2024-08-22,1960.99,Final sale
2881,935,listed,2024-11-28,2455.0,Initial stock entry
2882,936,listed,2024-03-16,900.0,Initial stock entry
2883,936,price_reduced,2024-12-28,688.08,Seasonal markdown to 688.08E
2884,936,rental_eligible,2025-03-16,900.0,Crossed 12-month threshold -- eligible for rental program
2885,936,sold,2024-09-25,791.64,Final sale
2886,937,listed,2023-04-19,810.0,Initial stock entry
2887,937,rental_eligible,2024-04-18,810.0,Crossed 12-month threshold -- eligible for rental program
2888,937,sold,2024-07-08,792.17,Final sale
2889,938,listed,2023-02-22,2865.0,Initial stock entry
2890,938,price_reduced,2024-02-07,2536.55,Seasonal markdown to 2536.55E
2891,938,rental_eligible,2024-02-22,2865.0,Crossed 12-month threshold -- eligible for rental program
2892,938,sold,2024-05-05,1991.5,Final sale
2893,939,listed,2022-06-11,2795.0,Initial stock entry
2894,939,rental_eligible,2023-06-11,2795.0,Crossed 12-month threshold -- eligible for rental program
2895,939,sold,2023-07-13,2654.72,Final sale
2896,940,listed,2023-03-31,2095.0,Initial stock entry
2897,940,price_reduced,2023-11-10,1573.25,Seasonal markdown to 1573.25E
2898,940,rental_eligible,2024-03-30,2095.0,Crossed 12-month threshold -- eligible for rental program
2899,940,sold,2024-07-14,1411.13,Final sale
2900,941,listed,2022-10-22,615.0,Initial stock entry
2901,941,price_reduced,2023-07-27,494.92,Seasonal markdown to 494.92E
2902,941,rental_eligible,2023-10-22,615.0,Crossed 12-month threshold -- eligible for rental program
2903,941,sold,2023-11-01,482.44,Final sale
2904,942,listed,2023-01-05,1080.0,Initial stock entry
2905,942,rental_eligible,2024-01-05,1080.0,Crossed 12-month threshold -- eligible for rental program
2906,942,sold,2024-07-31,1009.94,Final sale
2907,943,listed,2024-04-27,2465.0,Initial stock entry
2908,943,price_reduced,2024-11-07,1901.7,Seasonal markdown to 1901.7E
2909,943,sold,2024-12-25,1780.17,Final sale
2910,944,listed,2022-01-21,865.0,Initial stock entry
2911,944,price_reduced,2022-08-16,632.13,Seasonal markdown to 632.13E
2912,944,rental_eligible,2023-01-21,865.0,Crossed 12-month threshold -- eligible for rental program
2913,944,sold,2023-07-30,811.12,Final sale
2914,945,listed,2022-11-21,1820.0,Initial stock entry
2915,945,price_reduced,2023-09-28,1488.3,Seasonal markdown to 1488.3E
2916,945,rental_eligible,2023-11-21,1820.0,Crossed 12-month threshold -- eligible for rental program
2917,945,sold,2024-04-17,1765.09,Final sale
2918,946,listed,2022-11-09,1730.0,Initial stock entry
2919,946,price_reduced,2023-06-28,1280.75,Seasonal markdown to 1280.75E
2920,946,rental_eligible,2023-11-09,1730.0,Crossed 12-month threshold -- eligible for rental program
2921,946,sold,2024-01-29,1661.61,Final sale
2922,947,listed,2022-09-17,2290.0,Initial stock entry
2923,947,rental_eligible,2023-09-17,2290.0,Crossed 12-month threshold -- eligible for rental program
2924,947,sold,2022-11-03,1787.69,Final sale
2925,948,listed,2024-10-12,2335.0,Initial stock entry
2926,948,sold,2025-01-09,2163.2,Final sale
2927,949,listed,2023-10-01,665.0,Initial stock entry
2928,949,rental_eligible,2024-09-30,665.0,Crossed 12-month threshold -- eligible for rental program
2929,949,sold,2023-12-12,584.26,Final sale
2930,950,listed,2024-02-24,680.0,Initial stock entry
2931,950,rental_eligible,2025-02-23,680.0,Crossed 12-month threshold -- eligible for rental program
2932,950,sold,2024-07-28,498.91,Final sale
2933,951,listed,2024-04-19,1055.0,Initial stock entry
2934,951,price_reduced,2024-12-31,909.39,Seasonal markdown to 909.39E
2935,951,sold,2024-10-03,653.31,Final sale
2936,952,listed,2023-01-16,1515.0,Initial stock entry
2937,952,price_reduced,2023-12-26,1185.1,Seasonal markdown to 1185.1E
2938,952,rental_eligible,2024-01-16,1515.0,Crossed 12-month threshold -- eligible for rental program
2939,952,sold,2023-08-11,864.08,Final sale
2940,953,listed,2022-01-23,425.0,Initial stock entry
2941,953,rental_eligible,2023-01-23,425.0,Crossed 12-month threshold -- eligible for rental program
2942,953,sold,2022-06-01,337.13,Final sale
2943,954,listed,2023-03-11,1135.0,Initial stock entry
2944,954,rental_eligible,2024-03-10,1135.0,Crossed 12-month threshold -- eligible for rental program
2945,954,sold,2023-11-24,639.78,Final sale
2946,955,listed,2023-02-10,2515.0,Initial stock entry
2947,955,rental_eligible,2024-02-10,2515.0,Crossed 12-month threshold -- eligible for rental program
2948,955,sold,2023-12-21,2228.34,Final sale
2949,956,listed,2023-11-01,1575.0,Initial stock entry
2950,956,price_reduced,2024-10-17,1284.69,Seasonal markdown to 1284.69E
2951,956,rental_eligible,2024-10-31,1575.0,Crossed 12-month threshold -- eligible for rental program
2952,956,sold,2024-09-24,1412.1,Final sale
2953,957,listed,2023-08-06,2770.0,Initial stock entry
2954,957,rental_eligible,2024-08-05,2770.0,Crossed 12-month threshold -- eligible for rental program
2955,957,sold,2025-01-04,2266.88,Final sale
2956,958,listed,2024-04-30,1620.0,Initial stock entry
2957,958,sold,2025-03-20,1530.8,Final sale
2958,959,listed,2022-04-07,1685.0,Initial stock entry
2959,959,price_reduced,2022-12-12,1292.95,Seasonal markdown to 1292.95E
2960,959,rental_eligible,2023-04-07,1685.0,Crossed 12-month threshold -- eligible for rental program
2961,959,sold,2023-03-16,1347.76,Final sale
2962,960,listed,2022-01-22,525.0,Initial stock entry
2963,960,price_reduced,2022-10-21,408.37,Seasonal markdown to 408.37E
2964,960,rental_eligible,2023-01-22,525.0,Crossed 12-month threshold -- eligible for rental program
2965,960,sold,2023-08-28,413.17,Final sale
2966,961,listed,2024-01-26,2280.0,Initial stock entry
2967,961,price_reduced,2024-08-03,1807.6,Seasonal markdown to 1807.6E
2968,961,rental_eligible,2025-01-25,2280.0,Crossed 12-month threshold -- eligible for rental program
2969,961,sold,2024-08-24,2027.1,Final sale
2970,962,listed,2024-02-17,1085.0,Initial stock entry
2971,962,price_reduced,2025-02-07,866.3,Seasonal markdown to 866.3E
2972,962,rental_eligible,2025-02-16,1085.0,Crossed 12-month threshold -- eligible for rental program
2973,962,sold,2024-12-03,1072.15,Final sale
2974,963,listed,2024-04-26,2640.0,Initial stock entry
2975,963,price_reduced,2025-01-13,2111.08,Seasonal markdown to 2111.08E
2976,963,sold,2024-09-17,2132.77,Final sale
2977,964,listed,2024-09-15,1235.0,Initial stock entry
2978,965,listed,2023-02-26,2115.0,Initial stock entry
2979,965,rental_eligible,2024-02-26,2115.0,Crossed 12-month threshold -- eligible for rental program
2980,965,sold,2024-03-06,1719.53,Final sale
2981,966,listed,2023-01-20,2525.0,Initial stock entry
2982,966,rental_eligible,2024-01-20,2525.0,Crossed 12-month threshold -- eligible for rental program
2983,966,sold,2024-09-02,1440.06,Final sale
2984,967,listed,2022-08-05,2605.0,Initial stock entry
2985,967,rental_eligible,2023-08-05,2605.0,Crossed 12-month threshold -- eligible for rental program
2986,967,sold,2023-11-20,1434.03,Final sale
2987,968,listed,2022-12-03,1120.0,Initial stock entry
2988,968,rental_eligible,2023-12-03,1120.0,Crossed 12-month threshold -- eligible for rental program
2989,968,sold,2023-09-15,752.21,Final sale
2990,969,listed,2023-01-19,2725.0,Initial stock entry
2991,969,rental_eligible,2024-01-19,2725.0,Crossed 12-month threshold -- eligible for rental program
2992,969,sold,2023-04-04,2481.5,Final sale
2993,970,listed,2022-06-22,2810.0,Initial stock entry
2994,970,rental_eligible,2023-06-22,2810.0,Crossed 12-month threshold -- eligible for rental program
2995,970,sold,2023-07-19,2697.9,Final sale
2996,971,listed,2024-01-28,1545.0,Initial stock entry
2997,971,rental_eligible,2025-01-27,1545.0,Crossed 12-month threshold -- eligible for rental program
2998,971,sold,2025-03-23,947.02,Final sale
2999,972,listed,2023-07-20,860.0,Initial stock entry
3000,972,rental_eligible,2024-07-19,860.0,Crossed 12-month threshold -- eligible for rental program
3001,972,sold,2023-09-05,654.37,Final sale
3002,973,listed,2022-04-19,970.0,Initial stock entry
3003,973,rental_eligible,2023-04-19,970.0,Crossed 12-month threshold -- eligible for rental program
3004,973,sold,2023-03-29,551.34,Final sale
3005,974,listed,2024-04-08,2220.0,Initial stock entry
3006,974,price_reduced,2025-01-25,1849.25,Seasonal markdown to 1849.25E
3007,974,sold,2025-01-04,1506.42,Final sale
3008,975,listed,2023-08-13,1305.0,Initial stock entry
3009,975,rental_eligible,2024-08-12,1305.0,Crossed 12-month threshold -- eligible for rental program
3010,975,sold,2024-09-17,1075.77,Final sale
3011,976,listed,2023-09-18,1640.0,Initial stock entry
3012,976,rental_eligible,2024-09-17,1640.0,Crossed 12-month threshold -- eligible for rental program
3013,976,sold,2024-02-11,1386.35,Final sale
3014,977,listed,2022-01-27,770.0,Initial stock entry
3015,977,price_reduced,2022-11-11,652.62,Seasonal markdown to 652.62E
3016,977,rental_eligible,2023-01-27,770.0,Crossed 12-month threshold -- eligible for rental program
3017,977,sold,2025-01-31,673.55,Final sale
3018,978,listed,2022-01-20,2165.0,Initial stock entry
3019,978,price_reduced,2022-11-24,1741.52,Seasonal markdown to 1741.52E
3020,978,rental_eligible,2023-01-20,2165.0,Crossed 12-month threshold -- eligible for rental program
3021,978,sold,2022-11-10,2008.24,Final sale
3022,979,listed,2022-02-05,515.0,Initial stock entry
3023,979,price_reduced,2023-01-15,414.06,Seasonal markdown to 414.06E
3024,979,rental_eligible,2023-02-05,515.0,Crossed 12-month threshold -- eligible for rental program
3025,979,sold,2024-05-26,444.62,Final sale
3026,980,listed,2023-11-19,1190.0,Initial stock entry
3027,980,rental_eligible,2024-11-18,1190.0,Crossed 12-month threshold -- eligible for rental program
3028,980,sold,2024-05-08,711.27,Final sale
3029,981,listed,2023-11-15,1365.0,Initial stock entry
3030,981,rental_eligible,2024-11-14,1365.0,Crossed 12-month threshold -- eligible for rental program
3031,981,sold,2024-04-18,1147.99,Final sale
3032,982,listed,2024-10-16,665.0,Initial stock entry
3033,983,listed,2024-07-09,3095.0,Initial stock entry
3034,983,price_reduced,2025-03-03,2432.28,Seasonal markdown to 2432.28E
3035,983,sold,2025-02-12,2597.54,Final sale
3036,984,listed,2023-01-26,1110.0,Initial stock entry
3037,984,rental_eligible,2024-01-26,1110.0,Crossed 12-month threshold -- eligible for rental program
3038,984,sold,2024-03-16,968.36,Final sale
3039,985,listed,2023-08-14,2815.0,Initial stock entry
3040,985,rental_eligible,2024-08-13,2815.0,Crossed 12-month threshold -- eligible for rental program
3041,985,sold,2024-02-29,2130.0,Final sale
3042,986,listed,2023-09-14,2390.0,Initial stock entry
3043,986,rental_eligible,2024-09-13,2390.0,Crossed 12-month threshold -- eligible for rental program
3044,986,sold,2024-08-08,2312.66,Final sale
3045,987,listed,2024-09-27,605.0,Initial stock entry
3046,988,listed,2024-10-25,2790.0,Initial stock entry
3047,989,listed,2023-03-25,465.0,Initial stock entry
3048,989,price_reduced,2024-01-12,343.4,Seasonal markdown to 343.4E
3049,989,rental_eligible,2024-03-24,465.0,Crossed 12-month threshold -- eligible for rental program
3050,989,sold,2023-04-26,336.09,Final sale
3051,990,listed,2022-12-21,2170.0,Initial stock entry
3052,990,price_reduced,2023-11-17,1611.72,Seasonal markdown to 1611.72E
3053,990,rental_eligible,2023-12-21,2170.0,Crossed 12-month threshold -- eligible for rental program
3054,990,sold,2024-11-07,2086.76,Final sale
3055,991,listed,2022-06-25,1195.0,Initial stock entry
3056,991,price_reduced,2023-01-14,1071.13,Seasonal markdown to 1071.13E
3057,991,rental_eligible,2023-06-25,1195.0,Crossed 12-month threshold -- eligible for rental program
3058,991,sold,2024-01-18,1153.77,Final sale
3059,992,listed,2024-10-28,2490.0,Initial stock entry
3060,992,sold,2024-12-20,1894.72,Final sale
3061,993,listed,2022-02-24,3210.0,Initial stock entry
3062,993,rental_eligible,2023-02-24,3210.0,Crossed 12-month threshold -- eligible for rental program
3063,993,sold,2023-11-19,2890.68,Final sale
3064,994,listed,2023-08-24,3170.0,Initial stock entry
3065,994,rental_eligible,2024-08-23,3170.0,Crossed 12-month threshold -- eligible for rental program
3066,994,sold,2024-09-27,2915.66,Final sale
3067,995,listed,2023-07-08,480.0,Initial stock entry
3068,995,rental_eligible,2024-07-07,480.0,Crossed 12-month threshold -- eligible for rental program
3069,995,sold,2024-10-04,398.54,Final sale
3070,996,listed,2024-11-12,2130.0,Initial stock entry
3071,996,sold,2025-02-25,1972.78,Final sale
3072,997,listed,2022-01-14,1225.0,Initial stock entry
3073,997,rental_eligible,2023-01-14,1225.0,Crossed 12-month threshold -- eligible for rental program
3074,997,sold,2022-12-22,803.61,Final sale
3075,998,listed,2022-08-01,1015.0,Initial stock entry
3076,998,rental_eligible,2023-08-01,1015.0,Crossed 12-month threshold -- eligible for rental program
3077,998,sold,2023-01-25,658.76,Final sale
3078,999,listed,2023-04-27,805.0,Initial stock entry
3079,999,rental_eligible,2024-04-26,805.0,Crossed 12-month threshold -- eligible for rental program
3080,999,sold,2024-08-30,669.04,Final sale
3081,1000,listed,2023-05-08,2655.0,Initial stock entry
3082,1000,rental_eligible,2024-05-07,2655.0,Crossed 12-month threshold -- eligible for rental program
3083,1000,sold,2023-07-04,2631.94,Final sale
3084,1001,listed,2023-07-18,1825.0,Initial stock entry
3085,1001,rental_eligible,2024-07-17,1825.0,Crossed 12-month threshold -- eligible for rental program
3086,1001,sold,2024-04-06,1390.99,Final sale
3087,1002,listed,2022-01-23,2060.0,Initial stock entry
3088,1002,rental_eligible,2023-01-23,2060.0,Crossed 12-month threshold -- eligible for rental program
3089,1002,sold,2022-06-17,1166.29,Final sale
3090,1003,listed,2022-01-19,1710.0,Initial stock entry
3091,1003,rental_eligible,2023-01-19,1710.0,Crossed 12-month threshold -- eligible for rental program
3092,1003,sold,2024-07-14,1183.94,Final sale
3093,1004,listed,2023-12-22,2365.0,Initial stock entry
3094,1004,price_reduced,2024-11-04,1952.4,Seasonal markdown to 1952.4E
3095,1004,rental_eligible,2024-12-21,2365.0,Crossed 12-month threshold -- eligible for rental program
3096,1004,sold,2024-09-06,1359.95,Final sale
3097,1005,listed,2024-02-11,2330.0,Initial stock entry
3098,1005,rental_eligible,2025-02-10,2330.0,Crossed 12-month threshold -- eligible for rental program
3099,1005,sold,2024-08-02,2130.7,Final sale
3100,1006,listed,2024-04-06,1350.0,Initial stock entry
3101,1006,rental_eligible,2025-04-06,1350.0,Crossed 12-month threshold -- eligible for rental program
3102,1006,sold,2025-02-27,938.7,Final sale
3103,1007,listed,2023-04-20,1770.0,Initial stock entry
3104,1007,price_reduced,2024-03-25,1519.04,Seasonal markdown to 1519.04E
3105,1007,rental_eligible,2024-04-19,1770.0,Crossed 12-month threshold -- eligible for rental program
3106,1007,sold,2024-07-23,1368.88,Final sale
3107,1008,listed,2022-05-30,320.0,Initial stock entry
3108,1008,price_reduced,2023-04-26,257.59,Seasonal markdown to 257.59E
3109,1008,rental_eligible,2023-05-30,320.0,Crossed 12-month threshold -- eligible for rental program
3110,1008,sold,2024-10-14,302.51,Final sale
3111,1009,listed,2023-02-14,3460.0,Initial stock entry
3112,1009,rental_eligible,2024-02-14,3460.0,Crossed 12-month threshold -- eligible for rental program
3113,1009,sold,2024-12-14,2970.31,Final sale
3114,1010,listed,2023-01-29,2870.0,Initial stock entry
3115,1010,rental_eligible,2024-01-29,2870.0,Crossed 12-month threshold -- eligible for rental program
3116,1010,sold,2025-04-04,1849.88,Final sale
3117,1011,listed,2022-05-28,1545.0,Initial stock entry
3118,1011,rental_eligible,2023-05-28,1545.0,Crossed 12-month threshold -- eligible for rental program
3119,1011,sold,2023-06-23,1255.21,Final sale
3120,1012,listed,2022-10-10,3170.0,Initial stock entry
3121,1012,price_reduced,2023-09-09,2255.82,Seasonal markdown to 2255.82E
3122,1012,rental_eligible,2023-10-10,3170.0,Crossed 12-month threshold -- eligible for rental program
3123,1012,sold,2024-06-25,2175.02,Final sale
3124,1013,listed,2023-04-18,590.0,Initial stock entry
3125,1013,rental_eligible,2024-04-17,590.0,Crossed 12-month threshold -- eligible for rental program
3126,1014,listed,2023-08-13,720.0,Initial stock entry
3127,1014,rental_eligible,2024-08-12,720.0,Crossed 12-month threshold -- eligible for rental program
3128,1014,sold,2024-10-15,450.32,Final sale
3129,1015,listed,2024-08-22,3140.0,Initial stock entry
3130,1016,listed,2023-02-23,395.0,Initial stock entry
3131,1016,price_reduced,2023-10-28,319.99,Seasonal markdown to 319.99E
3132,1016,rental_eligible,2024-02-23,395.0,Crossed 12-month threshold -- eligible for rental program
3133,1016,sold,2024-06-20,290.31,Final sale
3134,1017,listed,2022-03-14,2520.0,Initial stock entry
3135,1017,rental_eligible,2023-03-14,2520.0,Crossed 12-month threshold -- eligible for rental program
3136,1017,sold,2023-02-25,2474.06,Final sale
3137,1018,listed,2023-04-07,1840.0,Initial stock entry
3138,1018,rental_eligible,2024-04-06,1840.0,Crossed 12-month threshold -- eligible for rental program
3139,1018,sold,2024-06-18,1077.64,Final sale
3140,1019,listed,2024-02-16,2875.0,Initial stock entry
3141,1019,price_reduced,2024-11-24,2404.22,Seasonal markdown to 2404.22E
3142,1019,rental_eligible,2025-02-15,2875.0,Crossed 12-month threshold -- eligible for rental program
3143,1019,sold,2024-06-17,1729.41,Final sale
3144,1020,listed,2022-10-10,1610.0,Initial stock entry
3145,1020,rental_eligible,2023-10-10,1610.0,Crossed 12-month threshold -- eligible for rental program
3146,1020,sold,2024-09-22,1322.1,Final sale
3147,1021,listed,2022-07-08,985.0,Initial stock entry
3148,1021,rental_eligible,2023-07-08,985.0,Crossed 12-month threshold -- eligible for rental program
3149,1021,sold,2023-07-14,868.97,Final sale
3150,1022,listed,2023-01-05,615.0,Initial stock entry
3151,1022,rental_eligible,2024-01-05,615.0,Crossed 12-month threshold -- eligible for rental program
3152,1022,sold,2024-08-16,365.86,Final sale
3153,1023,listed,2022-06-07,605.0,Initial stock entry
3154,1023,rental_eligible,2023-06-07,605.0,Crossed 12-month threshold -- eligible for rental program
3155,1023,sold,2024-04-29,547.59,Final sale
3156,1024,listed,2023-08-23,2775.0,Initial stock entry
3157,1024,rental_eligible,2024-08-22,2775.0,Crossed 12-month threshold -- eligible for rental program
3158,1025,listed,2023-07-27,2250.0,Initial stock entry
3159,1025,price_reduced,2024-07-08,1927.86,Seasonal markdown to 1927.86E
3160,1025,rental_eligible,2024-07-26,2250.0,Crossed 12-month threshold -- eligible for rental program
3161,1026,listed,2024-06-20,975.0,Initial stock entry
3162,1026,price_reduced,2025-01-03,841.52,Seasonal markdown to 841.52E
3163,1026,sold,2024-08-02,820.94,Final sale
3164,1027,listed,2022-06-23,1190.0,Initial stock entry
3165,1027,rental_eligible,2023-06-23,1190.0,Crossed 12-month threshold -- eligible for rental program
3166,1027,sold,2025-02-14,869.66,Final sale
3167,1028,listed,2024-06-01,1450.0,Initial stock entry
3168,1028,sold,2024-07-19,1367.18,Final sale
3169,1029,listed,2023-03-20,3195.0,Initial stock entry
3170,1029,price_reduced,2024-02-13,2320.82,Seasonal markdown to 2320.82E
3171,1029,rental_eligible,2024-03-19,3195.0,Crossed 12-month threshold -- eligible for rental program
3172,1029,sold,2024-08-23,2877.74,Final sale
3173,1030,listed,2024-08-07,3295.0,Initial stock entry
3174,1030,sold,2024-10-12,2387.0,Final sale
3175,1031,listed,2023-07-16,1125.0,Initial stock entry
3176,1031,rental_eligible,2024-07-15,1125.0,Crossed 12-month threshold -- eligible for rental program
3177,1031,sold,2024-04-07,732.1,Final sale
3178,1032,listed,2022-01-26,2375.0,Initial stock entry
3179,1032,rental_eligible,2023-01-26,2375.0,Crossed 12-month threshold -- eligible for rental program
3180,1032,sold,2025-01-07,2014.57,Final sale
3181,1033,listed,2024-01-05,320.0,Initial stock entry
3182,1033,rental_eligible,2025-01-04,320.0,Crossed 12-month threshold -- eligible for rental program
3183,1033,sold,2025-01-07,219.75,Final sale
3184,1034,listed,2024-06-21,3345.0,Initial stock entry
3185,1034,sold,2024-08-13,2204.94,Final sale
3186,1035,listed,2023-04-22,2365.0,Initial stock entry
3187,1035,price_reduced,2024-02-03,1887.66,Seasonal markdown to 1887.66E
3188,1035,rental_eligible,2024-04-21,2365.0,Crossed 12-month threshold -- eligible for rental program
3189,1035,sold,2024-09-04,1844.62,Final sale
3190,1036,listed,2023-06-15,400.0,Initial stock entry
3191,1036,rental_eligible,2024-06-14,400.0,Crossed 12-month threshold -- eligible for rental program
3192,1037,listed,2022-06-08,575.0,Initial stock entry
3193,1037,rental_eligible,2023-06-08,575.0,Crossed 12-month threshold -- eligible for rental program
3194,1037,sold,2024-07-24,540.08,Final sale
3195,1038,listed,2024-01-08,1275.0,Initial stock entry
3196,1038,rental_eligible,2025-01-07,1275.0,Crossed 12-month threshold -- eligible for rental program
3197,1038,sold,2024-05-14,895.36,Final sale
3198,1039,listed,2022-02-22,695.0,Initial stock entry
3199,1039,rental_eligible,2023-02-22,695.0,Crossed 12-month threshold -- eligible for rental program
3200,1039,sold,2022-04-20,632.56,Final sale
3201,1040,listed,2024-02-20,2595.0,Initial stock entry
3202,1040,rental_eligible,2025-02-19,2595.0,Crossed 12-month threshold -- eligible for rental program
3203,1041,listed,2024-12-01,2200.0,Initial stock entry
3204,1042,listed,2023-04-18,3425.0,Initial stock entry
3205,1042,price_reduced,2023-11-27,2972.81,Seasonal markdown to 2972.81E
3206,1042,rental_eligible,2024-04-17,3425.0,Crossed 12-month threshold -- eligible for rental program
3207,1042,sold,2025-03-21,3269.02,Final sale
3208,1043,listed,2024-01-12,1870.0,Initial stock entry
3209,1043,price_reduced,2024-09-30,1432.15,Seasonal markdown to 1432.15E
3210,1043,rental_eligible,2025-01-11,1870.0,Crossed 12-month threshold -- eligible for rental program
3211,1043,sold,2024-12-30,1064.44,Final sale
3212,1044,listed,2022-10-10,1545.0,Initial stock entry
3213,1044,rental_eligible,2023-10-10,1545.0,Crossed 12-month threshold -- eligible for rental program
3214,1044,sold,2023-09-30,1155.64,Final sale
3215,1045,listed,2024-10-09,690.0,Initial stock entry
3216,1045,sold,2024-11-16,490.5,Final sale
3217,1046,listed,2024-08-20,2030.0,Initial stock entry
3218,1047,listed,2024-05-14,3230.0,Initial stock entry
3219,1047,sold,2024-10-04,2527.35,Final sale
3220,1048,listed,2022-08-09,3165.0,Initial stock entry
3221,1048,rental_eligible,2023-08-09,3165.0,Crossed 12-month threshold -- eligible for rental program
3222,1048,sold,2023-06-21,2115.91,Final sale
3223,1049,listed,2024-11-09,2620.0,Initial stock entry
3224,1050,listed,2023-07-27,1880.0,Initial stock entry
3225,1050,price_reduced,2024-06-01,1518.06,Seasonal markdown to 1518.06E
3226,1050,rental_eligible,2024-07-26,1880.0,Crossed 12-month threshold -- eligible for rental program
3227,1050,sold,2023-12-11,1856.19,Final sale
3228,1051,listed,2023-08-08,3260.0,Initial stock entry
3229,1051,price_reduced,2024-04-22,2860.82,Seasonal markdown to 2860.82E
3230,1051,rental_eligible,2024-08-07,3260.0,Crossed 12-month threshold -- eligible for rental program
3231,1051,sold,2023-10-29,2748.6,Final sale
3232,1052,listed,2023-10-06,3100.0,Initial stock entry
3233,1052,rental_eligible,2024-10-05,3100.0,Crossed 12-month threshold -- eligible for rental program
3234,1052,sold,2024-04-09,3011.01,Final sale
3235,1053,listed,2023-06-16,760.0,Initial stock entry
3236,1053,rental_eligible,2024-06-15,760.0,Crossed 12-month threshold -- eligible for rental program
3237,1053,sold,2024-06-10,708.98,Final sale
3238,1054,listed,2022-02-26,2690.0,Initial stock entry
3239,1054,price_reduced,2023-01-09,2415.88,Seasonal markdown to 2415.88E
3240,1054,rental_eligible,2023-02-26,2690.0,Crossed 12-month threshold -- eligible for rental program
3241,1054,sold,2022-11-16,1872.06,Final sale
3242,1055,listed,2024-05-23,3305.0,Initial stock entry
3243,1055,sold,2025-03-22,2712.69,Final sale
3244,1056,listed,2022-10-08,485.0,Initial stock entry
3245,1056,rental_eligible,2023-10-08,485.0,Crossed 12-month threshold -- eligible for rental program
3246,1056,sold,2024-06-25,406.18,Final sale
3247,1057,listed,2024-11-16,1110.0,Initial stock entry
3248,1058,listed,2022-03-14,2975.0,Initial stock entry
3249,1058,rental_eligible,2023-03-14,2975.0,Crossed 12-month threshold -- eligible for rental program
3250,1058,sold,2024-10-21,2463.48,Final sale
3251,1059,listed,2023-01-19,1800.0,Initial stock entry
3252,1059,rental_eligible,2024-01-19,1800.0,Crossed 12-month threshold -- eligible for rental program
3253,1059,sold,2023-07-13,1178.02,Final sale
3254,1060,listed,2022-12-31,2215.0,Initial stock entry
3255,1060,rental_eligible,2023-12-31,2215.0,Crossed 12-month threshold -- eligible for rental program
3256,1060,sold,2025-04-05,1843.77,Final sale
3257,1061,listed,2023-09-07,795.0,Initial stock entry
3258,1061,price_reduced,2024-07-14,602.92,Seasonal markdown to 602.92E
3259,1061,rental_eligible,2024-09-06,795.0,Crossed 12-month threshold -- eligible for rental program
3260,1061,sold,2024-12-01,786.53,Final sale
3261,1062,listed,2023-08-12,570.0,Initial stock entry
3262,1062,rental_eligible,2024-08-11,570.0,Crossed 12-month threshold -- eligible for rental program
3263,1062,sold,2024-07-07,319.85,Final sale
3264,1063,listed,2024-03-26,1345.0,Initial stock entry
3265,1063,rental_eligible,2025-03-26,1345.0,Crossed 12-month threshold -- eligible for rental program
3266,1064,listed,2024-04-17,3005.0,Initial stock entry
3267,1064,sold,2024-12-19,2633.98,Final sale
3268,1065,listed,2023-07-04,3210.0,Initial stock entry
3269,1065,rental_eligible,2024-07-03,3210.0,Crossed 12-month threshold -- eligible for rental program
3270,1065,sold,2024-06-03,2941.91,Final sale
3271,1066,listed,2023-02-27,750.0,Initial stock entry
3272,1066,price_reduced,2023-10-20,665.64,Seasonal markdown to 665.64E
3273,1066,rental_eligible,2024-02-27,750.0,Crossed 12-month threshold -- eligible for rental program
3274,1066,sold,2024-12-15,520.26,Final sale
3275,1067,listed,2023-12-24,1300.0,Initial stock entry
3276,1067,price_reduced,2024-10-26,1041.57,Seasonal markdown to 1041.57E
3277,1067,rental_eligible,2024-12-23,1300.0,Crossed 12-month threshold -- eligible for rental program
3278,1067,sold,2024-05-08,1223.13,Final sale
3279,1068,listed,2023-04-15,1505.0,Initial stock entry
3280,1068,price_reduced,2024-02-16,1163.68,Seasonal markdown to 1163.68E
3281,1068,rental_eligible,2024-04-14,1505.0,Crossed 12-month threshold -- eligible for rental program
3282,1068,sold,2023-10-26,1235.06,Final sale
3283,1069,listed,2022-07-29,265.0,Initial stock entry
3284,1069,rental_eligible,2023-07-29,265.0,Crossed 12-month threshold -- eligible for rental program
3285,1069,sold,2023-01-25,224.76,Final sale
3286,1070,listed,2022-03-11,2470.0,Initial stock entry
3287,1070,price_reduced,2023-01-15,1923.39,Seasonal markdown to 1923.39E
3288,1070,rental_eligible,2023-03-11,2470.0,Crossed 12-month threshold -- eligible for rental program
3289,1070,sold,2023-06-10,2148.41,Final sale
3290,1071,listed,2024-04-30,2580.0,Initial stock entry
3291,1071,price_reduced,2024-11-18,1977.02,Seasonal markdown to 1977.02E
3292,1071,sold,2024-12-04,2489.17,Final sale
3293,1072,listed,2024-05-20,2790.0,Initial stock entry
3294,1072,sold,2024-09-10,2784.89,Final sale
3295,1073,listed,2024-02-11,2100.0,Initial stock entry
3296,1073,price_reduced,2024-09-22,1596.04,Seasonal markdown to 1596.04E
3297,1073,rental_eligible,2025-02-10,2100.0,Crossed 12-month threshold -- eligible for rental program
3298,1073,sold,2024-09-20,1962.54,Final sale
3299,1074,listed,2024-10-14,1460.0,Initial stock entry
3300,1074,sold,2025-02-16,848.31,Final sale
3301,1075,listed,2024-01-28,965.0,Initial stock entry
3302,1075,price_reduced,2024-09-29,779.25,Seasonal markdown to 779.25E
3303,1075,rental_eligible,2025-01-27,965.0,Crossed 12-month threshold -- eligible for rental program
3304,1075,sold,2024-12-21,718.72,Final sale
3305,1076,listed,2024-09-30,885.0,Initial stock entry
3306,1076,sold,2025-02-06,496.29,Final sale
3307,1077,listed,2024-04-23,1825.0,Initial stock entry
3308,1077,sold,2024-09-06,1250.04,Final sale
3309,1078,listed,2024-09-27,2690.0,Initial stock entry
3310,1078,sold,2025-02-02,2504.26,Final sale
3311,1079,listed,2022-06-16,2640.0,Initial stock entry
3312,1079,rental_eligible,2023-06-16,2640.0,Crossed 12-month threshold -- eligible for rental program
3313,1079,sold,2023-08-18,1661.9,Final sale
3314,1080,listed,2022-08-21,1645.0,Initial stock entry
3315,1080,price_reduced,2023-07-28,1339.79,Seasonal markdown to 1339.79E
3316,1080,rental_eligible,2023-08-21,1645.0,Crossed 12-month threshold -- eligible for rental program
3317,1080,sold,2024-03-30,1114.56,Final sale
3318,1081,listed,2024-06-10,1180.0,Initial stock entry
3319,1081,price_reduced,2025-02-25,940.95,Seasonal markdown to 940.95E
3320,1081,sold,2024-09-06,874.51,Final sale
3321,1082,listed,2024-01-31,875.0,Initial stock entry
3322,1082,rental_eligible,2025-01-30,875.0,Crossed 12-month threshold -- eligible for rental program
3323,1082,sold,2024-08-20,486.42,Final sale
3324,1083,listed,2022-01-21,2935.0,Initial stock entry
3325,1083,price_reduced,2022-08-31,2099.65,Seasonal markdown to 2099.65E
3326,1083,rental_eligible,2023-01-21,2935.0,Crossed 12-month threshold -- eligible for rental program
3327,1083,sold,2022-08-31,2148.48,Final sale
3328,1084,listed,2024-07-28,510.0,Initial stock entry
3329,1085,listed,2022-01-29,1335.0,Initial stock entry
3330,1085,rental_eligible,2023-01-29,1335.0,Crossed 12-month threshold -- eligible for rental program
3331,1085,sold,2023-10-08,1269.66,Final sale
3332,1086,listed,2023-02-19,2050.0,Initial stock entry
3333,1086,price_reduced,2023-11-02,1778.49,Seasonal markdown to 1778.49E
3334,1086,rental_eligible,2024-02-19,2050.0,Crossed 12-month threshold -- eligible for rental program
3335,1086,sold,2025-02-01,1569.85,Final sale
3336,1087,listed,2024-02-24,2830.0,Initial stock entry
3337,1087,rental_eligible,2025-02-23,2830.0,Crossed 12-month threshold -- eligible for rental program
3338,1087,sold,2024-04-23,2454.61,Final sale
3339,1088,listed,2022-10-28,500.0,Initial stock entry
3340,1088,price_reduced,2023-09-16,370.34,Seasonal markdown to 370.34E
3341,1088,rental_eligible,2023-10-28,500.0,Crossed 12-month threshold -- eligible for rental program
3342,1088,sold,2024-04-08,457.44,Final sale
3343,1089,listed,2024-08-24,1605.0,Initial stock entry
3344,1089,price_reduced,2025-02-24,1313.37,Seasonal markdown to 1313.37E
3345,1089,sold,2025-03-26,1503.47,Final sale
3346,1090,listed,2023-10-12,2965.0,Initial stock entry
3347,1090,rental_eligible,2024-10-11,2965.0,Crossed 12-month threshold -- eligible for rental program
3348,1090,sold,2024-09-01,2517.28,Final sale
3349,1091,listed,2022-09-04,2805.0,Initial stock entry
3350,1091,rental_eligible,2023-09-04,2805.0,Crossed 12-month threshold -- eligible for rental program
3351,1091,sold,2023-04-28,2515.5,Final sale
3352,1092,listed,2023-01-27,2045.0,Initial stock entry
3353,1092,price_reduced,2023-09-02,1605.22,Seasonal markdown to 1605.22E
3354,1092,rental_eligible,2024-01-27,2045.0,Crossed 12-month threshold -- eligible for rental program
3355,1092,sold,2024-12-06,1444.89,Final sale
3356,1093,listed,2023-11-04,2135.0,Initial stock entry
3357,1093,rental_eligible,2024-11-03,2135.0,Crossed 12-month threshold -- eligible for rental program
3358,1093,sold,2023-12-19,1726.81,Final sale
3359,1094,listed,2023-06-03,3485.0,Initial stock entry
3360,1094,rental_eligible,2024-06-02,3485.0,Crossed 12-month threshold -- eligible for rental program
3361,1094,sold,2024-07-30,3025.63,Final sale
3362,1095,listed,2022-08-01,3085.0,Initial stock entry
3363,1095,price_reduced,2023-06-19,2709.06,Seasonal markdown to 2709.06E
3364,1095,rental_eligible,2023-08-01,3085.0,Crossed 12-month threshold -- eligible for rental program
3365,1095,sold,2023-10-30,2220.28,Final sale
3366,1096,listed,2024-06-27,595.0,Initial stock entry
3367,1096,sold,2024-12-27,527.06,Final sale
3368,1097,listed,2023-10-11,2415.0,Initial stock entry
3369,1097,rental_eligible,2024-10-10,2415.0,Crossed 12-month threshold -- eligible for rental program
3370,1097,sold,2025-01-06,1801.54,Final sale
3371,1098,listed,2022-10-30,2710.0,Initial stock entry
3372,1098,price_reduced,2023-06-02,2437.58,Seasonal markdown to 2437.58E
3373,1098,rental_eligible,2023-10-30,2710.0,Crossed 12-month threshold -- eligible for rental program
3374,1098,sold,2025-01-01,1971.17,Final sale
3375,1099,listed,2022-01-07,2665.0,Initial stock entry
3376,1099,price_reduced,2022-08-19,2297.93,Seasonal markdown to 2297.93E
3377,1099,rental_eligible,2023-01-07,2665.0,Crossed 12-month threshold -- eligible for rental program
3378,1099,sold,2022-04-12,1626.96,Final sale
3379,1100,listed,2022-08-27,1725.0,Initial stock entry
3380,1100,rental_eligible,2023-08-27,1725.0,Crossed 12-month threshold -- eligible for rental program
3381,1100,sold,2023-02-04,1052.49,Final sale
3382,1101,listed,2023-05-21,1720.0,Initial stock entry
3383,1101,rental_eligible,2024-05-20,1720.0,Crossed 12-month threshold -- eligible for rental program
3384,1101,sold,2024-01-31,1153.95,Final sale
3385,1102,listed,2023-10-09,660.0,Initial stock entry
3386,1102,rental_eligible,2024-10-08,660.0,Crossed 12-month threshold -- eligible for rental program
3387,1102,sold,2023-12-18,384.49,Final sale
3388,1103,listed,2024-01-15,1815.0,Initial stock entry
3389,1103,rental_eligible,2025-01-14,1815.0,Crossed 12-month threshold -- eligible for rental program
3390,1104,listed,2024-06-07,3480.0,Initial stock entry
3391,1104,sold,2025-02-08,2781.14,Final sale
3392,1105,listed,2022-03-06,1740.0,Initial stock entry
3393,1105,rental_eligible,2023-03-06,1740.0,Crossed 12-month threshold -- eligible for rental program
3394,1105,sold,2024-12-29,1237.38,Final sale
3395,1106,listed,2022-03-11,2140.0,Initial stock entry
3396,1106,rental_eligible,2023-03-11,2140.0,Crossed 12-month threshold -- eligible for rental program
3397,1106,sold,2022-10-19,1633.8,Final sale
3398,1107,listed,2022-07-25,2335.0,Initial stock entry
3399,1107,rental_eligible,2023-07-25,2335.0,Crossed 12-month threshold -- eligible for rental program
3400,1107,sold,2022-11-05,1628.26,Final sale
3401,1108,listed,2024-06-09,2100.0,Initial stock entry
3402,1108,sold,2024-11-27,1924.47,Final sale
3403,1109,listed,2023-04-25,3265.0,Initial stock entry
3404,1109,price_reduced,2024-01-05,2303.07,Seasonal markdown to 2303.07E
3405,1109,rental_eligible,2024-04-24,3265.0,Crossed 12-month threshold -- eligible for rental program
3406,1109,sold,2023-11-09,2106.19,Final sale
3407,1110,listed,2023-02-11,1190.0,Initial stock entry
3408,1110,rental_eligible,2024-02-11,1190.0,Crossed 12-month threshold -- eligible for rental program
3409,1111,listed,2022-12-05,1715.0,Initial stock entry
3410,1111,price_reduced,2023-09-28,1304.79,Seasonal markdown to 1304.79E
3411,1111,rental_eligible,2023-12-05,1715.0,Crossed 12-month threshold -- eligible for rental program
3412,1111,sold,2024-02-12,1643.97,Final sale
3413,1112,listed,2022-07-04,870.0,Initial stock entry
3414,1112,rental_eligible,2023-07-04,870.0,Crossed 12-month threshold -- eligible for rental program
3415,1112,sold,2023-06-13,533.35,Final sale
3416,1113,listed,2023-03-12,2465.0,Initial stock entry
3417,1113,rental_eligible,2024-03-11,2465.0,Crossed 12-month threshold -- eligible for rental program
3418,1113,sold,2023-06-03,1477.82,Final sale
3419,1114,listed,2023-11-01,640.0,Initial stock entry
3420,1114,price_reduced,2024-09-01,544.21,Seasonal markdown to 544.21E
3421,1114,rental_eligible,2024-10-31,640.0,Crossed 12-month threshold -- eligible for rental program
3422,1114,sold,2024-06-12,414.84,Final sale
3423,1115,listed,2022-12-31,3120.0,Initial stock entry
3424,1115,rental_eligible,2023-12-31,3120.0,Crossed 12-month threshold -- eligible for rental program
3425,1115,sold,2025-03-08,2216.81,Final sale
3426,1116,listed,2023-03-09,820.0,Initial stock entry
3427,1116,rental_eligible,2024-03-08,820.0,Crossed 12-month threshold -- eligible for rental program
3428,1116,sold,2024-05-02,780.75,Final sale
3429,1117,listed,2024-09-11,2425.0,Initial stock entry
3430,1118,listed,2022-07-27,1340.0,Initial stock entry
3431,1118,rental_eligible,2023-07-27,1340.0,Crossed 12-month threshold -- eligible for rental program
3432,1118,sold,2023-08-25,1088.34,Final sale
3433,1119,listed,2024-04-02,2355.0,Initial stock entry
3434,1119,price_reduced,2024-11-14,1877.39,Seasonal markdown to 1877.39E
3435,1119,rental_eligible,2025-04-02,2355.0,Crossed 12-month threshold -- eligible for rental program
3436,1119,sold,2024-12-12,1693.32,Final sale
3437,1120,listed,2023-11-18,2775.0,Initial stock entry
3438,1120,rental_eligible,2024-11-17,2775.0,Crossed 12-month threshold -- eligible for rental program
3439,1120,sold,2025-02-05,1641.99,Final sale
3440,1121,listed,2023-06-13,3280.0,Initial stock entry
3441,1121,rental_eligible,2024-06-12,3280.0,Crossed 12-month threshold -- eligible for rental program
3442,1121,sold,2023-08-08,2123.31,Final sale
3443,1122,listed,2022-04-13,1720.0,Initial stock entry
3444,1122,rental_eligible,2023-04-13,1720.0,Crossed 12-month threshold -- eligible for rental program
3445,1122,sold,2024-03-05,947.92,Final sale
3446,1123,listed,2024-05-04,1165.0,Initial stock entry
3447,1123,price_reduced,2025-01-24,895.48,Seasonal markdown to 895.48E
3448,1123,sold,2024-09-17,1076.79,Final sale
3449,1124,listed,2022-06-22,1020.0,Initial stock entry
3450,1124,rental_eligible,2023-06-22,1020.0,Crossed 12-month threshold -- eligible for rental program
3451,1124,sold,2023-04-25,918.78,Final sale
3452,1125,listed,2023-05-15,2475.0,Initial stock entry
3453,1125,rental_eligible,2024-05-14,2475.0,Crossed 12-month threshold -- eligible for rental program
3454,1126,listed,2022-07-27,2590.0,Initial stock entry
3455,1126,price_reduced,2023-06-12,2019.85,Seasonal markdown to 2019.85E
3456,1126,rental_eligible,2023-07-27,2590.0,Crossed 12-month threshold -- eligible for rental program
3457,1126,sold,2023-01-17,1634.95,Final sale
3458,1127,listed,2022-06-12,1045.0,Initial stock entry
3459,1127,rental_eligible,2023-06-12,1045.0,Crossed 12-month threshold -- eligible for rental program
3460,1127,sold,2023-03-03,844.04,Final sale
3461,1128,listed,2024-08-26,360.0,Initial stock entry
3462,1128,price_reduced,2025-03-06,269.37,Seasonal markdown to 269.37E
3463,1128,sold,2024-11-23,208.71,Final sale
3464,1129,listed,2023-08-07,795.0,Initial stock entry
3465,1129,rental_eligible,2024-08-06,795.0,Crossed 12-month threshold -- eligible for rental program
3466,1129,sold,2024-06-14,572.47,Final sale
3467,1130,listed,2023-10-14,2805.0,Initial stock entry
3468,1130,rental_eligible,2024-10-13,2805.0,Crossed 12-month threshold -- eligible for rental program
3469,1130,sold,2023-12-25,2014.57,Final sale
3470,1131,listed,2024-08-01,2210.0,Initial stock entry
3471,1131,sold,2025-01-26,2040.4,Final sale
3472,1132,listed,2024-06-29,1340.0,Initial stock entry
3473,1132,price_reduced,2025-01-06,968.67,Seasonal markdown to 968.67E
3474,1132,sold,2025-01-23,1208.35,Final sale
3475,1133,listed,2022-06-10,3010.0,Initial stock entry
3476,1133,rental_eligible,2023-06-10,3010.0,Crossed 12-month threshold -- eligible for rental program
3477,1133,sold,2023-12-21,2287.45,Final sale
3478,1134,listed,2024-08-15,1240.0,Initial stock entry
3479,1135,listed,2023-04-26,1820.0,Initial stock entry
3480,1135,price_reduced,2023-11-26,1592.44,Seasonal markdown to 1592.44E
3481,1135,rental_eligible,2024-04-25,1820.0,Crossed 12-month threshold -- eligible for rental program
3482,1135,sold,2023-06-03,1238.11,Final sale
3483,1136,listed,2023-01-01,2080.0,Initial stock entry
3484,1136,rental_eligible,2024-01-01,2080.0,Crossed 12-month threshold -- eligible for rental program
3485,1136,sold,2023-11-19,1372.25,Final sale
3486,1137,listed,2022-08-05,2740.0,Initial stock entry
3487,1137,rental_eligible,2023-08-05,2740.0,Crossed 12-month threshold -- eligible for rental program
3488,1137,sold,2023-11-23,2030.93,Final sale
3489,1138,listed,2024-07-09,1145.0,Initial stock entry
3490,1138,sold,2024-08-21,989.58,Final sale
3491,1139,listed,2024-05-06,2355.0,Initial stock entry
3492,1139,sold,2025-02-17,1349.93,Final sale
3493,1140,listed,2022-02-16,1550.0,Initial stock entry
3494,1140,price_reduced,2023-02-09,1251.13,Seasonal markdown to 1251.13E
3495,1140,rental_eligible,2023-02-16,1550.0,Crossed 12-month threshold -- eligible for rental program
3496,1140,sold,2023-07-29,912.33,Final sale
3497,1141,listed,2024-03-08,3115.0,Initial stock entry
3498,1141,price_reduced,2024-09-25,2382.71,Seasonal markdown to 2382.71E
3499,1141,rental_eligible,2025-03-08,3115.0,Crossed 12-month threshold -- eligible for rental program
3500,1141,sold,2024-05-10,2063.93,Final sale
3501,1142,listed,2023-10-23,3240.0,Initial stock entry
3502,1142,rental_eligible,2024-10-22,3240.0,Crossed 12-month threshold -- eligible for rental program
3503,1143,listed,2024-08-02,2830.0,Initial stock entry
3504,1143,sold,2024-10-14,2360.47,Final sale
3505,1144,listed,2024-04-12,305.0,Initial stock entry
3506,1144,sold,2024-05-19,234.44,Final sale
3507,1145,listed,2022-02-18,1960.0,Initial stock entry
3508,1145,rental_eligible,2023-02-18,1960.0,Crossed 12-month threshold -- eligible for rental program
3509,1145,sold,2024-10-09,1163.83,Final sale
3510,1146,listed,2022-09-12,1650.0,Initial stock entry
3511,1146,rental_eligible,2023-09-12,1650.0,Crossed 12-month threshold -- eligible for rental program
3512,1146,sold,2023-12-01,1375.91,Final sale
3513,1147,listed,2024-09-15,1000.0,Initial stock entry
3514,1147,sold,2025-01-04,740.46,Final sale
3515,1148,listed,2023-11-09,2475.0,Initial stock entry
3516,1148,price_reduced,2024-08-31,2147.78,Seasonal markdown to 2147.78E
3517,1148,rental_eligible,2024-11-08,2475.0,Crossed 12-month threshold -- eligible for rental program
3518,1148,sold,2024-07-04,2076.63,Final sale
3519,1149,listed,2024-01-30,930.0,Initial stock entry
3520,1149,rental_eligible,2025-01-29,930.0,Crossed 12-month threshold -- eligible for rental program
3521,1149,rented_out,2025-01-30,930.0,Assigned to rental program
3522,1150,listed,2022-10-28,2495.0,Initial stock entry
3523,1150,price_reduced,2023-08-13,2156.66,Seasonal markdown to 2156.66E
3524,1150,rental_eligible,2023-10-28,2495.0,Crossed 12-month threshold -- eligible for rental program
3525,1150,sold,2024-09-29,1594.47,Final sale
3526,1151,listed,2024-01-16,240.0,Initial stock entry
3527,1151,rental_eligible,2025-01-15,240.0,Crossed 12-month threshold -- eligible for rental program
3528,1151,sold,2025-02-18,139.79,Final sale
3529,1152,listed,2024-02-06,1235.0,Initial stock entry
3530,1152,rental_eligible,2025-02-05,1235.0,Crossed 12-month threshold -- eligible for rental program
3531,1152,sold,2024-06-06,1072.01,Final sale
3532,1153,listed,2023-04-06,415.0,Initial stock entry
3533,1153,price_reduced,2024-01-14,293.26,Seasonal markdown to 293.26E
3534,1153,rental_eligible,2024-04-05,415.0,Crossed 12-month threshold -- eligible for rental program
3535,1153,sold,2023-11-11,264.71,Final sale
3536,1154,listed,2022-01-25,3210.0,Initial stock entry
3537,1154,price_reduced,2022-11-29,2524.18,Seasonal markdown to 2524.18E
3538,1154,rental_eligible,2023-01-25,3210.0,Crossed 12-month threshold -- eligible for rental program
3539,1154,sold,2024-01-11,3176.5,Final sale
3540,1155,listed,2022-06-12,2025.0,Initial stock entry
3541,1155,rental_eligible,2023-06-12,2025.0,Crossed 12-month threshold -- eligible for rental program
3542,1155,sold,2023-06-20,1942.95,Final sale
3543,1156,listed,2022-03-24,1705.0,Initial stock entry
3544,1156,price_reduced,2022-12-12,1505.69,Seasonal markdown to 1505.69E
3545,1156,rental_eligible,2023-03-24,1705.0,Crossed 12-month threshold -- eligible for rental program
3546,1156,sold,2023-01-30,1066.8,Final sale
3547,1157,listed,2023-05-15,885.0,Initial stock entry
3548,1157,rental_eligible,2024-05-14,885.0,Crossed 12-month threshold -- eligible for rental program
3549,1157,sold,2023-09-20,601.95,Final sale
3550,1158,listed,2024-09-01,1655.0,Initial stock entry
3551,1158,price_reduced,2025-03-06,1293.83,Seasonal markdown to 1293.83E
3552,1159,listed,2022-08-17,3040.0,Initial stock entry
3553,1159,price_reduced,2023-05-04,2173.84,Seasonal markdown to 2173.84E
3554,1159,rental_eligible,2023-08-17,3040.0,Crossed 12-month threshold -- eligible for rental program
3555,1159,sold,2023-08-09,2682.32,Final sale
3556,1160,listed,2023-11-05,2280.0,Initial stock entry
3557,1160,rental_eligible,2024-11-04,2280.0,Crossed 12-month threshold -- eligible for rental program
3558,1160,sold,2023-12-14,1351.93,Final sale
3559,1161,listed,2023-09-25,2050.0,Initial stock entry
3560,1161,rental_eligible,2024-09-24,2050.0,Crossed 12-month threshold -- eligible for rental program
3561,1161,sold,2025-01-01,1951.14,Final sale
3562,1162,listed,2024-06-03,790.0,Initial stock entry
3563,1162,price_reduced,2025-03-04,635.05,Seasonal markdown to 635.05E
3564,1163,listed,2023-10-18,1855.0,Initial stock entry
3565,1163,price_reduced,2024-05-19,1401.59,Seasonal markdown to 1401.59E
3566,1163,rental_eligible,2024-10-17,1855.0,Crossed 12-month threshold -- eligible for rental program
3567,1163,sold,2023-12-03,1847.67,Final sale
3568,1164,listed,2022-12-18,1505.0,Initial stock entry
3569,1164,price_reduced,2023-11-13,1092.78,Seasonal markdown to 1092.78E
3570,1164,rental_eligible,2023-12-18,1505.0,Crossed 12-month threshold -- eligible for rental program
3571,1164,sold,2024-11-27,947.01,Final sale
3572,1165,listed,2023-09-14,1755.0,Initial stock entry
3573,1165,price_reduced,2024-04-16,1458.41,Seasonal markdown to 1458.41E
3574,1165,rental_eligible,2024-09-13,1755.0,Crossed 12-month threshold -- eligible for rental program
3575,1165,sold,2024-01-19,1724.11,Final sale
3576,1166,listed,2022-01-12,2715.0,Initial stock entry
3577,1166,rental_eligible,2023-01-12,2715.0,Crossed 12-month threshold -- eligible for rental program
3578,1166,rented_out,2023-03-02,2715.0,Assigned to rental program
3579,1167,listed,2023-08-27,2565.0,Initial stock entry
3580,1167,price_reduced,2024-03-13,1853.92,Seasonal markdown to 1853.92E
3581,1167,rental_eligible,2024-08-26,2565.0,Crossed 12-month threshold -- eligible for rental program
3582,1167,sold,2024-04-25,1706.27,Final sale
3583,1168,listed,2024-06-20,2235.0,Initial stock entry
3584,1168,price_reduced,2025-01-14,1821.92,Seasonal markdown to 1821.92E
3585,1168,sold,2024-10-26,1458.38,Final sale
3586,1169,listed,2024-03-09,3325.0,Initial stock entry
3587,1169,price_reduced,2024-10-21,2671.32,Seasonal markdown to 2671.32E
3588,1169,rental_eligible,2025-03-09,3325.0,Crossed 12-month threshold -- eligible for rental program
3589,1169,sold,2024-06-06,3020.67,Final sale
3590,1170,listed,2024-01-27,1110.0,Initial stock entry
3591,1170,price_reduced,2024-12-25,833.42,Seasonal markdown to 833.42E
3592,1170,rental_eligible,2025-01-26,1110.0,Crossed 12-month threshold -- eligible for rental program
3593,1170,sold,2024-09-23,949.8,Final sale
3594,1171,listed,2023-02-14,2145.0,Initial stock entry
3595,1171,price_reduced,2023-10-07,1632.04,Seasonal markdown to 1632.04E
3596,1171,rental_eligible,2024-02-14,2145.0,Crossed 12-month threshold -- eligible for rental program
3597,1171,sold,2024-08-09,1565.59,Final sale
3598,1172,listed,2022-05-20,665.0,Initial stock entry
3599,1172,rental_eligible,2023-05-20,665.0,Crossed 12-month threshold -- eligible for rental program
3600,1172,sold,2023-04-20,548.12,Final sale
3601,1173,listed,2023-02-12,1395.0,Initial stock entry
3602,1173,rental_eligible,2024-02-12,1395.0,Crossed 12-month threshold -- eligible for rental program
3603,1173,sold,2023-03-19,876.02,Final sale
3604,1174,listed,2022-04-09,1805.0,Initial stock entry
3605,1174,rental_eligible,2023-04-09,1805.0,Crossed 12-month threshold -- eligible for rental program
3606,1174,sold,2024-10-05,1341.53,Final sale
3607,1175,listed,2023-11-15,1825.0,Initial stock entry
3608,1175,price_reduced,2024-05-26,1543.83,Seasonal markdown to 1543.83E
3609,1175,rental_eligible,2024-11-14,1825.0,Crossed 12-month threshold -- eligible for rental program
3610,1175,sold,2024-10-08,1784.56,Final sale
3611,1176,listed,2024-08-17,490.0,Initial stock entry
3612,1176,price_reduced,2025-02-27,405.39,Seasonal markdown to 405.39E
3613,1176,sold,2025-01-15,407.34,Final sale
3614,1177,listed,2023-11-27,440.0,Initial stock entry
3615,1177,rental_eligible,2024-11-26,440.0,Crossed 12-month threshold -- eligible for rental program
3616,1177,sold,2024-04-29,296.79,Final sale
3617,1178,listed,2024-05-24,940.0,Initial stock entry
3618,1178,sold,2024-12-24,592.02,Final sale
3619,1179,listed,2022-11-09,2560.0,Initial stock entry
3620,1179,rental_eligible,2023-11-09,2560.0,Crossed 12-month threshold -- eligible for rental program
3621,1179,sold,2023-08-03,1818.36,Final sale
3622,1180,listed,2022-09-18,2985.0,Initial stock entry
3623,1180,rental_eligible,2023-09-18,2985.0,Crossed 12-month threshold -- eligible for rental program
3624,1180,sold,2023-01-20,2091.21,Final sale
3625,1181,listed,2023-04-23,3470.0,Initial stock entry
3626,1181,price_reduced,2024-01-26,3110.39,Seasonal markdown to 3110.39E
3627,1181,rental_eligible,2024-04-22,3470.0,Crossed 12-month threshold -- eligible for rental program
3628,1181,sold,2024-07-09,2487.7,Final sale
3629,1182,listed,2023-03-04,2655.0,Initial stock entry
3630,1182,price_reduced,2023-09-16,2000.55,Seasonal markdown to 2000.55E
3631,1182,rental_eligible,2024-03-03,2655.0,Crossed 12-month threshold -- eligible for rental program
3632,1182,sold,2024-05-06,2607.74,Final sale
3633,1183,listed,2022-12-25,505.0,Initial stock entry
3634,1183,price_reduced,2023-08-25,441.61,Seasonal markdown to 441.61E
3635,1183,rental_eligible,2023-12-25,505.0,Crossed 12-month threshold -- eligible for rental program
3636,1183,sold,2024-06-30,291.52,Final sale
3637,1184,listed,2024-04-30,3485.0,Initial stock entry
3638,1184,sold,2024-12-29,2387.45,Final sale
3639,1185,listed,2024-02-18,250.0,Initial stock entry
3640,1185,price_reduced,2024-11-18,185.96,Seasonal markdown to 185.96E
3641,1185,rental_eligible,2025-02-17,250.0,Crossed 12-month threshold -- eligible for rental program
3642,1185,sold,2024-10-12,233.01,Final sale
3643,1186,listed,2024-03-09,2515.0,Initial stock entry
3644,1186,rental_eligible,2025-03-09,2515.0,Crossed 12-month threshold -- eligible for rental program
3645,1186,sold,2024-06-28,1709.81,Final sale
3646,1187,listed,2022-11-15,620.0,Initial stock entry
3647,1187,rental_eligible,2023-11-15,620.0,Crossed 12-month threshold -- eligible for rental program
3648,1187,sold,2023-09-18,598.74,Final sale
3649,1188,listed,2022-12-20,720.0,Initial stock entry
3650,1188,price_reduced,2023-09-07,600.04,Seasonal markdown to 600.04E
3651,1188,rental_eligible,2023-12-20,720.0,Crossed 12-month threshold -- eligible for rental program
3652,1188,sold,2023-12-31,463.51,Final sale
3653,1189,listed,2024-02-04,1210.0,Initial stock entry
3654,1189,rental_eligible,2025-02-03,1210.0,Crossed 12-month threshold -- eligible for rental program
3655,1189,sold,2025-02-20,1046.49,Final sale
3656,1190,listed,2024-04-14,675.0,Initial stock entry
3657,1190,sold,2025-04-03,638.76,Final sale
3658,1191,listed,2024-05-09,935.0,Initial stock entry
3659,1191,sold,2024-11-28,828.94,Final sale
3660,1192,listed,2023-06-11,1750.0,Initial stock entry
3661,1192,price_reduced,2024-01-28,1532.1,Seasonal markdown to 1532.1E
3662,1192,rental_eligible,2024-06-10,1750.0,Crossed 12-month threshold -- eligible for rental program
3663,1192,sold,2024-08-11,1351.41,Final sale
3664,1193,listed,2022-10-20,1900.0,Initial stock entry
3665,1193,rental_eligible,2023-10-20,1900.0,Crossed 12-month threshold -- eligible for rental program
3666,1193,sold,2023-09-19,1133.29,Final sale
3667,1194,listed,2023-09-09,1025.0,Initial stock entry
3668,1194,rental_eligible,2024-09-08,1025.0,Crossed 12-month threshold -- eligible for rental program
3669,1194,sold,2024-03-17,859.39,Final sale
3670,1195,listed,2022-03-12,680.0,Initial stock entry
3671,1195,rental_eligible,2023-03-12,680.0,Crossed 12-month threshold -- eligible for rental program
3672,1195,sold,2024-08-14,664.98,Final sale
3673,1196,listed,2024-09-11,1265.0,Initial stock entry
3674,1197,listed,2022-08-30,2000.0,Initial stock entry
3675,1197,rental_eligible,2023-08-30,2000.0,Crossed 12-month threshold -- eligible for rental program
3676,1197,sold,2024-04-11,1938.1,Final sale
3677,1198,listed,2022-07-17,1705.0,Initial stock entry
3678,1198,price_reduced,2023-03-08,1514.1,Seasonal markdown to 1514.1E
3679,1198,rental_eligible,2023-07-17,1705.0,Crossed 12-month threshold -- eligible for rental program
3680,1198,sold,2023-06-05,1252.95,Final sale
3681,1199,listed,2024-07-25,950.0,Initial stock entry
3682,1199,price_reduced,2025-02-17,711.81,Seasonal markdown to 711.81E
3683,1199,sold,2025-01-18,533.67,Final sale
3684,1200,listed,2022-06-19,3445.0,Initial stock entry
3685,1200,rental_eligible,2023-06-19,3445.0,Crossed 12-month threshold -- eligible for rental program
3686,1200,sold,2023-08-25,3027.56,Final sale
3687,1201,listed,2023-12-26,670.0,Initial stock entry
3688,1201,price_reduced,2024-11-14,532.03,Seasonal markdown to 532.03E
3689,1201,rental_eligible,2024-12-25,670.0,Crossed 12-month threshold -- eligible for rental program
3690,1201,sold,2024-12-17,439.76,Final sale
3691,1202,listed,2022-12-08,640.0,Initial stock entry
3692,1202,rental_eligible,2023-12-08,640.0,Crossed 12-month threshold -- eligible for rental program
3693,1202,sold,2025-02-22,509.36,Final sale
3694,1203,listed,2023-07-25,780.0,Initial stock entry
3695,1203,rental_eligible,2024-07-24,780.0,Crossed 12-month threshold -- eligible for rental program
3696,1203,sold,2024-10-22,462.76,Final sale
3697,1204,listed,2023-09-07,660.0,Initial stock entry
3698,1204,rental_eligible,2024-09-06,660.0,Crossed 12-month threshold -- eligible for rental program
3699,1204,sold,2025-03-02,387.74,Final sale
3700,1205,listed,2024-04-20,100.0,Initial stock entry
3701,1205,price_reduced,2025-02-25,83.12,Seasonal markdown to 83.12E
3702,1205,sold,2025-01-11,58.98,Final sale
3703,1206,listed,2023-05-25,550.0,Initial stock entry
3704,1206,price_reduced,2024-03-27,473.7,Seasonal markdown to 473.7E
3705,1206,rental_eligible,2024-05-24,550.0,Crossed 12-month threshold -- eligible for rental program
3706,1206,sold,2024-10-21,334.87,Final sale
3707,1207,listed,2023-07-19,425.0,Initial stock entry
3708,1207,price_reduced,2024-07-09,311.61,Seasonal markdown to 311.61E
3709,1207,rental_eligible,2024-07-18,425.0,Crossed 12-month threshold -- eligible for rental program
3710,1207,sold,2023-08-22,414.1,Final sale
3711,1208,listed,2024-07-19,750.0,Initial stock entry
3712,1208,price_reduced,2025-02-23,588.54,Seasonal markdown to 588.54E
3713,1208,sold,2024-12-19,736.14,Final sale
3714,1209,listed,2024-09-24,545.0,Initial stock entry
3715,1209,sold,2024-10-28,436.09,Final sale
3716,1210,listed,2022-08-04,95.0,Initial stock entry
3717,1210,price_reduced,2023-04-11,77.4,Seasonal markdown to 77.4E
3718,1210,rental_eligible,2023-08-04,95.0,Crossed 12-month threshold -- eligible for rental program
3719,1210,sold,2023-01-01,57.89,Final sale
3720,1211,listed,2024-09-21,60.0,Initial stock entry
3721,1211,sold,2024-11-21,59.43,Final sale
3722,1212,listed,2024-02-09,565.0,Initial stock entry
3723,1212,price_reduced,2024-09-26,462.41,Seasonal markdown to 462.41E
3724,1212,rental_eligible,2025-02-08,565.0,Crossed 12-month threshold -- eligible for rental program
3725,1212,sold,2024-08-09,509.83,Final sale
3726,1213,listed,2024-05-13,540.0,Initial stock entry
3727,1213,sold,2024-09-14,375.57,Final sale
3728,1214,listed,2022-02-22,620.0,Initial stock entry
3729,1214,price_reduced,2022-09-26,526.83,Seasonal markdown to 526.83E
3730,1214,rental_eligible,2023-02-22,620.0,Crossed 12-month threshold -- eligible for rental program
3731,1214,sold,2023-02-23,449.42,Final sale
3732,1215,listed,2023-06-04,770.0,Initial stock entry
3733,1215,rental_eligible,2024-06-03,770.0,Crossed 12-month threshold -- eligible for rental program
3734,1215,sold,2024-06-20,683.6,Final sale
3735,1216,listed,2023-06-23,645.0,Initial stock entry
3736,1216,price_reduced,2024-02-06,528.62,Seasonal markdown to 528.62E
3737,1216,rental_eligible,2024-06-22,645.0,Crossed 12-month threshold -- eligible for rental program
3738,1216,sold,2024-11-05,395.01,Final sale
3739,1217,listed,2023-11-15,775.0,Initial stock entry
3740,1217,rental_eligible,2024-11-14,775.0,Crossed 12-month threshold -- eligible for rental program
3741,1217,sold,2025-02-27,707.53,Final sale
3742,1218,listed,2024-10-15,315.0,Initial stock entry
3743,1218,sold,2025-01-29,174.86,Final sale
3744,1219,listed,2022-12-12,690.0,Initial stock entry
3745,1219,price_reduced,2023-11-03,519.19,Seasonal markdown to 519.19E
3746,1219,rental_eligible,2023-12-12,690.0,Crossed 12-month threshold -- eligible for rental program
3747,1219,sold,2024-11-21,404.32,Final sale
3748,1220,listed,2024-03-26,505.0,Initial stock entry
3749,1220,rental_eligible,2025-03-26,505.0,Crossed 12-month threshold -- eligible for rental program
3750,1221,listed,2024-02-28,385.0,Initial stock entry
3751,1221,rental_eligible,2025-02-27,385.0,Crossed 12-month threshold -- eligible for rental program
3752,1221,sold,2025-03-23,369.59,Final sale
3753,1222,listed,2022-11-14,260.0,Initial stock entry
3754,1222,rental_eligible,2023-11-14,260.0,Crossed 12-month threshold -- eligible for rental program
3755,1222,sold,2024-07-16,196.84,Final sale
3756,1223,listed,2023-08-31,175.0,Initial stock entry
3757,1223,rental_eligible,2024-08-30,175.0,Crossed 12-month threshold -- eligible for rental program
3758,1223,sold,2025-01-04,174.18,Final sale
3759,1224,listed,2024-11-28,400.0,Initial stock entry
3760,1225,listed,2023-04-26,815.0,Initial stock entry
3761,1225,price_reduced,2024-04-14,715.41,Seasonal markdown to 715.41E
3762,1225,rental_eligible,2024-04-25,815.0,Crossed 12-month threshold -- eligible for rental program
3763,1225,sold,2024-01-10,528.37,Final sale
3764,1226,listed,2024-11-05,130.0,Initial stock entry
3765,1226,sold,2025-01-02,106.6,Final sale
3766,1227,listed,2022-04-19,280.0,Initial stock entry
3767,1227,price_reduced,2023-01-23,202.02,Seasonal markdown to 202.02E
3768,1227,rental_eligible,2023-04-19,280.0,Crossed 12-month threshold -- eligible for rental program
3769,1227,sold,2024-05-04,252.94,Final sale
3770,1228,listed,2022-04-28,430.0,Initial stock entry
3771,1228,rental_eligible,2023-04-28,430.0,Crossed 12-month threshold -- eligible for rental program
3772,1228,sold,2023-01-15,314.16,Final sale
3773,1229,listed,2024-10-02,655.0,Initial stock entry
3774,1230,listed,2024-11-06,245.0,Initial stock entry
3775,1231,listed,2022-05-26,550.0,Initial stock entry
3776,1231,rental_eligible,2023-05-26,550.0,Crossed 12-month threshold -- eligible for rental program
3777,1231,sold,2024-01-27,451.4,Final sale
3778,1232,listed,2024-10-10,75.0,Initial stock entry
3779,1232,sold,2024-11-17,66.95,Final sale
3780,1233,listed,2023-01-10,770.0,Initial stock entry
3781,1233,price_reduced,2023-09-04,574.67,Seasonal markdown to 574.67E
3782,1233,rental_eligible,2024-01-10,770.0,Crossed 12-month threshold -- eligible for rental program
3783,1233,sold,2023-11-14,498.15,Final sale
3784,1234,listed,2023-04-10,390.0,Initial stock entry
3785,1234,rental_eligible,2024-04-09,390.0,Crossed 12-month threshold -- eligible for rental program
3786,1235,listed,2022-05-02,100.0,Initial stock entry
3787,1235,rental_eligible,2023-05-02,100.0,Crossed 12-month threshold -- eligible for rental program
3788,1235,sold,2025-02-12,84.56,Final sale
3789,1236,listed,2024-02-07,75.0,Initial stock entry
3790,1236,price_reduced,2025-01-27,56.6,Seasonal markdown to 56.6E
3791,1236,rental_eligible,2025-02-06,75.0,Crossed 12-month threshold -- eligible for rental program
3792,1236,sold,2024-04-28,50.75,Final sale
3793,1237,listed,2022-11-13,790.0,Initial stock entry
3794,1237,rental_eligible,2023-11-13,790.0,Crossed 12-month threshold -- eligible for rental program
3795,1237,sold,2024-06-23,717.88,Final sale
3796,1238,listed,2022-09-04,845.0,Initial stock entry
3797,1238,price_reduced,2023-03-18,752.9,Seasonal markdown to 752.9E
3798,1238,rental_eligible,2023-09-04,845.0,Crossed 12-month threshold -- eligible for rental program
3799,1238,sold,2025-03-07,629.84,Final sale
3800,1239,listed,2023-11-22,180.0,Initial stock entry
3801,1239,rental_eligible,2024-11-21,180.0,Crossed 12-month threshold -- eligible for rental program
3802,1239,sold,2024-01-10,104.99,Final sale
3803,1240,listed,2022-10-17,260.0,Initial stock entry
3804,1240,price_reduced,2023-09-01,186.74,Seasonal markdown to 186.74E
3805,1240,rental_eligible,2023-10-17,260.0,Crossed 12-month threshold -- eligible for rental program
3806,1240,sold,2023-12-31,144.22,Final sale
3807,1241,listed,2024-11-30,135.0,Initial stock entry
3808,1241,sold,2025-02-04,109.38,Final sale
3809,1242,listed,2023-02-10,165.0,Initial stock entry
3810,1242,rental_eligible,2024-02-10,165.0,Crossed 12-month threshold -- eligible for rental program
3811,1242,sold,2025-01-18,139.58,Final sale
3812,1243,listed,2024-09-18,140.0,Initial stock entry
3813,1243,sold,2024-10-24,80.0,Final sale
3814,1244,listed,2022-12-22,310.0,Initial stock entry
3815,1244,price_reduced,2023-07-31,272.41,Seasonal markdown to 272.41E
3816,1244,rental_eligible,2023-12-22,310.0,Crossed 12-month threshold -- eligible for rental program
3817,1244,sold,2023-03-01,191.5,Final sale
3818,1245,listed,2022-04-18,870.0,Initial stock entry
3819,1245,rental_eligible,2023-04-18,870.0,Crossed 12-month threshold -- eligible for rental program
3820,1245,sold,2024-09-18,812.53,Final sale
3821,1246,listed,2023-03-30,855.0,Initial stock entry
3822,1246,rental_eligible,2024-03-29,855.0,Crossed 12-month threshold -- eligible for rental program
3823,1246,sold,2024-06-15,822.67,Final sale
3824,1247,listed,2022-01-10,835.0,Initial stock entry
3825,1247,rental_eligible,2023-01-10,835.0,Crossed 12-month threshold -- eligible for rental program
3826,1247,sold,2022-07-07,788.47,Final sale
3827,1248,listed,2023-05-20,170.0,Initial stock entry
3828,1248,rental_eligible,2024-05-19,170.0,Crossed 12-month threshold -- eligible for rental program
3829,1248,sold,2024-02-26,115.84,Final sale
3830,1249,listed,2024-04-27,405.0,Initial stock entry
3831,1249,price_reduced,2024-12-14,304.38,Seasonal markdown to 304.38E
3832,1249,sold,2024-11-11,277.86,Final sale
3833,1250,listed,2023-04-02,160.0,Initial stock entry
3834,1250,price_reduced,2023-11-07,143.89,Seasonal markdown to 143.89E
3835,1250,rental_eligible,2024-04-01,160.0,Crossed 12-month threshold -- eligible for rental program
3836,1250,sold,2023-12-02,110.99,Final sale
3837,1251,listed,2023-06-10,190.0,Initial stock entry
3838,1251,price_reduced,2023-12-22,159.42,Seasonal markdown to 159.42E
3839,1251,rental_eligible,2024-06-09,190.0,Crossed 12-month threshold -- eligible for rental program
3840,1251,sold,2025-02-08,188.66,Final sale
3841,1252,listed,2024-03-19,695.0,Initial stock entry
3842,1252,price_reduced,2025-02-13,500.36,Seasonal markdown to 500.36E
3843,1252,rental_eligible,2025-03-19,695.0,Crossed 12-month threshold -- eligible for rental program
3844,1252,sold,2025-01-21,501.77,Final sale
3845,1253,listed,2022-08-17,455.0,Initial stock entry
3846,1253,price_reduced,2023-06-16,327.5,Seasonal markdown to 327.5E
3847,1253,rental_eligible,2023-08-17,455.0,Crossed 12-month threshold -- eligible for rental program
3848,1253,sold,2024-09-03,431.2,Final sale
3849,1254,listed,2022-10-20,420.0,Initial stock entry
3850,1254,rental_eligible,2023-10-20,420.0,Crossed 12-month threshold -- eligible for rental program
3851,1254,sold,2023-03-17,269.42,Final sale
3852,1255,listed,2022-11-09,60.0,Initial stock entry
3853,1255,price_reduced,2023-11-04,43.17,Seasonal markdown to 43.17E
3854,1255,rental_eligible,2023-11-09,60.0,Crossed 12-month threshold -- eligible for rental program
3855,1255,sold,2024-11-06,41.35,Final sale
3856,1256,listed,2024-11-01,855.0,Initial stock entry
3857,1256,sold,2025-03-19,784.56,Final sale
3858,1257,listed,2023-08-13,765.0,Initial stock entry
3859,1257,rental_eligible,2024-08-12,765.0,Crossed 12-month threshold -- eligible for rental program
3860,1257,sold,2024-07-18,732.71,Final sale
3861,1258,listed,2022-12-14,505.0,Initial stock entry
3862,1258,rental_eligible,2023-12-14,505.0,Crossed 12-month threshold -- eligible for rental program
3863,1258,sold,2023-01-17,314.47,Final sale
3864,1259,listed,2024-03-04,100.0,Initial stock entry
3865,1259,rental_eligible,2025-03-04,100.0,Crossed 12-month threshold -- eligible for rental program
3866,1259,sold,2025-01-12,91.14,Final sale
3867,1260,listed,2024-03-03,290.0,Initial stock entry
3868,1260,price_reduced,2024-09-22,209.92,Seasonal markdown to 209.92E
3869,1260,rental_eligible,2025-03-03,290.0,Crossed 12-month threshold -- eligible for rental program
3870,1260,sold,2024-12-31,219.45,Final sale
3871,1261,listed,2024-01-08,435.0,Initial stock entry
3872,1261,rental_eligible,2025-01-07,435.0,Crossed 12-month threshold -- eligible for rental program
3873,1261,sold,2024-07-18,266.01,Final sale
3874,1262,listed,2023-09-07,415.0,Initial stock entry
3875,1262,rental_eligible,2024-09-06,415.0,Crossed 12-month threshold -- eligible for rental program
3876,1262,sold,2023-12-22,372.53,Final sale
3877,1263,listed,2024-05-12,850.0,Initial stock entry
3878,1263,sold,2025-01-20,649.74,Final sale
3879,1264,listed,2023-02-26,160.0,Initial stock entry
3880,1264,rental_eligible,2024-02-26,160.0,Crossed 12-month threshold -- eligible for rental program
3881,1264,sold,2024-08-11,115.4,Final sale
3882,1265,listed,2023-03-14,595.0,Initial stock entry
3883,1265,rental_eligible,2024-03-13,595.0,Crossed 12-month threshold -- eligible for rental program
3884,1265,sold,2023-10-22,489.29,Final sale
3885,1266,listed,2023-11-23,220.0,Initial stock entry
3886,1266,price_reduced,2024-06-10,155.65,Seasonal markdown to 155.65E
3887,1266,rental_eligible,2024-11-22,220.0,Crossed 12-month threshold -- eligible for rental program
3888,1266,sold,2024-11-13,170.43,Final sale
3889,1267,listed,2022-12-19,530.0,Initial stock entry
3890,1267,rental_eligible,2023-12-19,530.0,Crossed 12-month threshold -- eligible for rental program
3891,1267,sold,2023-05-11,448.34,Final sale
3892,1268,listed,2022-09-25,260.0,Initial stock entry
3893,1268,price_reduced,2023-08-18,233.94,Seasonal markdown to 233.94E
3894,1268,rental_eligible,2023-09-25,260.0,Crossed 12-month threshold -- eligible for rental program
3895,1268,sold,2023-04-16,172.19,Final sale
3896,1269,listed,2022-04-19,830.0,Initial stock entry
3897,1269,price_reduced,2023-01-13,628.14,Seasonal markdown to 628.14E
3898,1269,rental_eligible,2023-04-19,830.0,Crossed 12-month threshold -- eligible for rental program
3899,1269,sold,2022-08-25,484.94,Final sale
3900,1270,listed,2023-10-09,580.0,Initial stock entry
3901,1270,price_reduced,2024-06-30,431.26,Seasonal markdown to 431.26E
3902,1270,rental_eligible,2024-10-08,580.0,Crossed 12-month threshold -- eligible for rental program
3903,1270,sold,2023-12-30,426.26,Final sale
3904,1271,listed,2022-11-08,815.0,Initial stock entry
3905,1271,rental_eligible,2023-11-08,815.0,Crossed 12-month threshold -- eligible for rental program
3906,1271,sold,2024-10-15,516.3,Final sale
3907,1272,listed,2023-05-26,635.0,Initial stock entry
3908,1272,price_reduced,2024-04-10,476.67,Seasonal markdown to 476.67E
3909,1272,rental_eligible,2024-05-25,635.0,Crossed 12-month threshold -- eligible for rental program
3910,1272,sold,2024-06-11,445.59,Final sale
3911,1273,listed,2022-02-10,455.0,Initial stock entry
3912,1273,rental_eligible,2023-02-10,455.0,Crossed 12-month threshold -- eligible for rental program
3913,1273,sold,2023-03-06,405.38,Final sale
3914,1274,listed,2023-11-27,340.0,Initial stock entry
3915,1274,rental_eligible,2024-11-26,340.0,Crossed 12-month threshold -- eligible for rental program
3916,1274,sold,2024-06-03,323.69,Final sale
3917,1275,listed,2023-10-19,865.0,Initial stock entry
3918,1275,price_reduced,2024-09-25,668.35,Seasonal markdown to 668.35E
3919,1275,rental_eligible,2024-10-18,865.0,Crossed 12-month threshold -- eligible for rental program
3920,1275,sold,2024-07-24,756.27,Final sale
3921,1276,listed,2023-07-28,210.0,Initial stock entry
3922,1276,price_reduced,2024-05-22,171.52,Seasonal markdown to 171.52E
3923,1276,rental_eligible,2024-07-27,210.0,Crossed 12-month threshold -- eligible for rental program
3924,1276,sold,2024-06-04,164.7,Final sale
3925,1277,listed,2023-11-23,895.0,Initial stock entry
3926,1277,rental_eligible,2024-11-22,895.0,Crossed 12-month threshold -- eligible for rental program
3927,1278,listed,2024-02-19,65.0,Initial stock entry
3928,1278,price_reduced,2024-11-24,53.36,Seasonal markdown to 53.36E
3929,1278,rental_eligible,2025-02-18,65.0,Crossed 12-month threshold -- eligible for rental program
3930,1278,sold,2024-12-04,52.43,Final sale
3931,1279,listed,2024-05-19,775.0,Initial stock entry
3932,1279,sold,2024-10-09,768.43,Final sale
3933,1280,listed,2024-07-10,275.0,Initial stock entry
3934,1280,price_reduced,2025-01-12,225.0,Seasonal markdown to 225.0E
3935,1280,sold,2025-01-16,237.97,Final sale
3936,1281,listed,2024-02-04,110.0,Initial stock entry
3937,1281,price_reduced,2024-11-25,84.65,Seasonal markdown to 84.65E
3938,1281,rental_eligible,2025-02-03,110.0,Crossed 12-month threshold -- eligible for rental program
3939,1281,sold,2025-02-07,105.89,Final sale
3940,1282,listed,2024-08-01,110.0,Initial stock entry
3941,1282,price_reduced,2025-02-20,94.12,Seasonal markdown to 94.12E
3942,1282,sold,2024-11-14,104.38,Final sale
3943,1283,listed,2022-07-07,125.0,Initial stock entry
3944,1283,rental_eligible,2023-07-07,125.0,Crossed 12-month threshold -- eligible for rental program
3945,1283,sold,2023-02-10,93.96,Final sale
3946,1284,listed,2023-02-09,455.0,Initial stock entry
3947,1284,rental_eligible,2024-02-09,455.0,Crossed 12-month threshold -- eligible for rental program
3948,1284,sold,2024-06-19,282.2,Final sale
3949,1285,listed,2023-02-09,115.0,Initial stock entry
3950,1285,rental_eligible,2024-02-09,115.0,Crossed 12-month threshold -- eligible for rental program
3951,1285,sold,2025-01-08,81.96,Final sale
3952,1286,listed,2023-04-12,690.0,Initial stock entry
3953,1286,price_reduced,2023-12-14,535.82,Seasonal markdown to 535.82E
3954,1286,rental_eligible,2024-04-11,690.0,Crossed 12-month threshold -- eligible for rental program
3955,1286,sold,2023-05-20,527.43,Final sale
3956,1287,listed,2022-01-15,675.0,Initial stock entry
3957,1287,rental_eligible,2023-01-15,675.0,Crossed 12-month threshold -- eligible for rental program
3958,1287,sold,2022-08-02,460.57,Final sale
3959,1288,listed,2022-05-04,815.0,Initial stock entry
3960,1288,rental_eligible,2023-05-04,815.0,Crossed 12-month threshold -- eligible for rental program
3961,1288,sold,2023-12-17,489.04,Final sale
3962,1289,listed,2022-05-15,640.0,Initial stock entry
3963,1289,price_reduced,2023-02-15,513.18,Seasonal markdown to 513.18E
3964,1289,rental_eligible,2023-05-15,640.0,Crossed 12-month threshold -- eligible for rental program
3965,1289,sold,2024-10-23,600.01,Final sale
3966,1290,listed,2023-01-25,315.0,Initial stock entry
3967,1290,price_reduced,2024-01-19,252.75,Seasonal markdown to 252.75E
3968,1290,rental_eligible,2024-01-25,315.0,Crossed 12-month threshold -- eligible for rental program
3969,1290,sold,2023-06-09,297.56,Final sale
3970,1291,listed,2024-08-09,445.0,Initial stock entry
3971,1291,price_reduced,2025-02-25,398.76,Seasonal markdown to 398.76E
3972,1291,sold,2024-12-22,326.69,Final sale
3973,1292,listed,2022-11-02,890.0,Initial stock entry
3974,1292,rental_eligible,2023-11-02,890.0,Crossed 12-month threshold -- eligible for rental program
3975,1292,sold,2024-10-20,598.41,Final sale
3976,1293,listed,2022-11-03,380.0,Initial stock entry
3977,1293,rental_eligible,2023-11-03,380.0,Crossed 12-month threshold -- eligible for rental program
3978,1293,sold,2025-01-18,226.15,Final sale
3979,1294,listed,2024-09-23,245.0,Initial stock entry
3980,1295,listed,2023-10-25,105.0,Initial stock entry
3981,1295,price_reduced,2024-05-28,73.66,Seasonal markdown to 73.66E
3982,1295,rental_eligible,2024-10-24,105.0,Crossed 12-month threshold -- eligible for rental program
3983,1295,sold,2024-06-19,65.71,Final sale
3984,1296,listed,2022-11-21,860.0,Initial stock entry
3985,1296,rental_eligible,2023-11-21,860.0,Crossed 12-month threshold -- eligible for rental program
3986,1296,sold,2023-04-13,520.1,Final sale
3987,1297,listed,2022-09-20,665.0,Initial stock entry
3988,1297,rental_eligible,2023-09-20,665.0,Crossed 12-month threshold -- eligible for rental program
3989,1297,sold,2024-08-25,414.03,Final sale
3990,1298,listed,2023-04-24,850.0,Initial stock entry
3991,1298,price_reduced,2024-03-10,620.17,Seasonal markdown to 620.17E
3992,1298,rental_eligible,2024-04-23,850.0,Crossed 12-month threshold -- eligible for rental program
3993,1298,sold,2023-11-19,680.2,Final sale
3994,1299,listed,2023-04-14,715.0,Initial stock entry
3995,1299,price_reduced,2024-02-25,540.21,Seasonal markdown to 540.21E
3996,1299,rental_eligible,2024-04-13,715.0,Crossed 12-month threshold -- eligible for rental program
3997,1299,sold,2024-04-12,671.99,Final sale
3998,1300,listed,2024-02-26,800.0,Initial stock entry
3999,1300,rental_eligible,2025-02-25,800.0,Crossed 12-month threshold -- eligible for rental program
4000,1300,sold,2024-09-26,799.97,Final sale
4001,1301,listed,2023-01-31,430.0,Initial stock entry
4002,1301,rental_eligible,2024-01-31,430.0,Crossed 12-month threshold -- eligible for rental program
4003,1301,sold,2023-12-31,242.68,Final sale
4004,1302,listed,2024-09-15,350.0,Initial stock entry
4005,1303,listed,2023-08-29,565.0,Initial stock entry
4006,1303,price_reduced,2024-03-05,477.57,Seasonal markdown to 477.57E
4007,1303,rental_eligible,2024-08-28,565.0,Crossed 12-month threshold -- eligible for rental program
4008,1303,sold,2024-06-28,425.77,Final sale
4009,1304,listed,2023-02-23,300.0,Initial stock entry
4010,1304,rental_eligible,2024-02-23,300.0,Crossed 12-month threshold -- eligible for rental program
4011,1304,sold,2023-11-13,215.36,Final sale
4012,1305,listed,2022-11-18,580.0,Initial stock entry
4013,1305,rental_eligible,2023-11-18,580.0,Crossed 12-month threshold -- eligible for rental program
4014,1305,sold,2024-12-08,349.14,Final sale
4015,1306,listed,2022-09-21,290.0,Initial stock entry
4016,1306,price_reduced,2023-09-06,204.72,Seasonal markdown to 204.72E
4017,1306,rental_eligible,2023-09-21,290.0,Crossed 12-month threshold -- eligible for rental program
4018,1306,sold,2025-03-12,282.91,Final sale
4019,1307,listed,2024-06-08,515.0,Initial stock entry
4020,1307,price_reduced,2025-01-14,460.12,Seasonal markdown to 460.12E
4021,1307,sold,2025-02-19,498.23,Final sale
4022,1308,listed,2024-11-13,80.0,Initial stock entry
4023,1308,sold,2025-01-03,71.58,Final sale
4024,1309,listed,2023-04-27,190.0,Initial stock entry
4025,1309,rental_eligible,2024-04-26,190.0,Crossed 12-month threshold -- eligible for rental program
4026,1309,sold,2023-10-08,183.46,Final sale
4027,1310,listed,2022-05-08,390.0,Initial stock entry
4028,1310,price_reduced,2023-02-23,295.56,Seasonal markdown to 295.56E
4029,1310,rental_eligible,2023-05-08,390.0,Crossed 12-month threshold -- eligible for rental program
4030,1310,sold,2024-06-12,382.37,Final sale
4031,1311,listed,2023-06-19,695.0,Initial stock entry
4032,1311,rental_eligible,2024-06-18,695.0,Crossed 12-month threshold -- eligible for rental program
4033,1311,sold,2023-08-29,569.52,Final sale
4034,1312,listed,2023-04-22,85.0,Initial stock entry
4035,1312,rental_eligible,2024-04-21,85.0,Crossed 12-month threshold -- eligible for rental program
4036,1312,sold,2024-01-23,47.87,Final sale
4037,1313,listed,2024-04-29,465.0,Initial stock entry
4038,1313,sold,2024-06-06,433.92,Final sale
4039,1314,listed,2022-06-15,55.0,Initial stock entry
4040,1314,price_reduced,2023-02-26,39.63,Seasonal markdown to 39.63E
4041,1314,rental_eligible,2023-06-15,55.0,Crossed 12-month threshold -- eligible for rental program
4042,1314,sold,2023-05-05,52.77,Final sale
4043,1315,listed,2023-07-31,825.0,Initial stock entry
4044,1315,rental_eligible,2024-07-30,825.0,Crossed 12-month threshold -- eligible for rental program
4045,1315,sold,2024-08-01,543.81,Final sale
4046,1316,listed,2023-06-18,215.0,Initial stock entry
4047,1316,price_reduced,2024-03-09,187.98,Seasonal markdown to 187.98E
4048,1316,rental_eligible,2024-06-17,215.0,Crossed 12-month threshold -- eligible for rental program
4049,1316,sold,2023-11-24,194.36,Final sale
4050,1317,listed,2024-03-04,145.0,Initial stock entry
4051,1317,rental_eligible,2025-03-04,145.0,Crossed 12-month threshold -- eligible for rental program
4052,1317,sold,2024-05-21,140.42,Final sale
4053,1318,listed,2023-04-16,445.0,Initial stock entry
4054,1318,price_reduced,2024-02-10,360.95,Seasonal markdown to 360.95E
4055,1318,rental_eligible,2024-04-15,445.0,Crossed 12-month threshold -- eligible for rental program
4056,1318,sold,2024-08-23,302.39,Final sale
4057,1319,listed,2024-03-06,225.0,Initial stock entry
4058,1319,rental_eligible,2025-03-06,225.0,Crossed 12-month threshold -- eligible for rental program
4059,1319,sold,2024-06-09,179.5,Final sale
4060,1320,listed,2023-05-24,725.0,Initial stock entry
4061,1320,price_reduced,2024-05-02,581.44,Seasonal markdown to 581.44E
4062,1320,rental_eligible,2024-05-23,725.0,Crossed 12-month threshold -- eligible for rental program
4063,1320,sold,2025-01-11,700.97,Final sale
4064,1321,listed,2022-11-23,425.0,Initial stock entry
4065,1321,price_reduced,2023-08-28,316.37,Seasonal markdown to 316.37E
4066,1321,rental_eligible,2023-11-23,425.0,Crossed 12-month threshold -- eligible for rental program
4067,1321,sold,2023-12-10,328.94,Final sale
4068,1322,listed,2023-09-02,605.0,Initial stock entry
4069,1322,rental_eligible,2024-09-01,605.0,Crossed 12-month threshold -- eligible for rental program
4070,1322,sold,2023-10-27,516.16,Final sale
4071,1323,listed,2022-08-19,195.0,Initial stock entry
4072,1323,price_reduced,2023-07-07,159.32,Seasonal markdown to 159.32E
4073,1323,rental_eligible,2023-08-19,195.0,Crossed 12-month threshold -- eligible for rental program
4074,1323,sold,2023-01-14,165.83,Final sale
4075,1324,listed,2022-11-10,105.0,Initial stock entry
4076,1324,price_reduced,2023-10-25,86.53,Seasonal markdown to 86.53E
4077,1324,rental_eligible,2023-11-10,105.0,Crossed 12-month threshold -- eligible for rental program
4078,1324,sold,2024-12-14,78.76,Final sale
4079,1325,listed,2022-01-28,400.0,Initial stock entry
4080,1325,rental_eligible,2023-01-28,400.0,Crossed 12-month threshold -- eligible for rental program
4081,1325,sold,2023-07-02,367.96,Final sale
4082,1326,listed,2023-01-21,620.0,Initial stock entry
4083,1326,rental_eligible,2024-01-21,620.0,Crossed 12-month threshold -- eligible for rental program
4084,1326,sold,2024-10-01,344.83,Final sale
4085,1327,listed,2022-04-07,655.0,Initial stock entry
4086,1327,rental_eligible,2023-04-07,655.0,Crossed 12-month threshold -- eligible for rental program
4087,1327,sold,2024-02-27,642.57,Final sale
4088,1328,listed,2024-01-31,610.0,Initial stock entry
4089,1328,rental_eligible,2025-01-30,610.0,Crossed 12-month threshold -- eligible for rental program
4090,1328,sold,2024-09-07,498.1,Final sale
4091,1329,listed,2023-12-13,445.0,Initial stock entry
4092,1329,price_reduced,2024-06-15,359.98,Seasonal markdown to 359.98E
4093,1329,rental_eligible,2024-12-12,445.0,Crossed 12-month threshold -- eligible for rental program
4094,1329,sold,2024-06-02,282.11,Final sale
4095,1330,listed,2022-10-09,265.0,Initial stock entry
4096,1330,rental_eligible,2023-10-09,265.0,Crossed 12-month threshold -- eligible for rental program
4097,1330,sold,2022-11-08,245.22,Final sale
4098,1331,listed,2022-11-23,560.0,Initial stock entry
4099,1331,rental_eligible,2023-11-23,560.0,Crossed 12-month threshold -- eligible for rental program
4100,1331,sold,2024-03-07,450.74,Final sale
4101,1332,listed,2022-08-01,85.0,Initial stock entry
4102,1332,price_reduced,2023-04-14,65.61,Seasonal markdown to 65.61E
4103,1332,rental_eligible,2023-08-01,85.0,Crossed 12-month threshold -- eligible for rental program
4104,1332,sold,2023-02-03,66.63,Final sale
4105,1333,listed,2024-02-04,670.0,Initial stock entry
4106,1333,rental_eligible,2025-02-03,670.0,Crossed 12-month threshold -- eligible for rental program
4107,1333,sold,2024-10-10,372.95,Final sale
4108,1334,listed,2024-07-18,595.0,Initial stock entry
4109,1334,price_reduced,2025-01-17,462.73,Seasonal markdown to 462.73E
4110,1335,listed,2024-04-11,255.0,Initial stock entry
4111,1335,sold,2024-09-11,167.05,Final sale
4112,1336,listed,2023-01-16,150.0,Initial stock entry
4113,1336,rental_eligible,2024-01-16,150.0,Crossed 12-month threshold -- eligible for rental program
4114,1336,sold,2024-03-01,112.47,Final sale
4115,1337,listed,2023-09-07,640.0,Initial stock entry
4116,1337,price_reduced,2024-06-15,488.75,Seasonal markdown to 488.75E
4117,1337,rental_eligible,2024-09-06,640.0,Crossed 12-month threshold -- eligible for rental program
4118,1337,sold,2025-01-03,471.34,Final sale
4119,1338,listed,2022-03-06,625.0,Initial stock entry
4120,1338,rental_eligible,2023-03-06,625.0,Crossed 12-month threshold -- eligible for rental program
4121,1338,sold,2024-08-08,530.47,Final sale
4122,1339,listed,2023-12-20,635.0,Initial stock entry
4123,1339,price_reduced,2024-11-14,558.66,Seasonal markdown to 558.66E
4124,1339,rental_eligible,2024-12-19,635.0,Crossed 12-month threshold -- eligible for rental program
4125,1339,sold,2024-02-17,389.26,Final sale
4126,1340,listed,2023-05-18,125.0,Initial stock entry
4127,1340,price_reduced,2023-11-19,100.3,Seasonal markdown to 100.3E
4128,1340,rental_eligible,2024-05-17,125.0,Crossed 12-month threshold -- eligible for rental program
4129,1340,sold,2024-01-02,95.69,Final sale
4130,1341,listed,2024-07-13,520.0,Initial stock entry
4131,1341,price_reduced,2025-02-17,380.72,Seasonal markdown to 380.72E
4132,1341,sold,2025-01-15,484.64,Final sale
4133,1342,listed,2024-08-06,475.0,Initial stock entry
4134,1342,price_reduced,2025-02-21,376.18,Seasonal markdown to 376.18E
4135,1342,sold,2025-01-10,445.01,Final sale
4136,1343,listed,2024-07-14,465.0,Initial stock entry
4137,1343,price_reduced,2025-03-02,407.01,Seasonal markdown to 407.01E
4138,1343,sold,2024-08-15,366.97,Final sale
4139,1344,listed,2023-05-26,460.0,Initial stock entry
4140,1344,rental_eligible,2024-05-25,460.0,Crossed 12-month threshold -- eligible for rental program
4141,1344,sold,2024-02-26,407.0,Final sale
4142,1345,listed,2024-10-07,785.0,Initial stock entry
4143,1346,listed,2024-06-16,525.0,Initial stock entry
4144,1346,sold,2024-10-13,338.97,Final sale
4145,1347,listed,2024-06-12,80.0,Initial stock entry
4146,1347,sold,2024-07-28,53.86,Final sale
4147,1348,listed,2023-05-14,480.0,Initial stock entry
4148,1348,rental_eligible,2024-05-13,480.0,Crossed 12-month threshold -- eligible for rental program
4149,1348,sold,2023-10-20,330.49,Final sale
4150,1349,listed,2024-09-05,525.0,Initial stock entry
4151,1349,sold,2024-12-31,347.01,Final sale
4152,1350,listed,2022-09-30,175.0,Initial stock entry
4153,1350,rental_eligible,2023-09-30,175.0,Crossed 12-month threshold -- eligible for rental program
4154,1350,sold,2024-07-05,104.76,Final sale
4155,1351,listed,2023-09-14,500.0,Initial stock entry
4156,1351,rental_eligible,2024-09-13,500.0,Crossed 12-month threshold -- eligible for rental program
4157,1351,sold,2024-08-31,378.17,Final sale
4158,1352,listed,2022-12-20,230.0,Initial stock entry
4159,1352,rental_eligible,2023-12-20,230.0,Crossed 12-month threshold -- eligible for rental program
4160,1352,sold,2024-09-08,222.57,Final sale
4161,1353,listed,2022-05-29,455.0,Initial stock entry
4162,1353,price_reduced,2023-04-01,369.74,Seasonal markdown to 369.74E
4163,1353,rental_eligible,2023-05-29,455.0,Crossed 12-month threshold -- eligible for rental program
4164,1353,sold,2023-07-20,253.31,Final sale
4165,1354,listed,2022-03-29,690.0,Initial stock entry
4166,1354,price_reduced,2022-12-28,545.4,Seasonal markdown to 545.4E
4167,1354,rental_eligible,2023-03-29,690.0,Crossed 12-month threshold -- eligible for rental program
4168,1354,sold,2023-08-30,688.99,Final sale
4169,1355,listed,2022-09-18,685.0,Initial stock entry
4170,1355,price_reduced,2023-09-01,499.28,Seasonal markdown to 499.28E
4171,1355,rental_eligible,2023-09-18,685.0,Crossed 12-month threshold -- eligible for rental program
4172,1355,sold,2025-01-08,480.92,Final sale
4173,1356,listed,2022-03-05,415.0,Initial stock entry
4174,1356,rental_eligible,2023-03-05,415.0,Crossed 12-month threshold -- eligible for rental program
4175,1356,sold,2024-04-07,262.1,Final sale
4176,1357,listed,2023-12-01,445.0,Initial stock entry
4177,1357,price_reduced,2024-06-19,340.17,Seasonal markdown to 340.17E
4178,1357,rental_eligible,2024-11-30,445.0,Crossed 12-month threshold -- eligible for rental program
4179,1357,sold,2024-10-01,429.3,Final sale
4180,1358,listed,2022-10-09,560.0,Initial stock entry
4181,1358,price_reduced,2023-07-15,417.35,Seasonal markdown to 417.35E
4182,1358,rental_eligible,2023-10-09,560.0,Crossed 12-month threshold -- eligible for rental program
4183,1358,sold,2023-08-21,313.1,Final sale
4184,1359,listed,2023-07-04,265.0,Initial stock entry
4185,1359,rental_eligible,2024-07-03,265.0,Crossed 12-month threshold -- eligible for rental program
4186,1359,sold,2024-10-21,192.53,Final sale
4187,1360,listed,2023-01-28,875.0,Initial stock entry
4188,1360,rental_eligible,2024-01-28,875.0,Crossed 12-month threshold -- eligible for rental program
4189,1360,sold,2025-02-02,724.29,Final sale
4190,1361,listed,2024-01-11,210.0,Initial stock entry
4191,1361,price_reduced,2024-08-18,151.17,Seasonal markdown to 151.17E
4192,1361,rental_eligible,2025-01-10,210.0,Crossed 12-month threshold -- eligible for rental program
4193,1361,sold,2024-07-10,205.4,Final sale
4194,1362,listed,2023-11-22,555.0,Initial stock entry
4195,1362,rental_eligible,2024-11-21,555.0,Crossed 12-month threshold -- eligible for rental program
4196,1362,sold,2025-02-18,337.97,Final sale
4197,1363,listed,2022-10-27,505.0,Initial stock entry
4198,1363,price_reduced,2023-08-07,400.37,Seasonal markdown to 400.37E
4199,1363,rental_eligible,2023-10-27,505.0,Crossed 12-month threshold -- eligible for rental program
4200,1363,sold,2025-01-21,317.94,Final sale
4201,1364,listed,2023-06-06,210.0,Initial stock entry
4202,1364,price_reduced,2024-05-26,157.11,Seasonal markdown to 157.11E
4203,1364,rental_eligible,2024-06-05,210.0,Crossed 12-month threshold -- eligible for rental program
4204,1364,sold,2024-01-02,200.54,Final sale
4205,1365,listed,2024-09-29,585.0,Initial stock entry
4206,1366,listed,2022-04-22,355.0,Initial stock entry
4207,1366,price_reduced,2022-12-11,282.21,Seasonal markdown to 282.21E
4208,1366,rental_eligible,2023-04-22,355.0,Crossed 12-month threshold -- eligible for rental program
4209,1366,sold,2022-06-01,258.55,Final sale
4210,1367,listed,2022-05-03,85.0,Initial stock entry
4211,1367,rental_eligible,2023-05-03,85.0,Crossed 12-month threshold -- eligible for rental program
4212,1367,sold,2024-05-28,75.5,Final sale
4213,1368,listed,2023-07-01,575.0,Initial stock entry
4214,1368,rental_eligible,2024-06-30,575.0,Crossed 12-month threshold -- eligible for rental program
4215,1368,sold,2023-12-02,533.34,Final sale
4216,1369,listed,2022-02-05,510.0,Initial stock entry
4217,1369,rental_eligible,2023-02-05,510.0,Crossed 12-month threshold -- eligible for rental program
4218,1369,sold,2024-12-25,290.86,Final sale
4219,1370,listed,2022-12-06,255.0,Initial stock entry
4220,1370,rental_eligible,2023-12-06,255.0,Crossed 12-month threshold -- eligible for rental program
4221,1370,sold,2024-01-06,141.12,Final sale
4222,1371,listed,2024-07-02,770.0,Initial stock entry
4223,1371,price_reduced,2025-02-20,553.66,Seasonal markdown to 553.66E
4224,1371,sold,2024-12-28,440.39,Final sale
4225,1372,listed,2024-02-18,770.0,Initial stock entry
4226,1372,rental_eligible,2025-02-17,770.0,Crossed 12-month threshold -- eligible for rental program
4227,1373,listed,2024-06-24,570.0,Initial stock entry
4228,1373,sold,2024-11-09,409.35,Final sale
4229,1374,listed,2024-04-09,315.0,Initial stock entry
4230,1374,price_reduced,2025-02-07,225.84,Seasonal markdown to 225.84E
4231,1374,sold,2024-06-09,173.54,Final sale
4232,1375,listed,2022-02-14,435.0,Initial stock entry
4233,1375,rental_eligible,2023-02-14,435.0,Crossed 12-month threshold -- eligible for rental program
4234,1375,sold,2023-03-27,377.98,Final sale
4235,1376,listed,2023-06-07,125.0,Initial stock entry
4236,1376,rental_eligible,2024-06-06,125.0,Crossed 12-month threshold -- eligible for rental program
4237,1376,sold,2024-09-19,74.34,Final sale
4238,1377,listed,2023-02-05,595.0,Initial stock entry
4239,1377,price_reduced,2023-10-30,461.31,Seasonal markdown to 461.31E
4240,1377,rental_eligible,2024-02-05,595.0,Crossed 12-month threshold -- eligible for rental program
4241,1377,sold,2025-03-11,508.52,Final sale
4242,1378,listed,2022-06-12,90.0,Initial stock entry
4243,1378,rental_eligible,2023-06-12,90.0,Crossed 12-month threshold -- eligible for rental program
4244,1378,sold,2022-09-15,70.32,Final sale
4245,1379,listed,2022-12-08,395.0,Initial stock entry
4246,1379,price_reduced,2023-11-06,300.92,Seasonal markdown to 300.92E
4247,1379,rental_eligible,2023-12-08,395.0,Crossed 12-month threshold -- eligible for rental program
4248,1379,sold,2025-01-20,297.15,Final sale
4249,1380,listed,2022-12-10,850.0,Initial stock entry
4250,1380,rental_eligible,2023-12-10,850.0,Crossed 12-month threshold -- eligible for rental program
4251,1380,sold,2023-06-04,554.29,Final sale
4252,1381,listed,2024-08-05,155.0,Initial stock entry
4253,1381,price_reduced,2025-02-23,131.04,Seasonal markdown to 131.04E
4254,1381,sold,2024-10-29,94.79,Final sale
4255,1382,listed,2022-12-18,325.0,Initial stock entry
4256,1382,price_reduced,2023-09-22,269.81,Seasonal markdown to 269.81E
4257,1382,rental_eligible,2023-12-18,325.0,Crossed 12-month threshold -- eligible for rental program
4258,1382,sold,2024-05-10,246.83,Final sale
4259,1383,listed,2022-09-28,450.0,Initial stock entry
4260,1383,rental_eligible,2023-09-28,450.0,Crossed 12-month threshold -- eligible for rental program
4261,1383,sold,2024-12-22,262.78,Final sale
4262,1384,listed,2022-11-28,655.0,Initial stock entry
4263,1384,price_reduced,2023-08-09,516.28,Seasonal markdown to 516.28E
4264,1384,rental_eligible,2023-11-28,655.0,Crossed 12-month threshold -- eligible for rental program
4265,1384,sold,2023-10-18,607.21,Final sale
4266,1385,listed,2024-03-19,730.0,Initial stock entry
4267,1385,rental_eligible,2025-03-19,730.0,Crossed 12-month threshold -- eligible for rental program
4268,1385,sold,2024-06-17,603.51,Final sale
4269,1386,listed,2024-10-20,190.0,Initial stock entry
4270,1386,sold,2025-02-17,121.24,Final sale
4271,1387,listed,2024-02-05,370.0,Initial stock entry
4272,1387,rental_eligible,2025-02-04,370.0,Crossed 12-month threshold -- eligible for rental program
4273,1387,sold,2024-04-28,356.68,Final sale
4274,1388,listed,2022-10-14,720.0,Initial stock entry
4275,1388,rental_eligible,2023-10-14,720.0,Crossed 12-month threshold -- eligible for rental program
4276,1388,sold,2024-04-06,534.64,Final sale
4277,1389,listed,2024-08-10,390.0,Initial stock entry
4278,1389,sold,2024-12-27,274.17,Final sale
4279,1390,listed,2023-12-19,365.0,Initial stock entry
4280,1390,price_reduced,2024-12-01,289.88,Seasonal markdown to 289.88E
4281,1390,rental_eligible,2024-12-18,365.0,Crossed 12-month threshold -- eligible for rental program
4282,1390,sold,2025-02-09,269.42,Final sale
4283,1391,listed,2024-09-08,845.0,Initial stock entry
4284,1391,sold,2024-11-09,474.83,Final sale
4285,1392,listed,2022-02-20,280.0,Initial stock entry
4286,1392,rental_eligible,2023-02-20,280.0,Crossed 12-month threshold -- eligible for rental program
4287,1392,sold,2022-09-15,257.49,Final sale
4288,1393,listed,2023-10-31,345.0,Initial stock entry
4289,1393,rental_eligible,2024-10-30,345.0,Crossed 12-month threshold -- eligible for rental program
4290,1394,listed,2022-11-11,480.0,Initial stock entry
4291,1394,rental_eligible,2023-11-11,480.0,Crossed 12-month threshold -- eligible for rental program
4292,1394,sold,2023-02-05,351.86,Final sale
4293,1395,listed,2024-03-18,375.0,Initial stock entry
4294,1395,price_reduced,2025-02-20,266.99,Seasonal markdown to 266.99E
4295,1395,rental_eligible,2025-03-18,375.0,Crossed 12-month threshold -- eligible for rental program
4296,1395,sold,2024-06-23,247.75,Final sale
4297,1396,listed,2022-11-07,405.0,Initial stock entry
4298,1396,rental_eligible,2023-11-07,405.0,Crossed 12-month threshold -- eligible for rental program
4299,1396,sold,2024-01-11,309.95,Final sale
4300,1397,listed,2023-03-25,720.0,Initial stock entry
4301,1397,rental_eligible,2024-03-24,720.0,Crossed 12-month threshold -- eligible for rental program
4302,1397,sold,2024-07-19,403.79,Final sale
4303,1398,listed,2023-06-13,860.0,Initial stock entry
4304,1398,rental_eligible,2024-06-12,860.0,Crossed 12-month threshold -- eligible for rental program
4305,1398,sold,2024-11-13,717.82,Final sale
4306,1399,listed,2023-05-18,630.0,Initial stock entry
4307,1399,price_reduced,2024-01-15,458.07,Seasonal markdown to 458.07E
4308,1399,rental_eligible,2024-05-17,630.0,Crossed 12-month threshold -- eligible for rental program
4309,1399,sold,2024-01-06,540.4,Final sale
4310,1400,listed,2023-09-08,95.0,Initial stock entry
4311,1400,price_reduced,2024-06-05,77.63,Seasonal markdown to 77.63E
4312,1400,rental_eligible,2024-09-07,95.0,Crossed 12-month threshold -- eligible for rental program
4313,1400,sold,2023-12-20,89.4,Final sale
4314,1401,listed,2024-11-01,640.0,Initial stock entry
4315,1401,sold,2025-01-18,587.8,Final sale
4316,1402,listed,2022-05-16,580.0,Initial stock entry
4317,1402,rental_eligible,2023-05-16,580.0,Crossed 12-month threshold -- eligible for rental program
4318,1402,sold,2024-01-18,487.9,Final sale
4319,1403,listed,2022-08-31,845.0,Initial stock entry
4320,1403,price_reduced,2023-04-24,745.56,Seasonal markdown to 745.56E
4321,1403,rental_eligible,2023-08-31,845.0,Crossed 12-month threshold -- eligible for rental program
4322,1403,sold,2022-12-24,496.36,Final sale
4323,1404,listed,2022-12-04,255.0,Initial stock entry
4324,1404,rental_eligible,2023-12-04,255.0,Crossed 12-month threshold -- eligible for rental program
4325,1404,sold,2024-09-14,176.0,Final sale
4326,1405,listed,2024-05-27,175.0,Initial stock entry
4327,1405,price_reduced,2024-11-26,155.36,Seasonal markdown to 155.36E
4328,1405,sold,2024-10-29,131.97,Final sale
4329,1406,listed,2024-01-22,885.0,Initial stock entry
4330,1406,price_reduced,2024-09-20,720.35,Seasonal markdown to 720.35E
4331,1406,rental_eligible,2025-01-21,885.0,Crossed 12-month threshold -- eligible for rental program
4332,1406,sold,2024-11-22,711.6,Final sale
4333,1407,listed,2022-06-18,135.0,Initial stock entry
4334,1407,rental_eligible,2023-06-18,135.0,Crossed 12-month threshold -- eligible for rental program
4335,1407,sold,2024-12-28,89.03,Final sale
4336,1408,listed,2022-05-27,555.0,Initial stock entry
4337,1408,rental_eligible,2023-05-27,555.0,Crossed 12-month threshold -- eligible for rental program
4338,1408,sold,2023-01-24,341.01,Final sale
4339,1409,listed,2023-08-05,565.0,Initial stock entry
4340,1409,rental_eligible,2024-08-04,565.0,Crossed 12-month threshold -- eligible for rental program
4341,1409,sold,2025-01-30,527.23,Final sale
4342,1410,listed,2024-04-01,300.0,Initial stock entry
4343,1410,price_reduced,2024-11-20,217.61,Seasonal markdown to 217.61E
4344,1410,rental_eligible,2025-04-01,300.0,Crossed 12-month threshold -- eligible for rental program
4345,1410,sold,2025-01-01,266.92,Final sale
4346,1411,listed,2022-05-01,80.0,Initial stock entry
4347,1411,rental_eligible,2023-05-01,80.0,Crossed 12-month threshold -- eligible for rental program
4348,1411,sold,2023-11-10,47.72,Final sale
4349,1412,listed,2023-05-05,635.0,Initial stock entry
4350,1412,rental_eligible,2024-05-04,635.0,Crossed 12-month threshold -- eligible for rental program
4351,1412,sold,2023-12-27,578.26,Final sale
4352,1413,listed,2023-01-28,180.0,Initial stock entry
4353,1413,rental_eligible,2024-01-28,180.0,Crossed 12-month threshold -- eligible for rental program
4354,1413,sold,2024-02-12,145.18,Final sale
4355,1414,listed,2023-10-25,715.0,Initial stock entry
4356,1414,rental_eligible,2024-10-24,715.0,Crossed 12-month threshold -- eligible for rental program
4357,1415,listed,2023-11-17,130.0,Initial stock entry
4358,1415,price_reduced,2024-07-07,114.9,Seasonal markdown to 114.9E
4359,1415,rental_eligible,2024-11-16,130.0,Crossed 12-month threshold -- eligible for rental program
4360,1415,sold,2024-02-26,73.91,Final sale
4361,1416,listed,2022-01-19,80.0,Initial stock entry
4362,1416,price_reduced,2022-09-26,66.68,Seasonal markdown to 66.68E
4363,1416,rental_eligible,2023-01-19,80.0,Crossed 12-month threshold -- eligible for rental program
4364,1416,sold,2022-04-21,73.32,Final sale
4365,1417,listed,2022-10-30,220.0,Initial stock entry
4366,1417,rental_eligible,2023-10-30,220.0,Crossed 12-month threshold -- eligible for rental program
4367,1417,sold,2023-05-15,190.33,Final sale
4368,1418,listed,2022-03-22,215.0,Initial stock entry
4369,1418,price_reduced,2022-11-04,169.04,Seasonal markdown to 169.04E
4370,1418,rental_eligible,2023-03-22,215.0,Crossed 12-month threshold -- eligible for rental program
4371,1418,sold,2023-07-16,202.57,Final sale
4372,1419,listed,2022-05-09,395.0,Initial stock entry
4373,1419,price_reduced,2022-12-11,315.04,Seasonal markdown to 315.04E
4374,1419,rental_eligible,2023-05-09,395.0,Crossed 12-month threshold -- eligible for rental program
4375,1419,sold,2024-01-01,273.41,Final sale
4376,1420,listed,2022-03-21,275.0,Initial stock entry
4377,1420,price_reduced,2022-11-19,219.4,Seasonal markdown to 219.4E
4378,1420,rental_eligible,2023-03-21,275.0,Crossed 12-month threshold -- eligible for rental program
4379,1420,sold,2024-05-07,234.49,Final sale
4380,1421,listed,2024-07-09,860.0,Initial stock entry
4381,1421,price_reduced,2025-02-22,668.38,Seasonal markdown to 668.38E
4382,1421,sold,2024-12-06,851.26,Final sale
4383,1422,listed,2023-09-20,65.0,Initial stock entry
4384,1422,price_reduced,2024-07-08,52.15,Seasonal markdown to 52.15E
4385,1422,rental_eligible,2024-09-19,65.0,Crossed 12-month threshold -- eligible for rental program
4386,1422,sold,2024-12-29,40.42,Final sale
4387,1423,listed,2024-03-07,775.0,Initial stock entry
4388,1423,price_reduced,2025-01-28,587.14,Seasonal markdown to 587.14E
4389,1423,rental_eligible,2025-03-07,775.0,Crossed 12-month threshold -- eligible for rental program
4390,1423,sold,2024-10-11,715.87,Final sale
4391,1424,listed,2024-09-09,600.0,Initial stock entry
4392,1424,sold,2024-10-14,412.84,Final sale
4393,1425,listed,2023-02-22,820.0,Initial stock entry
4394,1425,rental_eligible,2024-02-22,820.0,Crossed 12-month threshold -- eligible for rental program
4395,1425,sold,2024-02-09,453.15,Final sale
4396,1426,listed,2022-09-06,885.0,Initial stock entry
4397,1426,rental_eligible,2023-09-06,885.0,Crossed 12-month threshold -- eligible for rental program
4398,1426,sold,2023-02-15,873.33,Final sale
4399,1427,listed,2024-08-10,475.0,Initial stock entry
4400,1428,listed,2023-01-23,380.0,Initial stock entry
4401,1428,price_reduced,2023-10-15,331.26,Seasonal markdown to 331.26E
4402,1428,rental_eligible,2024-01-23,380.0,Crossed 12-month threshold -- eligible for rental program
4403,1428,sold,2023-07-18,348.95,Final sale
4404,1429,listed,2023-02-02,495.0,Initial stock entry
4405,1429,price_reduced,2023-11-16,422.33,Seasonal markdown to 422.33E
4406,1429,rental_eligible,2024-02-02,495.0,Crossed 12-month threshold -- eligible for rental program
4407,1429,sold,2024-06-04,467.34,Final sale
4408,1430,listed,2023-01-25,230.0,Initial stock entry
4409,1430,rental_eligible,2024-01-25,230.0,Crossed 12-month threshold -- eligible for rental program
4410,1430,sold,2023-08-26,188.32,Final sale
4411,1431,listed,2024-01-26,380.0,Initial stock entry
4412,1431,price_reduced,2024-10-13,319.36,Seasonal markdown to 319.36E
4413,1431,rental_eligible,2025-01-25,380.0,Crossed 12-month threshold -- eligible for rental program
4414,1431,sold,2025-01-04,284.39,Final sale
4415,1432,listed,2022-01-16,400.0,Initial stock entry
4416,1432,rental_eligible,2023-01-16,400.0,Crossed 12-month threshold -- eligible for rental program
4417,1432,sold,2023-07-27,343.27,Final sale
4418,1433,listed,2023-11-29,895.0,Initial stock entry
4419,1433,price_reduced,2024-07-01,639.56,Seasonal markdown to 639.56E
4420,1433,rental_eligible,2024-11-28,895.0,Crossed 12-month threshold -- eligible for rental program
4421,1433,sold,2024-10-18,536.65,Final sale
4422,1434,listed,2022-08-07,80.0,Initial stock entry
4423,1434,rental_eligible,2023-08-07,80.0,Crossed 12-month threshold -- eligible for rental program
4424,1434,sold,2024-11-15,67.64,Final sale
4425,1435,listed,2024-01-16,885.0,Initial stock entry
4426,1435,rental_eligible,2025-01-15,885.0,Crossed 12-month threshold -- eligible for rental program
4427,1435,sold,2024-05-20,545.43,Final sale
4428,1436,listed,2022-07-10,205.0,Initial stock entry
4429,1436,price_reduced,2023-05-12,162.42,Seasonal markdown to 162.42E
4430,1436,rental_eligible,2023-07-10,205.0,Crossed 12-month threshold -- eligible for rental program
4431,1436,sold,2025-01-02,176.36,Final sale
4432,1437,listed,2023-03-11,205.0,Initial stock entry
4433,1437,rental_eligible,2024-03-10,205.0,Crossed 12-month threshold -- eligible for rental program
4434,1437,sold,2025-02-22,180.09,Final sale
4435,1438,listed,2023-09-01,845.0,Initial stock entry
4436,1438,price_reduced,2024-05-26,755.85,Seasonal markdown to 755.85E
4437,1438,rental_eligible,2024-08-31,845.0,Crossed 12-month threshold -- eligible for rental program
4438,1438,sold,2025-01-17,790.99,Final sale
4439,1439,listed,2022-04-17,280.0,Initial stock entry
4440,1439,price_reduced,2022-11-12,244.39,Seasonal markdown to 244.39E
4441,1439,rental_eligible,2023-04-17,280.0,Crossed 12-month threshold -- eligible for rental program
4442,1439,sold,2024-01-03,241.96,Final sale
4443,1440,listed,2022-08-07,395.0,Initial stock entry
4444,1440,price_reduced,2023-02-09,292.59,Seasonal markdown to 292.59E
4445,1440,rental_eligible,2023-08-07,395.0,Crossed 12-month threshold -- eligible for rental program
4446,1440,sold,2024-07-02,325.85,Final sale
4447,1441,listed,2022-08-01,645.0,Initial stock entry
4448,1441,price_reduced,2023-04-12,509.91,Seasonal markdown to 509.91E
4449,1441,rental_eligible,2023-08-01,645.0,Crossed 12-month threshold -- eligible for rental program
4450,1441,sold,2024-07-27,598.81,Final sale
4451,1442,listed,2023-07-14,630.0,Initial stock entry
4452,1442,rental_eligible,2024-07-13,630.0,Crossed 12-month threshold -- eligible for rental program
4453,1442,sold,2024-01-07,565.98,Final sale
4454,1443,listed,2023-01-30,615.0,Initial stock entry
4455,1443,price_reduced,2024-01-10,520.43,Seasonal markdown to 520.43E
4456,1443,rental_eligible,2024-01-30,615.0,Crossed 12-month threshold -- eligible for rental program
4457,1443,sold,2023-08-07,530.15,Final sale
4458,1444,listed,2022-09-13,775.0,Initial stock entry
4459,1444,rental_eligible,2023-09-13,775.0,Crossed 12-month threshold -- eligible for rental program
4460,1444,sold,2024-09-27,671.48,Final sale
4461,1445,listed,2022-09-20,685.0,Initial stock entry
4462,1445,price_reduced,2023-06-28,546.39,Seasonal markdown to 546.39E
4463,1445,rental_eligible,2023-09-20,685.0,Crossed 12-month threshold -- eligible for rental program
4464,1445,sold,2024-12-12,601.72,Final sale
4465,1446,listed,2024-03-19,670.0,Initial stock entry
4466,1446,price_reduced,2024-11-04,523.54,Seasonal markdown to 523.54E
4467,1446,rental_eligible,2025-03-19,670.0,Crossed 12-month threshold -- eligible for rental program
4468,1446,sold,2024-08-08,570.78,Final sale
4469,1447,listed,2023-02-27,140.0,Initial stock entry
4470,1447,rental_eligible,2024-02-27,140.0,Crossed 12-month threshold -- eligible for rental program
4471,1447,sold,2024-09-11,103.86,Final sale
4472,1448,listed,2024-06-27,625.0,Initial stock entry
4473,1448,price_reduced,2025-01-01,561.05,Seasonal markdown to 561.05E
4474,1448,sold,2025-03-10,567.0,Final sale
4475,1449,listed,2024-06-14,855.0,Initial stock entry
4476,1449,price_reduced,2024-12-17,750.92,Seasonal markdown to 750.92E
4477,1450,listed,2024-04-26,295.0,Initial stock entry
4478,1450,sold,2025-02-15,201.04,Final sale
4479,1451,listed,2024-07-19,105.0,Initial stock entry
4480,1451,sold,2024-09-19,76.07,Final sale
4481,1452,listed,2024-06-16,455.0,Initial stock entry
4482,1452,price_reduced,2025-02-20,337.02,Seasonal markdown to 337.02E
4483,1453,listed,2024-01-30,140.0,Initial stock entry
4484,1453,rental_eligible,2025-01-29,140.0,Crossed 12-month threshold -- eligible for rental program
4485,1453,sold,2024-06-16,103.64,Final sale
4486,1454,listed,2022-08-08,865.0,Initial stock entry
4487,1454,rental_eligible,2023-08-08,865.0,Crossed 12-month threshold -- eligible for rental program
4488,1454,sold,2024-04-19,624.06,Final sale
4489,1455,listed,2023-11-02,865.0,Initial stock entry
4490,1455,rental_eligible,2024-11-01,865.0,Crossed 12-month threshold -- eligible for rental program
4491,1455,sold,2024-08-18,540.52,Final sale
4492,1456,listed,2023-09-20,140.0,Initial stock entry
4493,1456,rental_eligible,2024-09-19,140.0,Crossed 12-month threshold -- eligible for rental program
4494,1456,sold,2024-12-08,108.42,Final sale
4495,1457,listed,2023-05-17,580.0,Initial stock entry
4496,1457,rental_eligible,2024-05-16,580.0,Crossed 12-month threshold -- eligible for rental program
4497,1457,sold,2023-09-11,501.0,Final sale
4498,1458,listed,2022-02-03,415.0,Initial stock entry
4499,1458,price_reduced,2022-10-26,343.63,Seasonal markdown to 343.63E
4500,1458,rental_eligible,2023-02-03,415.0,Crossed 12-month threshold -- eligible for rental program
4501,1458,sold,2023-08-05,341.53,Final sale
4502,1459,listed,2022-05-29,400.0,Initial stock entry
4503,1459,price_reduced,2023-03-16,350.14,Seasonal markdown to 350.14E
4504,1459,rental_eligible,2023-05-29,400.0,Crossed 12-month threshold -- eligible for rental program
4505,1459,sold,2024-03-02,243.95,Final sale
4506,1460,listed,2022-01-24,80.0,Initial stock entry
4507,1460,rental_eligible,2023-01-24,80.0,Crossed 12-month threshold -- eligible for rental program
4508,1460,sold,2024-03-22,77.02,Final sale
4509,1461,listed,2022-07-11,255.0,Initial stock entry
4510,1461,price_reduced,2023-01-20,184.3,Seasonal markdown to 184.3E
4511,1461,rental_eligible,2023-07-11,255.0,Crossed 12-month threshold -- eligible for rental program
4512,1461,sold,2023-02-18,156.95,Final sale
4513,1462,listed,2022-01-14,270.0,Initial stock entry
4514,1462,rental_eligible,2023-01-14,270.0,Crossed 12-month threshold -- eligible for rental program
4515,1462,sold,2022-08-23,258.83,Final sale
4516,1463,listed,2024-05-24,130.0,Initial stock entry
4517,1463,sold,2024-12-31,74.42,Final sale
4518,1464,listed,2023-01-30,275.0,Initial stock entry
4519,1464,rental_eligible,2024-01-30,275.0,Crossed 12-month threshold -- eligible for rental program
4520,1464,sold,2023-03-01,160.83,Final sale
4521,1465,listed,2022-05-06,140.0,Initial stock entry
4522,1465,rental_eligible,2023-05-06,140.0,Crossed 12-month threshold -- eligible for rental program
4523,1465,sold,2024-01-23,101.66,Final sale
4524,1466,listed,2023-09-06,310.0,Initial stock entry
4525,1466,rental_eligible,2024-09-05,310.0,Crossed 12-month threshold -- eligible for rental program
4526,1466,sold,2025-04-01,270.3,Final sale
4527,1467,listed,2022-12-25,170.0,Initial stock entry
4528,1467,rental_eligible,2023-12-25,170.0,Crossed 12-month threshold -- eligible for rental program
4529,1467,sold,2024-11-11,98.09,Final sale
4530,1468,listed,2022-12-07,190.0,Initial stock entry
4531,1468,rental_eligible,2023-12-07,190.0,Crossed 12-month threshold -- eligible for rental program
4532,1468,sold,2023-08-15,185.87,Final sale
4533,1469,listed,2023-03-18,275.0,Initial stock entry
4534,1469,rental_eligible,2024-03-17,275.0,Crossed 12-month threshold -- eligible for rental program
4535,1469,sold,2024-11-27,230.32,Final sale
4536,1470,listed,2022-02-11,370.0,Initial stock entry
4537,1470,rental_eligible,2023-02-11,370.0,Crossed 12-month threshold -- eligible for rental program
4538,1470,sold,2022-05-25,251.09,Final sale
4539,1471,listed,2022-04-21,75.0,Initial stock entry
4540,1471,rental_eligible,2023-04-21,75.0,Crossed 12-month threshold -- eligible for rental program
4541,1471,sold,2022-09-23,50.76,Final sale
4542,1472,listed,2023-04-20,220.0,Initial stock entry
4543,1472,price_reduced,2023-11-02,169.34,Seasonal markdown to 169.34E
4544,1472,rental_eligible,2024-04-19,220.0,Crossed 12-month threshold -- eligible for rental program
4545,1472,sold,2024-06-17,209.47,Final sale
4546,1473,listed,2022-07-11,155.0,Initial stock entry
4547,1473,price_reduced,2023-07-01,115.12,Seasonal markdown to 115.12E
4548,1473,rental_eligible,2023-07-11,155.0,Crossed 12-month threshold -- eligible for rental program
4549,1473,sold,2023-07-14,98.57,Final sale
4550,1474,listed,2023-03-28,80.0,Initial stock entry
4551,1474,rental_eligible,2024-03-27,80.0,Crossed 12-month threshold -- eligible for rental program
4552,1474,sold,2023-08-10,53.88,Final sale
4553,1475,listed,2023-10-22,300.0,Initial stock entry
4554,1475,rental_eligible,2024-10-21,300.0,Crossed 12-month threshold -- eligible for rental program
4555,1475,sold,2024-07-22,206.89,Final sale
4556,1476,listed,2023-10-23,40.0,Initial stock entry
4557,1476,price_reduced,2024-08-27,28.4,Seasonal markdown to 28.4E
4558,1476,rental_eligible,2024-10-22,40.0,Crossed 12-month threshold -- eligible for rental program
4559,1476,sold,2023-12-13,33.24,Final sale
4560,1477,listed,2022-02-22,165.0,Initial stock entry
4561,1477,price_reduced,2022-12-02,132.54,Seasonal markdown to 132.54E
4562,1477,rental_eligible,2023-02-22,165.0,Crossed 12-month threshold -- eligible for rental program
4563,1477,sold,2024-01-03,119.07,Final sale
4564,1478,listed,2022-10-30,230.0,Initial stock entry
4565,1478,rental_eligible,2023-10-30,230.0,Crossed 12-month threshold -- eligible for rental program
4566,1478,sold,2024-04-10,213.52,Final sale
4567,1479,listed,2023-08-15,335.0,Initial stock entry
4568,1479,rental_eligible,2024-08-14,335.0,Crossed 12-month threshold -- eligible for rental program
4569,1479,sold,2024-06-08,189.69,Final sale
4570,1480,listed,2022-04-11,40.0,Initial stock entry
4571,1480,rental_eligible,2023-04-11,40.0,Crossed 12-month threshold -- eligible for rental program
4572,1480,sold,2022-07-26,24.79,Final sale
4573,1481,listed,2022-11-04,220.0,Initial stock entry
4574,1481,rental_eligible,2023-11-04,220.0,Crossed 12-month threshold -- eligible for rental program
4575,1481,sold,2024-10-06,131.17,Final sale
4576,1482,listed,2022-04-11,165.0,Initial stock entry
4577,1482,rental_eligible,2023-04-11,165.0,Crossed 12-month threshold -- eligible for rental program
4578,1482,sold,2023-07-03,126.67,Final sale
4579,1483,listed,2023-05-08,180.0,Initial stock entry
4580,1483,price_reduced,2023-11-27,129.84,Seasonal markdown to 129.84E
4581,1483,rental_eligible,2024-05-07,180.0,Crossed 12-month threshold -- eligible for rental program
4582,1483,sold,2024-11-16,174.16,Final sale
4583,1484,listed,2022-04-07,50.0,Initial stock entry
4584,1484,rental_eligible,2023-04-07,50.0,Crossed 12-month threshold -- eligible for rental program
4585,1484,sold,2025-03-31,49.5,Final sale
4586,1485,listed,2024-10-17,380.0,Initial stock entry
4587,1485,sold,2024-12-14,223.57,Final sale
4588,1486,listed,2022-10-17,280.0,Initial stock entry
4589,1486,rental_eligible,2023-10-17,280.0,Crossed 12-month threshold -- eligible for rental program
4590,1486,sold,2025-03-11,258.78,Final sale
4591,1487,listed,2024-05-09,120.0,Initial stock entry
4592,1487,sold,2025-03-31,105.74,Final sale
4593,1488,listed,2024-03-10,350.0,Initial stock entry
4594,1488,rental_eligible,2025-03-10,350.0,Crossed 12-month threshold -- eligible for rental program
4595,1488,sold,2025-03-14,223.87,Final sale
4596,1489,listed,2024-01-26,320.0,Initial stock entry
4597,1489,rental_eligible,2025-01-25,320.0,Crossed 12-month threshold -- eligible for rental program
4598,1489,sold,2024-10-25,301.25,Final sale
4599,1490,listed,2023-07-28,180.0,Initial stock entry
4600,1490,rental_eligible,2024-07-27,180.0,Crossed 12-month threshold -- eligible for rental program
4601,1490,sold,2023-09-24,125.96,Final sale
4602,1491,listed,2024-11-28,285.0,Initial stock entry
4603,1491,sold,2025-03-06,183.35,Final sale
4604,1492,listed,2022-04-28,285.0,Initial stock entry
4605,1492,price_reduced,2023-01-24,236.19,Seasonal markdown to 236.19E
4606,1492,rental_eligible,2023-04-28,285.0,Crossed 12-month threshold -- eligible for rental program
4607,1492,sold,2022-10-12,232.17,Final sale
4608,1493,listed,2022-09-08,145.0,Initial stock entry
4609,1493,rental_eligible,2023-09-08,145.0,Crossed 12-month threshold -- eligible for rental program
4610,1493,sold,2024-01-01,125.79,Final sale
4611,1494,listed,2022-09-11,200.0,Initial stock entry
4612,1494,rental_eligible,2023-09-11,200.0,Crossed 12-month threshold -- eligible for rental program
4613,1494,sold,2023-06-20,142.83,Final sale
4614,1495,listed,2023-10-24,180.0,Initial stock entry
4615,1495,price_reduced,2024-06-23,146.83,Seasonal markdown to 146.83E
4616,1495,rental_eligible,2024-10-23,180.0,Crossed 12-month threshold -- eligible for rental program
4617,1495,sold,2024-09-21,161.41,Final sale
4618,1496,listed,2024-10-22,65.0,Initial stock entry
4619,1497,listed,2022-03-02,400.0,Initial stock entry
4620,1497,rental_eligible,2023-03-02,400.0,Crossed 12-month threshold -- eligible for rental program
4621,1497,sold,2023-10-31,248.66,Final sale
4622,1498,listed,2024-08-25,170.0,Initial stock entry
4623,1499,listed,2024-01-24,110.0,Initial stock entry
4624,1499,price_reduced,2024-11-18,96.92,Seasonal markdown to 96.92E
4625,1499,rental_eligible,2025-01-23,110.0,Crossed 12-month threshold -- eligible for rental program
4626,1499,sold,2025-02-15,84.36,Final sale
4627,1500,listed,2023-08-11,315.0,Initial stock entry
4628,1500,rental_eligible,2024-08-10,315.0,Crossed 12-month threshold -- eligible for rental program
4629,1500,sold,2023-11-17,269.83,Final sale
4630,1501,listed,2024-04-14,245.0,Initial stock entry
4631,1501,sold,2024-09-28,237.18,Final sale
4632,1502,listed,2024-05-06,155.0,Initial stock entry
4633,1502,sold,2025-02-08,127.43,Final sale
4634,1503,listed,2024-01-22,45.0,Initial stock entry
4635,1503,price_reduced,2024-09-09,31.56,Seasonal markdown to 31.56E
4636,1503,rental_eligible,2025-01-21,45.0,Crossed 12-month threshold -- eligible for rental program
4637,1503,sold,2025-03-30,35.19,Final sale
4638,1504,listed,2022-08-27,285.0,Initial stock entry
4639,1504,price_reduced,2023-06-21,209.69,Seasonal markdown to 209.69E
4640,1504,rental_eligible,2023-08-27,285.0,Crossed 12-month threshold -- eligible for rental program
4641,1504,sold,2024-11-06,206.03,Final sale
4642,1505,listed,2022-07-01,175.0,Initial stock entry
4643,1505,rental_eligible,2023-07-01,175.0,Crossed 12-month threshold -- eligible for rental program
4644,1505,sold,2024-11-07,147.23,Final sale
4645,1506,listed,2023-06-05,315.0,Initial stock entry
4646,1506,price_reduced,2023-12-19,260.69,Seasonal markdown to 260.69E
4647,1506,rental_eligible,2024-06-04,315.0,Crossed 12-month threshold -- eligible for rental program
4648,1506,sold,2023-09-05,196.58,Final sale
4649,1507,listed,2024-09-20,260.0,Initial stock entry
4650,1507,sold,2024-11-21,245.35,Final sale
4651,1508,listed,2022-08-26,385.0,Initial stock entry
4652,1508,price_reduced,2023-05-09,302.34,Seasonal markdown to 302.34E
4653,1508,rental_eligible,2023-08-26,385.0,Crossed 12-month threshold -- eligible for rental program
4654,1508,sold,2023-05-27,212.52,Final sale
4655,1509,listed,2022-10-07,205.0,Initial stock entry
4656,1509,rental_eligible,2023-10-07,205.0,Crossed 12-month threshold -- eligible for rental program
4657,1509,sold,2025-02-20,130.32,Final sale
4658,1510,listed,2022-02-06,285.0,Initial stock entry
4659,1510,rental_eligible,2023-02-06,285.0,Crossed 12-month threshold -- eligible for rental program
4660,1510,sold,2025-03-08,274.24,Final sale
4661,1511,listed,2024-07-16,375.0,Initial stock entry
4662,1511,sold,2024-09-16,355.76,Final sale
4663,1512,listed,2024-07-23,255.0,Initial stock entry
4664,1512,sold,2025-02-01,192.65,Final sale
4665,1513,listed,2022-07-30,150.0,Initial stock entry
4666,1513,rental_eligible,2023-07-30,150.0,Crossed 12-month threshold -- eligible for rental program
4667,1513,sold,2024-03-19,140.89,Final sale
4668,1514,listed,2023-04-02,340.0,Initial stock entry
4669,1514,rental_eligible,2024-04-01,340.0,Crossed 12-month threshold -- eligible for rental program
4670,1514,sold,2024-09-08,308.38,Final sale
4671,1515,listed,2024-03-26,205.0,Initial stock entry
4672,1515,rental_eligible,2025-03-26,205.0,Crossed 12-month threshold -- eligible for rental program
4673,1515,sold,2024-06-23,123.9,Final sale
4674,1516,listed,2023-04-13,380.0,Initial stock entry
4675,1516,rental_eligible,2024-04-12,380.0,Crossed 12-month threshold -- eligible for rental program
4676,1516,sold,2024-03-07,232.98,Final sale
4677,1517,listed,2023-08-07,340.0,Initial stock entry
4678,1517,price_reduced,2024-06-05,282.37,Seasonal markdown to 282.37E
4679,1517,rental_eligible,2024-08-06,340.0,Crossed 12-month threshold -- eligible for rental program
4680,1517,sold,2024-10-09,217.36,Final sale
4681,1518,listed,2022-10-29,325.0,Initial stock entry
4682,1518,rental_eligible,2023-10-29,325.0,Crossed 12-month threshold -- eligible for rental program
4683,1518,sold,2023-01-29,180.01,Final sale
4684,1519,listed,2023-12-07,240.0,Initial stock entry
4685,1519,rental_eligible,2024-12-06,240.0,Crossed 12-month threshold -- eligible for rental program
4686,1519,sold,2024-03-20,139.9,Final sale
4687,1520,listed,2023-10-05,330.0,Initial stock entry
4688,1520,rental_eligible,2024-10-04,330.0,Crossed 12-month threshold -- eligible for rental program
4689,1520,sold,2024-08-15,202.41,Final sale
4690,1521,listed,2023-09-29,245.0,Initial stock entry
4691,1521,price_reduced,2024-06-09,195.45,Seasonal markdown to 195.45E
4692,1521,rental_eligible,2024-09-28,245.0,Crossed 12-month threshold -- eligible for rental program
4693,1521,sold,2023-12-21,173.21,Final sale
4694,1522,listed,2024-06-08,345.0,Initial stock entry
4695,1522,sold,2025-02-21,342.74,Final sale
4696,1523,listed,2023-01-31,60.0,Initial stock entry
4697,1523,price_reduced,2024-01-04,52.01,Seasonal markdown to 52.01E
4698,1523,rental_eligible,2024-01-31,60.0,Crossed 12-month threshold -- eligible for rental program
4699,1523,sold,2025-02-27,57.39,Final sale
4700,1524,listed,2023-08-24,130.0,Initial stock entry
4701,1524,rental_eligible,2024-08-23,130.0,Crossed 12-month threshold -- eligible for rental program
4702,1524,sold,2025-01-21,77.84,Final sale
4703,1525,listed,2024-06-26,220.0,Initial stock entry
4704,1525,price_reduced,2025-02-16,169.39,Seasonal markdown to 169.39E
4705,1525,sold,2024-11-05,160.86,Final sale
4706,1526,listed,2023-07-31,190.0,Initial stock entry
4707,1526,rental_eligible,2024-07-30,190.0,Crossed 12-month threshold -- eligible for rental program
4708,1526,sold,2024-06-28,107.98,Final sale
4709,1527,listed,2022-02-09,80.0,Initial stock entry
4710,1527,rental_eligible,2023-02-09,80.0,Crossed 12-month threshold -- eligible for rental program
4711,1527,sold,2024-04-22,62.86,Final sale
4712,1528,listed,2022-05-17,375.0,Initial stock entry
4713,1528,price_reduced,2023-01-25,320.92,Seasonal markdown to 320.92E
4714,1528,rental_eligible,2023-05-17,375.0,Crossed 12-month threshold -- eligible for rental program
4715,1528,sold,2022-07-18,209.2,Final sale
4716,1529,listed,2022-07-02,195.0,Initial stock entry
4717,1529,rental_eligible,2023-07-02,195.0,Crossed 12-month threshold -- eligible for rental program
4718,1529,sold,2023-01-03,121.42,Final sale
4719,1530,listed,2022-06-12,230.0,Initial stock entry
4720,1530,rental_eligible,2023-06-12,230.0,Crossed 12-month threshold -- eligible for rental program
4721,1530,sold,2023-04-26,224.31,Final sale
4722,1531,listed,2024-05-14,110.0,Initial stock entry
4723,1531,sold,2024-12-24,94.27,Final sale
4724,1532,listed,2023-03-23,75.0,Initial stock entry
4725,1532,price_reduced,2024-01-14,61.86,Seasonal markdown to 61.86E
4726,1532,rental_eligible,2024-03-22,75.0,Crossed 12-month threshold -- eligible for rental program
4727,1532,sold,2025-04-02,47.4,Final sale
4728,1533,listed,2024-03-21,45.0,Initial stock entry
4729,1533,rental_eligible,2025-03-21,45.0,Crossed 12-month threshold -- eligible for rental program
4730,1533,sold,2025-02-10,26.29,Final sale
4731,1534,listed,2023-05-28,105.0,Initial stock entry
4732,1534,price_reduced,2024-05-01,88.27,Seasonal markdown to 88.27E
4733,1534,rental_eligible,2024-05-27,105.0,Crossed 12-month threshold -- eligible for rental program
4734,1534,sold,2024-10-08,58.75,Final sale
4735,1535,listed,2022-06-03,370.0,Initial stock entry
4736,1535,rental_eligible,2023-06-03,370.0,Crossed 12-month threshold -- eligible for rental program
4737,1535,sold,2023-11-04,315.35,Final sale
4738,1536,listed,2024-05-09,375.0,Initial stock entry
4739,1536,sold,2024-08-05,262.71,Final sale
4740,1537,listed,2022-08-24,120.0,Initial stock entry
4741,1537,rental_eligible,2023-08-24,120.0,Crossed 12-month threshold -- eligible for rental program
4742,1537,sold,2024-05-15,72.17,Final sale
4743,1538,listed,2022-02-16,305.0,Initial stock entry
4744,1538,rental_eligible,2023-02-16,305.0,Crossed 12-month threshold -- eligible for rental program
4745,1538,sold,2024-01-20,172.85,Final sale
4746,1539,listed,2024-10-13,50.0,Initial stock entry
4747,1539,sold,2024-12-06,28.49,Final sale
4748,1540,listed,2022-12-17,60.0,Initial stock entry
4749,1540,price_reduced,2023-07-23,47.03,Seasonal markdown to 47.03E
4750,1540,rental_eligible,2023-12-17,60.0,Crossed 12-month threshold -- eligible for rental program
4751,1540,sold,2023-02-16,46.61,Final sale
4752,1541,listed,2024-07-05,230.0,Initial stock entry
4753,1541,price_reduced,2025-02-14,186.78,Seasonal markdown to 186.78E
4754,1541,sold,2025-02-03,148.12,Final sale
4755,1542,listed,2022-10-12,390.0,Initial stock entry
4756,1542,price_reduced,2023-08-07,343.96,Seasonal markdown to 343.96E
4757,1542,rental_eligible,2023-10-12,390.0,Crossed 12-month threshold -- eligible for rental program
4758,1542,sold,2024-07-15,294.48,Final sale
4759,1543,listed,2022-02-03,230.0,Initial stock entry
4760,1543,rental_eligible,2023-02-03,230.0,Crossed 12-month threshold -- eligible for rental program
4761,1543,sold,2023-04-25,149.34,Final sale
4762,1544,listed,2024-11-05,285.0,Initial stock entry
4763,1544,sold,2025-01-10,221.85,Final sale
4764,1545,listed,2024-11-05,260.0,Initial stock entry
4765,1545,sold,2025-03-06,167.22,Final sale
4766,1546,listed,2024-03-10,180.0,Initial stock entry
4767,1546,rental_eligible,2025-03-10,180.0,Crossed 12-month threshold -- eligible for rental program
4768,1546,sold,2024-05-24,147.61,Final sale
4769,1547,listed,2022-05-11,385.0,Initial stock entry
4770,1547,price_reduced,2023-04-02,300.52,Seasonal markdown to 300.52E
4771,1547,rental_eligible,2023-05-11,385.0,Crossed 12-month threshold -- eligible for rental program
4772,1547,sold,2022-12-13,353.5,Final sale
4773,1548,listed,2024-06-12,240.0,Initial stock entry
4774,1548,price_reduced,2025-02-11,212.36,Seasonal markdown to 212.36E
4775,1548,sold,2025-01-26,224.13,Final sale
4776,1549,listed,2022-01-02,280.0,Initial stock entry
4777,1549,rental_eligible,2023-01-02,280.0,Crossed 12-month threshold -- eligible for rental program
4778,1549,sold,2023-06-07,256.35,Final sale
4779,1550,listed,2024-01-09,360.0,Initial stock entry
4780,1550,price_reduced,2024-08-29,258.6,Seasonal markdown to 258.6E
4781,1550,rental_eligible,2025-01-08,360.0,Crossed 12-month threshold -- eligible for rental program
4782,1550,sold,2024-10-18,310.21,Final sale
4783,1551,listed,2022-12-27,360.0,Initial stock entry
4784,1551,rental_eligible,2023-12-27,360.0,Crossed 12-month threshold -- eligible for rental program
4785,1551,sold,2024-03-18,266.57,Final sale
4786,1552,listed,2023-08-26,80.0,Initial stock entry
4787,1552,price_reduced,2024-07-03,58.27,Seasonal markdown to 58.27E
4788,1552,rental_eligible,2024-08-25,80.0,Crossed 12-month threshold -- eligible for rental program
4789,1552,sold,2024-10-31,63.39,Final sale
4790,1553,listed,2022-07-31,385.0,Initial stock entry
4791,1553,price_reduced,2023-06-27,338.93,Seasonal markdown to 338.93E
4792,1553,rental_eligible,2023-07-31,385.0,Crossed 12-month threshold -- eligible for rental program
4793,1553,sold,2024-09-05,298.04,Final sale
4794,1554,listed,2024-09-16,395.0,Initial stock entry
4795,1554,sold,2024-11-17,268.81,Final sale
4796,1555,listed,2024-01-28,110.0,Initial stock entry
4797,1555,price_reduced,2024-08-03,92.16,Seasonal markdown to 92.16E
4798,1555,rental_eligible,2025-01-27,110.0,Crossed 12-month threshold -- eligible for rental program
4799,1555,sold,2025-03-09,93.93,Final sale
4800,1556,listed,2023-06-23,210.0,Initial stock entry
4801,1556,price_reduced,2024-05-07,163.43,Seasonal markdown to 163.43E
4802,1556,rental_eligible,2024-06-22,210.0,Crossed 12-month threshold -- eligible for rental program
4803,1556,sold,2023-09-11,123.66,Final sale
4804,1557,listed,2022-09-03,100.0,Initial stock entry
4805,1557,rental_eligible,2023-09-03,100.0,Crossed 12-month threshold -- eligible for rental program
4806,1557,sold,2023-10-24,90.55,Final sale
4807,1558,listed,2023-11-15,335.0,Initial stock entry
4808,1558,price_reduced,2024-10-10,236.11,Seasonal markdown to 236.11E
4809,1558,rental_eligible,2024-11-14,335.0,Crossed 12-month threshold -- eligible for rental program
4810,1558,sold,2025-01-10,235.19,Final sale
4811,1559,listed,2024-07-18,150.0,Initial stock entry
4812,1559,price_reduced,2025-01-23,119.87,Seasonal markdown to 119.87E
4813,1560,listed,2024-09-01,330.0,Initial stock entry
4814,1560,price_reduced,2025-03-03,279.16,Seasonal markdown to 279.16E
4815,1560,sold,2025-03-15,284.87,Final sale
4816,1561,listed,2022-11-03,380.0,Initial stock entry
4817,1561,price_reduced,2023-07-01,290.34,Seasonal markdown to 290.34E
4818,1561,rental_eligible,2023-11-03,380.0,Crossed 12-month threshold -- eligible for rental program
4819,1561,sold,2024-02-06,353.5,Final sale
4820,1562,listed,2022-09-07,255.0,Initial stock entry
4821,1562,rental_eligible,2023-09-07,255.0,Crossed 12-month threshold -- eligible for rental program
4822,1562,sold,2023-11-01,208.9,Final sale
4823,1563,listed,2023-04-27,165.0,Initial stock entry
4824,1563,rental_eligible,2024-04-26,165.0,Crossed 12-month threshold -- eligible for rental program
4825,1563,sold,2023-12-18,151.03,Final sale
4826,1564,listed,2023-10-27,185.0,Initial stock entry
4827,1564,price_reduced,2024-05-08,131.6,Seasonal markdown to 131.6E
4828,1564,rental_eligible,2024-10-26,185.0,Crossed 12-month threshold -- eligible for rental program
4829,1564,sold,2023-12-15,150.81,Final sale
4830,1565,listed,2023-11-23,210.0,Initial stock entry
4831,1565,rental_eligible,2024-11-22,210.0,Crossed 12-month threshold -- eligible for rental program
4832,1565,sold,2024-10-22,171.13,Final sale
4833,1566,listed,2022-09-21,95.0,Initial stock entry
4834,1566,price_reduced,2023-07-11,76.4,Seasonal markdown to 76.4E
4835,1566,rental_eligible,2023-09-21,95.0,Crossed 12-month threshold -- eligible for rental program
4836,1566,sold,2024-11-03,52.4,Final sale
4837,1567,listed,2023-09-21,45.0,Initial stock entry
4838,1567,rental_eligible,2024-09-20,45.0,Crossed 12-month threshold -- eligible for rental program
4839,1567,sold,2023-12-05,28.26,Final sale
4840,1568,listed,2022-05-22,350.0,Initial stock entry
4841,1568,rental_eligible,2023-05-22,350.0,Crossed 12-month threshold -- eligible for rental program
4842,1568,sold,2025-02-16,228.83,Final sale
4843,1569,listed,2022-07-25,300.0,Initial stock entry
4844,1569,rental_eligible,2023-07-25,300.0,Crossed 12-month threshold -- eligible for rental program
4845,1569,sold,2023-06-05,173.7,Final sale
4846,1570,listed,2024-10-20,210.0,Initial stock entry
4847,1570,sold,2025-01-04,174.56,Final sale
4848,1571,listed,2024-11-21,165.0,Initial stock entry
4849,1572,listed,2022-08-05,230.0,Initial stock entry
4850,1572,price_reduced,2023-03-31,163.27,Seasonal markdown to 163.27E
4851,1572,rental_eligible,2023-08-05,230.0,Crossed 12-month threshold -- eligible for rental program
4852,1572,sold,2023-05-30,199.6,Final sale
4853,1573,listed,2022-01-17,50.0,Initial stock entry
4854,1573,rental_eligible,2023-01-17,50.0,Crossed 12-month threshold -- eligible for rental program
4855,1573,sold,2024-06-19,37.06,Final sale
4856,1574,listed,2022-12-05,155.0,Initial stock entry
4857,1574,price_reduced,2023-09-17,120.71,Seasonal markdown to 120.71E
4858,1574,rental_eligible,2023-12-05,155.0,Crossed 12-month threshold -- eligible for rental program
4859,1574,sold,2024-07-03,149.15,Final sale
4860,1575,listed,2023-06-18,200.0,Initial stock entry
4861,1575,price_reduced,2024-01-05,145.61,Seasonal markdown to 145.61E
4862,1575,rental_eligible,2024-06-17,200.0,Crossed 12-month threshold -- eligible for rental program
4863,1575,sold,2023-12-05,170.69,Final sale
4864,1576,listed,2022-07-04,80.0,Initial stock entry
4865,1576,rental_eligible,2023-07-04,80.0,Crossed 12-month threshold -- eligible for rental program
4866,1576,sold,2022-10-10,56.56,Final sale
4867,1577,listed,2024-06-19,350.0,Initial stock entry
4868,1577,sold,2024-12-21,315.32,Final sale
4869,1578,listed,2023-01-17,300.0,Initial stock entry
4870,1578,rental_eligible,2024-01-17,300.0,Crossed 12-month threshold -- eligible for rental program
4871,1578,sold,2023-11-05,268.83,Final sale
4872,1579,listed,2023-11-01,185.0,Initial stock entry
4873,1579,rental_eligible,2024-10-31,185.0,Crossed 12-month threshold -- eligible for rental program
4874,1579,sold,2025-02-19,130.68,Final sale
4875,1580,listed,2023-10-28,360.0,Initial stock entry
4876,1580,rental_eligible,2024-10-27,360.0,Crossed 12-month threshold -- eligible for rental program
4877,1580,sold,2024-01-03,358.95,Final sale
4878,1581,listed,2024-09-28,185.0,Initial stock entry
4879,1581,sold,2024-11-19,104.77,Final sale
4880,1582,listed,2023-06-04,150.0,Initial stock entry
4881,1582,price_reduced,2024-04-19,133.41,Seasonal markdown to 133.41E
4882,1582,rental_eligible,2024-06-03,150.0,Crossed 12-month threshold -- eligible for rental program
4883,1582,sold,2024-03-10,83.06,Final sale
4884,1583,listed,2022-12-24,30.0,Initial stock entry
4885,1583,rental_eligible,2023-12-24,30.0,Crossed 12-month threshold -- eligible for rental program
4886,1583,sold,2024-06-15,29.05,Final sale
4887,1584,listed,2024-10-01,70.0,Initial stock entry
4888,1584,sold,2025-04-03,52.61,Final sale
4889,1585,listed,2022-07-21,310.0,Initial stock entry
4890,1585,rental_eligible,2023-07-21,310.0,Crossed 12-month threshold -- eligible for rental program
4891,1585,sold,2023-01-09,183.71,Final sale
4892,1586,listed,2024-09-28,310.0,Initial stock entry
4893,1586,sold,2025-03-26,308.25,Final sale
4894,1587,listed,2023-01-14,220.0,Initial stock entry
4895,1587,rental_eligible,2024-01-14,220.0,Crossed 12-month threshold -- eligible for rental program
4896,1587,sold,2023-07-06,187.06,Final sale
4897,1588,listed,2024-03-05,115.0,Initial stock entry
4898,1588,rental_eligible,2025-03-05,115.0,Crossed 12-month threshold -- eligible for rental program
4899,1588,sold,2024-12-02,114.93,Final sale
4900,1589,listed,2022-07-11,240.0,Initial stock entry
4901,1589,rental_eligible,2023-07-11,240.0,Crossed 12-month threshold -- eligible for rental program
4902,1589,sold,2023-08-09,201.94,Final sale
4903,1590,listed,2023-07-22,105.0,Initial stock entry
4904,1590,rental_eligible,2024-07-21,105.0,Crossed 12-month threshold -- eligible for rental program
4905,1590,sold,2023-12-05,76.91,Final sale
4906,1591,listed,2024-10-20,60.0,Initial stock entry
4907,1591,sold,2025-03-23,44.53,Final sale
4908,1592,listed,2024-07-31,85.0,Initial stock entry
4909,1592,sold,2024-09-24,66.22,Final sale
4910,1593,listed,2023-01-06,70.0,Initial stock entry
4911,1593,rental_eligible,2024-01-06,70.0,Crossed 12-month threshold -- eligible for rental program
4912,1593,sold,2023-06-13,59.23,Final sale
4913,1594,listed,2023-03-15,370.0,Initial stock entry
4914,1594,rental_eligible,2024-03-14,370.0,Crossed 12-month threshold -- eligible for rental program
4915,1594,sold,2023-11-21,271.63,Final sale
4916,1595,listed,2023-09-10,95.0,Initial stock entry
4917,1595,price_reduced,2024-07-25,76.49,Seasonal markdown to 76.49E
4918,1595,rental_eligible,2024-09-09,95.0,Crossed 12-month threshold -- eligible for rental program
4919,1595,sold,2024-10-10,53.3,Final sale
4920,1596,listed,2022-10-15,280.0,Initial stock entry
4921,1596,rental_eligible,2023-10-15,280.0,Crossed 12-month threshold -- eligible for rental program
4922,1596,sold,2023-12-25,264.77,Final sale
4923,1597,listed,2024-01-22,100.0,Initial stock entry
4924,1597,rental_eligible,2025-01-21,100.0,Crossed 12-month threshold -- eligible for rental program
4925,1597,sold,2024-05-13,75.7,Final sale
4926,1598,listed,2022-07-19,335.0,Initial stock entry
4927,1598,rental_eligible,2023-07-19,335.0,Crossed 12-month threshold -- eligible for rental program
4928,1598,sold,2024-04-15,208.21,Final sale
4929,1599,listed,2024-03-04,230.0,Initial stock entry
4930,1599,rental_eligible,2025-03-04,230.0,Crossed 12-month threshold -- eligible for rental program
4931,1599,sold,2024-11-11,172.44,Final sale
4932,1600,listed,2022-04-21,395.0,Initial stock entry
4933,1600,rental_eligible,2023-04-21,395.0,Crossed 12-month threshold -- eligible for rental program
4934,1600,sold,2022-06-12,318.55,Final sale
4935,1601,listed,2022-05-06,50.0,Initial stock entry
4936,1601,rental_eligible,2023-05-06,50.0,Crossed 12-month threshold -- eligible for rental program
4937,1601,sold,2024-12-07,41.98,Final sale
4938,1602,listed,2022-08-08,345.0,Initial stock entry
4939,1602,price_reduced,2023-05-16,309.78,Seasonal markdown to 309.78E
4940,1602,rental_eligible,2023-08-08,345.0,Crossed 12-month threshold -- eligible for rental program
4941,1602,sold,2023-08-05,215.99,Final sale
4942,1603,listed,2024-01-14,75.0,Initial stock entry
4943,1603,rental_eligible,2025-01-13,75.0,Crossed 12-month threshold -- eligible for rental program
4944,1603,sold,2025-01-06,61.58,Final sale
4945,1604,listed,2023-12-14,280.0,Initial stock entry
4946,1604,rental_eligible,2024-12-13,280.0,Crossed 12-month threshold -- eligible for rental program
4947,1604,sold,2024-10-14,275.9,Final sale
4948,1605,listed,2022-01-06,200.0,Initial stock entry
4949,1605,price_reduced,2022-09-17,163.23,Seasonal markdown to 163.23E
4950,1605,rental_eligible,2023-01-06,200.0,Crossed 12-month threshold -- eligible for rental program
4951,1605,sold,2023-06-15,182.76,Final sale
4952,1606,listed,2023-04-16,320.0,Initial stock entry
4953,1606,rental_eligible,2024-04-15,320.0,Crossed 12-month threshold -- eligible for rental program
4954,1606,sold,2023-09-01,195.52,Final sale
4955,1607,listed,2024-11-24,230.0,Initial stock entry
4956,1607,sold,2025-02-05,190.93,Final sale
4957,1608,listed,2022-06-22,50.0,Initial stock entry
4958,1608,rental_eligible,2023-06-22,50.0,Crossed 12-month threshold -- eligible for rental program
4959,1608,sold,2022-12-24,37.26,Final sale
4960,1609,listed,2022-06-13,115.0,Initial stock entry
4961,1609,rental_eligible,2023-06-13,115.0,Crossed 12-month threshold -- eligible for rental program
4962,1609,sold,2024-11-15,88.92,Final sale
4963,1610,listed,2023-02-07,70.0,Initial stock entry
4964,1610,price_reduced,2023-12-24,60.74,Seasonal markdown to 60.74E
4965,1610,rental_eligible,2024-02-07,70.0,Crossed 12-month threshold -- eligible for rental program
4966,1610,sold,2024-09-29,50.13,Final sale
4967,1611,listed,2022-03-02,125.0,Initial stock entry
4968,1611,rental_eligible,2023-03-02,125.0,Crossed 12-month threshold -- eligible for rental program
4969,1611,sold,2022-05-21,86.59,Final sale
4970,1612,listed,2024-06-19,335.0,Initial stock entry
4971,1612,sold,2024-12-14,203.06,Final sale
4972,1613,listed,2022-10-11,120.0,Initial stock entry
4973,1613,rental_eligible,2023-10-11,120.0,Crossed 12-month threshold -- eligible for rental program
4974,1613,sold,2025-01-17,86.93,Final sale
4975,1614,listed,2023-11-08,145.0,Initial stock entry
4976,1614,rental_eligible,2024-11-07,145.0,Crossed 12-month threshold -- eligible for rental program
4977,1614,sold,2024-10-01,92.05,Final sale
4978,1615,listed,2023-06-01,200.0,Initial stock entry
4979,1615,price_reduced,2024-01-02,163.61,Seasonal markdown to 163.61E
4980,1615,rental_eligible,2024-05-31,200.0,Crossed 12-month threshold -- eligible for rental program
4981,1615,sold,2024-06-25,188.07,Final sale
4982,1616,listed,2022-05-15,120.0,Initial stock entry
4983,1616,price_reduced,2022-12-04,96.83,Seasonal markdown to 96.83E
4984,1616,rental_eligible,2023-05-15,120.0,Crossed 12-month threshold -- eligible for rental program
4985,1616,sold,2024-12-03,70.34,Final sale
4986,1617,listed,2024-10-06,320.0,Initial stock entry
4987,1617,sold,2024-12-04,297.18,Final sale
4988,1618,listed,2023-08-23,235.0,Initial stock entry
4989,1618,price_reduced,2024-06-07,166.35,Seasonal markdown to 166.35E
4990,1618,rental_eligible,2024-08-22,235.0,Crossed 12-month threshold -- eligible for rental program
4991,1618,sold,2024-09-25,211.09,Final sale
4992,1619,listed,2023-06-30,205.0,Initial stock entry
4993,1619,price_reduced,2024-05-29,151.03,Seasonal markdown to 151.03E
4994,1619,rental_eligible,2024-06-29,205.0,Crossed 12-month threshold -- eligible for rental program
4995,1619,sold,2024-05-01,167.58,Final sale
4996,1620,listed,2022-08-22,135.0,Initial stock entry
4997,1620,rental_eligible,2023-08-22,135.0,Crossed 12-month threshold -- eligible for rental program
4998,1620,sold,2024-03-09,131.83,Final sale
4999,1621,listed,2024-11-21,200.0,Initial stock entry
5000,1621,sold,2025-03-02,185.17,Final sale
5001,1622,listed,2023-06-16,325.0,Initial stock entry
5002,1622,rental_eligible,2024-06-15,325.0,Crossed 12-month threshold -- eligible for rental program
5003,1622,sold,2024-11-01,323.89,Final sale
5004,1623,listed,2024-10-28,385.0,Initial stock entry
5005,1624,listed,2022-10-11,140.0,Initial stock entry
5006,1624,rental_eligible,2023-10-11,140.0,Crossed 12-month threshold -- eligible for rental program
5007,1624,sold,2024-08-28,78.05,Final sale
5008,1625,listed,2022-12-20,375.0,Initial stock entry
5009,1625,price_reduced,2023-08-07,263.85,Seasonal markdown to 263.85E
5010,1625,rental_eligible,2023-12-20,375.0,Crossed 12-month threshold -- eligible for rental program
5011,1625,sold,2023-05-03,329.62,Final sale
5012,1626,listed,2023-01-04,65.0,Initial stock entry
5013,1626,price_reduced,2023-12-12,45.67,Seasonal markdown to 45.67E
5014,1626,rental_eligible,2024-01-04,65.0,Crossed 12-month threshold -- eligible for rental program
5015,1626,sold,2024-11-23,50.58,Final sale
5016,1627,listed,2023-07-08,280.0,Initial stock entry
5017,1627,rental_eligible,2024-07-07,280.0,Crossed 12-month threshold -- eligible for rental program
5018,1627,sold,2023-09-12,216.17,Final sale
5019,1628,listed,2024-09-04,375.0,Initial stock entry
5020,1628,price_reduced,2025-03-03,292.61,Seasonal markdown to 292.61E
5021,1629,listed,2024-05-17,320.0,Initial stock entry
5022,1629,sold,2024-12-09,197.49,Final sale
5023,1630,listed,2023-04-05,360.0,Initial stock entry
5024,1630,price_reduced,2023-11-29,313.27,Seasonal markdown to 313.27E
5025,1630,rental_eligible,2024-04-04,360.0,Crossed 12-month threshold -- eligible for rental program
5026,1630,sold,2024-06-25,295.97,Final sale
5027,1631,listed,2024-05-13,45.0,Initial stock entry
5028,1631,sold,2025-03-26,25.07,Final sale
5029,1632,listed,2023-06-29,190.0,Initial stock entry
5030,1632,price_reduced,2024-01-05,133.52,Seasonal markdown to 133.52E
5031,1632,rental_eligible,2024-06-28,190.0,Crossed 12-month threshold -- eligible for rental program
5032,1632,sold,2024-12-20,159.13,Final sale
5033,1633,listed,2022-10-19,65.0,Initial stock entry
5034,1633,price_reduced,2023-05-21,56.06,Seasonal markdown to 56.06E
5035,1633,rental_eligible,2023-10-19,65.0,Crossed 12-month threshold -- eligible for rental program
5036,1633,sold,2025-01-30,40.8,Final sale
5037,1634,listed,2023-03-31,215.0,Initial stock entry
5038,1634,price_reduced,2024-01-13,156.47,Seasonal markdown to 156.47E
5039,1634,rental_eligible,2024-03-30,215.0,Crossed 12-month threshold -- eligible for rental program
5040,1634,sold,2024-12-07,161.91,Final sale
5041,1635,listed,2022-11-06,175.0,Initial stock entry
5042,1635,price_reduced,2023-10-14,132.59,Seasonal markdown to 132.59E
5043,1635,rental_eligible,2023-11-06,175.0,Crossed 12-month threshold -- eligible for rental program
5044,1635,sold,2022-12-31,151.16,Final sale
5045,1636,listed,2022-08-20,400.0,Initial stock entry
5046,1636,price_reduced,2023-08-11,287.36,Seasonal markdown to 287.36E
5047,1636,rental_eligible,2023-08-20,400.0,Crossed 12-month threshold -- eligible for rental program
5048,1636,sold,2024-07-07,357.28,Final sale
5049,1637,listed,2024-04-14,205.0,Initial stock entry
5050,1637,price_reduced,2025-01-13,180.45,Seasonal markdown to 180.45E
5051,1637,sold,2025-01-22,136.34,Final sale
5052,1638,listed,2022-02-14,175.0,Initial stock entry
5053,1638,rental_eligible,2023-02-14,175.0,Crossed 12-month threshold -- eligible for rental program
5054,1638,sold,2025-03-31,167.38,Final sale
5055,1639,listed,2022-03-06,190.0,Initial stock entry
5056,1639,rental_eligible,2023-03-06,190.0,Crossed 12-month threshold -- eligible for rental program
5057,1639,sold,2024-04-15,159.73,Final sale
5058,1640,listed,2022-05-14,210.0,Initial stock entry
5059,1640,price_reduced,2023-02-13,156.19,Seasonal markdown to 156.19E
5060,1640,rental_eligible,2023-05-14,210.0,Crossed 12-month threshold -- eligible for rental program
5061,1640,sold,2024-04-19,183.97,Final sale
5062,1641,listed,2022-10-25,200.0,Initial stock entry
5063,1641,price_reduced,2023-10-07,157.17,Seasonal markdown to 157.17E
5064,1641,rental_eligible,2023-10-25,200.0,Crossed 12-month threshold -- eligible for rental program
5065,1641,sold,2024-06-08,197.77,Final sale
5066,1642,listed,2024-03-18,260.0,Initial stock entry
5067,1642,rental_eligible,2025-03-18,260.0,Crossed 12-month threshold -- eligible for rental program
5068,1642,sold,2024-11-17,184.41,Final sale
5069,1643,listed,2024-11-03,145.0,Initial stock entry
5070,1643,sold,2025-03-24,113.3,Final sale
5071,1644,listed,2022-04-11,325.0,Initial stock entry
5072,1644,rental_eligible,2023-04-11,325.0,Crossed 12-month threshold -- eligible for rental program
5073,1644,sold,2023-11-10,252.85,Final sale
5074,1645,listed,2022-04-02,375.0,Initial stock entry
5075,1645,rental_eligible,2023-04-02,375.0,Crossed 12-month threshold -- eligible for rental program
5076,1645,sold,2023-08-13,317.85,Final sale
5077,1646,listed,2024-03-19,310.0,Initial stock entry
5078,1646,rental_eligible,2025-03-19,310.0,Crossed 12-month threshold -- eligible for rental program
5079,1646,sold,2025-03-19,246.81,Final sale
5080,1647,listed,2022-04-25,150.0,Initial stock entry
5081,1647,rental_eligible,2023-04-25,150.0,Crossed 12-month threshold -- eligible for rental program
5082,1647,sold,2023-04-17,140.19,Final sale
5083,1648,listed,2022-04-07,120.0,Initial stock entry
5084,1648,rental_eligible,2023-04-07,120.0,Crossed 12-month threshold -- eligible for rental program
5085,1648,sold,2023-07-23,89.45,Final sale
5086,1649,listed,2024-06-11,150.0,Initial stock entry
5087,1649,price_reduced,2025-01-15,120.53,Seasonal markdown to 120.53E
5088,1649,sold,2024-11-11,92.91,Final sale
5089,1650,listed,2022-03-01,230.0,Initial stock entry
5090,1650,rental_eligible,2023-03-01,230.0,Crossed 12-month threshold -- eligible for rental program
5091,1650,sold,2024-10-29,175.43,Final sale
5092,1651,listed,2024-01-27,75.0,Initial stock entry
5093,1651,rental_eligible,2025-01-26,75.0,Crossed 12-month threshold -- eligible for rental program
5094,1651,sold,2024-02-28,72.45,Final sale
5095,1652,listed,2023-11-16,175.0,Initial stock entry
5096,1652,rental_eligible,2024-11-15,175.0,Crossed 12-month threshold -- eligible for rental program
5097,1652,sold,2024-05-12,115.44,Final sale
5098,1653,listed,2023-08-26,95.0,Initial stock entry
5099,1653,rental_eligible,2024-08-25,95.0,Crossed 12-month threshold -- eligible for rental program
5100,1653,sold,2024-11-16,85.23,Final sale
5101,1654,listed,2024-03-10,255.0,Initial stock entry
5102,1654,rental_eligible,2025-03-10,255.0,Crossed 12-month threshold -- eligible for rental program
5103,1654,sold,2024-07-29,215.63,Final sale
5104,1655,listed,2024-11-24,225.0,Initial stock entry
5105,1655,sold,2025-03-17,149.25,Final sale
5106,1656,listed,2024-09-12,390.0,Initial stock entry
5107,1656,sold,2024-12-13,367.41,Final sale
5108,1657,listed,2024-04-16,195.0,Initial stock entry
5109,1657,sold,2025-03-17,167.84,Final sale
5110,1658,listed,2024-09-07,120.0,Initial stock entry
5111,1659,listed,2022-12-12,160.0,Initial stock entry
5112,1659,price_reduced,2023-06-16,136.42,Seasonal markdown to 136.42E
5113,1659,rental_eligible,2023-12-12,160.0,Crossed 12-month threshold -- eligible for rental program
5114,1659,sold,2025-03-30,110.0,Final sale
5115,1660,listed,2023-06-03,150.0,Initial stock entry
5116,1660,rental_eligible,2024-06-02,150.0,Crossed 12-month threshold -- eligible for rental program
5117,1660,sold,2024-07-06,149.63,Final sale
5118,1661,listed,2023-11-25,270.0,Initial stock entry
5119,1661,price_reduced,2024-07-06,217.73,Seasonal markdown to 217.73E
5120,1661,rental_eligible,2024-11-24,270.0,Crossed 12-month threshold -- eligible for rental program
5121,1661,sold,2024-07-17,204.81,Final sale
5122,1662,listed,2024-10-03,255.0,Initial stock entry
5123,1662,sold,2024-11-04,146.12,Final sale
5124,1663,listed,2022-12-07,265.0,Initial stock entry
5125,1663,price_reduced,2023-07-19,234.14,Seasonal markdown to 234.14E
5126,1663,rental_eligible,2023-12-07,265.0,Crossed 12-month threshold -- eligible for rental program
5127,1663,sold,2025-02-20,217.72,Final sale
5128,1664,listed,2022-05-05,295.0,Initial stock entry
5129,1664,price_reduced,2022-11-12,247.62,Seasonal markdown to 247.62E
5130,1664,rental_eligible,2023-05-05,295.0,Crossed 12-month threshold -- eligible for rental program
5131,1664,sold,2024-12-05,192.42,Final sale
5132,1665,listed,2023-04-16,255.0,Initial stock entry
5133,1665,rental_eligible,2024-04-15,255.0,Crossed 12-month threshold -- eligible for rental program
5134,1665,sold,2023-10-08,237.16,Final sale
5135,1666,listed,2022-08-01,35.0,Initial stock entry
5136,1666,rental_eligible,2023-08-01,35.0,Crossed 12-month threshold -- eligible for rental program
5137,1666,sold,2023-06-03,29.25,Final sale
5138,1667,listed,2023-07-26,395.0,Initial stock entry
5139,1667,rental_eligible,2024-07-25,395.0,Crossed 12-month threshold -- eligible for rental program
5140,1667,sold,2023-08-29,260.21,Final sale
5141,1668,listed,2022-05-16,355.0,Initial stock entry
5142,1668,rental_eligible,2023-05-16,355.0,Crossed 12-month threshold -- eligible for rental program
5143,1668,sold,2022-10-22,262.62,Final sale
5144,1669,listed,2022-10-29,250.0,Initial stock entry
5145,1669,price_reduced,2023-07-25,180.5,Seasonal markdown to 180.5E
5146,1669,rental_eligible,2023-10-29,250.0,Crossed 12-month threshold -- eligible for rental program
5147,1669,sold,2023-01-06,213.62,Final sale
5148,1670,listed,2022-05-05,315.0,Initial stock entry
5149,1670,rental_eligible,2023-05-05,315.0,Crossed 12-month threshold -- eligible for rental program
5150,1670,sold,2022-06-13,215.76,Final sale
5151,1671,listed,2024-02-11,80.0,Initial stock entry
5152,1671,price_reduced,2025-01-24,58.96,Seasonal markdown to 58.96E
5153,1671,rental_eligible,2025-02-10,80.0,Crossed 12-month threshold -- eligible for rental program
5154,1671,sold,2024-12-24,47.39,Final sale
5155,1672,listed,2023-04-09,365.0,Initial stock entry
5156,1672,price_reduced,2023-12-03,320.08,Seasonal markdown to 320.08E
5157,1672,rental_eligible,2024-04-08,365.0,Crossed 12-month threshold -- eligible for rental program
5158,1672,sold,2023-09-28,350.03,Final sale
5159,1673,listed,2024-10-20,275.0,Initial stock entry
5160,1673,sold,2025-01-25,246.76,Final sale
5161,1674,listed,2023-03-11,245.0,Initial stock entry
5162,1674,rental_eligible,2024-03-10,245.0,Crossed 12-month threshold -- eligible for rental program
5163,1674,sold,2025-03-10,160.39,Final sale
5164,1675,listed,2024-03-01,35.0,Initial stock entry
5165,1675,price_reduced,2024-12-31,28.84,Seasonal markdown to 28.84E
5166,1675,rental_eligible,2025-03-01,35.0,Crossed 12-month threshold -- eligible for rental program
5167,1675,sold,2024-09-16,22.21,Final sale
5168,1676,listed,2024-03-02,205.0,Initial stock entry
5169,1676,rental_eligible,2025-03-02,205.0,Crossed 12-month threshold -- eligible for rental program
5170,1676,sold,2024-05-22,123.05,Final sale
5171,1677,listed,2023-04-27,50.0,Initial stock entry
5172,1677,price_reduced,2024-01-22,40.76,Seasonal markdown to 40.76E
5173,1677,rental_eligible,2024-04-26,50.0,Crossed 12-month threshold -- eligible for rental program
5174,1677,sold,2024-03-03,49.86,Final sale
5175,1678,listed,2022-10-11,185.0,Initial stock entry
5176,1678,price_reduced,2023-07-09,136.33,Seasonal markdown to 136.33E
5177,1678,rental_eligible,2023-10-11,185.0,Crossed 12-month threshold -- eligible for rental program
5178,1678,sold,2024-02-24,169.77,Final sale
5179,1679,listed,2022-02-04,300.0,Initial stock entry
5180,1679,price_reduced,2022-11-22,260.43,Seasonal markdown to 260.43E
5181,1679,rental_eligible,2023-02-04,300.0,Crossed 12-month threshold -- eligible for rental program
5182,1679,sold,2024-04-22,287.32,Final sale
5183,1680,listed,2022-06-02,190.0,Initial stock entry
5184,1680,rental_eligible,2023-06-02,190.0,Crossed 12-month threshold -- eligible for rental program
5185,1680,sold,2023-06-19,113.99,Final sale
5186,1681,listed,2024-03-15,35.0,Initial stock entry
5187,1681,price_reduced,2024-12-13,27.97,Seasonal markdown to 27.97E
5188,1681,rental_eligible,2025-03-15,35.0,Crossed 12-month threshold -- eligible for rental program
5189,1681,sold,2025-01-09,22.28,Final sale
5190,1682,listed,2024-03-27,150.0,Initial stock entry
5191,1682,rental_eligible,2025-03-27,150.0,Crossed 12-month threshold -- eligible for rental program
5192,1682,sold,2024-10-22,106.03,Final sale
5193,1683,listed,2023-02-03,315.0,Initial stock entry
5194,1683,price_reduced,2023-08-22,236.85,Seasonal markdown to 236.85E
5195,1683,rental_eligible,2024-02-03,315.0,Crossed 12-month threshold -- eligible for rental program
5196,1683,sold,2024-05-19,311.71,Final sale
5197,1684,listed,2022-11-23,260.0,Initial stock entry
5198,1684,rental_eligible,2023-11-23,260.0,Crossed 12-month threshold -- eligible for rental program
5199,1684,sold,2024-09-23,152.46,Final sale
5200,1685,listed,2022-08-31,220.0,Initial stock entry
5201,1685,price_reduced,2023-03-23,157.45,Seasonal markdown to 157.45E
5202,1685,rental_eligible,2023-08-31,220.0,Crossed 12-month threshold -- eligible for rental program
5203,1685,sold,2024-08-11,210.29,Final sale
5204,1686,listed,2024-07-17,95.0,Initial stock entry
5205,1686,price_reduced,2025-03-07,73.29,Seasonal markdown to 73.29E
5206,1686,sold,2025-02-25,81.5,Final sale
5207,1687,listed,2024-01-05,190.0,Initial stock entry
5208,1687,rental_eligible,2025-01-04,190.0,Crossed 12-month threshold -- eligible for rental program
5209,1687,sold,2025-01-26,107.17,Final sale
5210,1688,listed,2022-01-12,235.0,Initial stock entry
5211,1688,rental_eligible,2023-01-12,235.0,Crossed 12-month threshold -- eligible for rental program
5212,1688,sold,2022-11-15,179.37,Final sale
5213,1689,listed,2024-07-24,200.0,Initial stock entry
5214,1689,sold,2024-09-19,147.42,Final sale
5215,1690,listed,2022-07-17,320.0,Initial stock entry
5216,1690,price_reduced,2023-05-06,240.01,Seasonal markdown to 240.01E
5217,1690,rental_eligible,2023-07-17,320.0,Crossed 12-month threshold -- eligible for rental program
5218,1690,sold,2022-11-21,319.67,Final sale
5219,1691,listed,2022-10-16,95.0,Initial stock entry
5220,1691,price_reduced,2023-05-06,79.19,Seasonal markdown to 79.19E
5221,1691,rental_eligible,2023-10-16,95.0,Crossed 12-month threshold -- eligible for rental program
5222,1691,sold,2025-03-14,72.58,Final sale
5223,1692,listed,2023-06-30,300.0,Initial stock entry
5224,1692,rental_eligible,2024-06-29,300.0,Crossed 12-month threshold -- eligible for rental program
5225,1692,sold,2024-01-16,267.74,Final sale
5226,1693,listed,2022-09-16,315.0,Initial stock entry
5227,1693,price_reduced,2023-04-09,231.45,Seasonal markdown to 231.45E
5228,1693,rental_eligible,2023-09-16,315.0,Crossed 12-month threshold -- eligible for rental program
5229,1693,sold,2023-12-24,177.32,Final sale
5230,1694,listed,2024-03-28,45.0,Initial stock entry
5231,1694,price_reduced,2024-10-24,36.1,Seasonal markdown to 36.1E
5232,1694,rental_eligible,2025-03-28,45.0,Crossed 12-month threshold -- eligible for rental program
5233,1694,sold,2025-03-28,33.7,Final sale
5234,1695,listed,2024-08-20,130.0,Initial stock entry
5235,1695,price_reduced,2025-03-06,107.16,Seasonal markdown to 107.16E
5236,1695,sold,2024-10-04,96.3,Final sale
5237,1696,listed,2024-11-24,220.0,Initial stock entry
5238,1697,listed,2024-02-04,175.0,Initial stock entry
5239,1697,price_reduced,2025-01-03,151.63,Seasonal markdown to 151.63E
5240,1697,rental_eligible,2025-02-03,175.0,Crossed 12-month threshold -- eligible for rental program
5241,1697,sold,2024-07-06,97.84,Final sale
5242,1698,listed,2022-12-31,390.0,Initial stock entry
5243,1698,rental_eligible,2023-12-31,390.0,Crossed 12-month threshold -- eligible for rental program
5244,1698,sold,2024-10-24,319.4,Final sale
5245,1699,listed,2024-06-21,380.0,Initial stock entry
5246,1699,sold,2025-03-01,336.35,Final sale
5247,1700,listed,2022-01-31,145.0,Initial stock entry
5248,1700,rental_eligible,2023-01-31,145.0,Crossed 12-month threshold -- eligible for rental program
5249,1700,sold,2023-11-28,101.65,Final sale
5250,1701,listed,2024-08-17,3300.0,Initial stock entry
5251,1702,listed,2022-08-25,4790.0,Initial stock entry
5252,1702,rental_eligible,2023-08-25,4790.0,Crossed 12-month threshold -- eligible for rental program
5253,1702,sold,2025-01-12,3906.62,Final sale
5254,1703,listed,2022-05-25,595.0,Initial stock entry
5255,1703,price_reduced,2022-12-23,525.31,Seasonal markdown to 525.31E
5256,1703,rental_eligible,2023-05-25,595.0,Crossed 12-month threshold -- eligible for rental program
5257,1703,sold,2024-06-13,520.99,Final sale
5258,1704,listed,2024-08-17,1080.0,Initial stock entry
5259,1705,listed,2023-07-14,2145.0,Initial stock entry
5260,1705,rental_eligible,2024-07-13,2145.0,Crossed 12-month threshold -- eligible for rental program
5261,1705,sold,2023-11-23,2094.46,Final sale
5262,1706,listed,2023-05-30,3645.0,Initial stock entry
5263,1706,rental_eligible,2024-05-29,3645.0,Crossed 12-month threshold -- eligible for rental program
5264,1706,sold,2024-02-04,2464.67,Final sale
5265,1707,listed,2023-09-03,4910.0,Initial stock entry
5266,1707,price_reduced,2024-07-14,4340.2,Seasonal markdown to 4340.2E
5267,1707,rental_eligible,2024-09-02,4910.0,Crossed 12-month threshold -- eligible for rental program
5268,1707,sold,2025-03-29,4815.59,Final sale
5269,1708,listed,2024-03-16,3580.0,Initial stock entry
5270,1708,price_reduced,2024-12-09,3114.75,Seasonal markdown to 3114.75E
5271,1708,rental_eligible,2025-03-16,3580.0,Crossed 12-month threshold -- eligible for rental program
5272,1709,listed,2022-03-11,4155.0,Initial stock entry
5273,1709,price_reduced,2022-11-20,3448.83,Seasonal markdown to 3448.83E
5274,1709,rental_eligible,2023-03-11,4155.0,Crossed 12-month threshold -- eligible for rental program
5275,1709,sold,2022-08-05,2556.83,Final sale
5276,1710,listed,2022-06-20,1320.0,Initial stock entry
5277,1710,rental_eligible,2023-06-20,1320.0,Crossed 12-month threshold -- eligible for rental program
5278,1710,sold,2023-03-25,964.04,Final sale
5279,1711,listed,2024-03-07,2335.0,Initial stock entry
5280,1711,price_reduced,2025-02-23,1702.1,Seasonal markdown to 1702.1E
5281,1711,rental_eligible,2025-03-07,2335.0,Crossed 12-month threshold -- eligible for rental program
5282,1712,listed,2022-06-20,4675.0,Initial stock entry
5283,1712,price_reduced,2023-02-15,3372.61,Seasonal markdown to 3372.61E
5284,1712,rental_eligible,2023-06-20,4675.0,Crossed 12-month threshold -- eligible for rental program
5285,1712,sold,2023-04-07,2850.03,Final sale
5286,1713,listed,2022-01-22,4815.0,Initial stock entry
5287,1713,price_reduced,2022-10-23,3795.73,Seasonal markdown to 3795.73E
5288,1713,rental_eligible,2023-01-22,4815.0,Crossed 12-month threshold -- eligible for rental program
5289,1713,sold,2024-10-03,3048.68,Final sale
5290,1714,listed,2023-06-16,1865.0,Initial stock entry
5291,1714,rental_eligible,2024-06-15,1865.0,Crossed 12-month threshold -- eligible for rental program
5292,1714,sold,2023-11-05,1628.61,Final sale
5293,1715,listed,2022-09-22,3580.0,Initial stock entry
5294,1715,price_reduced,2023-03-27,3041.92,Seasonal markdown to 3041.92E
5295,1715,rental_eligible,2023-09-22,3580.0,Crossed 12-month threshold -- eligible for rental program
5296,1715,sold,2024-07-26,2385.86,Final sale
5297,1716,listed,2023-08-13,4915.0,Initial stock entry
5298,1716,rental_eligible,2024-08-12,4915.0,Crossed 12-month threshold -- eligible for rental program
5299,1716,sold,2025-02-26,4585.09,Final sale
5300,1717,listed,2023-03-16,4700.0,Initial stock entry
5301,1717,price_reduced,2023-11-27,3523.81,Seasonal markdown to 3523.81E
5302,1717,rental_eligible,2024-03-15,4700.0,Crossed 12-month threshold -- eligible for rental program
5303,1717,sold,2025-01-03,3372.86,Final sale
5304,1718,listed,2023-03-30,4565.0,Initial stock entry
5305,1718,rental_eligible,2024-03-29,4565.0,Crossed 12-month threshold -- eligible for rental program
5306,1718,sold,2023-07-24,4332.05,Final sale
5307,1719,listed,2024-03-05,420.0,Initial stock entry
5308,1719,rental_eligible,2025-03-05,420.0,Crossed 12-month threshold -- eligible for rental program
5309,1719,sold,2024-06-23,356.59,Final sale
5310,1720,listed,2022-05-01,4585.0,Initial stock entry
5311,1720,rental_eligible,2023-05-01,4585.0,Crossed 12-month threshold -- eligible for rental program
5312,1720,sold,2025-02-14,2766.66,Final sale
5313,1721,listed,2022-09-14,2605.0,Initial stock entry
5314,1721,rental_eligible,2023-09-14,2605.0,Crossed 12-month threshold -- eligible for rental program
5315,1721,sold,2023-09-07,1451.27,Final sale
5316,1722,listed,2024-02-12,2555.0,Initial stock entry
5317,1722,price_reduced,2025-01-06,1847.11,Seasonal markdown to 1847.11E
5318,1722,rental_eligible,2025-02-11,2555.0,Crossed 12-month threshold -- eligible for rental program
5319,1722,sold,2025-02-20,2481.56,Final sale
5320,1723,listed,2023-10-04,4930.0,Initial stock entry
5321,1723,rental_eligible,2024-10-03,4930.0,Crossed 12-month threshold -- eligible for rental program
5322,1723,sold,2024-12-06,4715.36,Final sale
5323,1724,listed,2023-01-18,495.0,Initial stock entry
5324,1724,rental_eligible,2024-01-18,495.0,Crossed 12-month threshold -- eligible for rental program
5325,1724,sold,2023-04-23,474.89,Final sale
5326,1725,listed,2022-03-23,3980.0,Initial stock entry
5327,1725,price_reduced,2022-10-30,3191.35,Seasonal markdown to 3191.35E
5328,1725,rental_eligible,2023-03-23,3980.0,Crossed 12-month threshold -- eligible for rental program
5329,1725,sold,2024-09-13,2441.99,Final sale
5330,1726,listed,2022-11-07,1365.0,Initial stock entry
5331,1726,rental_eligible,2023-11-07,1365.0,Crossed 12-month threshold -- eligible for rental program
5332,1726,sold,2025-01-06,783.66,Final sale
5333,1727,listed,2024-07-23,3455.0,Initial stock entry
5334,1727,sold,2024-10-19,3175.3,Final sale
5335,1728,listed,2024-05-17,3050.0,Initial stock entry
5336,1728,price_reduced,2024-11-25,2497.16,Seasonal markdown to 2497.16E
5337,1729,listed,2024-01-28,880.0,Initial stock entry
5338,1729,price_reduced,2024-12-18,774.38,Seasonal markdown to 774.38E
5339,1729,rental_eligible,2025-01-27,880.0,Crossed 12-month threshold -- eligible for rental program
5340,1729,sold,2025-04-04,611.62,Final sale
5341,1730,listed,2022-08-23,4555.0,Initial stock entry
5342,1730,price_reduced,2023-06-16,3584.92,Seasonal markdown to 3584.92E
5343,1730,rental_eligible,2023-08-23,4555.0,Crossed 12-month threshold -- eligible for rental program
5344,1731,listed,2022-12-17,1005.0,Initial stock entry
5345,1731,rental_eligible,2023-12-17,1005.0,Crossed 12-month threshold -- eligible for rental program
5346,1731,sold,2025-03-17,564.92,Final sale
5347,1732,listed,2022-08-18,710.0,Initial stock entry
5348,1732,price_reduced,2023-06-25,593.91,Seasonal markdown to 593.91E
5349,1732,rental_eligible,2023-08-18,710.0,Crossed 12-month threshold -- eligible for rental program
5350,1732,sold,2024-01-29,390.81,Final sale
5351,1733,listed,2024-08-07,4425.0,Initial stock entry
5352,1733,sold,2024-12-03,4127.19,Final sale
5353,1734,listed,2023-11-27,3800.0,Initial stock entry
5354,1734,rental_eligible,2024-11-26,3800.0,Crossed 12-month threshold -- eligible for rental program
5355,1734,sold,2025-03-01,3336.58,Final sale
5356,1735,listed,2024-09-09,2640.0,Initial stock entry
5357,1736,listed,2022-11-29,3820.0,Initial stock entry
5358,1736,price_reduced,2023-07-17,2717.15,Seasonal markdown to 2717.15E
5359,1736,rental_eligible,2023-11-29,3820.0,Crossed 12-month threshold -- eligible for rental program
5360,1736,sold,2023-10-05,2647.29,Final sale
5361,1737,listed,2022-05-02,4735.0,Initial stock entry
5362,1737,price_reduced,2022-12-13,3320.07,Seasonal markdown to 3320.07E
5363,1737,rental_eligible,2023-05-02,4735.0,Crossed 12-month threshold -- eligible for rental program
5364,1737,sold,2024-07-12,4186.12,Final sale
5365,1738,listed,2024-01-08,515.0,Initial stock entry
5366,1738,rental_eligible,2025-01-07,515.0,Crossed 12-month threshold -- eligible for rental program
5367,1738,sold,2024-11-19,397.82,Final sale
5368,1739,listed,2023-07-22,4895.0,Initial stock entry
5369,1739,rental_eligible,2024-07-21,4895.0,Crossed 12-month threshold -- eligible for rental program
5370,1739,sold,2024-03-26,4332.81,Final sale
5371,1740,listed,2024-02-03,695.0,Initial stock entry
5372,1740,price_reduced,2024-10-28,608.89,Seasonal markdown to 608.89E
5373,1740,rental_eligible,2025-02-02,695.0,Crossed 12-month threshold -- eligible for rental program
5374,1740,rented_out,2025-02-13,695.0,Assigned to rental program
5375,1741,listed,2022-04-28,1145.0,Initial stock entry
5376,1741,rental_eligible,2023-04-28,1145.0,Crossed 12-month threshold -- eligible for rental program
5377,1741,sold,2025-03-23,835.73,Final sale
5378,1742,listed,2022-09-28,2780.0,Initial stock entry
5379,1742,rental_eligible,2023-09-28,2780.0,Crossed 12-month threshold -- eligible for rental program
5380,1742,sold,2022-12-15,1826.41,Final sale
5381,1743,listed,2022-03-25,4350.0,Initial stock entry
5382,1743,rental_eligible,2023-03-25,4350.0,Crossed 12-month threshold -- eligible for rental program
5383,1743,sold,2023-11-02,2409.16,Final sale
5384,1744,listed,2024-03-03,520.0,Initial stock entry
5385,1744,rental_eligible,2025-03-03,520.0,Crossed 12-month threshold -- eligible for rental program
5386,1745,listed,2024-01-25,2145.0,Initial stock entry
5387,1745,rental_eligible,2025-01-24,2145.0,Crossed 12-month threshold -- eligible for rental program
5388,1745,sold,2024-07-12,1573.66,Final sale
5389,1746,listed,2024-01-12,4060.0,Initial stock entry
5390,1746,rental_eligible,2025-01-11,4060.0,Crossed 12-month threshold -- eligible for rental program
5391,1746,sold,2025-01-23,2868.77,Final sale
5392,1747,listed,2023-02-07,2080.0,Initial stock entry
5393,1747,rental_eligible,2024-02-07,2080.0,Crossed 12-month threshold -- eligible for rental program
5394,1747,sold,2024-09-08,1809.48,Final sale
5395,1748,listed,2024-07-18,2010.0,Initial stock entry
5396,1748,price_reduced,2025-03-05,1577.43,Seasonal markdown to 1577.43E
5397,1749,listed,2024-04-21,1425.0,Initial stock entry
5398,1749,sold,2024-06-12,832.18,Final sale
5399,1750,listed,2022-03-22,4280.0,Initial stock entry
5400,1750,price_reduced,2023-02-05,3565.27,Seasonal markdown to 3565.27E
5401,1750,rental_eligible,2023-03-22,4280.0,Crossed 12-month threshold -- eligible for rental program
5402,1750,sold,2024-10-21,2686.28,Final sale
5403,1751,listed,2024-02-18,3615.0,Initial stock entry
5404,1751,price_reduced,2024-11-04,2602.89,Seasonal markdown to 2602.89E
5405,1751,rental_eligible,2025-02-17,3615.0,Crossed 12-month threshold -- eligible for rental program
5406,1751,sold,2024-07-22,2445.07,Final sale
5407,1752,listed,2024-01-19,1095.0,Initial stock entry
5408,1752,price_reduced,2024-12-03,834.5,Seasonal markdown to 834.5E
5409,1752,rental_eligible,2025-01-18,1095.0,Crossed 12-month threshold -- eligible for rental program
5410,1752,sold,2024-05-04,603.69,Final sale
5411,1753,listed,2023-05-09,365.0,Initial stock entry
5412,1753,price_reduced,2024-04-21,295.42,Seasonal markdown to 295.42E
5413,1753,rental_eligible,2024-05-08,365.0,Crossed 12-month threshold -- eligible for rental program
5414,1753,sold,2024-06-12,331.51,Final sale
5415,1754,listed,2024-08-14,1480.0,Initial stock entry
5416,1754,price_reduced,2025-03-06,1198.85,Seasonal markdown to 1198.85E
5417,1754,sold,2024-11-02,1270.3,Final sale
5418,1755,listed,2023-11-19,4725.0,Initial stock entry
5419,1755,price_reduced,2024-11-05,3672.97,Seasonal markdown to 3672.97E
5420,1755,rental_eligible,2024-11-18,4725.0,Crossed 12-month threshold -- eligible for rental program
5421,1755,sold,2024-02-19,4137.44,Final sale
5422,1756,listed,2024-10-26,3055.0,Initial stock entry
5423,1757,listed,2022-01-17,305.0,Initial stock entry
5424,1757,rental_eligible,2023-01-17,305.0,Crossed 12-month threshold -- eligible for rental program
5425,1757,sold,2023-05-17,224.75,Final sale
5426,1758,listed,2024-01-31,3975.0,Initial stock entry
5427,1758,price_reduced,2024-12-13,3231.95,Seasonal markdown to 3231.95E
5428,1758,rental_eligible,2025-01-30,3975.0,Crossed 12-month threshold -- eligible for rental program
5429,1758,rented_out,2025-03-14,3975.0,Assigned to rental program
5430,1759,listed,2022-09-01,1965.0,Initial stock entry
5431,1759,rental_eligible,2023-09-01,1965.0,Crossed 12-month threshold -- eligible for rental program
5432,1759,sold,2024-07-26,1910.54,Final sale
5433,1760,listed,2022-11-19,4005.0,Initial stock entry
5434,1760,rental_eligible,2023-11-19,4005.0,Crossed 12-month threshold -- eligible for rental program
5435,1760,sold,2023-08-27,3533.31,Final sale
5436,1761,listed,2024-07-26,3355.0,Initial stock entry
5437,1762,listed,2022-09-04,880.0,Initial stock entry
5438,1762,rental_eligible,2023-09-04,880.0,Crossed 12-month threshold -- eligible for rental program
5439,1762,sold,2024-03-09,718.63,Final sale
5440,1763,listed,2023-07-27,4850.0,Initial stock entry
5441,1763,price_reduced,2024-05-26,3810.56,Seasonal markdown to 3810.56E
5442,1763,rental_eligible,2024-07-26,4850.0,Crossed 12-month threshold -- eligible for rental program
5443,1763,sold,2024-03-01,2768.27,Final sale
5444,1764,listed,2022-12-02,3285.0,Initial stock entry
5445,1764,price_reduced,2023-07-03,2352.58,Seasonal markdown to 2352.58E
5446,1764,rental_eligible,2023-12-02,3285.0,Crossed 12-month threshold -- eligible for rental program
5447,1764,sold,2024-12-16,2867.06,Final sale
5448,1765,listed,2022-09-28,2420.0,Initial stock entry
5449,1765,rental_eligible,2023-09-28,2420.0,Crossed 12-month threshold -- eligible for rental program
5450,1765,sold,2024-02-25,2325.61,Final sale
5451,1766,listed,2022-05-07,1535.0,Initial stock entry
5452,1766,rental_eligible,2023-05-07,1535.0,Crossed 12-month threshold -- eligible for rental program
5453,1766,sold,2024-11-10,1011.03,Final sale
5454,1767,listed,2022-04-04,3360.0,Initial stock entry
5455,1767,rental_eligible,2023-04-04,3360.0,Crossed 12-month threshold -- eligible for rental program
5456,1768,listed,2023-02-04,4265.0,Initial stock entry
5457,1768,rental_eligible,2024-02-04,4265.0,Crossed 12-month threshold -- eligible for rental program
5458,1768,sold,2023-04-03,3870.51,Final sale
5459,1769,listed,2022-06-27,3210.0,Initial stock entry
5460,1769,rental_eligible,2023-06-27,3210.0,Crossed 12-month threshold -- eligible for rental program
5461,1769,sold,2024-12-01,2641.81,Final sale
5462,1770,listed,2024-03-11,940.0,Initial stock entry
5463,1770,price_reduced,2024-11-01,744.25,Seasonal markdown to 744.25E
5464,1770,rental_eligible,2025-03-11,940.0,Crossed 12-month threshold -- eligible for rental program
5465,1770,sold,2025-01-05,674.07,Final sale
5466,1771,listed,2023-12-23,4840.0,Initial stock entry
5467,1771,rental_eligible,2024-12-22,4840.0,Crossed 12-month threshold -- eligible for rental program
5468,1771,sold,2025-02-24,3934.26,Final sale
5469,1772,listed,2022-12-23,1110.0,Initial stock entry
5470,1772,price_reduced,2023-08-27,954.28,Seasonal markdown to 954.28E
5471,1772,rental_eligible,2023-12-23,1110.0,Crossed 12-month threshold -- eligible for rental program
5472,1773,listed,2022-03-13,1880.0,Initial stock entry
5473,1773,price_reduced,2022-11-14,1667.46,Seasonal markdown to 1667.46E
5474,1773,rental_eligible,2023-03-13,1880.0,Crossed 12-month threshold -- eligible for rental program
5475,1773,sold,2024-08-19,1546.26,Final sale
5476,1774,listed,2022-09-05,2590.0,Initial stock entry
5477,1774,price_reduced,2023-06-13,1991.25,Seasonal markdown to 1991.25E
5478,1774,rental_eligible,2023-09-05,2590.0,Crossed 12-month threshold -- eligible for rental program
5479,1774,sold,2023-11-07,2383.36,Final sale
5480,1775,listed,2023-04-01,680.0,Initial stock entry
5481,1775,rental_eligible,2024-03-31,680.0,Crossed 12-month threshold -- eligible for rental program
5482,1775,sold,2024-08-07,504.9,Final sale
5483,1776,listed,2024-04-04,1440.0,Initial stock entry
5484,1776,price_reduced,2025-01-21,1136.49,Seasonal markdown to 1136.49E
5485,1776,rental_eligible,2025-04-04,1440.0,Crossed 12-month threshold -- eligible for rental program
5486,1776,sold,2024-07-02,1237.89,Final sale
5487,1777,listed,2022-10-18,4915.0,Initial stock entry
5488,1777,rental_eligible,2023-10-18,4915.0,Crossed 12-month threshold -- eligible for rental program
5489,1777,sold,2024-04-12,3621.73,Final sale
5490,1778,listed,2022-11-12,3415.0,Initial stock entry
5491,1778,price_reduced,2023-08-27,2554.77,Seasonal markdown to 2554.77E
5492,1778,rental_eligible,2023-11-12,3415.0,Crossed 12-month threshold -- eligible for rental program
5493,1778,sold,2023-12-09,2494.17,Final sale
5494,1779,listed,2023-11-23,3165.0,Initial stock entry
5495,1779,price_reduced,2024-08-31,2699.69,Seasonal markdown to 2699.69E
5496,1779,rental_eligible,2024-11-22,3165.0,Crossed 12-month threshold -- eligible for rental program
5497,1779,sold,2024-07-05,3056.28,Final sale
5498,1780,listed,2024-10-04,1500.0,Initial stock entry
5499,1780,sold,2025-02-23,1192.13,Final sale
5500,1781,listed,2023-10-26,3335.0,Initial stock entry
5501,1781,rental_eligible,2024-10-25,3335.0,Crossed 12-month threshold -- eligible for rental program
5502,1781,sold,2024-06-02,2379.71,Final sale
5503,1782,listed,2023-04-15,3385.0,Initial stock entry
5504,1782,price_reduced,2023-11-06,2501.92,Seasonal markdown to 2501.92E
5505,1782,rental_eligible,2024-04-14,3385.0,Crossed 12-month threshold -- eligible for rental program
5506,1782,sold,2024-11-02,2589.6,Final sale
5507,1783,listed,2023-10-15,415.0,Initial stock entry
5508,1783,price_reduced,2024-04-23,304.27,Seasonal markdown to 304.27E
5509,1783,rental_eligible,2024-10-14,415.0,Crossed 12-month threshold -- eligible for rental program
5510,1783,sold,2024-01-24,268.85,Final sale
5511,1784,listed,2023-12-02,2915.0,Initial stock entry
5512,1784,rental_eligible,2024-12-01,2915.0,Crossed 12-month threshold -- eligible for rental program
5513,1784,sold,2025-01-02,2602.05,Final sale
5514,1785,listed,2024-10-14,2365.0,Initial stock entry
5515,1786,listed,2022-01-31,960.0,Initial stock entry
5516,1786,price_reduced,2022-11-04,856.59,Seasonal markdown to 856.59E
5517,1786,rental_eligible,2023-01-31,960.0,Crossed 12-month threshold -- eligible for rental program
5518,1786,sold,2023-11-10,656.36,Final sale
5519,1787,listed,2024-05-30,2945.0,Initial stock entry
5520,1787,price_reduced,2025-01-13,2165.11,Seasonal markdown to 2165.11E
5521,1787,sold,2025-02-01,1891.15,Final sale
5522,1788,listed,2022-06-01,2475.0,Initial stock entry
5523,1788,price_reduced,2023-02-11,2203.46,Seasonal markdown to 2203.46E
5524,1788,rental_eligible,2023-06-01,2475.0,Crossed 12-month threshold -- eligible for rental program
5525,1788,sold,2022-10-22,1441.01,Final sale
5526,1789,listed,2022-02-27,3440.0,Initial stock entry
5527,1789,rental_eligible,2023-02-27,3440.0,Crossed 12-month threshold -- eligible for rental program
5528,1789,sold,2022-10-13,2951.14,Final sale
5529,1790,listed,2023-09-25,3485.0,Initial stock entry
5530,1790,price_reduced,2024-09-10,2510.78,Seasonal markdown to 2510.78E
5531,1790,rental_eligible,2024-09-24,3485.0,Crossed 12-month threshold -- eligible for rental program
5532,1791,listed,2022-09-13,1070.0,Initial stock entry
5533,1791,price_reduced,2023-07-20,797.53,Seasonal markdown to 797.53E
5534,1791,rental_eligible,2023-09-13,1070.0,Crossed 12-month threshold -- eligible for rental program
5535,1791,sold,2024-06-19,779.55,Final sale
5536,1792,listed,2023-08-03,2015.0,Initial stock entry
5537,1792,rental_eligible,2024-08-02,2015.0,Crossed 12-month threshold -- eligible for rental program
5538,1792,sold,2024-11-06,1296.14,Final sale
5539,1793,listed,2024-03-21,2895.0,Initial stock entry
5540,1793,rental_eligible,2025-03-21,2895.0,Crossed 12-month threshold -- eligible for rental program
5541,1793,sold,2024-09-01,2216.52,Final sale
5542,1794,listed,2023-09-26,2360.0,Initial stock entry
5543,1794,rental_eligible,2024-09-25,2360.0,Crossed 12-month threshold -- eligible for rental program
5544,1794,sold,2024-11-26,1630.61,Final sale
5545,1795,listed,2023-12-24,2150.0,Initial stock entry
5546,1795,rental_eligible,2024-12-23,2150.0,Crossed 12-month threshold -- eligible for rental program
5547,1795,sold,2024-11-07,1557.41,Final sale
5548,1796,listed,2024-08-09,1095.0,Initial stock entry
5549,1796,sold,2025-01-09,1059.02,Final sale
5550,1797,listed,2024-01-30,1185.0,Initial stock entry
5551,1797,price_reduced,2024-12-16,961.92,Seasonal markdown to 961.92E
5552,1797,rental_eligible,2025-01-29,1185.0,Crossed 12-month threshold -- eligible for rental program
5553,1797,sold,2024-06-26,653.34,Final sale
5554,1798,listed,2023-02-27,2185.0,Initial stock entry
5555,1798,price_reduced,2023-10-21,1742.07,Seasonal markdown to 1742.07E
5556,1798,rental_eligible,2024-02-27,2185.0,Crossed 12-month threshold -- eligible for rental program
5557,1798,sold,2024-12-05,2106.87,Final sale
5558,1799,listed,2024-03-16,3865.0,Initial stock entry
5559,1799,price_reduced,2024-11-09,3238.94,Seasonal markdown to 3238.94E
5560,1799,rental_eligible,2025-03-16,3865.0,Crossed 12-month threshold -- eligible for rental program
5561,1800,listed,2022-05-30,1435.0,Initial stock entry
5562,1800,price_reduced,2023-02-22,1170.0,Seasonal markdown to 1170.0E
5563,1800,rental_eligible,2023-05-30,1435.0,Crossed 12-month threshold -- eligible for rental program
5564,1800,sold,2022-12-31,1271.51,Final sale
5565,1801,listed,2023-07-07,1565.0,Initial stock entry
5566,1801,price_reduced,2024-07-01,1404.69,Seasonal markdown to 1404.69E
5567,1801,rental_eligible,2024-07-06,1565.0,Crossed 12-month threshold -- eligible for rental program
5568,1802,listed,2022-09-20,2600.0,Initial stock entry
5569,1802,rental_eligible,2023-09-20,2600.0,Crossed 12-month threshold -- eligible for rental program
5570,1802,sold,2024-08-27,2183.3,Final sale
5571,1803,listed,2024-07-01,235.0,Initial stock entry
5572,1803,sold,2024-08-14,169.78,Final sale
5573,1804,listed,2023-01-30,2690.0,Initial stock entry
5574,1804,rental_eligible,2024-01-30,2690.0,Crossed 12-month threshold -- eligible for rental program
5575,1804,sold,2023-12-12,1557.47,Final sale
5576,1805,listed,2023-07-24,405.0,Initial stock entry
5577,1805,rental_eligible,2024-07-23,405.0,Crossed 12-month threshold -- eligible for rental program
5578,1805,sold,2023-10-13,291.48,Final sale
5579,1806,listed,2023-12-30,880.0,Initial stock entry
5580,1806,rental_eligible,2024-12-29,880.0,Crossed 12-month threshold -- eligible for rental program
5581,1806,sold,2024-04-12,713.29,Final sale
5582,1807,listed,2023-11-09,2080.0,Initial stock entry
5583,1807,price_reduced,2024-08-30,1526.86,Seasonal markdown to 1526.86E
5584,1807,rental_eligible,2024-11-08,2080.0,Crossed 12-month threshold -- eligible for rental program
5585,1807,sold,2024-08-27,1290.84,Final sale
5586,1808,listed,2024-01-09,530.0,Initial stock entry
5587,1808,rental_eligible,2025-01-08,530.0,Crossed 12-month threshold -- eligible for rental program
5588,1808,sold,2024-10-30,337.43,Final sale
5589,1809,listed,2024-01-30,4685.0,Initial stock entry
5590,1809,price_reduced,2024-08-26,3697.73,Seasonal markdown to 3697.73E
5591,1809,rental_eligible,2025-01-29,4685.0,Crossed 12-month threshold -- eligible for rental program
5592,1809,sold,2024-12-23,4205.75,Final sale
5593,1810,listed,2024-07-25,1135.0,Initial stock entry
5594,1811,listed,2024-05-01,3625.0,Initial stock entry
5595,1811,sold,2025-01-31,2539.67,Final sale
5596,1812,listed,2022-04-13,1545.0,Initial stock entry
5597,1812,rental_eligible,2023-04-13,1545.0,Crossed 12-month threshold -- eligible for rental program
5598,1812,sold,2023-10-11,1428.64,Final sale
5599,1813,listed,2023-09-11,4970.0,Initial stock entry
5600,1813,rental_eligible,2024-09-10,4970.0,Crossed 12-month threshold -- eligible for rental program
5601,1814,listed,2023-07-29,3125.0,Initial stock entry
5602,1814,price_reduced,2024-06-30,2468.0,Seasonal markdown to 2468.0E
5603,1814,rental_eligible,2024-07-28,3125.0,Crossed 12-month threshold -- eligible for rental program
5604,1814,sold,2023-10-25,2162.74,Final sale
5605,1815,listed,2023-04-24,4970.0,Initial stock entry
5606,1815,rental_eligible,2024-04-23,4970.0,Crossed 12-month threshold -- eligible for rental program
5607,1815,sold,2023-10-09,2971.59,Final sale
5608,1816,listed,2023-03-26,1300.0,Initial stock entry
5609,1816,price_reduced,2023-12-02,1052.03,Seasonal markdown to 1052.03E
5610,1816,rental_eligible,2024-03-25,1300.0,Crossed 12-month threshold -- eligible for rental program
5611,1816,sold,2024-06-17,1177.46,Final sale
5612,1817,listed,2024-06-15,4115.0,Initial stock entry
5613,1817,sold,2025-01-13,3220.2,Final sale
5614,1818,listed,2022-04-25,1975.0,Initial stock entry
5615,1818,price_reduced,2023-03-29,1593.64,Seasonal markdown to 1593.64E
5616,1818,rental_eligible,2023-04-25,1975.0,Crossed 12-month threshold -- eligible for rental program
5617,1818,sold,2022-12-19,1970.47,Final sale
5618,1819,listed,2022-09-27,1500.0,Initial stock entry
5619,1819,rental_eligible,2023-09-27,1500.0,Crossed 12-month threshold -- eligible for rental program
5620,1819,sold,2022-11-05,1117.05,Final sale
5621,1820,listed,2022-09-29,4795.0,Initial stock entry
5622,1820,rental_eligible,2023-09-29,4795.0,Crossed 12-month threshold -- eligible for rental program
5623,1820,sold,2024-08-06,4365.15,Final sale
5624,1821,listed,2024-09-02,4800.0,Initial stock entry
5625,1821,sold,2025-03-31,3316.91,Final sale
5626,1822,listed,2023-06-25,1075.0,Initial stock entry
5627,1822,rental_eligible,2024-06-24,1075.0,Crossed 12-month threshold -- eligible for rental program
5628,1822,sold,2023-10-29,1071.69,Final sale
5629,1823,listed,2022-10-31,2450.0,Initial stock entry
5630,1823,price_reduced,2023-05-23,1797.4,Seasonal markdown to 1797.4E
5631,1823,rental_eligible,2023-10-31,2450.0,Crossed 12-month threshold -- eligible for rental program
5632,1823,sold,2024-03-16,2429.13,Final sale
5633,1824,listed,2023-08-01,3840.0,Initial stock entry
5634,1824,price_reduced,2024-04-27,3032.55,Seasonal markdown to 3032.55E
5635,1824,rental_eligible,2024-07-31,3840.0,Crossed 12-month threshold -- eligible for rental program
5636,1824,sold,2024-02-29,3399.09,Final sale
5637,1825,listed,2023-01-17,565.0,Initial stock entry
5638,1825,rental_eligible,2024-01-17,565.0,Crossed 12-month threshold -- eligible for rental program
5639,1825,sold,2023-06-01,417.17,Final sale
5640,1826,listed,2024-05-01,3545.0,Initial stock entry
5641,1826,price_reduced,2025-02-10,2636.0,Seasonal markdown to 2636.0E
5642,1826,sold,2025-03-14,2758.73,Final sale
5643,1827,listed,2023-05-31,1890.0,Initial stock entry
5644,1827,price_reduced,2024-01-20,1521.66,Seasonal markdown to 1521.66E
5645,1827,rental_eligible,2024-05-30,1890.0,Crossed 12-month threshold -- eligible for rental program
5646,1827,sold,2025-02-23,1590.85,Final sale
5647,1828,listed,2024-03-05,4545.0,Initial stock entry
5648,1828,rental_eligible,2025-03-05,4545.0,Crossed 12-month threshold -- eligible for rental program
5649,1828,rented_out,2025-03-09,4545.0,Assigned to rental program
5650,1829,listed,2022-12-27,740.0,Initial stock entry
5651,1829,price_reduced,2023-08-06,621.26,Seasonal markdown to 621.26E
5652,1829,rental_eligible,2023-12-27,740.0,Crossed 12-month threshold -- eligible for rental program
5653,1829,sold,2023-05-22,661.28,Final sale
5654,1830,listed,2023-02-19,4120.0,Initial stock entry
5655,1830,rental_eligible,2024-02-19,4120.0,Crossed 12-month threshold -- eligible for rental program
5656,1830,sold,2023-04-03,3192.24,Final sale
5657,1831,listed,2023-11-09,2985.0,Initial stock entry
5658,1831,rental_eligible,2024-11-08,2985.0,Crossed 12-month threshold -- eligible for rental program
5659,1831,sold,2024-08-17,2109.28,Final sale
5660,1832,listed,2022-05-27,3485.0,Initial stock entry
5661,1832,rental_eligible,2023-05-27,3485.0,Crossed 12-month threshold -- eligible for rental program
5662,1832,sold,2024-06-07,2186.08,Final sale
5663,1833,listed,2023-03-05,3245.0,Initial stock entry
5664,1833,price_reduced,2024-02-24,2397.71,Seasonal markdown to 2397.71E
5665,1833,rental_eligible,2024-03-04,3245.0,Crossed 12-month threshold -- eligible for rental program
5666,1833,sold,2023-08-05,2956.35,Final sale
5667,1834,listed,2022-11-24,4015.0,Initial stock entry
5668,1834,price_reduced,2023-09-20,3303.48,Seasonal markdown to 3303.48E
5669,1834,rental_eligible,2023-11-24,4015.0,Crossed 12-month threshold -- eligible for rental program
5670,1834,sold,2024-06-15,2803.43,Final sale
5671,1835,listed,2022-10-02,4085.0,Initial stock entry
5672,1835,rental_eligible,2023-10-02,4085.0,Crossed 12-month threshold -- eligible for rental program
5673,1835,sold,2024-12-12,3805.37,Final sale
5674,1836,listed,2024-04-20,4350.0,Initial stock entry
5675,1836,price_reduced,2024-10-31,3256.13,Seasonal markdown to 3256.13E
5676,1836,sold,2024-08-11,3569.69,Final sale
5677,1837,listed,2022-11-12,3405.0,Initial stock entry
5678,1837,rental_eligible,2023-11-12,3405.0,Crossed 12-month threshold -- eligible for rental program
5679,1837,sold,2023-12-27,2663.22,Final sale
5680,1838,listed,2024-11-19,3385.0,Initial stock entry
5681,1839,listed,2022-03-24,3850.0,Initial stock entry
5682,1839,price_reduced,2022-11-16,2958.14,Seasonal markdown to 2958.14E
5683,1839,rental_eligible,2023-03-24,3850.0,Crossed 12-month threshold -- eligible for rental program
5684,1839,sold,2024-09-01,3683.34,Final sale
5685,1840,listed,2022-06-06,4175.0,Initial stock entry
5686,1840,rental_eligible,2023-06-06,4175.0,Crossed 12-month threshold -- eligible for rental program
5687,1840,sold,2023-03-03,3573.95,Final sale
5688,1841,listed,2024-04-02,2770.0,Initial stock entry
5689,1841,rental_eligible,2025-04-02,2770.0,Crossed 12-month threshold -- eligible for rental program
5690,1841,sold,2025-02-06,2468.98,Final sale
5691,1842,listed,2023-09-18,1685.0,Initial stock entry
5692,1842,price_reduced,2024-07-17,1466.16,Seasonal markdown to 1466.16E
5693,1842,rental_eligible,2024-09-17,1685.0,Crossed 12-month threshold -- eligible for rental program
5694,1842,sold,2024-05-28,1384.55,Final sale
5695,1843,listed,2023-10-05,2505.0,Initial stock entry
5696,1843,price_reduced,2024-06-23,2142.88,Seasonal markdown to 2142.88E
5697,1843,rental_eligible,2024-10-04,2505.0,Crossed 12-month threshold -- eligible for rental program
5698,1843,sold,2024-10-19,1497.06,Final sale
5699,1844,listed,2023-03-22,3675.0,Initial stock entry
5700,1844,rental_eligible,2024-03-21,3675.0,Crossed 12-month threshold -- eligible for rental program
5701,1844,sold,2023-07-01,3399.86,Final sale
5702,1845,listed,2022-05-11,280.0,Initial stock entry
5703,1845,rental_eligible,2023-05-11,280.0,Crossed 12-month threshold -- eligible for rental program
5704,1845,sold,2023-06-22,194.66,Final sale
5705,1846,listed,2022-08-18,4600.0,Initial stock entry
5706,1846,rental_eligible,2023-08-18,4600.0,Crossed 12-month threshold -- eligible for rental program
5707,1846,sold,2022-11-24,3832.76,Final sale
5708,1847,listed,2022-02-10,1155.0,Initial stock entry
5709,1847,rental_eligible,2023-02-10,1155.0,Crossed 12-month threshold -- eligible for rental program
5710,1847,sold,2023-08-14,1067.72,Final sale
5711,1848,listed,2022-11-27,4695.0,Initial stock entry
5712,1848,rental_eligible,2023-11-27,4695.0,Crossed 12-month threshold -- eligible for rental program
5713,1848,sold,2023-06-28,4493.45,Final sale
5714,1849,listed,2023-01-03,1765.0,Initial stock entry
5715,1849,price_reduced,2023-12-29,1585.48,Seasonal markdown to 1585.48E
5716,1849,rental_eligible,2024-01-03,1765.0,Crossed 12-month threshold -- eligible for rental program
5717,1849,sold,2025-01-25,1119.97,Final sale
5718,1850,listed,2022-12-17,4245.0,Initial stock entry
5719,1850,rental_eligible,2023-12-17,4245.0,Crossed 12-month threshold -- eligible for rental program
5720,1850,sold,2023-05-20,3664.69,Final sale
5721,1851,listed,2023-05-15,3830.0,Initial stock entry
5722,1851,price_reduced,2024-04-05,3139.25,Seasonal markdown to 3139.25E
5723,1851,rental_eligible,2024-05-14,3830.0,Crossed 12-month threshold -- eligible for rental program
5724,1851,sold,2024-06-14,2551.52,Final sale
5725,1852,listed,2024-11-01,3785.0,Initial stock entry
5726,1853,listed,2023-09-17,2280.0,Initial stock entry
5727,1853,rental_eligible,2024-09-16,2280.0,Crossed 12-month threshold -- eligible for rental program
5728,1853,sold,2024-06-30,1580.62,Final sale
5729,1854,listed,2024-11-06,3430.0,Initial stock entry
5730,1855,listed,2024-02-29,2515.0,Initial stock entry
5731,1855,price_reduced,2024-12-04,1869.97,Seasonal markdown to 1869.97E
5732,1855,rental_eligible,2025-02-28,2515.0,Crossed 12-month threshold -- eligible for rental program
5733,1856,listed,2023-05-22,4100.0,Initial stock entry
5734,1856,price_reduced,2024-01-19,2877.12,Seasonal markdown to 2877.12E
5735,1856,rental_eligible,2024-05-21,4100.0,Crossed 12-month threshold -- eligible for rental program
5736,1856,sold,2024-10-14,3357.97,Final sale
5737,1857,listed,2024-05-08,1890.0,Initial stock entry
5738,1858,listed,2022-11-05,4145.0,Initial stock entry
5739,1858,rental_eligible,2023-11-05,4145.0,Crossed 12-month threshold -- eligible for rental program
5740,1858,sold,2025-02-05,4066.53,Final sale
5741,1859,listed,2023-10-25,650.0,Initial stock entry
5742,1859,price_reduced,2024-09-19,510.72,Seasonal markdown to 510.72E
5743,1859,rental_eligible,2024-10-24,650.0,Crossed 12-month threshold -- eligible for rental program
5744,1859,sold,2024-10-27,446.96,Final sale
5745,1860,listed,2022-01-19,3420.0,Initial stock entry
5746,1860,rental_eligible,2023-01-19,3420.0,Crossed 12-month threshold -- eligible for rental program
5747,1860,sold,2025-02-24,2596.35,Final sale
5748,1861,listed,2024-05-16,3160.0,Initial stock entry
5749,1861,sold,2024-07-01,2537.74,Final sale
5750,1862,listed,2024-07-25,3950.0,Initial stock entry
5751,1863,listed,2024-10-29,2640.0,Initial stock entry
5752,1864,listed,2022-08-07,3720.0,Initial stock entry
5753,1864,rental_eligible,2023-08-07,3720.0,Crossed 12-month threshold -- eligible for rental program
5754,1864,sold,2023-03-05,3222.18,Final sale
5755,1865,listed,2024-03-18,3270.0,Initial stock entry
5756,1865,rental_eligible,2025-03-18,3270.0,Crossed 12-month threshold -- eligible for rental program
5757,1866,listed,2022-05-06,1590.0,Initial stock entry
5758,1866,rental_eligible,2023-05-06,1590.0,Crossed 12-month threshold -- eligible for rental program
5759,1866,sold,2023-06-25,1109.63,Final sale
5760,1867,listed,2023-01-25,200.0,Initial stock entry
5761,1867,rental_eligible,2024-01-25,200.0,Crossed 12-month threshold -- eligible for rental program
5762,1867,sold,2023-05-30,147.67,Final sale
5763,1868,listed,2023-04-30,2195.0,Initial stock entry
5764,1868,rental_eligible,2024-04-29,2195.0,Crossed 12-month threshold -- eligible for rental program
5765,1868,sold,2023-08-06,2073.85,Final sale
5766,1869,listed,2024-04-05,3655.0,Initial stock entry
5767,1869,price_reduced,2025-01-30,2698.93,Seasonal markdown to 2698.93E
5768,1869,rental_eligible,2025-04-05,3655.0,Crossed 12-month threshold -- eligible for rental program
5769,1869,sold,2024-12-10,2755.03,Final sale
5770,1870,listed,2023-01-28,1450.0,Initial stock entry
5771,1870,rental_eligible,2024-01-28,1450.0,Crossed 12-month threshold -- eligible for rental program
5772,1870,sold,2023-07-16,876.47,Final sale
5773,1871,listed,2022-11-28,2745.0,Initial stock entry
5774,1871,rental_eligible,2023-11-28,2745.0,Crossed 12-month threshold -- eligible for rental program
5775,1871,sold,2024-12-20,1872.59,Final sale
5776,1872,listed,2023-08-29,1500.0,Initial stock entry
5777,1872,price_reduced,2024-04-11,1141.69,Seasonal markdown to 1141.69E
5778,1872,rental_eligible,2024-08-28,1500.0,Crossed 12-month threshold -- eligible for rental program
5779,1872,sold,2024-03-21,1261.28,Final sale
5780,1873,listed,2024-03-31,2880.0,Initial stock entry
5781,1873,rental_eligible,2025-03-31,2880.0,Crossed 12-month threshold -- eligible for rental program
5782,1873,sold,2024-09-15,1705.9,Final sale
5783,1874,listed,2024-06-12,3135.0,Initial stock entry
5784,1875,listed,2023-08-27,1330.0,Initial stock entry
5785,1875,rental_eligible,2024-08-26,1330.0,Crossed 12-month threshold -- eligible for rental program
5786,1876,listed,2023-04-02,1760.0,Initial stock entry
5787,1876,rental_eligible,2024-04-01,1760.0,Crossed 12-month threshold -- eligible for rental program
5788,1876,rented_out,2024-04-16,1760.0,Assigned to rental program
5789,1877,listed,2023-08-12,4850.0,Initial stock entry
5790,1877,rental_eligible,2024-08-11,4850.0,Crossed 12-month threshold -- eligible for rental program
5791,1877,sold,2023-11-12,3566.24,Final sale
5792,1878,listed,2022-07-07,3360.0,Initial stock entry
5793,1878,rental_eligible,2023-07-07,3360.0,Crossed 12-month threshold -- eligible for rental program
5794,1878,sold,2023-02-11,2957.08,Final sale
5795,1879,listed,2023-05-20,2770.0,Initial stock entry
5796,1879,rental_eligible,2024-05-19,2770.0,Crossed 12-month threshold -- eligible for rental program
5797,1879,sold,2024-04-29,2647.58,Final sale
5798,1880,listed,2023-12-11,1015.0,Initial stock entry
5799,1880,price_reduced,2024-10-25,730.78,Seasonal markdown to 730.78E
5800,1880,rental_eligible,2024-12-10,1015.0,Crossed 12-month threshold -- eligible for rental program
5801,1880,sold,2025-02-17,699.84,Final sale
