rental_id,product_id,customer_id,pricing_rule_id,rental_start_date,rental_end_date,expected_return_date,actual_return_date,rental_duration_days,base_rental_revenue,late_fee,insurance_fee,total_rental_revenue,operational_cost,net_rental_revenue,is_no_return,is_damaged_beyond_repair,is_late
1,2,1165,10,2023-01-07,2023-01-14,2023-01-14,2023-01-14,7,104.57,0.0,2.72,107.29,23.11,84.18,0,0,0
2,2,944,6,2023-01-22,2023-02-05,2023-02-05,2023-02-05,14,140.98,0.0,2.96,143.94,31.72,112.22,0,0,0
3,2,1681,6,2023-02-25,2023-03-04,2023-03-04,2023-03-04,7,70.49,0.0,1.48,71.97,16.21,55.76,0,0,0
4,2,1161,4,2023-04-04,2023-04-25,2023-04-25,2023-04-25,21,97.65,0.0,2.83,100.48,21.09,79.39,0,0,0
5,3,1984,7,2024-03-07,2024-03-21,2024-03-21,2024-03-21,14,92.86,0.0,4.55,97.41,22.66,74.75,0,0,0
6,3,1250,7,2024-03-30,2024-04-29,2024-04-29,2024-04-29,30,199.0,0.0,9.75,208.75,40.79,167.96,0,0,0
7,3,1244,11,2024-05-04,2024-05-18,2024-05-18,2024-05-18,14,131.04,0.0,4.98,136.02,29.48,106.54,0,0,0
8,3,677,9,2024-05-31,2024-06-14,2024-06-14,,14,113.5,0.0,3.18,116.68,27.35,89.33,1,0,0
9,3,1147,12,2024-07-22,2024-08-21,2024-08-21,2024-08-21,30,187.94,0.0,5.64,193.58,32.7,160.88,0,0,0
10,4,1908,12,2024-11-23,2024-11-30,2024-11-30,2024-11-30,7,37.37,0.0,1.12,38.49,8.78,29.71,0,0,0
11,6,176,9,2024-12-12,2024-12-26,2024-12-29,2024-12-29,14,74.77,6.63,2.09,83.49,17.8,65.69,0,0,1
12,7,1800,10,2023-03-28,2023-04-18,2023-04-18,2023-04-18,21,68.77,0.0,1.79,70.56,10.45,60.11,0,0,0
13,7,585,3,2023-05-02,2023-05-16,2023-05-16,2023-05-16,14,44.66,0.0,1.12,45.78,7.1,38.68,0,0,0
14,7,284,8,2023-05-22,2023-06-12,2023-06-12,2023-06-12,21,68.08,0.0,2.25,70.33,16.34,53.99,0,0,0
15,9,209,9,2021-07-21,2021-08-11,2021-08-11,2021-08-11,21,261.12,0.0,7.31,268.43,63.71,204.72,0,0,0
16,9,1179,10,2021-08-16,2021-08-30,2021-08-30,2021-08-30,14,156.67,0.0,4.07,160.74,26.32,134.42,0,0,0
17,9,1872,5,2021-09-04,2021-09-25,2021-09-25,2021-09-25,21,178.71,0.0,6.08,184.79,32.7,152.09,0,0,0
18,9,900,2,2021-10-08,2021-11-07,2021-11-07,2021-11-07,30,132.0,0.0,5.41,137.41,25.34,112.07,0,0,0
19,9,1319,11,2021-11-14,2021-11-21,2021-11-21,2021-11-21,7,109.5,0.0,4.16,113.66,24.97,88.69,0,0,0
20,9,574,6,2021-12-04,2021-12-11,2021-12-11,2021-12-11,7,78.31,0.0,1.64,79.95,18.79,61.16,0,0,0
21,11,1710,11,2023-02-19,2023-03-05,2023-03-05,,14,74.74,0.0,2.84,77.58,13.9,63.68,1,1,0
22,11,1991,4,2023-03-10,2023-03-31,2023-03-31,2023-03-31,21,97.65,0.0,2.83,100.48,20.8,79.68,0,0,0
23,11,99,1,2023-04-11,2023-05-11,2023-05-11,2023-05-11,30,191.1,0.0,4.78,195.88,38.22,157.66,0,0,0
24,11,1281,5,2023-05-16,2023-06-06,2023-06-06,2023-06-06,21,178.71,0.0,6.08,184.79,32.88,151.91,0,0,0
25,11,271,6,2023-06-17,2023-07-01,2023-07-01,2023-07-01,14,140.98,0.0,2.96,143.94,24.95,118.99,0,0,0
26,11,1355,8,2023-07-08,2023-07-15,2023-07-15,2023-07-15,7,28.84,0.0,0.95,29.79,5.42,24.37,0,0,0
27,12,623,9,2024-12-27,2025-01-17,2025-01-17,,21,93.98,0.0,2.63,96.61,22.09,74.52,1,0,0
28,13,1836,8,2024-09-07,2024-09-21,2024-09-21,2024-09-21,14,81.12,0.0,2.68,83.8,19.55,64.25,0,0,0
29,13,639,3,2024-10-22,2024-11-05,2024-11-05,2024-11-05,14,44.66,0.0,1.12,45.78,10.54,35.24,0,0,0
30,13,546,11,2024-11-12,2024-11-26,2024-11-26,2024-11-26,14,119.21,0.0,4.53,123.74,22.17,101.57,0,0,0
31,14,8,4,2024-10-18,2024-11-01,2024-11-01,2024-11-01,14,65.1,0.0,1.89,66.99,9.96,57.03,0,0,0
32,14,1975,1,2024-11-10,2024-11-17,2024-11-17,2024-11-17,7,47.33,0.0,1.18,48.51,9.32,39.19,0,0,0
33,14,578,6,2024-11-28,2024-12-19,2024-12-19,2024-12-19,21,222.17,0.0,4.67,226.84,49.32,177.52,0,0,0
34,16,1299,12,2024-08-02,2024-08-09,2024-08-09,2024-08-09,7,37.3,0.0,1.12,38.42,8.06,30.36,0,0,0
35,16,1932,9,2024-10-07,2024-10-21,2024-10-21,2024-10-21,14,96.54,0.0,2.7,99.24,15.45,83.79,0,0,0
36,16,813,7,2024-10-27,2024-11-26,2024-12-01,2024-12-01,30,169.26,11.95,8.29,189.5,34.19,155.31,0,0,1
37,17,1903,10,2024-05-15,2024-06-05,2024-06-05,2024-06-05,21,211.34,0.0,5.49,216.83,40.58,176.25,0,0,0
38,17,1102,10,2024-06-10,2024-07-10,2024-07-10,2024-07-10,30,301.92,0.0,7.85,309.77,56.16,253.61,0,0,0
39,17,788,12,2024-08-06,2024-08-13,2024-08-13,2024-08-13,7,60.48,0.0,1.81,62.29,12.64,49.65,0,0,0
40,17,909,5,2024-09-20,2024-09-27,2024-10-04,2024-10-04,7,59.57,26.25,2.03,87.85,10.19,77.66,0,0,1
41,19,974,4,2024-09-19,2024-10-10,2024-10-10,2024-10-10,21,97.65,0.0,2.83,100.48,15.43,85.05,0,0,0
42,19,548,6,2024-10-15,2024-11-05,2024-11-05,2024-11-05,21,211.47,0.0,4.44,215.91,43.35,172.56,0,0,0
43,19,76,4,2024-11-16,2024-11-23,2024-11-23,2024-11-23,7,34.5,0.0,1.0,35.5,6.11,29.39,0,0,0
44,24,1261,7,2023-03-25,2023-04-08,2023-04-08,2023-04-08,14,80.7,0.0,3.95,84.65,18.08,66.57,0,0,0
45,24,1381,8,2023-04-20,2023-05-04,2023-05-04,2023-05-04,14,87.87,0.0,2.9,90.77,13.44,77.33,0,0,0
46,24,1342,11,2023-07-14,2023-07-28,2023-07-28,2023-07-28,14,113.87,0.0,4.33,118.2,27.78,90.42,0,0,0
47,25,1252,4,2024-12-27,2025-01-03,2025-01-03,2025-01-03,7,36.66,0.0,1.06,37.72,6.2,31.52,0,0,0
48,26,1223,6,2023-11-12,2023-11-19,2023-11-19,2023-11-19,7,76.16,0.0,1.6,77.76,11.42,66.34,0,0,0
49,26,505,8,2023-12-02,2023-12-16,2023-12-16,2023-12-16,14,130.7,0.0,4.31,135.01,25.75,109.26,0,0,0
50,26,906,2,2023-12-25,2024-01-15,2024-01-16,2024-01-16,21,103.69,7.2,4.25,115.14,20.95,94.19,0,0,1
51,26,353,8,2024-03-21,2024-04-20,2024-04-20,2024-04-20,30,258.65,0.0,8.54,267.19,44.75,222.44,0,0,0
52,26,259,12,2024-04-25,2024-05-09,2024-05-09,2024-05-09,14,104.69,0.0,3.14,107.83,21.04,86.79,0,0,0
53,28,812,11,2022-08-06,2022-08-27,2022-08-27,2022-08-27,21,63.14,0.0,2.4,65.54,12.56,52.98,0,0,0
54,28,810,2,2022-09-06,2022-10-06,2022-10-06,2022-10-06,30,132.0,0.0,5.41,137.41,19.8,117.61,0,0,0
55,28,1967,10,2022-10-12,2022-10-26,2022-10-26,2022-10-26,14,32.81,0.0,0.85,33.66,6.27,27.39,0,0,0
56,28,821,4,2022-11-02,2022-11-09,2022-11-15,2022-11-15,7,36.17,30.9,1.05,68.12,5.64,62.48,0,0,1
57,30,932,4,2024-08-20,2024-09-03,2024-09-03,2024-09-03,14,65.1,0.0,1.89,66.99,11.39,55.6,0,0,0
58,30,910,2,2024-09-28,2024-10-12,2024-10-12,2024-10-12,14,61.6,0.0,2.53,64.13,14.17,49.96,0,0,0
59,30,1179,2,2024-10-20,2024-11-10,2024-11-10,2024-11-10,21,92.4,0.0,3.79,96.19,23.1,73.09,0,0,0
60,30,281,5,2024-11-19,2024-12-10,2024-12-10,2024-12-10,21,199.28,0.0,6.78,206.06,32.28,173.78,0,0,0
61,32,1154,5,2023-04-05,2023-04-19,2023-04-19,2023-04-19,14,119.14,0.0,4.05,123.19,23.71,99.48,0,0,0
62,32,1599,6,2023-05-03,2023-05-24,2023-05-24,2023-05-24,21,211.47,0.0,4.44,215.91,42.08,173.83,0,0,0
63,32,1475,2,2023-06-22,2023-07-13,2023-07-13,2023-07-13,21,92.4,0.0,3.79,96.19,21.34,74.85,0,0,0
64,32,83,2,2023-07-25,2023-08-01,2023-08-01,2023-08-01,7,30.8,0.0,1.26,32.06,5.14,26.92,0,0,0
65,34,184,5,2023-03-19,2023-04-02,2023-04-02,2023-04-02,14,119.14,0.0,4.05,123.19,27.88,95.31,0,0,0
66,34,258,9,2023-04-13,2023-04-27,2023-04-27,2023-04-27,14,108.91,0.0,3.05,111.96,18.08,93.88,0,0,0
67,34,1218,12,2023-05-23,2023-05-30,2023-05-30,2023-05-30,7,42.08,0.0,1.26,43.34,8.25,35.09,0,0,0
68,35,877,6,2024-07-15,2024-07-29,2024-07-29,2024-07-29,14,140.98,0.0,2.96,143.94,23.26,120.68,0,0,0
69,35,948,3,2024-08-12,2024-08-19,2024-08-23,2024-08-23,7,22.33,27.96,0.56,50.85,5.36,45.49,0,0,1
70,35,1490,3,2024-08-30,2024-09-13,2024-09-18,2024-09-18,14,44.66,34.95,1.12,80.73,9.42,71.31,0,0,1
71,35,224,11,2024-09-23,2024-09-30,2024-09-30,2024-09-30,7,30.15,0.0,1.15,31.3,6.63,24.67,0,0,0
72,35,715,9,2024-10-07,2024-10-14,2024-10-14,2024-10-14,7,26.11,0.0,0.73,26.84,5.74,21.1,0,0,0
73,36,825,12,2024-07-31,2024-08-07,2024-08-07,2024-08-07,7,12.27,0.0,0.37,12.64,3.02,9.62,0,0,0
74,36,375,4,2024-08-17,2024-08-31,2024-08-31,2024-08-31,14,65.1,0.0,1.89,66.99,11.98,55.01,0,0,0
75,36,262,5,2024-09-07,2024-09-21,2024-09-21,2024-09-21,14,119.14,0.0,4.05,123.19,22.16,101.03,0,0,0
76,36,113,1,2024-10-26,2024-11-25,2024-11-25,2024-11-25,30,191.1,0.0,4.78,195.88,43.95,151.93,0,0,0
77,37,1184,6,2021-09-16,2021-10-16,2021-10-18,2021-10-18,30,302.1,10.18,6.34,318.62,59.21,259.41,0,0,1
78,37,740,1,2021-10-26,2021-11-16,2021-11-16,2021-11-16,21,133.77,0.0,3.34,137.11,23.81,113.3,0,0,0
79,37,1775,8,2021-11-29,2021-12-06,2021-12-06,2021-12-06,7,18.47,0.0,0.61,19.08,4.53,14.55,0,0,0
80,37,1369,1,2021-12-15,2021-12-29,2021-12-29,2021-12-29,14,98.01,0.0,2.45,100.46,15.09,85.37,0,0,0
81,39,1020,5,2022-09-29,2022-10-20,2022-10-20,2022-10-20,21,178.71,0.0,6.08,184.79,38.07,146.72,0,0,0
82,39,1031,6,2022-10-25,2022-11-01,2022-11-01,2022-11-01,7,70.49,0.0,1.48,71.97,13.11,58.86,0,0,0
83,39,1945,4,2022-11-11,2022-11-25,2022-11-25,2022-11-25,14,74.47,0.0,2.16,76.63,13.11,63.52,0,0,0
84,39,1261,4,2022-12-03,2022-12-10,2022-12-10,2022-12-10,7,34.67,0.0,1.01,35.68,5.24,30.44,0,0,0
85,39,1265,2,2022-12-22,2022-12-29,2022-12-29,2022-12-29,7,34.66,0.0,1.42,36.08,7.59,28.49,0,0,0
86,42,3,12,2024-10-26,2024-11-16,2024-11-16,2024-11-16,21,201.56,0.0,6.05,207.61,41.92,165.69,0,0,0
87,42,220,9,2024-11-29,2024-12-13,2024-12-13,2024-12-13,14,189.35,0.0,5.3,194.65,38.63,156.02,0,0,0
88,42,1996,9,2024-12-19,2025-01-02,2025-01-02,2025-01-02,14,191.58,0.0,5.36,196.94,47.9,149.04,0,0,0
89,43,862,4,2024-12-08,2024-12-15,2024-12-15,2024-12-15,7,35.26,0.0,1.02,36.28,8.29,27.99,0,0,0
90,44,264,4,2024-10-27,2024-11-03,2024-11-03,2024-11-03,7,32.55,0.0,0.94,33.49,5.66,27.83,0,0,0
91,44,493,10,2024-11-12,2024-11-19,2024-11-19,2024-11-19,7,31.56,0.0,0.82,32.38,7.61,24.77,0,0,0
92,44,414,8,2024-11-24,2024-12-08,2024-12-08,2024-12-08,14,61.86,0.0,2.04,63.9,10.27,53.63,0,0,0
93,45,676,10,2022-09-19,2022-09-26,2022-09-26,2022-09-26,7,15.53,0.0,0.4,15.93,3.31,12.62,0,0,0
94,45,1551,5,2022-10-02,2022-10-09,2022-10-13,2022-10-13,7,59.57,15.0,2.03,76.6,9.89,66.71,0,0,1
95,46,821,10,2022-03-03,2022-03-17,2022-03-17,2022-03-17,14,139.86,0.0,3.64,143.5,30.07,113.43,0,0,0
96,46,1573,10,2022-03-30,2022-04-20,2022-04-20,2022-04-20,21,209.79,0.0,5.45,215.24,52.24,163.0,0,0,0
97,46,1247,10,2022-05-02,2022-05-09,2022-05-09,2022-05-09,7,69.93,0.0,1.82,71.75,12.17,59.58,0,0,0
98,46,1669,2,2022-05-15,2022-06-14,2022-06-14,2022-06-14,30,132.0,0.0,5.41,137.41,23.76,113.65,0,0,0
99,47,280,8,2023-01-22,2023-02-12,2023-02-12,2023-02-12,21,152.43,0.0,5.03,157.46,30.49,126.97,0,0,0
100,47,103,9,2023-03-26,2023-04-09,2023-04-09,2023-04-09,14,114.06,0.0,3.19,117.25,20.64,96.61,0,0,0
101,48,945,10,2022-11-20,2022-11-27,2022-11-27,2022-11-27,7,68.26,0.0,1.77,70.03,10.99,59.04,0,0,0
102,48,716,9,2022-12-07,2022-12-21,2022-12-21,2022-12-21,14,146.87,0.0,4.11,150.98,28.35,122.63,0,0,0
103,48,562,6,2023-01-01,2023-01-15,2023-01-15,2023-01-15,14,140.98,0.0,2.96,143.94,31.86,112.08,0,0,0
104,48,974,12,2023-02-09,2023-03-11,2023-03-11,2023-03-11,30,226.47,0.0,6.79,233.26,47.56,185.7,0,0,0
105,48,434,12,2023-03-17,2023-03-24,2023-03-24,2023-03-24,7,52.84,0.0,1.59,54.43,8.67,45.76,0,0,0
106,48,62,8,2023-04-24,2023-05-01,2023-05-01,2023-05-01,7,60.93,0.0,2.01,62.94,12.06,50.88,0,0,0
107,49,38,11,2021-07-20,2021-08-03,2021-08-03,2021-08-03,14,39.81,0.0,1.51,41.32,6.09,35.23,0,0,0
108,49,333,10,2021-08-11,2021-08-18,2021-08-18,2021-08-18,7,15.52,0.0,0.4,15.92,3.37,12.55,0,0,0
109,49,827,9,2021-08-29,2021-09-19,2021-09-21,2021-09-21,21,51.72,4.42,1.45,57.59,9.15,48.44,0,0,1
110,49,914,6,2021-10-25,2021-11-01,2021-11-01,,7,70.49,0.0,1.48,71.97,13.82,58.15,1,0,0
111,49,1164,3,2021-11-13,2021-11-27,2021-11-27,2021-11-27,14,46.95,0.0,1.17,48.12,8.54,39.58,0,0,0
112,51,1102,1,2024-12-28,2025-01-18,2025-01-18,2025-01-18,21,148.14,0.0,3.7,151.84,36.74,115.1,0,0,0
113,52,1129,1,2024-08-23,2024-09-06,2024-09-09,2024-09-09,14,89.18,19.17,2.23,110.58,18.01,92.57,0,0,1
114,52,1777,7,2024-09-16,2024-10-16,2024-10-16,2024-10-16,30,130.09,0.0,6.37,136.46,26.28,110.18,0,0,0
115,52,1158,5,2024-10-25,2024-11-08,2024-11-08,2024-11-08,14,119.14,0.0,4.05,123.19,24.19,99.0,0,0,0
116,52,450,3,2024-11-13,2024-11-20,2024-11-20,2024-11-20,7,24.96,0.0,0.62,25.58,5.22,20.36,0,0,0
117,52,512,6,2024-11-29,2024-12-13,2024-12-17,2024-12-17,14,156.0,20.36,3.28,179.64,34.32,145.32,0,0,1
118,53,1315,9,2024-09-22,2024-10-06,2024-10-06,2024-10-06,14,239.64,0.0,6.71,246.35,37.86,208.49,0,0,0
119,53,131,7,2024-10-17,2024-10-31,2024-10-31,2024-10-31,14,196.07,0.0,9.61,205.68,38.63,167.05,0,0,0
120,53,387,8,2024-11-10,2024-12-01,2024-12-01,2024-12-01,21,360.16,0.0,11.89,372.05,63.03,309.02,0,0,0
121,53,1854,6,2024-12-07,2024-12-21,2024-12-21,,14,158.88,0.0,3.34,162.22,29.87,132.35,1,1,0
122,58,846,10,2024-11-09,2024-11-30,2024-11-30,2024-11-30,21,355.98,0.0,9.26,365.24,56.96,308.28,0,0,0
123,58,375,8,2024-12-09,2024-12-23,2024-12-23,2024-12-23,14,232.64,0.0,7.68,240.32,37.92,202.4,0,0,0
124,61,1718,8,2023-01-30,2023-02-20,2023-02-20,2023-02-20,21,325.67,0.0,10.75,336.42,69.69,266.73,0,0,0
125,61,1812,8,2023-03-01,2023-03-08,2023-03-08,2023-03-08,7,108.56,0.0,3.58,112.14,25.08,87.06,0,0,0
126,61,798,8,2023-04-14,2023-04-21,2023-04-21,2023-04-21,7,108.56,0.0,3.58,112.14,26.27,85.87,0,0,0
127,62,71,9,2024-07-17,2024-07-31,2024-07-31,2024-07-31,14,93.2,0.0,2.61,95.81,18.83,76.98,0,0,0
128,62,1651,7,2024-08-11,2024-08-25,2024-08-25,2024-08-25,14,76.25,0.0,3.74,79.99,18.99,61.0,0,0,0
129,62,1332,11,2024-09-24,2024-10-15,2024-10-15,2024-10-15,21,161.4,0.0,6.13,167.53,37.44,130.09,0,0,0
130,62,1045,9,2024-10-23,2024-10-30,2024-10-30,2024-10-30,7,46.6,0.0,1.3,47.9,8.06,39.84,0,0,0
131,62,544,10,2024-11-13,2024-11-20,2024-11-20,2024-11-20,7,47.68,0.0,1.24,48.92,11.63,37.29,0,0,0
132,63,1200,5,2024-10-16,2024-11-06,2024-11-06,2024-11-06,21,178.71,0.0,6.08,184.79,34.49,150.3,0,0,0
133,63,592,11,2024-11-19,2024-12-10,2024-12-10,2024-12-10,21,347.49,0.0,13.2,360.69,54.56,306.13,0,0,0
134,63,1827,12,2024-12-19,2025-01-02,2025-01-07,2025-01-07,14,150.23,15.9,4.51,170.64,28.99,141.65,0,0,1
135,64,863,7,2024-07-25,2024-08-24,2024-08-24,2024-08-24,30,181.95,0.0,8.92,190.87,34.21,156.66,0,0,0
136,64,1011,5,2024-09-02,2024-09-16,2024-09-16,2024-09-16,14,119.14,0.0,4.05,123.19,21.45,101.74,0,0,0
137,64,534,8,2024-10-22,2024-11-05,2024-11-05,2024-11-05,14,92.46,0.0,3.05,95.51,21.64,73.87,0,0,0
138,66,122,8,2024-07-14,2024-07-28,2024-07-28,2024-07-28,14,111.94,0.0,3.69,115.63,24.63,91.0,0,0,0
139,66,1936,11,2024-08-02,2024-08-09,2024-08-13,2024-08-13,7,72.53,30.56,2.76,105.85,13.71,92.14,0,0,1
140,66,436,8,2024-08-19,2024-09-02,2024-09-02,2024-09-02,14,111.94,0.0,3.69,115.63,19.03,96.6,0,0,0
141,66,1321,8,2024-09-08,2024-09-22,2024-09-22,2024-09-22,14,111.94,0.0,3.69,115.63,22.84,92.79,0,0,0
142,66,1739,11,2024-09-29,2024-10-06,2024-10-13,2024-10-13,7,72.53,53.48,2.76,128.77,12.04,116.73,0,0,1
143,67,1912,8,2022-07-13,2022-08-03,2022-08-03,2022-08-03,21,197.73,0.0,6.53,204.26,43.7,160.56,0,0,0
144,67,139,11,2022-08-30,2022-09-20,2022-09-20,2022-09-20,21,256.24,0.0,9.74,265.98,63.55,202.43,0,0,0
145,67,992,10,2022-09-27,2022-10-11,2022-10-11,2022-10-11,14,133.17,0.0,3.46,136.63,26.5,110.13,0,0,0
146,67,604,2,2022-10-25,2022-11-24,2022-11-24,2022-11-24,30,132.0,0.0,5.41,137.41,32.6,104.81,0,0,0
147,67,90,10,2022-12-02,2022-12-09,2022-12-09,2022-12-09,7,72.77,0.0,1.89,74.66,11.5,63.16,0,0,0
148,67,532,11,2022-12-17,2023-01-07,2023-01-07,2023-01-07,21,274.79,0.0,10.44,285.23,42.87,242.36,0,0,0
149,68,727,11,2024-12-25,2025-01-01,2025-01-01,2025-01-01,7,138.89,0.0,5.28,144.17,30.42,113.75,0,0,0
150,69,1542,11,2023-10-15,2023-11-05,2023-11-11,2023-11-11,21,353.56,45.84,13.44,412.84,65.76,347.08,0,0,1
151,69,620,7,2023-11-19,2023-12-03,2023-12-03,2023-12-03,14,180.54,0.0,8.85,189.39,37.73,151.66,0,0,0
152,69,1884,2,2023-12-10,2023-12-24,2023-12-27,2023-12-27,14,65.1,21.6,2.67,89.37,10.61,78.76,0,0,1
153,69,207,10,2024-01-02,2024-01-16,2024-01-16,2024-01-16,14,183.74,0.0,4.78,188.52,31.79,156.73,0,0,0
154,69,511,12,2024-01-30,2024-02-06,2024-02-06,2024-02-06,7,78.88,0.0,2.37,81.25,12.94,68.31,0,0,0
155,71,6,11,2024-09-13,2024-10-04,2024-10-04,2024-10-04,21,204.6,0.0,7.77,212.37,38.26,174.11,0,0,0
156,71,1509,12,2024-10-09,2024-10-23,2024-10-23,2024-10-23,14,91.29,0.0,2.74,94.03,16.98,77.05,0,0,0
157,71,833,12,2024-11-01,2024-11-08,2024-11-08,2024-11-08,7,50.57,0.0,1.52,52.09,12.29,39.8,0,0,0
158,72,950,9,2024-07-03,2024-07-17,2024-07-17,2024-07-17,14,166.66,0.0,4.67,171.33,25.83,145.5,0,0,0
159,72,1247,10,2024-08-25,2024-09-01,2024-09-01,2024-09-01,7,75.0,0.0,1.95,76.95,13.72,63.23,0,0,0
160,72,1012,8,2024-09-14,2024-10-05,2024-10-05,2024-10-05,21,222.72,0.0,7.35,230.07,42.98,187.09,0,0,0
161,72,1805,7,2024-10-17,2024-11-07,2024-11-07,,21,204.54,0.0,10.02,214.56,35.18,179.38,1,0,0
162,74,1556,6,2022-10-06,2022-10-27,2022-10-27,2022-10-27,21,211.47,0.0,4.44,215.91,36.16,179.75,0,0,0
163,74,1110,7,2022-11-10,2022-11-17,2022-11-17,2022-11-17,7,55.32,0.0,2.71,58.03,11.67,46.36,0,0,0
164,75,1382,11,2022-02-02,2022-02-23,2022-02-23,2022-02-23,21,335.7,0.0,12.76,348.46,68.15,280.31,0,0,0
165,75,1996,11,2022-03-09,2022-03-16,2022-03-23,2022-03-23,7,111.9,53.48,4.25,169.63,21.6,148.03,0,0,1
166,75,1135,8,2022-03-29,2022-04-12,2022-04-19,2022-04-19,14,172.69,18.13,5.7,196.52,35.23,161.29,0,0,1
167,76,1322,9,2023-05-18,2023-06-17,2023-06-17,,30,390.97,0.0,10.95,401.92,93.83,308.09,1,1,0
168,76,887,9,2023-06-22,2023-07-22,2023-07-22,2023-07-22,30,390.97,0.0,10.95,401.92,86.8,315.12,0,0,0
169,76,747,10,2023-09-12,2023-10-03,2023-10-03,2023-10-03,21,246.31,0.0,6.4,252.71,36.95,215.76,0,0,0
170,76,913,7,2023-10-17,2023-10-24,2023-10-24,2023-10-24,7,74.64,0.0,3.66,78.3,17.02,61.28,0,0,0
171,77,966,8,2023-09-11,2023-09-25,2023-09-25,2023-09-25,14,93.73,0.0,3.09,96.82,21.37,75.45,0,0,0
172,77,1057,1,2023-10-02,2023-10-16,2023-10-16,2023-10-16,14,89.18,0.0,2.23,91.41,18.64,72.77,0,0,0
173,77,1900,8,2023-11-22,2023-12-06,2023-12-06,2023-12-06,14,105.22,0.0,3.47,108.69,24.31,84.38,0,0,0
174,79,18,8,2024-07-06,2024-07-27,2024-08-03,2024-08-03,21,353.35,18.13,11.66,383.14,57.24,325.9,0,0,1
175,79,1441,7,2024-08-15,2024-08-22,2024-08-23,2024-08-23,7,108.17,2.39,5.3,115.86,22.07,93.79,0,0,1
176,79,123,10,2024-09-03,2024-10-03,2024-10-03,2024-10-03,30,509.93,0.0,13.26,523.19,110.65,412.54,0,0,0
177,79,1365,7,2024-10-11,2024-10-18,2024-10-18,2024-10-18,7,108.17,0.0,5.3,113.47,22.17,91.3,0,0,0
178,79,585,7,2024-10-25,2024-11-08,2024-11-08,2024-11-08,14,216.34,0.0,10.6,226.94,46.3,180.64,0,0,0
179,79,606,11,2024-11-16,2024-12-07,2024-12-07,,21,499.25,0.0,18.97,518.22,96.85,421.37,1,1,0
180,79,539,7,2024-12-20,2025-01-03,2025-01-09,2025-01-09,14,237.47,14.34,11.64,263.45,42.74,220.71,0,0,1
181,80,347,10,2024-12-12,2024-12-26,2025-01-01,2025-01-01,14,327.45,30.72,8.51,366.68,62.54,304.14,0,0,1
182,82,671,4,2024-07-16,2024-07-23,2024-07-23,2024-07-23,7,32.55,0.0,0.94,33.49,7.16,26.33,0,0,0
183,82,500,12,2024-08-22,2024-09-12,2024-09-13,2024-09-13,21,286.92,3.18,8.61,298.71,44.47,254.24,0,0,1
184,82,845,6,2024-09-23,2024-10-23,2024-10-23,2024-10-23,30,302.1,0.0,6.34,308.44,68.58,239.86,0,0,0
185,82,1455,8,2024-11-04,2024-11-18,2024-11-18,2024-11-18,14,250.09,0.0,8.25,258.34,55.27,203.07,0,0,0
186,83,777,9,2024-02-14,2024-03-06,2024-03-06,2024-03-06,21,230.02,0.0,6.44,236.46,49.68,186.78,0,0,0
187,83,1194,12,2024-04-07,2024-04-14,2024-04-14,2024-04-14,7,59.25,0.0,1.78,61.03,13.15,47.88,0,0,0
188,83,1277,4,2024-04-20,2024-05-04,2024-05-04,2024-05-04,14,65.1,0.0,1.89,66.99,13.8,53.19,0,0,0
189,83,1923,11,2024-05-09,2024-05-23,2024-05-23,2024-05-23,14,177.04,0.0,6.73,183.77,32.93,150.84,0,0,0
190,83,85,7,2024-06-04,2024-06-25,2024-06-30,2024-06-30,21,188.19,11.95,9.22,209.36,45.92,163.44,0,0,1
191,84,1151,11,2024-10-16,2024-10-23,2024-10-23,2024-10-23,7,67.88,0.0,2.58,70.46,12.63,57.83,0,0,0
192,84,1929,9,2024-11-06,2024-11-13,2024-11-13,2024-11-13,7,66.49,0.0,1.86,68.35,14.56,53.79,0,0,0
193,84,918,7,2024-11-25,2024-12-02,2024-12-02,2024-12-02,7,55.27,0.0,2.71,57.98,10.11,47.87,0,0,0
194,85,1305,1,2023-04-20,2023-05-11,2023-05-11,2023-05-11,21,133.77,0.0,3.34,137.11,20.33,116.78,0,0,0
195,85,911,11,2023-05-23,2023-06-13,2023-06-13,2023-06-13,21,492.06,0.0,18.7,510.76,93.98,416.78,0,0,0
196,85,1164,7,2023-06-22,2023-07-13,2023-07-13,2023-07-13,21,348.7,0.0,17.09,365.79,76.71,289.08,0,0,0
197,85,730,7,2023-07-27,2023-08-03,2023-08-03,2023-08-03,7,116.24,0.0,5.7,121.94,27.32,94.62,0,0,0
198,85,1386,9,2023-08-16,2023-09-06,2023-09-06,2023-09-06,21,426.19,0.0,11.93,438.12,102.29,335.83,0,0,0
199,86,146,10,2024-07-07,2024-07-21,2024-07-22,2024-07-22,14,142.55,5.12,3.71,151.38,27.51,123.87,0,0,1
200,86,985,1,2024-09-29,2024-10-13,2024-10-13,2024-10-13,14,89.18,0.0,2.23,91.41,17.03,74.38,0,0,0
201,86,1423,8,2024-10-22,2024-11-05,2024-11-05,2024-11-05,14,141.11,0.0,4.66,145.77,26.11,119.66,0,0,0
202,91,1348,2,2024-07-19,2024-08-09,2024-08-09,2024-08-09,21,92.4,0.0,3.79,96.19,17.28,78.91,0,0,0
203,91,561,11,2024-08-20,2024-09-03,2024-09-03,2024-09-03,14,133.57,0.0,5.08,138.65,25.91,112.74,0,0,0
204,92,826,9,2024-08-11,2024-08-18,2024-08-18,2024-08-18,7,46.2,0.0,1.29,47.49,8.45,39.04,0,0,0
205,92,820,2,2024-08-30,2024-09-13,2024-09-13,2024-09-13,14,61.6,0.0,2.53,64.13,10.72,53.41,0,0,0
206,92,1986,8,2024-10-17,2024-10-31,2024-10-31,2024-10-31,14,82.33,0.0,2.72,85.05,12.6,72.45,0,0,0
207,92,1466,6,2024-11-07,2024-11-14,2024-11-14,2024-11-14,7,76.13,0.0,1.6,77.73,17.13,60.6,0,0,0
208,93,868,2,2023-06-28,2023-07-19,2023-07-19,,21,92.4,0.0,3.79,96.19,16.63,79.56,1,0,0
209,93,275,10,2023-08-18,2023-09-08,2023-09-08,2023-09-08,21,336.08,0.0,8.74,344.82,65.2,279.62,0,0,0
210,93,1605,6,2023-09-15,2023-09-29,2023-09-29,2023-09-29,14,140.98,0.0,2.96,143.94,32.85,111.09,0,0,0
211,93,958,12,2023-10-06,2023-11-05,2023-11-05,2023-11-05,30,412.22,0.0,12.37,424.59,86.57,338.02,0,0,0
212,94,1997,8,2023-04-01,2023-04-15,2023-04-22,2023-04-22,14,205.02,18.13,6.77,229.92,46.54,183.38,0,0,1
213,94,1708,9,2023-05-20,2023-06-19,2023-06-26,2023-06-26,30,493.12,15.47,13.81,522.4,118.35,404.05,0,0,1
214,94,1141,9,2023-07-09,2023-07-23,2023-07-23,,14,230.12,0.0,6.44,236.56,56.84,179.72,1,1,0
215,94,1703,10,2023-08-31,2023-09-14,2023-09-14,2023-09-14,14,207.11,0.0,5.38,212.49,35.21,177.28,0,0,0
216,95,1264,8,2024-03-27,2024-04-03,2024-04-03,2024-04-03,7,84.4,0.0,2.79,87.19,16.2,70.99,0,0,0
217,95,480,10,2024-04-12,2024-04-26,2024-04-26,2024-04-26,14,170.52,0.0,4.43,174.95,26.77,148.18,0,0,0
218,95,977,12,2024-05-08,2024-06-07,2024-06-07,2024-06-07,30,313.73,0.0,9.41,323.14,54.28,268.86,0,0,0
219,95,1485,11,2024-06-20,2024-07-11,2024-07-11,2024-07-11,21,328.13,0.0,12.47,340.6,61.03,279.57,0,0,0
220,95,1909,10,2024-07-25,2024-08-24,2024-08-24,2024-08-24,30,365.41,0.0,9.5,374.91,77.1,297.81,0,0,0
221,95,464,12,2024-09-06,2024-09-27,2024-09-27,2024-09-27,21,219.61,0.0,6.59,226.2,51.39,174.81,0,0,0
222,95,157,9,2024-10-07,2024-10-21,2024-10-21,2024-10-21,14,189.47,0.0,5.31,194.78,43.77,151.01,0,0,0
223,96,61,10,2024-11-13,2024-11-20,2024-11-20,2024-11-20,7,87.93,0.0,2.29,90.22,18.29,71.93,0,0,0
224,96,1595,7,2024-11-27,2024-12-04,2024-12-04,2024-12-04,7,74.13,0.0,3.63,77.76,14.38,63.38,0,0,0
225,97,1355,11,2024-09-12,2024-09-19,2024-09-19,2024-09-19,7,94.88,0.0,3.61,98.49,16.6,81.89,0,0,0
226,97,420,6,2024-09-24,2024-10-08,2024-10-08,2024-10-08,14,140.98,0.0,2.96,143.94,32.99,110.95,0,0,0
227,97,293,9,2024-10-14,2024-10-21,2024-10-23,,7,82.18,4.42,2.3,88.9,14.96,73.94,1,0,1
228,98,985,4,2024-02-20,2024-03-05,2024-03-05,2024-03-05,14,65.1,0.0,1.89,66.99,11.13,55.86,0,0,0
229,98,752,1,2024-04-24,2024-05-15,2024-05-15,2024-05-15,21,133.77,0.0,3.34,137.11,33.31,103.8,0,0,0
230,98,683,8,2024-05-21,2024-06-20,2024-06-20,2024-06-20,30,329.87,0.0,10.89,340.76,79.83,260.93,0,0,0
231,99,553,9,2023-10-03,2023-10-10,2023-10-10,2023-10-10,7,43.63,0.0,1.22,44.85,9.38,35.47,0,0,0
232,99,1594,1,2023-10-24,2023-11-07,2023-11-07,2023-11-07,14,89.18,0.0,2.23,91.41,15.7,75.71,0,0,0
233,99,1793,6,2023-11-16,2023-12-07,2023-12-12,2023-12-12,21,227.54,25.45,4.78,257.77,54.15,203.62,0,0,1
234,99,1845,8,2023-12-21,2023-12-28,2023-12-28,2023-12-28,7,41.3,0.0,1.36,42.66,8.22,34.44,0,0,0
235,99,787,12,2024-01-04,2024-01-25,2024-01-25,2024-01-25,21,101.14,0.0,3.03,104.17,24.48,79.69,0,0,0
236,101,1864,11,2021-02-20,2021-03-06,2021-03-06,2021-03-06,14,221.92,0.0,8.43,230.35,40.61,189.74,0,0,0
237,101,1500,7,2021-04-11,2021-05-02,2021-05-02,2021-05-02,21,235.9,0.0,11.56,247.46,37.74,209.72,0,0,0
238,101,670,12,2021-06-07,2021-06-28,2021-06-28,2021-06-28,21,222.8,0.0,6.68,229.48,38.99,190.49,0,0,0
239,101,1759,12,2021-07-10,2021-07-17,2021-07-17,2021-07-17,7,74.27,0.0,2.23,76.5,17.75,58.75,0,0,0
240,102,1325,12,2024-08-29,2024-09-05,2024-09-05,2024-09-05,7,55.32,0.0,1.66,56.98,12.83,44.15,0,0,0
241,102,343,12,2024-10-01,2024-10-08,2024-10-08,2024-10-08,7,55.32,0.0,1.66,56.98,12.17,44.81,0,0,0
242,103,130,8,2023-12-19,2023-12-26,2023-12-26,2023-12-26,7,73.76,0.0,2.43,76.19,16.6,59.59,0,0,0
243,103,1216,7,2024-02-04,2024-02-25,2024-02-25,2024-02-25,21,192.41,0.0,9.43,201.84,35.4,166.44,0,0,0
244,103,990,12,2024-03-02,2024-03-23,2024-03-23,2024-03-23,21,181.72,0.0,5.45,187.17,41.07,146.1,0,0,0
245,104,625,4,2021-05-09,2021-05-23,2021-05-23,2021-05-23,14,65.1,0.0,1.89,66.99,11.46,55.53,0,0,0
246,104,891,11,2021-06-06,2021-06-27,2021-06-27,2021-06-27,21,426.09,0.0,16.19,442.28,73.29,368.99,0,0,0
247,104,1525,12,2021-07-10,2021-07-31,2021-07-31,2021-07-31,21,285.18,0.0,8.56,293.74,71.01,222.73,0,0,0
248,104,1515,10,2021-09-25,2021-10-02,2021-10-02,2021-10-02,7,110.72,0.0,2.88,113.6,19.93,93.67,0,0,0
249,105,1424,12,2023-12-05,2023-12-12,2023-12-19,2023-12-19,7,64.68,22.26,1.94,88.88,10.74,78.14,0,0,1
250,105,182,10,2023-12-31,2024-01-14,2024-01-14,2024-01-14,14,151.57,0.0,3.94,155.51,24.1,131.41,0,0,0
251,105,826,8,2024-01-19,2024-02-09,2024-02-09,2024-02-09,21,208.03,0.0,6.86,214.89,40.36,174.53,0,0,0
252,105,1957,7,2024-02-19,2024-02-26,2024-02-26,2024-02-26,7,63.68,0.0,3.12,66.8,9.93,56.87,0,0,0
253,105,1431,11,2024-03-09,2024-03-16,2024-03-16,2024-03-16,7,89.86,0.0,3.41,93.27,18.24,75.03,0,0,0
254,105,23,7,2024-03-21,2024-04-20,2024-04-20,2024-04-20,30,272.93,0.0,13.37,286.3,41.76,244.54,0,0,0
255,105,490,7,2024-04-28,2024-05-12,2024-05-12,2024-05-12,14,127.37,0.0,6.24,133.61,28.79,104.82,0,0,0
256,105,1782,8,2024-05-25,2024-06-15,2024-06-15,2024-06-15,21,208.03,0.0,6.86,214.89,51.8,163.09,0,0,0
257,106,814,7,2024-11-23,2024-12-14,2024-12-14,2024-12-14,21,216.17,0.0,10.59,226.76,51.88,174.88,0,0,0
258,106,1923,2,2024-12-28,2025-01-11,2025-01-18,2025-01-18,14,64.81,50.4,2.66,117.87,10.3,107.57,0,0,1
259,107,26,1,2023-09-11,2023-09-25,2023-09-25,,14,89.18,0.0,2.23,91.41,16.77,74.64,1,0,0
260,107,1919,5,2023-09-30,2023-10-14,2023-10-14,2023-10-14,14,119.14,0.0,4.05,123.19,23.11,100.08,0,0,0
261,107,1662,12,2023-10-24,2023-11-14,2023-11-14,2023-11-14,21,208.15,0.0,6.24,214.39,42.05,172.34,0,0,0
262,107,1553,7,2023-11-21,2023-11-28,2023-11-28,2023-11-28,7,83.25,0.0,4.08,87.33,13.99,73.34,0,0,0
263,110,1223,12,2022-07-07,2022-07-28,2022-08-03,2022-08-03,21,195.91,19.08,5.88,220.87,39.18,181.69,0,0,1
264,110,1112,8,2022-08-14,2022-09-04,2022-09-04,2022-09-04,21,225.87,0.0,7.45,233.32,47.66,185.66,0,0,0
265,110,1771,10,2022-09-09,2022-09-16,2022-09-16,2022-09-16,7,76.06,0.0,1.98,78.04,13.54,64.5,0,0,0
266,110,1686,12,2022-09-26,2022-10-03,2022-10-03,2022-10-03,7,65.3,0.0,1.96,67.26,12.08,55.18,0,0,0
267,110,1068,8,2022-10-15,2022-10-22,2022-10-22,2022-10-22,7,75.29,0.0,2.48,77.77,12.65,65.12,0,0,0
268,110,612,12,2022-11-03,2022-11-17,2022-11-17,2022-11-17,14,144.89,0.0,4.35,149.24,27.38,121.86,0,0,0
269,110,152,12,2022-11-24,2022-12-08,2022-12-08,,14,145.73,0.0,4.37,150.1,25.5,124.6,1,0,0
270,110,607,10,2022-12-21,2023-01-11,2023-01-11,2023-01-11,21,246.63,0.0,6.41,253.04,52.29,200.75,0,0,0
271,112,1957,5,2022-06-22,2022-07-06,2022-07-13,,14,119.14,26.25,4.05,149.44,28.12,121.32,1,0,1
272,112,1125,11,2022-07-25,2022-08-15,2022-08-15,2022-08-15,21,534.8,0.0,20.32,555.12,80.75,474.37,0,0,0
273,112,1942,11,2022-08-28,2022-09-27,2022-09-27,2022-09-27,30,764.0,0.0,29.03,793.03,133.7,659.33,0,0,0
274,113,1026,5,2023-01-29,2023-02-05,2023-02-05,2023-02-05,7,59.57,0.0,2.03,61.6,14.12,47.48,0,0,0
275,113,628,4,2023-02-18,2023-02-25,2023-02-25,2023-02-25,7,32.55,0.0,0.94,33.49,6.38,27.11,0,0,0
276,113,296,5,2023-03-11,2023-03-25,2023-04-01,2023-04-01,14,119.14,26.25,4.05,149.44,24.9,124.54,0,0,1
277,113,1636,9,2023-04-29,2023-05-20,2023-05-24,2023-05-24,21,245.01,8.84,6.86,260.71,43.12,217.59,0,0,1
278,114,1483,11,2024-10-17,2024-10-31,2024-10-31,2024-10-31,14,516.22,0.0,19.62,535.84,90.34,445.5,0,0,0
279,114,955,6,2024-12-06,2024-12-20,2024-12-20,2024-12-20,14,156.11,0.0,3.28,159.39,33.25,126.14,0,0,0
280,115,1649,1,2024-07-17,2024-07-31,2024-07-31,2024-07-31,14,89.18,0.0,2.23,91.41,16.05,75.36,0,0,0
281,115,1952,10,2024-08-12,2024-08-26,2024-08-26,2024-08-26,14,180.14,0.0,4.68,184.82,44.85,139.97,0,0,0
282,115,1461,12,2024-08-31,2024-09-30,2024-09-30,,30,331.42,0.0,9.94,341.36,75.56,265.8,1,0,0
283,115,419,12,2024-10-05,2024-10-26,2024-10-26,2024-10-26,21,231.99,0.0,6.96,238.95,55.45,183.5,0,0,0
284,115,141,11,2024-11-03,2024-11-10,2024-11-16,2024-11-16,7,127.41,45.84,4.84,178.09,21.53,156.56,0,0,1
285,117,1139,6,2023-02-28,2023-03-30,2023-03-30,2023-03-30,30,302.1,0.0,6.34,308.44,69.48,238.96,0,0,0
286,117,910,8,2023-04-05,2023-04-12,2023-04-12,2023-04-12,7,25.31,0.0,0.84,26.15,6.05,20.1,0,0,0
287,117,629,11,2023-04-20,2023-04-27,2023-04-27,2023-04-27,7,32.8,0.0,1.25,34.05,6.3,27.75,0,0,0
288,117,1488,6,2023-05-03,2023-06-02,2023-06-02,2023-06-02,30,302.1,0.0,6.34,308.44,73.71,234.73,0,0,0
289,117,906,5,2023-06-11,2023-06-25,2023-07-01,2023-07-01,14,119.14,22.5,4.05,145.69,24.54,121.15,0,0,1
290,118,1639,12,2023-10-12,2023-10-19,2023-10-19,,7,31.96,0.0,0.96,32.92,6.71,26.21,1,1,0
291,118,1105,12,2023-10-27,2023-11-03,2023-11-03,2023-11-03,7,31.96,0.0,0.96,32.92,7.22,25.7,0,0,0
292,118,72,6,2023-11-09,2023-11-23,2023-11-23,2023-11-23,14,154.59,0.0,3.25,157.84,26.74,131.1,0,0,0
293,118,739,10,2023-11-28,2024-01-12,2024-01-12,2024-01-12,45,255.75,0.0,6.65,262.4,48.85,213.55,0,0,0
294,119,275,3,2021-12-18,2022-01-17,2022-01-17,2022-01-17,30,105.08,0.0,2.63,107.71,25.22,82.49,0,0,0
295,119,1874,9,2022-02-14,2022-02-28,2022-02-28,2022-02-28,14,43.2,0.0,1.21,44.41,7.26,37.15,0,0,0
296,119,641,1,2022-03-08,2022-03-22,2022-03-22,2022-03-22,14,89.18,0.0,2.23,91.41,16.05,75.36,0,0,0
297,120,1338,8,2024-09-07,2024-09-14,2024-09-15,2024-09-15,7,28.85,2.59,0.95,32.39,6.26,26.13,0,0,1
298,120,927,6,2024-09-29,2024-10-29,2024-10-29,2024-10-29,30,302.1,0.0,6.34,308.44,61.02,247.42,0,0,0
299,120,988,12,2024-11-09,2024-11-16,2024-11-16,2024-11-16,7,26.72,0.0,0.8,27.52,5.26,22.26,0,0,0
300,123,46,7,2022-08-19,2022-09-18,2022-09-18,2022-09-18,30,246.93,0.0,12.1,259.03,37.53,221.5,0,0,0
301,123,427,12,2022-10-02,2022-11-01,2022-11-01,2022-11-01,30,233.21,0.0,7.0,240.21,48.74,191.47,0,0,0
302,123,1698,7,2022-11-13,2022-12-13,2022-12-13,,30,264.95,0.0,12.98,277.93,47.43,230.5,1,0,0
303,124,1519,10,2024-08-21,2024-09-04,2024-09-04,2024-09-04,14,119.18,0.0,3.1,122.28,26.1,96.18,0,0,0
304,124,1248,9,2024-09-18,2024-10-18,2024-10-18,2024-10-18,30,283.75,0.0,7.94,291.69,45.68,246.01,0,0,0
305,124,970,10,2024-10-24,2024-10-31,2024-10-31,2024-10-31,7,59.59,0.0,1.55,61.14,12.16,48.98,0,0,0
306,124,1037,8,2024-11-06,2024-11-13,2024-11-13,2024-11-13,7,63.86,0.0,2.11,65.97,13.22,52.75,0,0,0
307,125,1742,2,2024-02-18,2024-03-19,2024-03-19,2024-03-19,30,132.0,0.0,5.41,137.41,25.08,112.33,0,0,0
308,125,1617,3,2024-03-26,2024-04-02,2024-04-05,2024-04-05,7,22.33,20.97,0.56,43.86,3.57,40.29,0,0,1
309,125,1569,8,2024-04-18,2024-05-18,2024-05-18,2024-05-18,30,78.48,0.0,2.59,81.07,16.79,64.28,0,0,0
310,126,1816,9,2023-07-30,2023-08-29,2023-08-29,2023-08-29,30,227.63,0.0,6.37,234.0,51.22,182.78,0,0,0
311,126,1733,7,2023-09-06,2023-10-06,2023-10-06,2023-10-06,30,186.24,0.0,9.13,195.37,32.41,162.96,0,0,0
312,126,408,7,2023-10-15,2023-10-29,2023-10-29,2023-10-29,14,86.91,0.0,4.26,91.17,17.3,73.87,0,0,0
313,126,530,7,2023-11-09,2023-11-23,2023-11-23,2023-11-23,14,96.59,0.0,4.73,101.32,18.16,83.16,0,0,0
314,127,348,10,2023-12-17,2023-12-31,2024-01-06,2024-01-06,14,106.54,30.72,2.77,140.03,24.4,115.63,0,0,1
315,127,79,10,2024-01-13,2024-02-12,2024-02-12,2024-02-12,30,209.75,0.0,5.45,215.2,48.87,166.33,0,0,0
316,127,369,8,2024-03-16,2024-04-15,2024-04-15,2024-04-15,30,207.63,0.0,6.85,214.48,49.21,165.27,0,0,0
317,127,620,3,2024-04-21,2024-06-05,2024-06-05,2024-06-05,45,143.55,0.0,3.59,147.14,32.16,114.98,0,0,0
318,129,1672,5,2024-09-25,2024-10-09,2024-10-09,2024-10-09,14,119.14,0.0,4.05,123.19,27.16,96.03,0,0,0
319,129,1135,5,2024-10-14,2024-10-21,2024-10-21,2024-10-21,7,59.57,0.0,2.03,61.6,13.46,48.14,0,0,0
320,129,681,1,2024-10-27,2024-11-26,2024-11-29,2024-11-29,30,191.1,19.17,4.78,215.05,32.1,182.95,0,0,1
321,132,918,10,2024-11-03,2024-11-10,2024-11-10,2024-11-10,7,47.6,0.0,1.24,48.84,9.19,39.65,0,0,0
322,132,942,11,2024-11-20,2024-12-04,2024-12-04,2024-12-04,14,127.4,0.0,4.84,132.24,20.64,111.6,0,0,0
323,132,1577,11,2024-12-12,2025-01-11,2025-01-11,2025-01-11,30,261.94,0.0,9.95,271.89,50.55,221.34,0,0,0
324,133,455,2,2023-09-10,2023-10-10,2023-10-13,2023-10-13,30,132.0,21.6,5.41,159.01,24.02,134.99,0,0,1
325,133,799,5,2023-10-22,2023-11-21,2023-11-21,2023-11-21,30,255.3,0.0,8.68,263.98,54.38,209.6,0,0,0
326,133,730,12,2023-11-30,2023-12-30,2023-12-30,,30,81.79,0.0,2.45,84.24,19.87,64.37,1,0,0
327,133,1634,10,2024-02-01,2024-02-15,2024-02-15,2024-02-15,14,41.85,0.0,1.09,42.94,7.28,35.66,0,0,0
328,133,634,2,2024-02-27,2024-03-28,2024-03-28,2024-03-28,30,132.0,0.0,5.41,137.41,19.8,117.61,0,0,0
329,136,786,10,2022-11-18,2022-11-25,2022-11-25,2022-11-25,7,17.76,0.0,0.46,18.22,3.23,14.99,0,0,0
330,136,1247,3,2022-12-06,2023-01-05,2023-01-05,2023-01-05,30,109.99,0.0,2.75,112.74,25.63,87.11,0,0,0
331,136,775,7,2023-01-11,2023-01-18,2023-01-19,2023-01-19,7,15.32,2.39,0.75,18.46,3.31,15.15,0,0,1
332,136,43,9,2023-02-27,2023-03-06,2023-03-06,2023-03-06,7,18.72,0.0,0.52,19.24,4.25,14.99,0,0,0
333,137,1243,6,2021-04-03,2021-04-10,2021-04-10,2021-04-10,7,70.49,0.0,1.48,71.97,12.05,59.92,0,0,0
334,137,443,8,2021-04-20,2021-04-27,2021-04-27,2021-04-27,7,18.09,0.0,0.6,18.69,2.97,15.72,0,0,0
335,137,1570,6,2021-05-06,2021-05-20,2021-05-20,2021-05-20,14,140.98,0.0,2.96,143.94,24.53,119.41,0,0,0
336,137,1422,2,2021-06-03,2021-07-03,2021-07-03,2021-07-03,30,132.0,0.0,5.41,137.41,29.7,107.71,0,0,0
337,137,874,7,2021-07-13,2021-07-27,2021-07-27,2021-07-27,14,33.23,0.0,1.63,34.86,7.78,27.08,0,0,0
338,137,24,8,2021-08-06,2021-09-20,2021-09-20,2021-09-20,45,116.31,0.0,3.84,120.15,20.47,99.68,0,0,0
339,138,549,1,2024-07-19,2024-09-02,2024-09-02,2024-09-02,45,286.65,0.0,7.17,293.82,60.77,233.05,0,0,0
340,138,1454,9,2024-09-12,2024-09-26,2024-09-26,2024-09-26,14,46.13,0.0,1.29,47.42,9.55,37.87,0,0,0
341,138,1547,6,2024-10-10,2024-10-17,2024-10-17,2024-10-17,7,70.49,0.0,1.48,71.97,15.58,56.39,0,0,0
342,138,1968,7,2024-10-22,2024-10-29,2024-10-29,2024-10-29,7,18.87,0.0,0.92,19.79,2.89,16.9,0,0,0
343,138,408,10,2024-11-11,2024-11-18,2024-11-24,2024-11-24,7,22.85,30.72,0.59,54.16,5.53,48.63,0,0,1
344,138,224,10,2024-12-05,2024-12-19,2024-12-19,,14,45.34,0.0,1.18,46.52,8.3,38.22,1,0,0
345,141,1823,11,2024-12-02,2024-12-16,2024-12-16,2024-12-16,14,46.63,0.0,1.77,48.4,11.56,36.84,0,0,0
346,143,1473,8,2024-02-13,2024-02-27,2024-03-01,2024-03-01,14,73.95,7.77,2.44,84.16,14.49,69.67,0,0,1
347,143,430,7,2024-03-11,2024-03-25,2024-03-25,2024-03-25,14,67.91,0.0,3.33,71.24,16.43,54.81,0,0,0
348,143,958,5,2024-03-31,2024-04-07,2024-04-13,2024-04-13,7,59.57,22.5,2.03,84.1,9.65,74.45,0,0,1
349,143,940,7,2024-05-12,2024-05-26,2024-05-26,2024-05-26,14,67.91,0.0,3.33,71.24,13.58,57.66,0,0,0
350,144,1509,2,2023-11-22,2024-01-06,2024-01-06,2024-01-06,45,223.09,0.0,9.15,232.24,46.18,186.06,0,0,0
351,144,287,9,2024-01-19,2024-02-02,2024-02-02,2024-02-02,14,36.54,0.0,1.02,37.56,5.92,31.64,0,0,0
352,144,1965,4,2024-03-15,2024-04-14,2024-04-14,2024-04-14,30,139.5,0.0,4.05,143.55,33.2,110.35,0,0,0
353,144,1706,7,2024-04-22,2024-05-22,2024-05-22,2024-05-22,30,64.07,0.0,3.14,67.21,12.81,54.4,0,0,0
354,144,1481,10,2024-06-05,2024-06-12,2024-06-12,2024-06-12,7,16.44,0.0,0.43,16.87,2.5,14.37,0,0,0
355,144,152,10,2024-06-23,2024-06-30,2024-06-30,2024-06-30,7,16.44,0.0,0.43,16.87,3.47,13.4,0,0,0
356,145,1119,9,2024-10-06,2024-10-20,2024-10-20,2024-10-20,14,32.17,0.0,0.9,33.07,4.86,28.21,0,0,0
357,145,613,5,2024-10-25,2024-11-01,2024-11-01,2024-11-01,7,59.57,0.0,2.03,61.6,8.94,52.66,0,0,0
358,146,441,11,2024-02-13,2024-02-20,2024-02-20,2024-02-20,7,29.47,0.0,1.12,30.59,4.72,25.87,0,0,0
359,146,1372,12,2024-03-04,2024-04-18,2024-04-18,2024-04-18,45,126.79,0.0,3.8,130.59,23.08,107.51,0,0,0
360,147,441,4,2021-05-15,2021-06-29,2021-06-29,2021-06-29,45,209.25,0.0,6.07,215.32,46.04,169.28,0,0,0
361,147,191,11,2021-07-13,2021-08-27,2021-08-27,2021-08-27,45,267.4,0.0,10.16,277.56,40.64,236.92,0,0,0
362,147,1442,1,2021-09-07,2021-10-07,2021-10-07,2021-10-07,30,191.1,0.0,4.78,195.88,38.22,157.66,0,0,0
363,147,1027,2,2021-11-07,2021-12-07,2021-12-07,2021-12-07,30,142.63,0.0,5.85,148.48,34.8,113.68,0,0,0
364,148,1632,8,2024-10-20,2024-11-19,2024-11-19,2024-11-19,30,99.9,0.0,3.3,103.2,17.98,85.22,0,0,0
365,148,1415,8,2024-11-27,2025-01-11,2025-01-11,2025-01-11,45,168.39,0.0,5.56,173.95,32.33,141.62,0,0,0
366,150,1790,5,2022-12-11,2023-01-25,2023-01-25,,45,434.14,0.0,14.76,448.9,82.05,366.85,1,0,0
367,150,1220,3,2023-02-25,2023-03-04,2023-03-04,2023-03-04,7,22.33,0.0,0.56,22.89,5.49,17.4,0,0,0
368,150,639,3,2023-03-17,2023-04-16,2023-04-16,2023-04-16,30,95.7,0.0,2.39,98.09,19.62,78.47,0,0,0
369,150,590,3,2023-04-22,2023-04-29,2023-04-29,2023-04-29,7,22.33,0.0,0.56,22.89,5.05,17.84,0,0,0
370,152,422,9,2024-02-10,2024-03-11,2024-03-11,2024-03-11,30,170.2,0.0,4.77,174.97,40.17,134.8,0,0,0
371,152,1696,12,2024-03-22,2024-03-29,2024-03-29,2024-03-29,7,30.69,0.0,0.92,31.61,7.43,24.18,0,0,0
372,152,597,11,2024-04-11,2024-04-18,2024-04-18,2024-04-18,7,45.85,0.0,1.74,47.59,7.61,39.98,0,0,0
373,152,787,7,2024-04-24,2024-05-24,2024-05-24,2024-05-24,30,139.26,0.0,6.82,146.08,27.02,119.06,0,0,0
374,152,307,10,2024-06-30,2024-07-14,2024-07-14,2024-07-14,14,71.48,0.0,1.86,73.34,12.79,60.55,0,0,0
375,152,1025,1,2024-07-19,2024-07-26,2024-07-26,2024-07-26,7,44.59,0.0,1.11,45.7,8.74,36.96,0,0,0
376,152,784,9,2024-08-03,2024-09-02,2024-09-02,2024-09-02,30,170.2,0.0,4.77,174.97,32.85,142.12,0,0,0
377,153,182,10,2022-04-21,2022-04-28,2022-04-28,2022-04-28,7,22.29,0.0,0.58,22.87,3.43,19.44,0,0,0
378,153,725,3,2022-05-12,2022-05-26,2022-05-26,2022-05-26,14,44.66,0.0,1.12,45.78,9.78,36.0,0,0,0
379,153,1496,11,2022-06-09,2022-06-23,2022-06-23,2022-06-23,14,57.19,0.0,2.17,59.36,11.55,47.81,0,0,0
380,153,1650,12,2022-07-01,2022-08-15,2022-08-15,2022-08-15,45,123.03,0.0,3.69,126.72,22.15,104.57,0,0,0
381,153,1286,2,2022-08-26,2022-09-02,2022-09-02,2022-09-02,7,30.8,0.0,1.26,32.06,7.08,24.98,0,0,0
382,201,1744,12,2024-03-07,2024-04-06,2024-04-06,2024-04-06,30,181.26,0.0,5.44,186.7,29.36,157.34,0,0,0
383,201,1060,12,2024-04-18,2024-04-25,2024-04-25,2024-04-25,7,42.29,0.0,1.27,43.56,7.65,35.91,0,0,0
384,201,1578,7,2024-05-23,2024-06-06,2024-06-06,2024-06-06,14,89.56,0.0,4.39,93.95,21.67,72.28,0,0,0
385,201,792,9,2024-06-15,2024-06-22,2024-06-22,,7,54.73,0.0,1.53,56.26,8.37,47.89,1,1,0
386,203,506,3,2023-08-13,2023-08-27,2023-08-27,2023-08-27,14,44.66,0.0,1.12,45.78,10.36,35.42,0,0,0
387,203,1310,7,2023-09-06,2023-09-27,2023-09-28,2023-09-28,21,83.17,2.39,4.08,89.64,13.31,76.33,0,0,1
388,203,1088,6,2023-10-05,2023-10-12,2023-10-12,2023-10-12,7,70.49,0.0,1.48,71.97,12.76,59.21,0,0,0
389,203,18,2,2023-10-24,2023-11-14,2023-11-14,2023-11-14,21,92.4,0.0,3.79,96.19,21.9,74.29,0,0,0
390,203,337,5,2023-11-20,2023-11-27,2023-11-27,2023-11-27,7,65.48,0.0,2.23,67.71,12.11,55.6,0,0,0
391,206,1394,6,2023-11-01,2023-11-08,2023-11-08,2023-11-08,7,78.59,0.0,1.65,80.24,19.02,61.22,0,0,0
392,206,798,2,2023-11-20,2023-12-11,2023-12-11,2023-12-11,21,102.44,0.0,4.2,106.64,24.89,81.75,0,0,0
393,206,1783,4,2023-12-21,2024-01-11,2024-01-11,2024-01-11,21,110.95,0.0,3.22,114.17,24.74,89.43,0,0,0
394,207,1222,9,2022-07-12,2022-07-19,2022-07-19,2022-07-19,7,57.41,0.0,1.61,59.02,9.3,49.72,0,0,0
395,207,1132,1,2022-07-28,2022-08-04,2022-08-04,2022-08-04,7,44.59,0.0,1.11,45.7,10.17,35.53,0,0,0
396,207,162,9,2022-08-13,2022-09-03,2022-09-03,2022-09-03,21,172.23,0.0,4.82,177.05,27.73,149.32,0,0,0
397,207,685,12,2022-09-14,2022-10-05,2022-10-05,2022-10-05,21,133.08,0.0,3.99,137.07,22.49,114.58,0,0,0
398,207,1022,12,2022-10-11,2022-10-25,2022-10-25,2022-10-25,14,88.72,0.0,2.66,91.38,20.23,71.15,0,0,0
399,208,382,6,2022-02-11,2022-03-13,2022-03-13,2022-03-13,30,302.1,0.0,6.34,308.44,64.35,244.09,0,0,0
400,210,1885,9,2022-08-16,2022-08-23,2022-08-23,2022-08-23,7,27.42,0.0,0.77,28.19,4.3,23.89,0,0,0
401,210,1669,8,2022-09-04,2022-09-11,2022-09-11,2022-09-11,7,24.43,0.0,0.81,25.24,3.96,21.28,0,0,0
402,210,386,4,2022-09-22,2022-10-22,2022-10-22,2022-10-22,30,139.5,0.0,4.05,143.55,27.76,115.79,0,0,0
403,210,1099,7,2022-10-29,2022-11-19,2022-11-19,2022-11-19,21,67.3,0.0,3.3,70.6,16.49,54.11,0,0,0
404,210,789,7,2022-11-26,2022-12-10,2022-12-10,2022-12-10,14,51.2,0.0,2.51,53.71,8.86,44.85,0,0,0
405,210,1659,1,2022-12-16,2022-12-30,2023-01-02,2023-01-02,14,100.27,19.17,2.51,121.95,21.16,100.79,0,0,1
406,210,206,10,2023-01-16,2023-02-06,2023-02-06,2023-02-06,21,74.03,0.0,1.92,75.95,12.29,63.66,0,0,0
407,211,1801,3,2021-07-09,2021-07-23,2021-07-23,2021-07-23,14,44.66,0.0,1.12,45.78,7.73,38.05,0,0,0
408,211,1210,5,2021-08-02,2021-08-16,2021-08-16,2021-08-16,14,119.14,0.0,4.05,123.19,23.95,99.24,0,0,0
409,212,1132,10,2024-03-14,2024-03-28,2024-03-28,2024-03-28,14,76.24,0.0,1.98,78.22,16.62,61.6,0,0,0
410,212,87,12,2024-04-07,2024-04-14,2024-04-14,2024-04-14,7,32.73,0.0,0.98,33.71,5.24,28.47,0,0,0
411,212,472,10,2024-05-08,2024-06-07,2024-06-07,2024-06-07,30,163.38,0.0,4.25,167.63,31.53,136.1,0,0,0
412,213,450,6,2022-02-25,2022-03-11,2022-03-11,2022-03-11,14,140.98,0.0,2.96,143.94,26.5,117.44,0,0,0
413,213,560,8,2022-04-19,2022-05-19,2022-05-19,2022-05-19,30,165.42,0.0,5.46,170.88,26.47,144.41,0,0,0
414,213,1065,2,2022-06-01,2022-06-15,2022-06-15,2022-06-15,14,61.6,0.0,2.53,64.13,9.3,54.83,0,0,0
415,213,62,9,2022-06-28,2022-07-05,2022-07-05,2022-07-05,7,43.32,0.0,1.21,44.53,9.14,35.39,0,0,0
416,213,916,10,2022-07-19,2022-08-02,2022-08-02,,14,77.98,0.0,2.03,80.01,15.75,64.26,1,0,0
417,214,76,7,2023-03-14,2023-04-13,2023-04-13,2023-04-13,30,301.49,0.0,14.77,316.26,51.25,265.01,0,0,0
418,214,39,9,2023-05-30,2023-06-06,2023-06-06,2023-06-06,7,85.98,0.0,2.41,88.39,19.95,68.44,0,0,0
419,214,1623,3,2023-06-16,2023-06-30,2023-06-30,2023-06-30,14,44.66,0.0,1.12,45.78,7.46,38.32,0,0,0
420,216,526,7,2023-08-02,2023-08-09,2023-08-09,2023-08-09,7,93.9,0.0,4.6,98.5,21.88,76.62,0,0,0
421,216,1633,10,2023-08-22,2023-09-05,2023-09-05,2023-09-05,14,206.59,0.0,5.37,211.96,31.81,180.15,0,0,0
422,216,1075,9,2023-09-11,2023-09-18,2023-09-18,2023-09-18,7,114.77,0.0,3.21,117.98,24.45,93.53,0,0,0
423,216,1433,7,2023-10-01,2023-10-22,2023-10-22,2023-10-22,21,281.71,0.0,13.8,295.51,50.99,244.52,0,0,0
424,216,176,12,2023-11-02,2023-11-23,2023-11-23,2023-11-23,21,295.96,0.0,8.88,304.84,54.46,250.38,0,0,0
425,216,1760,11,2023-12-03,2023-12-17,2023-12-17,2023-12-17,14,290.07,0.0,11.02,301.09,71.94,229.15,0,0,0
426,218,118,9,2024-11-04,2024-11-11,2024-11-11,2024-11-11,7,52.46,0.0,1.47,53.93,10.23,43.7,0,0,0
427,219,1403,9,2021-07-05,2021-07-19,2021-07-19,2021-07-19,14,56.27,0.0,1.58,57.85,9.73,48.12,0,0,0
428,219,1159,7,2021-07-24,2021-08-07,2021-08-14,2021-08-14,14,46.04,16.73,2.26,65.03,9.99,55.04,0,0,1
429,220,16,7,2023-06-08,2023-06-15,2023-06-15,2023-06-15,7,47.02,0.0,2.3,49.32,8.7,40.62,0,0,0
430,220,1028,7,2023-06-25,2023-07-16,2023-07-16,2023-07-16,21,141.07,0.0,6.91,147.98,31.18,116.8,0,0,0
431,220,405,12,2023-07-30,2023-08-20,2023-08-20,2023-08-20,21,133.23,0.0,4.0,137.23,27.58,109.65,0,0,0
432,220,447,9,2023-09-24,2023-10-01,2023-10-01,2023-10-01,7,57.47,0.0,1.61,59.08,10.0,49.08,0,0,0
433,220,1016,6,2023-10-14,2023-10-28,2023-10-28,2023-10-28,14,140.98,0.0,2.96,143.94,24.95,118.99,0,0,0
434,220,1329,9,2023-11-10,2023-11-24,2023-11-24,2023-11-24,14,131.97,0.0,3.7,135.67,28.77,106.9,0,0,0
435,222,1614,5,2024-08-16,2024-08-30,2024-08-30,2024-08-30,14,119.14,0.0,4.05,123.19,22.64,100.55,0,0,0
436,222,1927,3,2024-11-06,2024-11-13,2024-11-13,2024-11-13,7,23.58,0.0,0.59,24.17,5.19,18.98,0,0,0
437,224,1892,12,2022-08-02,2022-09-16,2022-09-16,2022-09-16,45,77.84,0.0,2.34,80.18,18.99,61.19,0,0,0
438,224,1909,10,2022-09-27,2022-11-11,2022-11-11,2022-11-11,45,90.66,0.0,2.36,93.02,17.86,75.16,0,0,0
439,224,1240,6,2022-11-18,2022-11-25,2022-11-25,2022-11-25,7,78.21,0.0,1.64,79.85,14.86,64.99,0,0,0
440,224,1831,12,2022-12-02,2022-12-09,2022-12-15,2022-12-15,7,12.89,19.08,0.39,32.36,3.17,29.19,0,0,1
441,224,1455,1,2022-12-28,2023-02-11,2023-02-11,2023-02-11,45,310.57,0.0,7.76,318.33,74.54,243.79,0,0,0
442,225,366,8,2023-11-29,2023-12-29,2023-12-29,2023-12-29,30,74.3,0.0,2.45,76.75,11.74,65.01,0,0,0
443,225,665,2,2024-01-11,2024-02-10,2024-02-10,2024-02-10,30,132.0,0.0,5.41,137.41,30.23,107.18,0,0,0
444,225,1094,9,2024-02-23,2024-03-24,2024-03-24,2024-03-24,30,74.13,0.0,2.08,76.21,16.53,59.68,0,0,0
445,225,243,7,2024-04-04,2024-05-04,2024-05-04,2024-05-04,30,60.66,0.0,2.97,63.63,14.98,48.65,0,0,0
446,225,1122,12,2024-05-12,2024-06-11,2024-06-11,2024-06-11,30,57.29,0.0,1.72,59.01,13.64,45.37,0,0,0
447,225,82,8,2024-07-18,2024-08-01,2024-08-01,2024-08-01,14,30.82,0.0,1.02,31.84,6.69,25.15,0,0,0
448,226,1295,1,2024-06-30,2024-07-30,2024-07-30,2024-07-30,30,191.1,0.0,4.78,195.88,47.39,148.49,0,0,0
449,226,672,1,2024-08-07,2024-08-21,2024-08-21,2024-08-21,14,89.18,0.0,2.23,91.41,14.8,76.61,0,0,0
450,226,1196,3,2024-08-30,2024-09-29,2024-09-29,2024-09-29,30,95.7,0.0,2.39,98.09,23.06,75.03,0,0,0
451,226,832,11,2024-10-07,2024-10-21,2024-10-21,2024-10-21,14,39.56,0.0,1.5,41.06,6.84,34.22,0,0,0
452,226,1657,10,2024-10-28,2024-12-12,2024-12-12,2024-12-12,45,99.13,0.0,2.58,101.71,18.34,83.37,0,0,0
453,226,129,2,2024-12-22,2025-01-21,2025-01-21,2025-01-21,30,144.18,0.0,5.91,150.09,22.78,127.31,0,0,0
454,227,166,6,2024-10-08,2024-10-22,2024-10-22,2024-10-22,14,140.98,0.0,2.96,143.94,30.45,113.49,0,0,0
455,227,928,3,2024-10-30,2024-11-13,2024-11-13,2024-11-13,14,44.66,0.0,1.12,45.78,9.91,35.87,0,0,0
456,227,1473,3,2024-11-21,2025-01-05,2025-01-05,2025-01-05,45,160.92,0.0,4.02,164.94,30.57,134.37,0,0,0
457,228,386,10,2024-08-30,2024-10-14,2024-10-14,2024-10-14,45,102.1,0.0,2.65,104.75,19.91,84.84,0,0,0
458,228,249,8,2024-10-25,2024-11-08,2024-11-08,2024-11-08,14,31.44,0.0,1.04,32.48,5.34,27.14,0,0,0
459,228,694,12,2024-11-19,2024-12-03,2024-12-03,2024-12-03,14,31.16,0.0,0.93,32.09,7.38,24.71,0,0,0
460,228,278,6,2024-12-14,2024-12-28,2025-01-01,2025-01-01,14,151.89,20.36,3.19,175.44,32.05,143.39,0,0,1
461,229,544,5,2021-11-17,2021-11-24,2021-11-24,2021-11-24,7,63.3,0.0,2.15,65.45,11.65,53.8,0,0,0
462,229,619,4,2021-12-07,2022-01-06,2022-01-06,2022-01-06,30,156.53,0.0,4.54,161.07,35.85,125.22,0,0,0
463,229,1489,11,2022-01-17,2022-02-16,2022-02-16,2022-02-16,30,16.04,0.0,0.61,16.65,3.34,13.31,0,0,0
464,229,1517,4,2022-03-02,2022-04-01,2022-04-01,2022-04-01,30,139.5,0.0,4.05,143.55,34.88,108.67,0,0,0
465,229,82,1,2022-04-15,2022-04-22,2022-04-22,2022-04-22,7,44.59,0.0,1.11,45.7,7.22,38.48,0,0,0
466,232,1160,8,2024-12-17,2025-01-16,2025-01-16,2025-01-16,30,32.47,0.0,1.07,33.54,7.34,26.2,0,0,0
467,234,1971,1,2022-12-27,2023-01-10,2023-01-10,2023-01-10,14,99.06,0.0,2.48,101.54,18.92,82.62,0,0,0
468,234,1143,3,2023-01-18,2023-02-17,2023-02-17,2023-02-17,30,95.7,0.0,2.39,98.09,16.08,82.01,0,0,0
469,234,447,5,2023-02-26,2023-03-12,2023-03-12,2023-03-12,14,119.14,0.0,4.05,123.19,27.88,95.31,0,0,0
470,234,1298,7,2023-03-20,2023-04-03,2023-04-05,2023-04-05,14,15.67,4.78,0.77,21.22,3.84,17.38,0,0,1
471,234,292,3,2023-05-06,2023-05-20,2023-05-20,2023-05-20,14,44.66,0.0,1.12,45.78,9.42,36.36,0,0,0
472,234,960,1,2023-05-31,2023-06-07,2023-06-07,2023-06-07,7,44.59,0.0,1.11,45.7,10.21,35.49,0,0,0
473,235,331,2,2021-09-25,2021-10-02,2021-10-02,2021-10-02,7,30.8,0.0,1.26,32.06,7.18,24.88,0,0,0
474,235,441,3,2021-10-13,2021-10-27,2021-10-27,2021-10-27,14,44.66,0.0,1.12,45.78,8.53,37.25,0,0,0
475,235,770,1,2021-11-03,2021-11-10,2021-11-10,2021-11-10,7,48.92,0.0,1.22,50.14,11.99,38.15,0,0,0
476,235,1808,4,2021-11-20,2022-01-04,2022-01-04,2022-01-04,45,221.3,0.0,6.42,227.72,34.52,193.2,0,0,0
477,235,1849,2,2022-02-06,2022-03-08,2022-03-08,2022-03-08,30,132.0,0.0,5.41,137.41,23.63,113.78,0,0,0
478,235,1847,6,2022-03-15,2022-03-22,2022-03-22,2022-03-22,7,70.49,0.0,1.48,71.97,10.93,61.04,0,0,0
479,237,571,10,2024-05-25,2024-06-08,2024-06-08,2024-06-08,14,34.15,0.0,0.89,35.04,8.4,26.64,0,0,0
480,237,1181,3,2024-06-17,2024-07-01,2024-07-01,2024-07-01,14,44.66,0.0,1.12,45.78,10.0,35.78,0,0,0
481,237,922,9,2024-07-06,2024-08-05,2024-08-05,,30,81.3,0.0,2.28,83.58,14.15,69.43,1,1,0
482,237,135,12,2024-08-18,2024-09-01,2024-09-01,2024-09-01,14,29.32,0.0,0.88,30.2,6.16,24.04,0,0,0
483,239,879,5,2024-01-05,2024-01-19,2024-01-19,2024-01-19,14,119.14,0.0,4.05,123.19,27.64,95.55,0,0,0
484,239,1642,4,2024-01-25,2024-03-10,2024-03-10,2024-03-10,45,209.25,0.0,6.07,215.32,36.41,178.91,0,0,0
485,239,1969,5,2024-03-21,2024-04-04,2024-04-09,2024-04-09,14,119.14,18.75,4.05,141.94,26.93,115.01,0,0,1
486,240,1229,2,2024-11-02,2024-11-16,2024-11-16,2024-11-16,14,70.47,0.0,2.89,73.36,17.55,55.81,0,0,0
487,240,1272,9,2024-11-29,2024-12-13,2024-12-13,2024-12-13,14,22.58,0.0,0.63,23.21,4.85,18.36,0,0,0
488,241,1568,10,2023-05-02,2023-05-09,2023-05-09,2023-05-09,7,4.21,0.0,0.11,4.32,0.73,3.59,0,0,0
489,241,233,1,2023-06-19,2023-07-03,2023-07-03,2023-07-03,14,89.18,0.0,2.23,91.41,16.23,75.18,0,0,0
490,241,1179,4,2023-07-08,2023-07-22,2023-07-22,2023-07-22,14,65.1,0.0,1.89,66.99,11.65,55.34,0,0,0
491,242,1127,11,2024-12-26,2025-01-09,2025-01-09,2025-01-09,14,58.76,0.0,2.23,60.99,9.7,51.29,0,0,0
492,243,286,10,2024-07-21,2024-08-04,2024-08-04,2024-08-04,14,33.01,0.0,0.86,33.87,7.49,26.38,0,0,0
493,243,1588,7,2024-08-14,2024-08-28,2024-08-28,2024-08-28,14,30.01,0.0,1.47,31.48,4.83,26.65,0,0,0
494,243,453,5,2024-09-03,2024-10-03,2024-10-03,2024-10-03,30,255.3,0.0,8.68,263.98,59.23,204.75,0,0,0
495,243,1918,3,2024-10-10,2024-11-09,2024-11-09,2024-11-09,30,95.7,0.0,2.39,98.09,22.49,75.6,0,0,0
496,243,1440,3,2024-11-18,2024-12-02,2024-12-02,2024-12-02,14,49.04,0.0,1.23,50.27,9.12,41.15,0,0,0
497,244,749,8,2024-05-07,2024-06-21,2024-06-21,2024-06-21,45,132.71,0.0,4.38,137.09,26.14,110.95,0,0,0
498,244,228,11,2024-07-02,2024-07-16,2024-07-16,2024-07-16,14,53.51,0.0,2.03,55.54,11.56,43.98,0,0,0
499,244,1197,8,2024-07-29,2024-09-12,2024-09-12,2024-09-12,45,132.71,0.0,4.38,137.09,25.35,111.74,0,0,0
500,244,517,6,2024-09-19,2024-10-03,2024-10-06,2024-10-06,14,140.98,15.27,2.96,159.21,22.84,136.37,0,0,1
501,244,441,8,2024-10-17,2024-11-16,2024-11-16,2024-11-16,30,88.48,0.0,2.92,91.4,14.25,77.15,0,0,0
502,244,1659,11,2024-11-26,2024-12-26,2024-12-26,2024-12-26,30,127.57,0.0,4.85,132.42,25.77,106.65,0,0,0
503,247,1718,3,2024-09-13,2024-10-28,2024-10-28,2024-10-28,45,143.55,0.0,3.59,147.14,26.27,120.87,0,0,0
504,247,380,1,2024-11-06,2024-11-13,2024-11-13,2024-11-13,7,48.07,0.0,1.2,49.27,10.34,38.93,0,0,0
505,247,273,3,2024-11-20,2024-12-04,2024-12-04,2024-12-04,14,48.72,0.0,1.22,49.94,11.25,38.69,0,0,0
506,247,1732,6,2024-12-17,2025-01-31,2025-01-31,2025-01-31,45,480.88,0.0,10.1,490.98,111.56,379.42,0,0,0
507,248,1817,11,2023-12-23,2024-01-06,2024-01-06,2024-01-06,14,39.27,0.0,1.49,40.76,6.48,34.28,0,0,0
508,248,78,5,2024-03-18,2024-04-17,2024-04-17,2024-04-17,30,255.3,0.0,8.68,263.98,54.12,209.86,0,0,0
509,250,1776,2,2023-07-13,2023-08-27,2023-08-27,2023-08-27,45,198.0,0.0,8.12,206.12,46.93,159.19,0,0,0
510,250,67,3,2023-09-02,2023-10-02,2023-10-02,2023-10-02,30,95.7,0.0,2.39,98.09,16.08,82.01,0,0,0
511,250,715,12,2023-10-16,2023-10-30,2023-10-30,2023-10-30,14,25.27,0.0,0.76,26.03,6.06,19.97,0,0,0
512,250,809,8,2023-11-13,2023-12-28,2023-12-28,,45,103.2,0.0,3.41,106.61,23.53,83.08,1,1,0
513,250,1694,1,2024-01-11,2024-01-18,2024-01-18,2024-01-18,7,44.59,0.0,1.11,45.7,9.32,36.38,0,0,0
514,250,201,5,2024-02-15,2024-02-29,2024-02-29,2024-02-29,14,119.14,0.0,4.05,123.19,21.45,101.74,0,0,0
515,250,1636,11,2024-03-14,2024-04-13,2024-04-13,2024-04-13,30,80.9,0.0,3.07,83.97,19.42,64.55,0,0,0
516,251,796,9,2024-04-01,2024-05-01,2024-05-01,2024-05-01,30,75.13,0.0,2.1,77.23,13.9,63.33,0,0,0
517,251,478,2,2024-05-27,2024-06-10,2024-06-10,2024-06-10,14,61.6,0.0,2.53,64.13,12.69,51.44,0,0,0
518,253,296,11,2024-03-02,2024-04-01,2024-04-01,2024-04-01,30,94.21,0.0,3.58,97.79,17.99,79.8,0,0,0
519,253,1144,10,2024-04-06,2024-04-20,2024-04-20,2024-04-20,14,34.27,0.0,0.89,35.16,8.02,27.14,0,0,0
520,253,1190,3,2024-07-31,2024-09-14,2024-09-14,2024-09-14,45,143.55,0.0,3.59,147.14,28.42,118.72,0,0,0
521,255,91,1,2022-06-03,2022-07-03,2022-07-03,2022-07-03,30,191.1,0.0,4.78,195.88,39.75,156.13,0,0,0
522,255,1113,10,2022-07-10,2022-07-24,2022-07-24,2022-07-24,14,7.9,0.0,0.21,8.11,1.32,6.79,0,0,0
523,255,1497,5,2022-08-02,2022-08-16,2022-08-16,2022-08-16,14,119.14,0.0,4.05,123.19,22.4,100.79,0,0,0
524,255,273,4,2022-08-30,2022-09-13,2022-09-13,2022-09-13,14,65.1,0.0,1.89,66.99,13.09,53.9,0,0,0
525,257,390,4,2024-06-05,2024-07-05,2024-07-05,2024-07-05,30,139.5,0.0,4.05,143.55,23.99,119.56,0,0,0
526,257,1100,6,2024-07-10,2024-07-24,2024-07-24,2024-07-24,14,140.98,0.0,2.96,143.94,26.5,117.44,0,0,0
527,257,1000,5,2024-07-30,2024-08-13,2024-08-13,2024-08-13,14,119.14,0.0,4.05,123.19,19.42,103.77,0,0,0
528,257,1893,10,2024-08-24,2024-08-31,2024-08-31,2024-08-31,7,16.1,0.0,0.42,16.52,2.53,13.99,0,0,0
529,257,1355,5,2024-09-06,2024-10-21,2024-10-22,2024-10-22,45,382.95,3.75,13.02,399.72,76.97,322.75,0,0,1
530,257,950,4,2024-11-03,2024-12-18,2024-12-18,2024-12-18,45,220.28,0.0,6.39,226.67,34.14,192.53,0,0,0
531,257,1528,2,2024-12-23,2024-12-30,2024-12-30,2024-12-30,7,34.14,0.0,1.4,35.54,7.78,27.76,0,0,0
532,260,686,9,2024-04-18,2024-06-02,2024-06-02,2024-06-02,45,78.78,0.0,2.21,80.99,19.62,61.37,0,0,0
533,260,1649,4,2024-07-11,2024-07-18,2024-07-18,2024-07-18,7,32.55,0.0,0.94,33.49,4.95,28.54,0,0,0
534,260,987,2,2024-07-29,2024-08-28,2024-08-28,2024-08-28,30,132.0,0.0,5.41,137.41,31.81,105.6,0,0,0
535,260,1272,10,2024-09-07,2024-10-07,2024-10-08,2024-10-08,30,47.27,5.12,1.23,53.62,10.64,42.98,0,0,1
536,260,301,11,2024-10-17,2024-11-16,2024-11-16,2024-11-16,30,60.64,0.0,2.3,62.94,14.19,48.75,0,0,0
537,261,1248,10,2024-09-12,2024-10-27,2024-10-27,2024-10-27,45,206.3,0.0,5.36,211.66,35.48,176.18,0,0,0
538,261,1217,2,2024-11-07,2024-12-22,2024-12-22,2024-12-22,45,210.17,0.0,8.62,218.79,32.79,186.0,0,0,0
539,262,828,9,2024-03-15,2024-04-29,2024-04-29,2024-04-29,45,229.64,0.0,6.43,236.07,49.6,186.47,0,0,0
540,262,923,4,2024-05-06,2024-06-05,2024-06-10,2024-06-10,30,139.5,25.75,4.05,169.3,21.2,148.1,0,0,1
541,262,523,10,2024-06-21,2024-07-05,2024-07-05,2024-07-05,14,64.3,0.0,1.67,65.97,11.25,54.72,0,0,0
542,262,547,8,2024-07-15,2024-08-29,2024-08-29,2024-08-29,45,204.59,0.0,6.75,211.34,40.71,170.63,0,0,0
543,262,807,3,2024-09-09,2024-09-23,2024-09-23,2024-09-23,14,44.66,0.0,1.12,45.78,11.16,34.62,0,0,0
544,262,329,5,2024-09-30,2024-10-14,2024-10-14,,14,119.14,0.0,4.05,123.19,18.82,104.37,1,0,0
545,263,912,5,2024-11-05,2024-12-05,2024-12-05,2024-12-05,30,286.7,0.0,9.75,296.45,69.38,227.07,0,0,0
546,263,402,6,2024-12-18,2024-12-25,2024-12-25,2024-12-25,7,77.89,0.0,1.64,79.53,19.08,60.45,0,0,0
547,264,762,3,2024-12-10,2025-01-24,2025-01-24,2025-01-24,45,163.73,0.0,4.09,167.82,27.18,140.64,0,0,0
548,265,385,5,2023-07-21,2023-08-20,2023-08-23,2023-08-23,30,255.3,11.25,8.68,275.23,48.0,227.23,0,0,1
549,265,1864,7,2023-09-03,2023-09-17,2023-09-17,2023-09-17,14,26.63,0.0,1.3,27.93,5.89,22.04,0,0,0
550,265,332,7,2023-09-23,2023-10-23,2023-10-23,2023-10-23,30,57.06,0.0,2.8,59.86,11.07,48.79,0,0,0
551,265,26,6,2023-11-01,2023-12-16,2023-12-16,2023-12-16,45,489.05,0.0,10.27,499.32,83.63,415.69,0,0,0
552,265,1530,9,2023-12-29,2024-01-28,2024-01-28,2024-01-28,30,73.96,0.0,2.07,76.03,12.65,63.38,0,0,0
553,266,648,8,2024-08-24,2024-09-23,2024-09-29,2024-09-29,30,63.7,15.54,2.1,81.34,13.25,68.09,0,0,1
554,266,1090,11,2024-10-05,2024-11-19,2024-11-19,,45,123.83,0.0,4.71,128.54,27.99,100.55,1,1,0
555,266,61,6,2024-12-03,2024-12-17,2024-12-17,2024-12-17,14,158.11,0.0,3.32,161.43,24.67,136.76,0,0,0
556,266,40,1,2024-12-27,2025-01-10,2025-01-10,2025-01-10,14,96.55,0.0,2.41,98.96,20.95,78.01,0,0,0
557,267,227,1,2023-04-24,2023-06-08,2023-06-08,2023-06-08,45,286.65,0.0,7.17,293.82,63.35,230.47,0,0,0
558,267,629,6,2023-06-20,2023-07-04,2023-07-04,2023-07-04,14,140.98,0.0,2.96,143.94,32.14,111.8,0,0,0
559,268,1896,2,2021-03-22,2021-04-05,2021-04-05,2021-04-05,14,61.6,0.0,2.53,64.13,9.73,54.4,0,0,0
560,268,1244,2,2021-04-13,2021-05-13,2021-05-13,2021-05-13,30,132.0,0.0,5.41,137.41,20.06,117.35,0,0,0
561,268,1860,3,2021-05-27,2021-07-11,2021-07-11,2021-07-11,45,143.55,0.0,3.59,147.14,25.7,121.44,0,0,0
562,269,1164,3,2024-04-18,2024-04-25,2024-04-25,2024-04-25,7,22.33,0.0,0.56,22.89,4.27,18.62,0,0,0
563,269,825,1,2024-05-09,2024-06-23,2024-06-23,2024-06-23,45,286.65,0.0,7.17,293.82,69.66,224.16,0,0,0
564,269,1984,6,2024-07-27,2024-08-26,2024-08-26,2024-08-26,30,302.1,0.0,6.34,308.44,47.13,261.31,0,0,0
565,269,1111,8,2024-09-02,2024-10-02,2024-10-02,2024-10-02,30,115.54,0.0,3.81,119.35,26.46,92.89,0,0,0
566,271,1779,12,2024-07-13,2024-07-20,2024-07-20,2024-07-20,7,16.6,0.0,0.5,17.1,2.52,14.58,0,0,0
567,271,1079,5,2024-07-27,2024-08-03,2024-08-03,2024-08-03,7,59.57,0.0,2.03,61.6,12.51,49.09,0,0,0
568,271,994,6,2024-08-10,2024-08-17,2024-08-17,2024-08-17,7,70.49,0.0,1.48,71.97,10.71,61.26,0,0,0
569,272,1247,12,2021-09-27,2021-10-18,2021-10-18,2021-10-18,21,198.24,0.0,5.95,204.19,37.86,166.33,0,0,0
570,272,1371,9,2021-10-23,2021-11-22,2021-11-22,2021-11-22,30,366.5,0.0,10.26,376.76,75.5,301.26,0,0,0
571,272,385,12,2021-12-02,2021-12-09,2021-12-09,2021-12-09,7,74.5,0.0,2.24,76.74,16.09,60.65,0,0,0
572,272,291,12,2021-12-14,2022-01-04,2022-01-04,2022-01-04,21,212.12,0.0,6.36,218.48,36.7,181.78,0,0,0
573,273,244,8,2023-06-05,2023-06-19,2023-06-20,,14,83.14,2.59,2.74,88.47,18.96,69.51,1,0,1
574,273,993,10,2023-06-27,2023-07-11,2023-07-11,2023-07-11,14,83.99,0.0,2.18,86.17,18.06,68.11,0,0,0
575,273,947,10,2023-07-24,2023-08-07,2023-08-07,2023-08-07,14,83.99,0.0,2.18,86.17,13.27,72.9,0,0,0
576,274,1584,2,2024-12-14,2024-12-28,2024-12-30,2024-12-30,14,67.85,14.4,2.78,85.03,16.49,68.54,0,0,1
577,275,275,1,2024-12-02,2024-12-23,2024-12-23,2024-12-23,21,147.97,0.0,3.7,151.67,36.4,115.27,0,0,0
578,276,1359,2,2023-02-06,2023-02-27,2023-02-27,2023-02-27,21,92.4,0.0,3.79,96.19,22.45,73.74,0,0,0
579,276,70,4,2023-03-06,2023-03-27,2023-03-27,2023-03-27,21,97.65,0.0,2.83,100.48,19.04,81.44,0,0,0
580,276,1268,3,2023-04-01,2023-04-15,2023-04-15,2023-04-15,14,44.66,0.0,1.12,45.78,8.22,37.56,0,0,0
581,276,475,9,2023-04-22,2023-04-29,2023-04-29,2023-04-29,7,23.62,0.0,0.66,24.28,4.37,19.91,0,0,0
582,276,1031,1,2023-05-11,2023-06-01,2023-06-01,2023-06-01,21,133.77,0.0,3.34,137.11,22.87,114.24,0,0,0
583,277,954,7,2023-08-23,2023-09-06,2023-09-06,2023-09-06,14,52.05,0.0,2.55,54.6,10.98,43.62,0,0,0
584,277,1059,8,2023-09-14,2023-09-28,2023-09-30,2023-09-30,14,56.68,5.18,1.87,63.73,10.49,53.24,0,0,1
585,277,384,8,2023-10-07,2023-10-14,2023-10-14,2023-10-14,7,28.34,0.0,0.94,29.28,6.09,23.19,0,0,0
586,277,372,1,2023-10-21,2023-10-28,2023-10-28,2023-10-28,7,44.59,0.0,1.11,45.7,9.94,35.76,0,0,0
587,278,1406,9,2023-04-26,2023-05-03,2023-05-03,2023-05-03,7,46.35,0.0,1.3,47.65,8.11,39.54,0,0,0
588,278,1657,11,2023-05-11,2023-06-01,2023-06-01,2023-06-01,21,160.52,0.0,6.1,166.62,32.59,134.03,0,0,0
589,278,1904,9,2023-06-12,2023-06-19,2023-06-19,2023-06-19,7,46.35,0.0,1.3,47.65,10.29,37.36,0,0,0
590,278,151,7,2023-06-27,2023-07-18,2023-07-18,2023-07-18,21,113.76,0.0,5.57,119.33,20.48,98.85,0,0,0
591,280,922,7,2023-07-05,2023-07-12,2023-07-12,2023-07-12,7,32.28,0.0,1.58,33.86,7.04,26.82,0,0,0
592,280,1534,2,2023-07-21,2023-08-20,2023-08-20,2023-08-20,30,132.0,0.0,5.41,137.41,21.91,115.5,0,0,0
593,280,1283,1,2023-09-03,2023-09-17,2023-09-17,2023-09-17,14,89.18,0.0,2.23,91.41,18.91,72.5,0,0,0
594,280,397,12,2023-09-25,2023-10-09,2023-10-15,2023-10-15,14,60.97,19.08,1.83,81.88,12.07,69.81,0,0,1
595,281,1774,9,2024-09-26,2024-10-26,2024-10-31,2024-10-31,30,67.68,11.05,1.9,80.63,16.24,64.39,0,0,1
596,281,693,1,2024-11-13,2024-12-04,2024-12-04,2024-12-04,21,153.8,0.0,3.85,157.65,29.22,128.43,0,0,0
597,281,1707,7,2024-12-17,2024-12-24,2024-12-24,2024-12-24,7,14.65,0.0,0.72,15.37,2.89,12.48,0,0,0
598,282,1086,10,2024-02-27,2024-03-12,2024-03-12,2024-03-12,14,70.6,0.0,1.84,72.44,12.64,59.8,0,0,0
599,282,1043,3,2024-03-21,2024-04-11,2024-04-11,2024-04-11,21,66.99,0.0,1.67,68.66,14.8,53.86,0,0,0
600,282,973,10,2024-04-18,2024-04-25,2024-04-25,2024-04-25,7,35.3,0.0,0.92,36.22,7.59,28.63,0,0,0
601,282,437,12,2024-05-04,2024-05-18,2024-05-21,2024-05-21,14,60.62,9.54,1.82,71.98,11.03,60.95,0,0,1
602,282,1879,7,2024-06-04,2024-06-25,2024-06-25,2024-06-25,21,96.27,0.0,4.72,100.99,16.75,84.24,0,0,0
603,282,1356,5,2024-07-24,2024-08-23,2024-08-23,2024-08-23,30,255.3,0.0,8.68,263.98,42.64,221.34,0,0,0
604,283,386,5,2024-12-20,2024-12-27,2024-12-27,2024-12-27,7,63.21,0.0,2.15,65.36,10.81,54.55,0,0,0
605,284,205,7,2024-05-04,2024-05-18,2024-05-18,2024-05-18,14,44.26,0.0,2.17,46.43,7.35,39.08,0,0,0
606,284,582,6,2024-06-23,2024-06-30,2024-06-30,2024-06-30,7,70.49,0.0,1.48,71.97,11.28,60.69,0,0,0
607,284,37,1,2024-07-30,2024-08-13,2024-08-13,2024-08-13,14,89.18,0.0,2.23,91.41,15.52,75.89,0,0,0
608,285,842,7,2024-11-01,2024-11-08,2024-11-08,2024-11-08,7,27.12,0.0,1.33,28.45,5.18,23.27,0,0,0
609,285,1092,11,2024-11-22,2024-12-06,2024-12-06,2024-12-06,14,77.18,0.0,2.93,80.11,17.83,62.28,0,0,0
610,286,127,10,2024-11-08,2024-11-22,2024-11-22,2024-11-22,14,48.57,0.0,1.26,49.83,12.05,37.78,0,0,0
611,286,32,2,2024-12-05,2024-12-12,2024-12-12,2024-12-12,7,34.48,0.0,1.41,35.89,7.9,27.99,0,0,0
612,287,1246,9,2022-06-16,2022-06-23,2022-06-23,2022-06-23,7,18.4,0.0,0.52,18.92,3.48,15.44,0,0,0
613,287,1814,2,2022-09-14,2022-10-05,2022-10-05,2022-10-05,21,92.4,0.0,3.79,96.19,18.02,78.17,0,0,0
614,287,1187,3,2022-10-14,2022-10-21,2022-10-21,2022-10-21,7,22.33,0.0,0.56,22.89,3.44,19.45,0,0,0
615,287,46,2,2022-10-30,2022-11-06,2022-11-06,2022-11-06,7,30.8,0.0,1.26,32.06,7.39,24.67,0,0,0
616,288,501,9,2024-12-28,2025-01-11,2025-01-11,2025-01-11,14,88.98,0.0,2.49,91.47,19.13,72.34,0,0,0
617,289,633,1,2024-02-26,2024-03-04,2024-03-04,2024-03-04,7,44.59,0.0,1.11,45.7,8.16,37.54,0,0,0
618,289,1564,7,2024-05-05,2024-05-19,2024-05-19,2024-05-19,14,58.01,0.0,2.84,60.85,11.14,49.71,0,0,0
619,292,656,1,2023-10-25,2023-11-08,2023-11-08,2023-11-08,14,89.18,0.0,2.23,91.41,21.76,69.65,0,0,0
620,292,1058,10,2023-11-18,2023-12-02,2023-12-02,2023-12-02,14,76.0,0.0,1.98,77.98,14.52,63.46,0,0,0
621,292,1953,2,2023-12-12,2024-01-02,2024-01-02,,21,103.04,0.0,4.22,107.26,22.77,84.49,1,1,0
622,292,437,7,2024-02-04,2024-03-05,2024-03-05,2024-03-05,30,131.15,0.0,6.43,137.58,22.82,114.76,0,0,0
623,294,1754,5,2024-11-15,2024-11-22,2024-11-22,2024-11-22,7,67.19,0.0,2.28,69.47,15.32,54.15,0,0,0
624,295,755,10,2024-12-14,2024-12-21,2024-12-21,2024-12-21,7,43.75,0.0,1.14,44.89,8.36,36.53,0,0,0
625,296,255,7,2024-11-05,2024-11-12,2024-11-12,2024-11-12,7,18.69,0.0,0.92,19.61,3.33,16.28,0,0,0
626,297,279,6,2024-11-19,2024-11-26,2024-11-26,2024-11-26,7,75.15,0.0,1.58,76.73,15.33,61.4,0,0,0
627,297,1077,9,2024-12-02,2024-12-23,2024-12-23,2024-12-23,21,100.85,0.0,2.82,103.67,23.9,79.77,0,0,0
628,299,1407,9,2024-03-03,2024-03-10,2024-03-10,2024-03-10,7,21.68,0.0,0.61,22.29,5.27,17.02,0,0,0
629,299,765,6,2024-03-16,2024-03-30,2024-03-30,2024-03-30,14,140.98,0.0,2.96,143.94,22.56,121.38,0,0,0
630,299,1188,5,2024-04-05,2024-04-12,2024-04-12,2024-04-12,7,59.57,0.0,2.03,61.6,11.44,50.16,0,0,0
631,300,1699,7,2023-05-14,2023-06-13,2023-06-19,2023-06-19,30,259.55,14.34,12.72,286.61,64.89,221.72,0,0,1
632,301,501,1,2024-05-20,2024-05-27,2024-05-27,2024-05-27,7,44.59,0.0,1.11,45.7,6.73,38.97,0,0,0
633,301,1046,5,2024-07-23,2024-08-13,2024-08-13,2024-08-13,21,178.71,0.0,6.08,184.79,39.14,145.65,0,0,0
634,301,1172,2,2024-10-19,2024-11-09,2024-11-09,2024-11-09,21,92.4,0.0,3.79,96.19,20.51,75.68,0,0,0
635,302,1366,9,2024-04-12,2024-05-12,2024-05-12,2024-05-12,30,284.05,0.0,7.95,292.0,60.5,231.5,0,0,0
636,302,1996,9,2024-07-24,2024-08-07,2024-08-07,2024-08-07,14,132.56,0.0,3.71,136.27,24.13,112.14,0,0,0
637,302,1276,9,2024-08-18,2024-09-08,2024-09-08,2024-09-08,21,198.83,0.0,5.57,204.4,49.31,155.09,0,0,0
638,302,1916,2,2024-09-13,2024-09-20,2024-09-20,2024-09-20,7,30.8,0.0,1.26,32.06,5.88,26.18,0,0,0
639,303,903,9,2023-12-05,2023-12-19,2023-12-19,2023-12-19,14,103.62,0.0,2.9,106.52,15.54,90.98,0,0,0
640,303,1070,12,2023-12-29,2024-01-19,2024-01-22,2024-01-22,21,111.46,9.54,3.34,124.34,18.61,105.73,0,0,1
641,303,1673,10,2024-02-03,2024-02-24,2024-02-24,2024-02-24,21,123.57,0.0,3.21,126.78,21.87,104.91,0,0,0
642,303,1970,8,2024-03-01,2024-03-15,2024-03-15,2024-03-15,14,81.54,0.0,2.69,84.23,17.12,67.11,0,0,0
643,303,1679,12,2024-03-26,2024-04-25,2024-04-25,2024-04-25,30,151.56,0.0,4.55,156.11,26.98,129.13,0,0,0
644,303,1344,11,2024-05-03,2024-05-17,2024-05-17,2024-05-17,14,105.68,0.0,4.02,109.7,18.6,91.1,0,0,0
645,305,1766,1,2023-08-13,2023-09-12,2023-09-12,2023-09-12,30,191.1,0.0,4.78,195.88,30.38,165.5,0,0,0
646,305,1139,10,2023-09-25,2023-10-25,2023-10-25,2023-10-25,30,105.46,0.0,2.74,108.2,25.84,82.36,0,0,0
647,305,400,9,2023-11-02,2023-11-09,2023-11-14,2023-11-14,7,28.84,11.05,0.81,40.7,4.38,36.32,0,0,1
648,306,1615,1,2024-04-21,2024-05-12,2024-05-12,2024-05-12,21,133.77,0.0,3.34,137.11,24.08,113.03,0,0,0
649,306,1939,5,2024-05-23,2024-06-22,2024-06-22,2024-06-22,30,255.3,0.0,8.68,263.98,39.06,224.92,0,0,0
650,307,1309,11,2023-10-03,2023-10-17,2023-10-17,2023-10-17,14,124.8,0.0,4.74,129.54,18.84,110.7,0,0,0
651,307,688,10,2023-10-30,2023-11-13,2023-11-13,2023-11-13,14,97.28,0.0,2.53,99.81,18.0,81.81,0,0,0
652,307,196,12,2023-11-27,2023-12-11,2023-12-11,2023-12-11,14,92.53,0.0,2.78,95.31,14.25,81.06,0,0,0
653,307,1723,1,2023-12-19,2024-01-02,2024-01-02,2024-01-02,14,97.97,0.0,2.45,100.42,22.73,77.69,0,0,0
654,307,1613,10,2024-01-15,2024-01-22,2024-01-22,2024-01-22,7,48.64,0.0,1.26,49.9,7.83,42.07,0,0,0
655,309,642,2,2024-07-05,2024-07-12,2024-07-12,2024-07-12,7,30.8,0.0,1.26,32.06,4.71,27.35,0,0,0
656,309,1326,8,2024-08-08,2024-08-15,2024-08-15,2024-08-15,7,23.15,0.0,0.76,23.91,3.61,20.3,0,0,0
657,309,1433,7,2024-09-14,2024-10-05,2024-10-05,2024-10-05,21,63.77,0.0,3.12,66.89,12.5,54.39,0,0,0
658,311,1331,3,2022-06-07,2022-06-21,2022-06-21,2022-06-21,14,44.66,0.0,1.12,45.78,7.59,38.19,0,0,0
659,311,863,7,2022-07-03,2022-07-17,2022-07-17,,14,74.75,0.0,3.66,78.41,16.44,61.97,1,1,0
660,311,1600,2,2022-07-27,2022-08-03,2022-08-03,2022-08-03,7,30.8,0.0,1.26,32.06,7.61,24.45,0,0,0
661,311,1676,11,2022-08-12,2022-08-26,2022-08-26,2022-08-26,14,105.48,0.0,4.01,109.49,23.52,85.97,0,0,0
662,311,272,1,2022-09-06,2022-09-27,2022-09-27,2022-09-27,21,133.77,0.0,3.34,137.11,22.34,114.77,0,0,0
663,311,156,8,2022-10-07,2022-11-06,2022-11-06,2022-11-06,30,174.41,0.0,5.76,180.17,32.44,147.73,0,0,0
664,312,362,11,2022-10-08,2022-10-22,2022-10-22,2022-10-22,14,90.85,0.0,3.45,94.3,21.8,72.5,0,0,0
665,312,1572,8,2022-11-02,2022-11-09,2022-11-09,2022-11-09,7,38.32,0.0,1.26,39.58,8.12,31.46,0,0,0
666,312,690,9,2022-11-16,2022-11-23,2022-11-23,2022-11-23,7,42.21,0.0,1.18,43.39,6.5,36.89,0,0,0
667,312,1415,7,2022-11-29,2022-12-06,2022-12-12,2022-12-12,7,35.34,14.34,1.73,51.41,6.47,44.94,0,0,1
668,312,1481,1,2022-12-24,2023-01-14,2023-01-14,2023-01-14,21,149.09,0.0,3.73,152.82,32.05,120.77,0,0,0
669,313,808,12,2024-11-30,2024-12-21,2024-12-21,2024-12-21,21,66.16,0.0,1.98,68.14,14.75,53.39,0,0,0
670,314,584,10,2023-09-21,2023-10-05,2023-10-05,2023-10-05,14,86.15,0.0,2.24,88.39,15.77,72.62,0,0,0
671,314,177,11,2023-10-19,2023-11-02,2023-11-02,2023-11-02,14,110.52,0.0,4.2,114.72,27.52,87.2,0,0,0
672,314,1552,7,2023-11-13,2023-11-20,2023-11-20,2023-11-20,7,44.85,0.0,2.2,47.05,6.91,40.14,0,0,0
673,314,182,9,2023-11-28,2023-12-19,2023-12-19,2023-12-19,21,161.97,0.0,4.54,166.51,25.43,141.08,0,0,0
674,314,1,7,2023-12-28,2024-01-04,2024-01-11,2024-01-11,7,41.58,16.73,2.04,60.35,7.65,52.7,0,0,1
675,314,1613,8,2024-01-17,2024-02-16,2024-02-16,2024-02-16,30,182.74,0.0,6.03,188.77,33.08,155.69,0,0,0
676,314,114,7,2024-02-29,2024-03-21,2024-03-21,2024-03-21,21,117.48,0.0,5.76,123.24,18.8,104.44,0,0,0
677,315,1358,11,2024-01-26,2024-02-09,2024-02-09,2024-02-09,14,150.01,0.0,5.7,155.71,24.3,131.41,0,0,0
678,315,557,8,2024-02-18,2024-03-03,2024-03-03,,14,115.76,0.0,3.82,119.58,23.5,96.08,1,0,0
679,315,335,10,2024-03-08,2024-03-15,2024-03-15,2024-03-15,7,58.47,0.0,1.52,59.99,13.57,46.42,0,0,0
680,315,1619,2,2024-03-26,2024-04-02,2024-04-02,2024-04-02,7,30.8,0.0,1.26,32.06,6.84,25.22,0,0,0
681,315,426,9,2024-04-09,2024-04-23,2024-04-23,2024-04-23,14,129.93,0.0,3.64,133.57,24.43,109.14,0,0,0
682,315,1652,3,2024-05-23,2024-05-30,2024-05-30,2024-05-30,7,22.33,0.0,0.56,22.89,4.44,18.45,0,0,0
683,316,1040,6,2021-03-17,2021-03-31,2021-03-31,2021-03-31,14,140.98,0.0,2.96,143.94,33.98,109.96,0,0,0
684,316,562,11,2021-04-21,2021-05-05,2021-05-05,2021-05-05,14,142.67,0.0,5.42,148.09,30.25,117.84,0,0,0
685,316,704,12,2021-05-16,2021-05-23,2021-05-23,2021-05-23,7,47.74,0.0,1.43,49.17,9.02,40.15,0,0,0
686,316,1131,8,2021-05-28,2021-06-11,2021-06-11,2021-06-11,14,110.09,0.0,3.63,113.72,20.7,93.02,0,0,0
687,316,21,7,2021-06-25,2021-07-02,2021-07-02,2021-07-02,7,50.55,0.0,2.48,53.03,10.41,42.62,0,0,0
688,317,1272,12,2021-07-31,2021-08-07,2021-08-07,2021-08-07,7,56.95,0.0,1.71,58.66,10.93,47.73,0,0,0
689,317,164,10,2021-09-12,2021-09-26,2021-09-26,2021-09-26,14,132.65,0.0,3.45,136.1,20.96,115.14,0,0,0
690,317,1466,12,2021-10-05,2021-10-26,2021-10-26,2021-10-26,21,170.84,0.0,5.13,175.97,29.56,146.41,0,0,0
691,317,1902,8,2021-10-31,2021-11-14,2021-11-14,2021-11-14,14,131.31,0.0,4.33,135.64,24.29,111.35,0,0,0
692,317,1636,8,2021-11-27,2021-12-11,2021-12-11,2021-12-11,14,149.71,0.0,4.94,154.65,32.79,121.86,0,0,0
693,319,975,2,2021-05-11,2021-06-10,2021-06-10,2021-06-10,30,132.0,0.0,5.41,137.41,26.53,110.88,0,0,0
694,319,1525,3,2021-07-14,2021-08-04,2021-08-04,2021-08-04,21,66.99,0.0,1.67,68.66,11.39,57.27,0,0,0
695,319,1667,5,2021-09-11,2021-09-18,2021-09-18,,7,59.57,0.0,2.03,61.6,14.48,47.12,1,1,0
696,319,576,10,2021-10-25,2021-11-01,2021-11-01,2021-11-01,7,26.31,0.0,0.68,26.99,6.52,20.47,0,0,0
697,319,471,11,2021-11-11,2021-12-02,2021-12-02,2021-12-02,21,115.88,0.0,4.4,120.28,28.97,91.31,0,0,0
698,321,584,10,2024-04-26,2024-05-10,2024-05-10,2024-05-10,14,229.8,0.0,5.97,235.77,38.15,197.62,0,0,0
699,321,1865,12,2024-05-17,2024-06-07,2024-06-07,2024-06-07,21,295.95,0.0,8.88,304.83,71.62,233.21,0,0,0
700,321,113,8,2024-06-16,2024-06-23,2024-06-30,2024-06-30,7,113.74,18.13,3.75,135.62,23.89,111.73,0,0,1
701,321,1744,4,2024-07-05,2024-07-26,2024-07-26,2024-07-26,21,97.65,0.0,2.83,100.48,14.84,85.64,0,0,0
702,321,1708,7,2024-08-03,2024-08-24,2024-08-24,2024-08-24,21,313.36,0.0,15.35,328.71,60.17,268.54,0,0,0
703,323,1859,12,2023-03-15,2023-04-14,2023-04-14,2023-04-14,30,187.48,0.0,5.62,193.1,43.12,149.98,0,0,0
704,323,1475,1,2023-05-22,2023-06-21,2023-06-21,2023-06-21,30,191.1,0.0,4.78,195.88,32.87,163.01,0,0,0
705,323,1396,12,2023-07-21,2023-08-11,2023-08-11,2023-08-11,21,131.24,0.0,3.94,135.18,24.15,111.03,0,0,0
706,323,1521,9,2023-09-14,2023-09-21,2023-09-21,2023-09-21,7,56.61,0.0,1.59,58.2,9.79,48.41,0,0,0
707,323,624,7,2023-09-27,2023-10-27,2023-10-27,2023-10-27,30,198.51,0.0,9.73,208.24,37.32,170.92,0,0,0
708,324,1478,10,2024-05-24,2024-06-23,2024-06-23,2024-06-23,30,247.37,0.0,6.43,253.8,44.53,209.27,0,0,0
709,326,1534,7,2024-02-28,2024-03-13,2024-03-13,2024-03-13,14,56.72,0.0,2.78,59.5,11.57,47.93,0,0,0
710,326,955,2,2024-03-24,2024-04-07,2024-04-07,2024-04-07,14,61.6,0.0,2.53,64.13,11.83,52.3,0,0,0
711,326,1014,3,2024-04-21,2024-04-28,2024-04-28,2024-04-28,7,22.33,0.0,0.56,22.89,4.4,18.49,0,0,0
712,327,1209,9,2022-04-01,2022-04-08,2022-04-08,2022-04-08,7,66.2,0.0,1.85,68.05,12.51,55.54,0,0,0
713,327,318,8,2022-04-19,2022-05-03,2022-05-03,2022-05-03,14,117.95,0.0,3.89,121.84,27.13,94.71,0,0,0
714,327,997,11,2022-05-17,2022-06-07,2022-06-07,2022-06-07,21,229.28,0.0,8.71,237.99,34.39,203.6,0,0,0
715,327,1487,3,2022-06-13,2022-06-27,2022-07-03,2022-07-03,14,44.66,41.94,1.12,87.72,10.5,77.22,0,0,1
716,327,844,7,2022-07-09,2022-08-08,2022-08-08,2022-08-08,30,232.12,0.0,11.37,243.49,39.69,203.8,0,0,0
717,327,1397,7,2022-08-14,2022-08-21,2022-08-21,2022-08-21,7,54.16,0.0,2.65,56.81,12.24,44.57,0,0,0
718,327,1614,10,2022-08-26,2022-09-25,2022-09-25,2022-09-25,30,255.33,0.0,6.64,261.97,63.32,198.65,0,0,0
719,328,290,10,2023-12-29,2024-01-19,2024-01-19,2024-01-19,21,448.76,0.0,11.67,460.43,83.02,377.41,0,0,0
720,328,943,11,2024-02-18,2024-03-03,2024-03-03,2024-03-03,14,365.16,0.0,13.88,379.04,58.43,320.61,0,0,0
721,328,1769,7,2024-03-15,2024-03-22,2024-03-22,2024-03-22,7,129.39,0.0,6.34,135.73,24.58,111.15,0,0,0
722,328,838,11,2024-05-01,2024-05-31,2024-05-31,2024-05-31,30,782.49,0.0,29.73,812.22,171.37,640.85,0,0,0
723,329,1017,7,2024-04-05,2024-05-05,2024-05-05,2024-05-05,30,320.95,0.0,15.73,336.68,73.82,262.86,0,0,0
724,329,1584,8,2024-06-11,2024-07-02,2024-07-02,2024-07-02,21,244.63,0.0,8.07,252.7,41.34,211.36,0,0,0
725,329,1382,10,2024-07-16,2024-07-30,2024-07-30,2024-07-30,14,164.75,0.0,4.28,169.03,29.65,139.38,0,0,0
726,329,161,11,2024-08-06,2024-08-27,2024-08-27,2024-08-27,21,317.02,0.0,12.05,329.07,63.09,265.98,0,0,0
727,331,949,6,2024-10-03,2024-10-10,2024-10-17,2024-10-17,7,70.49,35.63,1.48,107.6,14.52,93.08,0,0,1
728,331,75,10,2024-10-27,2024-11-17,2024-11-17,2024-11-17,21,283.09,0.0,7.36,290.45,65.68,224.77,0,0,0
729,331,1408,10,2024-11-27,2024-12-18,2024-12-18,2024-12-18,21,302.04,0.0,7.85,309.89,72.49,237.4,0,0,0
730,332,1352,9,2021-01-21,2021-02-04,2021-02-06,2021-02-06,14,261.63,4.42,7.33,273.38,56.51,216.87,0,0,1
731,332,38,3,2021-03-26,2021-04-25,2021-04-25,2021-04-25,30,95.7,0.0,2.39,98.09,22.59,75.5,0,0,0
732,333,1154,11,2024-11-09,2024-11-30,2024-12-01,2024-12-01,21,209.21,7.64,7.95,224.8,34.31,190.49,0,0,1
733,334,546,11,2023-06-06,2023-06-20,2023-06-20,2023-06-20,14,119.32,0.0,4.53,123.85,19.57,104.28,0,0,0
734,334,1955,11,2023-06-29,2023-07-29,2023-07-29,,30,255.69,0.0,9.72,265.41,46.79,218.62,1,0,0
735,334,204,6,2023-08-05,2023-08-19,2023-08-19,2023-08-19,14,140.98,0.0,2.96,143.94,27.77,116.17,0,0,0
736,334,966,9,2023-08-29,2023-09-12,2023-09-12,2023-09-12,14,103.35,0.0,2.89,106.24,16.85,89.39,0,0,0
737,334,468,12,2023-09-22,2023-09-29,2023-10-03,2023-10-03,7,39.93,12.72,1.2,53.85,8.58,45.27,0,0,1
738,335,508,10,2024-11-09,2024-11-23,2024-11-23,2024-11-23,14,232.99,0.0,6.06,239.05,36.11,202.94,0,0,0
739,335,595,10,2024-12-01,2024-12-22,2024-12-22,2024-12-22,21,347.28,0.0,9.03,356.31,60.08,296.23,0,0,0
740,336,424,8,2023-03-30,2023-04-13,2023-04-13,2023-04-13,14,136.37,0.0,4.5,140.87,23.73,117.14,0,0,0
741,336,1739,10,2023-04-27,2023-05-11,2023-05-11,2023-05-11,14,137.77,0.0,3.58,141.35,23.56,117.79,0,0,0
742,336,413,7,2023-05-18,2023-06-08,2023-06-08,2023-06-08,21,187.86,0.0,9.21,197.07,37.95,159.12,0,0,0
743,337,1727,11,2022-03-20,2022-03-27,2022-03-27,2022-03-27,7,27.71,0.0,1.05,28.76,5.1,23.66,0,0,0
744,337,1321,10,2022-04-02,2022-04-09,2022-04-09,2022-04-09,7,21.6,0.0,0.56,22.16,4.97,17.19,0,0,0
745,337,1714,2,2022-04-21,2022-04-28,2022-04-28,2022-04-28,7,30.8,0.0,1.26,32.06,5.17,26.89,0,0,0
746,337,161,5,2022-05-26,2022-06-02,2022-06-02,2022-06-02,7,59.57,0.0,2.03,61.6,12.09,49.51,0,0,0
747,337,882,4,2022-06-08,2022-06-29,2022-06-30,2022-06-30,21,97.65,5.15,2.83,105.63,19.53,86.1,0,0,1
748,340,1517,1,2022-02-08,2022-02-22,2022-02-22,2022-02-22,14,89.18,0.0,2.23,91.41,19.8,71.61,0,0,0
749,340,890,8,2022-03-04,2022-03-18,2022-03-18,2022-03-18,14,193.05,0.0,6.37,199.42,37.84,161.58,0,0,0
750,340,1093,11,2022-05-12,2022-06-11,2022-06-11,2022-06-11,30,536.1,0.0,20.37,556.47,100.25,456.22,0,0,0
751,341,357,3,2024-09-26,2024-10-03,2024-10-03,2024-10-03,7,22.33,0.0,0.56,22.89,4.6,18.29,0,0,0
752,341,142,10,2024-10-29,2024-11-28,2024-11-28,2024-11-28,30,604.64,0.0,15.72,620.36,134.83,485.53,0,0,0
753,342,1009,4,2022-03-14,2022-03-28,2022-03-28,2022-03-28,14,65.1,0.0,1.89,66.99,10.61,56.38,0,0,0
754,342,655,5,2022-04-11,2022-04-18,2022-04-18,2022-04-18,7,59.57,0.0,2.03,61.6,12.81,48.79,0,0,0
755,342,1193,10,2022-05-17,2022-06-07,2022-06-07,2022-06-07,21,88.89,0.0,2.31,91.2,14.76,76.44,0,0,0
756,342,1294,2,2022-06-17,2022-07-01,2022-07-01,2022-07-01,14,61.6,0.0,2.53,64.13,11.21,52.92,0,0,0
757,342,1612,3,2022-07-13,2022-07-27,2022-07-27,2022-07-27,14,44.66,0.0,1.12,45.78,7.32,38.46,0,0,0
758,344,1894,12,2024-11-04,2024-11-25,2024-11-25,2024-11-25,21,503.49,0.0,15.1,518.59,85.09,433.5,0,0,0
759,344,136,7,2024-12-07,2024-12-21,2024-12-21,2024-12-21,14,352.34,0.0,17.26,369.6,72.23,297.37,0,0,0
760,346,1354,12,2024-02-10,2024-02-24,2024-02-24,2024-02-24,14,113.57,0.0,3.41,116.98,27.82,89.16,0,0,0
761,346,1349,10,2024-03-16,2024-04-15,2024-04-15,2024-04-15,30,283.45,0.0,7.37,290.82,49.89,240.93,0,0,0
762,346,1534,9,2024-04-23,2024-05-23,2024-05-23,2024-05-23,30,314.95,0.0,8.82,323.77,52.91,270.86,0,0,0
763,346,589,9,2024-05-29,2024-06-12,2024-06-19,2024-06-19,14,146.97,15.47,4.12,166.56,23.81,142.75,0,0,1
764,346,1843,8,2024-06-26,2024-07-10,2024-07-13,2024-07-13,14,130.94,7.77,4.32,143.03,24.62,118.41,0,0,1
765,346,548,4,2024-07-23,2024-08-13,2024-08-13,2024-08-13,21,97.65,0.0,2.83,100.48,19.92,80.56,0,0,0
766,348,1778,11,2024-06-07,2024-06-21,2024-06-21,2024-06-21,14,80.75,0.0,3.07,83.82,15.34,68.48,0,0,0
767,348,676,3,2024-06-26,2024-07-10,2024-07-10,2024-07-10,14,44.66,0.0,1.12,45.78,11.12,34.66,0,0,0
768,348,1899,1,2024-07-24,2024-08-14,2024-08-14,2024-08-14,21,133.77,0.0,3.34,137.11,30.63,106.48,0,0,0
769,348,919,2,2024-08-28,2024-09-18,2024-09-18,2024-09-18,21,92.4,0.0,3.79,96.19,19.22,76.97,0,0,0
770,348,651,6,2024-10-02,2024-10-16,2024-10-16,2024-10-16,14,140.98,0.0,2.96,143.94,24.95,118.99,0,0,0
771,351,1294,7,2024-04-05,2024-05-05,2024-05-10,,30,619.59,11.95,30.36,661.9,115.86,546.04,1,1,1
772,351,182,5,2024-05-18,2024-07-02,2024-07-02,2024-07-02,45,382.95,0.0,13.02,395.97,94.97,301.0,0,0,0
773,351,832,9,2024-07-12,2024-08-11,2024-08-11,2024-08-11,30,757.27,0.0,21.2,778.47,147.67,630.8,0,0,0
774,351,134,9,2024-08-17,2024-10-01,2024-10-01,2024-10-01,45,1135.91,0.0,31.81,1167.72,226.05,941.67,0,0,0
775,351,93,11,2024-10-14,2024-11-28,2024-11-28,2024-11-28,45,1311.46,0.0,49.84,1361.3,222.95,1138.35,0,0,0
776,351,1677,2,2024-12-04,2024-12-18,2024-12-18,2024-12-18,14,68.85,0.0,2.82,71.67,12.74,58.93,0,0,0
777,353,1607,8,2022-07-26,2022-09-24,2022-09-28,2022-09-28,60,521.44,10.36,17.21,549.01,80.82,468.19,0,0,1
778,353,1801,9,2022-10-04,2022-11-03,2022-11-03,,30,292.65,0.0,8.19,300.84,59.7,241.14,1,0,0
779,353,1076,12,2022-11-13,2022-12-13,2022-12-13,2022-12-13,30,242.35,0.0,7.27,249.62,50.17,199.45,0,0,0
780,353,200,9,2022-12-21,2023-01-20,2023-01-20,2023-01-20,30,315.65,0.0,8.84,324.49,67.55,256.94,0,0,0
781,353,1020,8,2023-01-26,2023-02-25,2023-02-25,2023-02-25,30,260.72,0.0,8.6,269.32,40.41,228.91,0,0,0
782,353,1107,2,2023-03-08,2023-04-22,2023-04-22,2023-04-22,45,198.0,0.0,8.12,206.12,42.57,163.55,0,0,0
783,355,788,7,2023-08-28,2023-09-11,2023-09-11,2023-09-11,14,183.67,0.0,9.0,192.67,34.16,158.51,0,0,0
784,355,410,7,2023-09-21,2023-10-05,2023-10-05,2023-10-05,14,183.67,0.0,9.0,192.67,29.02,163.65,0,0,0
785,355,511,11,2023-10-16,2023-10-30,2023-10-30,2023-10-30,14,259.18,0.0,9.85,269.03,57.02,212.01,0,0,0
786,355,1035,6,2023-11-06,2023-12-21,2023-12-21,2023-12-21,45,494.69,0.0,10.39,505.08,82.61,422.47,0,0,0
787,355,474,12,2023-12-31,2024-02-14,2024-02-14,2024-02-14,45,611.06,0.0,18.33,629.39,127.71,501.68,0,0,0
788,355,417,9,2024-03-16,2024-04-15,2024-04-17,2024-04-17,30,481.03,4.42,13.47,498.92,91.88,407.04,0,0,1
789,356,430,2,2023-07-01,2023-07-31,2023-07-31,2023-07-31,30,132.0,0.0,5.41,137.41,29.3,108.11,0,0,0
790,356,70,5,2023-08-05,2023-09-04,2023-09-04,2023-09-04,30,255.3,0.0,8.68,263.98,60.0,203.98,0,0,0
791,356,1871,7,2023-09-14,2023-10-14,2023-10-14,2023-10-14,30,104.55,0.0,5.12,109.67,22.48,87.19,0,0,0
792,356,941,3,2023-10-20,2023-11-03,2023-11-03,2023-11-03,14,44.66,0.0,1.12,45.78,9.33,36.45,0,0,0
793,356,455,2,2023-11-16,2023-12-31,2024-01-07,2024-01-07,45,222.61,50.4,9.13,282.14,37.18,244.96,0,0,1
794,357,274,7,2022-12-04,2023-02-02,2023-02-02,2023-02-02,60,690.26,0.0,33.82,724.08,118.72,605.36,0,0,0
795,357,1772,8,2023-02-10,2023-02-24,2023-02-24,2023-02-24,14,162.33,0.0,5.36,167.69,34.41,133.28,0,0,0
796,357,286,9,2023-03-06,2023-04-05,2023-04-05,2023-04-05,30,390.45,0.0,10.93,401.38,67.16,334.22,0,0,0
797,357,308,8,2023-04-15,2023-05-30,2023-05-30,2023-05-30,45,521.78,0.0,17.22,539.0,96.53,442.47,0,0,0
798,357,1477,9,2023-06-05,2023-07-05,2023-07-05,2023-07-05,30,390.45,0.0,10.93,401.38,73.4,327.98,0,0,0
799,357,1176,7,2023-07-18,2023-09-16,2023-09-16,2023-09-16,60,638.91,0.0,31.31,670.22,96.48,573.74,0,0,0
800,358,1232,10,2024-09-10,2024-10-10,2024-10-10,,30,260.7,0.0,6.78,267.48,62.83,204.65,1,0,0
801,358,484,11,2024-10-20,2024-11-19,2024-11-19,2024-11-19,30,334.43,0.0,12.71,347.14,62.54,284.6,0,0,0
802,358,1290,9,2024-11-30,2024-12-30,2024-12-30,2024-12-30,30,322.31,0.0,9.02,331.33,78.0,253.33,0,0,0
803,359,1016,10,2023-05-08,2023-06-07,2023-06-07,2023-06-07,30,288.38,0.0,7.5,295.88,63.73,232.15,0,0,0
804,359,773,7,2023-06-17,2023-07-01,2023-07-01,2023-07-01,14,122.34,0.0,5.99,128.33,21.53,106.8,0,0,0
805,359,487,4,2023-07-14,2023-08-28,2023-08-28,2023-08-28,45,209.25,0.0,6.07,215.32,37.04,178.28,0,0,0
806,359,385,6,2023-10-08,2023-10-22,2023-10-22,2023-10-22,14,140.98,0.0,2.96,143.94,30.59,113.35,0,0,0
807,359,1303,4,2023-11-04,2023-12-19,2023-12-19,2023-12-19,45,235.97,0.0,6.84,242.81,45.31,197.5,0,0,0
808,359,1059,9,2023-12-30,2024-02-28,2024-02-28,2024-02-28,60,673.31,0.0,18.85,692.16,156.88,535.28,0,0,0
809,360,1734,9,2024-10-29,2024-11-28,2024-11-28,2024-11-28,30,580.34,0.0,16.25,596.59,92.27,504.32,0,0,0
810,360,345,7,2024-12-06,2024-12-20,2024-12-20,2024-12-20,14,245.33,0.0,12.02,257.35,39.99,217.36,0,0,0
811,360,1411,7,2024-12-28,2025-02-11,2025-02-11,2025-02-11,45,756.09,0.0,37.05,793.14,148.95,644.19,0,0,0
812,361,1349,1,2023-07-06,2023-07-20,2023-07-23,,14,89.18,19.17,2.23,110.58,19.98,90.6,1,1,1
813,361,1368,8,2023-07-31,2023-09-29,2023-09-29,,60,356.16,0.0,11.75,367.91,65.53,302.38,1,0,0
814,361,373,8,2023-10-05,2023-11-19,2023-11-23,2023-11-23,45,267.12,10.36,8.81,286.29,51.55,234.74,0,0,1
815,361,753,7,2023-11-30,2024-01-29,2024-01-29,2024-01-29,60,354.51,0.0,17.37,371.88,70.55,301.33,0,0,0
816,361,605,9,2024-02-08,2024-03-09,2024-03-09,2024-03-09,30,199.88,0.0,5.6,205.48,42.77,162.71,0,0,0
817,363,231,11,2022-02-26,2022-04-12,2022-04-12,2022-04-12,45,346.88,0.0,13.18,360.06,78.05,282.01,0,0,0
818,363,431,10,2022-04-18,2022-06-02,2022-06-09,2022-06-09,45,270.4,35.84,7.03,313.27,66.25,247.02,0,0,1
819,363,906,12,2022-06-21,2022-08-05,2022-08-07,2022-08-07,45,232.16,6.36,6.96,245.48,39.93,205.55,0,0,1
820,365,1503,12,2023-08-10,2023-09-09,2023-09-09,2023-09-09,30,387.12,0.0,11.61,398.73,72.78,325.95,0,0,0
821,365,97,7,2023-09-18,2023-11-02,2023-11-02,2023-11-02,45,614.83,0.0,30.13,644.96,126.04,518.92,0,0,0
822,365,1074,6,2023-11-13,2023-12-13,2023-12-13,2023-12-13,30,347.2,0.0,7.29,354.49,77.08,277.41,0,0,0
823,365,1478,8,2023-12-18,2024-01-17,2024-01-17,2024-01-17,30,486.84,0.0,16.07,502.91,103.21,399.7,0,0,0
824,365,1054,7,2024-01-29,2024-02-12,2024-02-12,2024-02-12,14,191.28,0.0,9.37,200.65,46.48,154.17,0,0,0
825,367,1251,11,2021-07-08,2021-07-22,2021-07-22,2021-07-22,14,309.84,0.0,11.77,321.61,64.76,256.85,0,0,0
826,367,662,7,2021-07-28,2021-09-11,2021-09-11,2021-09-11,45,705.77,0.0,34.58,740.35,152.45,587.9,0,0,0
827,367,1829,12,2021-10-10,2021-11-09,2021-11-09,2021-11-09,30,444.38,0.0,13.33,457.71,85.77,371.94,0,0,0
828,367,551,11,2021-11-20,2022-01-04,2022-01-04,2022-01-04,45,1075.42,0.0,40.87,1116.29,249.5,866.79,0,0,0
829,368,834,9,2021-08-25,2021-10-09,2021-10-09,2021-10-09,45,390.74,0.0,10.94,401.68,71.11,330.57,0,0,0
830,368,1568,10,2021-10-23,2021-12-22,2021-12-22,2021-12-22,60,468.89,0.0,12.19,481.08,106.91,374.17,0,0,0
831,368,1118,11,2022-01-02,2022-02-16,2022-02-16,2022-02-16,45,451.13,0.0,17.14,468.27,71.28,396.99,0,0,0
832,368,396,6,2022-02-27,2022-04-13,2022-04-13,,45,453.15,0.0,9.52,462.67,94.71,367.96,1,0,0
833,368,1494,9,2022-04-25,2022-05-25,2022-05-25,2022-05-25,30,260.5,0.0,7.29,267.79,51.06,216.73,0,0,0
834,369,1400,11,2023-12-03,2024-01-17,2024-01-19,2024-01-19,45,608.18,15.28,23.11,646.57,144.14,502.43,0,0,1
835,369,189,7,2024-01-28,2024-02-11,2024-02-11,2024-02-11,14,121.46,0.0,5.95,127.41,21.86,105.55,0,0,0
836,369,1100,4,2024-02-25,2024-04-25,2024-04-25,2024-04-25,60,279.0,0.0,8.09,287.09,59.71,227.38,0,0,0
837,369,1105,8,2024-05-08,2024-07-07,2024-07-07,2024-07-07,60,566.81,0.0,18.7,585.51,92.39,493.12,0,0,0
838,369,576,4,2024-08-03,2024-09-17,2024-09-17,2024-09-17,45,209.25,0.0,6.07,215.32,43.52,171.8,0,0,0
839,369,632,10,2024-09-24,2024-10-08,2024-10-08,2024-10-08,14,133.61,0.0,3.47,137.08,31.0,106.08,0,0,0
840,369,1470,9,2024-10-19,2024-12-18,2024-12-18,2024-12-18,60,636.22,0.0,17.81,654.03,137.42,516.61,0,0,0
841,370,1480,12,2024-09-21,2024-10-21,2024-10-21,2024-10-21,30,202.24,0.0,6.07,208.31,31.55,176.76,0,0,0
842,370,1809,9,2024-11-03,2024-12-03,2024-12-03,2024-12-03,30,278.84,0.0,7.81,286.65,57.44,229.21,0,0,0
843,370,304,9,2024-12-08,2025-01-22,2025-01-22,2025-01-22,45,424.87,0.0,11.9,436.77,106.22,330.55,0,0,0
844,374,1526,11,2022-11-22,2022-12-06,2022-12-06,2022-12-06,14,172.98,0.0,6.57,179.55,41.52,138.03,0,0,0
845,374,1002,12,2022-12-14,2023-01-13,2023-01-13,2023-01-13,30,254.26,0.0,7.63,261.89,41.44,220.45,0,0,0
846,374,1665,8,2023-02-17,2023-04-03,2023-04-03,,45,385.66,0.0,12.73,398.39,58.62,339.77,1,1,0
847,374,158,11,2023-04-11,2023-06-10,2023-06-10,2023-06-10,60,666.38,0.0,25.32,691.7,130.61,561.09,0,0,0
848,375,656,12,2022-08-19,2022-10-18,2022-10-23,2022-10-23,60,357.54,15.9,10.73,384.17,60.42,323.75,0,0,1
849,375,456,1,2022-11-04,2022-12-04,2022-12-11,2022-12-11,30,203.48,44.73,5.09,253.3,43.75,209.55,0,0,1
850,375,806,5,2022-12-25,2023-01-24,2023-01-28,2023-01-28,30,268.26,15.0,9.12,292.38,55.8,236.58,0,0,1
851,375,910,9,2023-02-09,2023-02-23,2023-02-24,2023-02-24,14,107.96,2.21,3.02,113.19,18.14,95.05,0,0,1
852,375,925,9,2023-03-07,2023-03-21,2023-03-21,2023-03-21,14,107.96,0.0,3.02,110.98,21.05,89.93,0,0,0
853,375,1055,12,2023-03-28,2023-05-27,2023-05-27,2023-05-27,60,357.54,0.0,10.73,368.27,73.3,294.97,0,0,0
854,376,830,5,2023-10-07,2023-11-21,2023-11-21,2023-11-21,45,382.95,0.0,13.02,395.97,83.1,312.87,0,0,0
855,376,89,7,2023-12-04,2024-01-18,2024-01-18,2024-01-18,45,117.09,0.0,5.74,122.83,28.45,94.38,0,0,0
856,376,1287,12,2024-03-16,2024-03-30,2024-04-06,2024-04-06,14,31.85,22.26,0.96,55.07,5.19,49.88,0,0,1
857,376,439,5,2024-04-20,2024-05-20,2024-05-20,2024-05-20,30,255.3,0.0,8.68,263.98,40.08,223.9,0,0,0
858,377,1297,11,2023-04-14,2023-05-14,2023-05-14,2023-05-14,30,122.8,0.0,4.67,127.47,23.45,104.02,0,0,0
859,377,1257,2,2023-05-26,2023-06-25,2023-06-25,2023-06-25,30,132.0,0.0,5.41,137.41,26.53,110.88,0,0,0
860,377,1155,12,2023-07-30,2023-09-13,2023-09-13,2023-09-13,45,123.28,0.0,3.7,126.98,23.42,103.56,0,0,0
861,379,136,12,2022-06-19,2022-07-19,2022-07-19,2022-07-19,30,720.85,0.0,21.63,742.48,175.89,566.59,0,0,0
862,379,1388,10,2022-07-25,2022-09-23,2022-09-23,2022-09-23,60,1679.15,0.0,43.66,1722.81,387.88,1334.93,0,0,0
863,379,1747,12,2022-09-29,2022-10-13,2022-10-13,2022-10-13,14,336.4,0.0,10.09,346.49,81.41,265.08,0,0,0
864,379,1310,7,2022-10-21,2022-11-04,2022-11-05,2022-11-05,14,356.18,2.39,17.45,376.02,63.4,312.62,0,0,1
865,381,937,4,2023-02-25,2023-04-11,2023-04-11,2023-04-11,45,209.25,0.0,6.07,215.32,48.96,166.36,0,0,0
866,381,1773,5,2023-04-18,2023-05-02,2023-05-02,2023-05-02,14,119.14,0.0,4.05,123.19,21.09,102.1,0,0,0
867,381,488,12,2023-05-11,2023-06-10,2023-06-10,2023-06-10,30,107.99,0.0,3.24,111.23,17.93,93.3,0,0,0
868,381,1349,11,2023-06-24,2023-07-24,2023-07-24,2023-07-24,30,161.35,0.0,6.13,167.48,27.27,140.21,0,0,0
869,381,336,11,2023-08-06,2023-09-05,2023-09-05,2023-09-05,30,161.35,0.0,6.13,167.48,27.11,140.37,0,0,0
870,383,172,9,2023-02-11,2023-02-25,2023-02-25,2023-02-25,14,114.44,0.0,3.2,117.64,18.88,98.76,0,0,0
871,383,703,12,2023-03-08,2023-03-22,2023-03-22,2023-03-22,14,88.43,0.0,2.65,91.08,14.77,76.31,0,0,0
872,383,298,2,2023-03-30,2023-04-13,2023-04-13,2023-04-13,14,61.6,0.0,2.53,64.13,12.69,51.44,0,0,0
873,383,981,6,2023-04-19,2023-06-18,2023-06-18,2023-06-18,60,604.2,0.0,12.69,616.89,128.69,488.2,0,0,0
874,383,30,8,2023-06-30,2023-07-30,2023-07-30,2023-07-30,30,218.47,0.0,7.21,225.68,33.43,192.25,0,0,0
875,383,1762,7,2023-08-09,2023-09-08,2023-09-08,2023-09-08,30,200.64,0.0,9.83,210.47,35.31,175.16,0,0,0
876,383,1889,7,2023-09-13,2023-11-12,2023-11-12,2023-11-12,60,401.27,0.0,19.66,420.93,62.6,358.33,0,0,0
877,384,352,10,2024-08-28,2024-10-12,2024-10-12,2024-10-12,45,296.84,0.0,7.72,304.56,61.15,243.41,0,0,0
878,384,978,12,2024-10-23,2024-11-22,2024-11-22,2024-11-22,30,169.91,0.0,5.1,175.01,36.19,138.82,0,0,0
879,384,1490,4,2024-12-03,2025-01-17,2025-01-20,2025-01-20,45,230.61,15.45,6.69,252.75,35.28,217.47,0,0,1
880,386,509,5,2023-06-09,2023-06-23,2023-06-23,2023-06-23,14,119.14,0.0,4.05,123.19,21.68,101.51,0,0,0
881,386,637,10,2023-06-29,2023-08-28,2023-08-28,2023-08-28,60,251.27,0.0,6.53,257.8,46.23,211.57,0,0,0
882,386,633,3,2023-09-25,2023-10-25,2023-10-28,2023-10-28,30,95.7,20.97,2.39,119.06,14.93,104.13,0,0,1
883,386,1810,4,2023-11-05,2023-12-05,2023-12-05,2023-12-05,30,151.81,0.0,4.4,156.21,35.52,120.69,0,0,0
884,388,36,2,2024-11-17,2024-12-01,2024-12-01,2024-12-01,14,66.13,0.0,2.71,68.84,13.23,55.61,0,0,0
885,388,1501,7,2024-12-09,2024-12-23,2024-12-23,2024-12-23,14,60.24,0.0,2.95,63.19,10.78,52.41,0,0,0
886,389,1149,4,2024-03-20,2024-04-19,2024-04-19,2024-04-19,30,139.5,0.0,4.05,143.55,22.6,120.95,0,0,0
887,389,432,10,2024-04-27,2024-05-11,2024-05-16,2024-05-16,14,113.18,25.6,2.94,141.72,19.24,122.48,0,0,1
888,389,1243,8,2024-05-30,2024-07-14,2024-07-14,2024-07-14,45,360.13,0.0,11.88,372.01,89.67,282.34,0,0,0
889,389,752,1,2024-07-21,2024-09-19,2024-09-19,2024-09-19,60,382.2,0.0,9.56,391.76,74.15,317.61,0,0,0
890,391,301,1,2024-11-11,2024-11-25,2024-11-25,2024-11-25,14,102.29,0.0,2.56,104.85,24.45,80.4,0,0,0
891,391,1189,1,2024-12-07,2025-01-21,2025-01-21,2025-01-21,45,321.36,0.0,8.03,329.39,60.74,268.65,0,0,0
892,392,1337,1,2024-10-12,2024-11-26,2024-11-26,2024-11-26,45,286.65,0.0,7.17,293.82,58.48,235.34,0,0,0
893,392,1119,1,2024-12-04,2025-01-18,2025-01-18,2025-01-18,45,313.12,0.0,7.83,320.95,61.06,259.89,0,0,0
894,393,1741,3,2024-01-21,2024-03-06,2024-03-06,2024-03-06,45,143.55,0.0,3.59,147.14,21.68,125.46,0,0,0
895,393,984,6,2024-03-18,2024-04-17,2024-04-17,2024-04-17,30,302.1,0.0,6.34,308.44,54.08,254.36,0,0,0
896,393,1750,4,2024-04-23,2024-06-07,2024-06-07,2024-06-07,45,209.25,0.0,6.07,215.32,33.27,182.05,0,0,0
897,393,330,4,2024-06-29,2024-08-28,2024-08-28,,60,279.0,0.0,8.09,287.09,61.1,225.99,1,1,0
898,395,602,3,2023-04-17,2023-05-17,2023-05-17,2023-05-17,30,95.7,0.0,2.39,98.09,23.83,74.26,0,0,0
899,395,1104,5,2023-05-22,2023-06-21,2023-06-21,2023-06-21,30,255.3,0.0,8.68,263.98,44.68,219.3,0,0,0
900,395,1975,8,2023-07-01,2023-08-15,2023-08-15,2023-08-15,45,111.84,0.0,3.69,115.53,26.17,89.36,0,0,0
901,395,190,3,2023-08-29,2023-10-13,2023-10-13,2023-10-13,45,143.55,0.0,3.59,147.14,34.02,113.12,0,0,0
902,395,1266,3,2023-10-21,2023-12-20,2023-12-20,2023-12-20,60,191.4,0.0,4.78,196.18,44.4,151.78,0,0,0
903,395,5,10,2024-01-02,2024-03-02,2024-03-02,2024-03-02,60,150.64,0.0,3.92,154.56,30.73,123.83,0,0,0
904,395,127,10,2024-03-10,2024-04-24,2024-04-24,2024-04-24,45,112.98,0.0,2.94,115.92,21.24,94.68,0,0,0
905,395,1983,11,2024-05-08,2024-06-22,2024-06-22,2024-06-22,45,144.94,0.0,5.51,150.45,33.34,117.11,0,0,0
906,396,345,7,2024-09-25,2024-11-09,2024-11-09,2024-11-09,45,113.42,0.0,5.56,118.98,18.94,100.04,0,0,0
907,396,1745,5,2024-11-21,2025-01-05,2025-01-05,2025-01-05,45,438.3,0.0,14.9,453.2,91.6,361.6,0,0,0
908,397,138,3,2023-04-04,2023-05-04,2023-05-04,2023-05-04,30,95.7,0.0,2.39,98.09,21.25,76.84,0,0,0
909,397,783,3,2023-06-13,2023-06-27,2023-06-27,2023-06-27,14,44.66,0.0,1.12,45.78,8.49,37.29,0,0,0
910,397,1722,4,2023-07-09,2023-09-07,2023-09-07,2023-09-07,60,279.0,0.0,8.09,287.09,42.41,244.68,0,0,0
911,397,105,1,2023-09-17,2023-10-17,2023-10-17,2023-10-17,30,191.1,0.0,4.78,195.88,36.5,159.38,0,0,0
912,397,1202,1,2023-10-26,2023-11-09,2023-11-09,2023-11-09,14,89.18,0.0,2.23,91.41,21.05,70.36,0,0,0
913,397,479,3,2023-11-15,2023-12-30,2023-12-30,2023-12-30,45,155.56,0.0,3.89,159.45,32.05,127.4,0,0,0
914,397,145,4,2024-01-08,2024-02-07,2024-02-07,2024-02-07,30,139.5,0.0,4.05,143.55,34.04,109.51,0,0,0
915,398,1255,2,2024-11-09,2024-12-09,2024-12-09,2024-12-09,30,150.73,0.0,6.18,156.91,34.52,122.39,0,0,0
916,398,1999,12,2024-12-21,2025-02-04,2025-02-04,2025-02-04,45,41.17,0.0,1.24,42.41,7.04,35.37,0,0,0
917,400,1596,1,2024-11-18,2024-12-18,2024-12-18,2024-12-18,30,202.22,0.0,5.06,207.28,41.66,165.62,0,0,0
918,400,1033,3,2024-12-27,2025-01-10,2025-01-10,2025-01-10,14,48.31,0.0,1.21,49.52,7.97,41.55,0,0,0
919,401,1100,5,2024-07-20,2024-09-18,2024-09-18,2024-09-18,60,510.6,0.0,17.36,527.96,82.21,445.75,0,0,0
920,401,970,7,2024-09-27,2024-11-11,2024-11-11,2024-11-11,45,38.85,0.0,1.9,40.75,7.15,33.6,0,0,0
921,401,1175,2,2024-11-19,2024-12-19,2024-12-19,2024-12-19,30,150.05,0.0,6.15,156.2,30.61,125.59,0,0,0
922,402,1749,11,2024-12-03,2025-02-01,2025-02-08,2025-02-08,60,599.94,53.48,22.8,676.22,130.79,545.43,0,0,1
923,403,400,4,2022-03-01,2022-04-15,2022-04-18,2022-04-18,45,209.25,15.45,6.07,230.77,37.46,193.31,0,0,1
924,403,1857,7,2022-04-28,2022-06-12,2022-06-12,2022-06-12,45,34.89,0.0,1.71,36.6,6.63,29.97,0,0,0
925,403,1737,5,2022-07-06,2022-08-20,2022-08-20,2022-08-20,45,382.95,0.0,13.02,395.97,93.44,302.53,0,0,0
926,403,451,1,2022-09-01,2022-10-16,2022-10-16,2022-10-16,45,286.65,0.0,7.17,293.82,64.21,229.61,0,0,0
927,403,434,2,2022-10-22,2022-12-06,2022-12-06,2022-12-06,45,198.0,0.0,8.12,206.12,32.87,173.25,0,0,0
928,403,1553,1,2022-12-16,2023-01-15,2023-01-15,2023-01-15,30,217.36,0.0,5.43,222.79,39.34,183.45,0,0,0
929,404,1399,2,2023-02-11,2023-03-13,2023-03-20,2023-03-20,30,132.0,50.4,5.41,187.81,29.7,158.11,0,0,1
930,404,853,1,2023-03-29,2023-04-12,2023-04-12,2023-04-12,14,89.18,0.0,2.23,91.41,21.85,69.56,0,0,0
931,404,458,3,2023-05-15,2023-05-29,2023-05-29,2023-05-29,14,44.66,0.0,1.12,45.78,7.06,38.72,0,0,0
932,404,1278,2,2023-06-24,2023-07-08,2023-07-08,2023-07-08,14,61.6,0.0,2.53,64.13,9.92,54.21,0,0,0
933,404,1999,6,2023-07-18,2023-08-17,2023-08-17,2023-08-17,30,302.1,0.0,6.34,308.44,48.03,260.41,0,0,0
934,404,1245,3,2023-08-27,2023-10-26,2023-10-26,2023-10-26,60,191.4,0.0,4.78,196.18,45.74,150.44,0,0,0
935,405,825,3,2023-02-17,2023-04-03,2023-04-03,2023-04-03,45,143.55,0.0,3.59,147.14,25.98,121.16,0,0,0
936,405,1949,3,2023-04-30,2023-05-30,2023-05-30,2023-05-30,30,95.7,0.0,2.39,98.09,22.68,75.41,0,0,0
937,405,1017,6,2023-06-07,2023-08-06,2023-08-06,2023-08-06,60,604.2,0.0,12.69,616.89,137.76,479.13,0,0,0
938,405,1337,5,2023-08-17,2023-08-31,2023-08-31,2023-08-31,14,119.14,0.0,4.05,123.19,19.18,104.01,0,0,0
939,405,1941,2,2023-09-09,2023-09-23,2023-09-23,2023-09-23,14,61.6,0.0,2.53,64.13,9.79,54.34,0,0,0
940,406,1023,1,2024-11-22,2024-12-22,2024-12-22,2024-12-22,30,205.69,0.0,5.14,210.83,48.13,162.7,0,0,0
941,409,1637,4,2024-09-20,2024-10-04,2024-10-04,2024-10-04,14,65.1,0.0,1.89,66.99,10.74,56.25,0,0,0
942,409,242,3,2024-10-18,2024-11-17,2024-11-17,2024-11-17,30,95.7,0.0,2.39,98.09,19.33,78.76,0,0,0
943,409,136,6,2024-11-26,2025-01-25,2025-01-25,2025-01-25,60,666.52,0.0,14.0,680.52,116.64,563.88,0,0,0
944,410,1700,5,2024-05-21,2024-06-20,2024-06-22,2024-06-22,30,255.3,7.5,8.68,271.48,46.46,225.02,0,0,1
945,410,324,5,2024-07-05,2024-08-04,2024-08-04,2024-08-04,30,255.3,0.0,8.68,263.98,59.48,204.5,0,0,0
946,410,1119,12,2024-08-15,2024-10-14,2024-10-14,2024-10-14,60,125.19,0.0,3.76,128.95,18.9,110.05,0,0,0
947,410,1923,5,2024-10-22,2024-11-21,2024-11-21,2024-11-21,30,255.3,0.0,8.68,263.98,57.7,206.28,0,0,0
948,410,1058,10,2024-12-02,2025-01-01,2025-01-01,2025-01-01,30,78.75,0.0,2.05,80.8,16.3,64.5,0,0,0
949,411,1011,4,2024-09-20,2024-10-04,2024-10-07,2024-10-07,14,65.1,15.45,1.89,82.44,13.15,69.29,0,0,1
950,411,1106,6,2024-10-17,2024-11-16,2024-11-16,2024-11-16,30,302.1,0.0,6.34,308.44,75.53,232.91,0,0,0
951,411,1573,3,2024-11-30,2024-12-30,2024-12-30,2024-12-30,30,102.07,0.0,2.55,104.62,16.33,88.29,0,0,0
952,413,1993,6,2024-01-05,2024-02-19,2024-02-19,2024-02-19,45,453.15,0.0,9.52,462.67,82.02,380.65,0,0,0
953,413,948,3,2024-02-29,2024-04-14,2024-04-14,2024-04-14,45,143.55,0.0,3.59,147.14,34.02,113.12,0,0,0
954,413,1004,4,2024-04-24,2024-05-24,2024-05-24,2024-05-24,30,139.5,0.0,4.05,143.55,31.95,111.6,0,0,0
955,413,901,5,2024-05-30,2024-06-13,2024-06-13,2024-06-13,14,119.14,0.0,4.05,123.19,22.04,101.15,0,0,0
956,413,143,2,2024-06-19,2024-07-19,2024-07-19,2024-07-19,30,132.0,0.0,5.41,137.41,29.3,108.11,0,0,0
957,413,130,4,2024-07-31,2024-08-30,2024-08-30,,30,139.5,0.0,4.05,143.55,21.62,121.93,1,1,0
958,413,1391,6,2024-09-09,2024-10-09,2024-10-09,,30,302.1,0.0,6.34,308.44,54.98,253.46,1,0,0
959,415,700,10,2023-09-30,2023-11-29,2023-11-29,2023-11-29,60,441.37,0.0,11.48,452.85,96.66,356.19,0,0,0
960,415,932,9,2023-12-06,2024-01-05,2024-01-05,2024-01-05,30,272.96,0.0,7.64,280.6,64.69,215.91,0,0,0
961,415,736,3,2024-01-11,2024-02-10,2024-02-10,2024-02-10,30,95.7,0.0,2.39,98.09,20.29,77.8,0,0,0
962,415,1305,1,2024-02-23,2024-04-08,2024-04-08,2024-04-08,45,286.65,0.0,7.17,293.82,63.35,230.47,0,0,0
963,415,1363,10,2024-04-21,2024-05-05,2024-05-05,2024-05-05,14,102.99,0.0,2.68,105.67,18.95,86.72,0,0,0
964,415,52,12,2024-05-13,2024-06-12,2024-06-12,2024-06-12,30,189.48,0.0,5.68,195.16,35.24,159.92,0,0,0
965,415,1102,10,2024-06-21,2024-07-05,2024-07-05,2024-07-05,14,102.99,0.0,2.68,105.67,19.47,86.2,0,0,0
966,416,1641,3,2024-11-23,2025-01-22,2025-01-22,2025-01-22,60,210.3,0.0,5.26,215.56,41.22,174.34,0,0,0
967,418,409,7,2022-03-13,2022-05-12,2022-05-12,2022-05-12,60,90.9,0.0,4.45,95.35,13.91,81.44,0,0,0
968,418,516,5,2022-05-26,2022-07-10,2022-07-10,2022-07-10,45,382.95,0.0,13.02,395.97,72.38,323.59,0,0,0
969,418,1855,8,2022-08-13,2022-08-27,2022-08-27,2022-08-27,14,23.1,0.0,0.76,23.86,4.27,19.59,0,0,0
970,418,1083,7,2022-09-27,2022-11-11,2022-11-11,2022-11-11,45,68.18,0.0,3.34,71.52,11.45,60.07,0,0,0
971,419,973,12,2023-11-02,2023-12-02,2023-12-06,2023-12-06,30,145.48,12.72,4.36,162.56,23.42,139.14,0,0,1
972,419,457,10,2023-12-19,2024-02-02,2024-02-02,2024-02-02,45,259.92,0.0,6.76,266.68,54.06,212.62,0,0,0
973,419,690,10,2024-02-12,2024-02-26,2024-02-26,2024-02-26,14,72.05,0.0,1.87,73.92,15.56,58.36,0,0,0
974,419,1474,11,2024-03-10,2024-04-09,2024-04-09,2024-04-09,30,198.07,0.0,7.53,205.6,36.64,168.96,0,0,0
975,419,1361,9,2024-04-17,2024-06-01,2024-06-01,2024-06-01,45,257.34,0.0,7.21,264.55,43.49,221.06,0,0,0
976,419,103,7,2024-06-11,2024-07-26,2024-07-26,2024-07-26,45,210.55,0.0,10.32,220.87,39.79,181.08,0,0,0
977,420,294,5,2022-04-20,2022-05-20,2022-05-20,2022-05-20,30,255.3,0.0,8.68,263.98,58.72,205.26,0,0,0
978,420,514,8,2022-06-23,2022-08-22,2022-08-22,2022-08-22,60,141.9,0.0,4.68,146.58,23.98,122.6,0,0,0
979,420,1830,1,2022-09-03,2022-11-02,2022-11-02,2022-11-02,60,382.2,0.0,9.56,391.76,79.88,311.88,0,0,0
980,420,776,3,2022-11-12,2022-12-27,2022-12-27,2022-12-27,45,162.86,0.0,4.07,166.93,33.55,133.38,0,0,0
981,421,327,6,2022-08-07,2022-09-21,2022-09-21,2022-09-21,45,453.15,0.0,9.52,462.67,70.24,392.43,0,0,0
982,421,364,10,2022-09-27,2022-10-11,2022-10-11,2022-10-11,14,52.32,0.0,1.36,53.68,11.77,41.91,0,0,0
983,421,1374,12,2022-11-12,2023-01-11,2023-01-11,2023-01-11,60,208.92,0.0,6.27,215.19,41.78,173.41,0,0,0
984,421,1988,2,2023-01-19,2023-02-18,2023-02-18,2023-02-18,30,132.0,0.0,5.41,137.41,29.83,107.58,0,0,0
985,422,1553,5,2024-04-13,2024-05-28,2024-05-28,2024-05-28,45,382.95,0.0,13.02,395.97,94.21,301.76,0,0,0
986,422,170,9,2024-06-03,2024-07-18,2024-07-18,2024-07-18,45,72.24,0.0,2.02,74.26,10.91,63.35,0,0,0
987,422,1901,6,2024-08-01,2024-09-15,2024-09-15,2024-09-15,45,453.15,0.0,9.52,462.67,94.26,368.41,0,0,0
988,422,953,2,2024-09-28,2024-10-28,2024-10-28,2024-10-28,30,132.0,0.0,5.41,137.41,25.74,111.67,0,0,0
989,422,653,4,2024-11-11,2025-01-10,2025-01-10,2025-01-10,60,295.51,0.0,8.57,304.08,52.01,252.07,0,0,0
990,423,657,5,2022-08-12,2022-08-26,2022-08-26,2022-08-26,14,119.14,0.0,4.05,123.19,20.97,102.22,0,0,0
991,423,1589,3,2022-09-08,2022-11-07,2022-11-07,2022-11-07,60,191.4,0.0,4.78,196.18,37.13,159.05,0,0,0
992,423,1168,3,2022-11-14,2022-11-28,2022-11-28,2022-11-28,14,48.05,0.0,1.2,49.25,8.02,41.23,0,0,0
993,424,1629,7,2024-11-11,2025-01-10,2025-01-15,2025-01-15,60,273.72,11.95,13.41,299.08,59.12,239.96,0,0,1
994,661,867,11,2023-08-11,2023-08-25,2023-08-25,2023-08-25,14,47.63,0.0,1.81,49.44,9.53,39.91,0,0,0
995,661,1768,5,2023-09-24,2023-10-08,2023-10-08,,14,119.14,0.0,4.05,123.19,20.85,102.34,1,0,0
996,661,100,3,2023-10-20,2023-11-19,2023-11-19,2023-11-19,30,95.7,0.0,2.39,98.09,18.95,79.14,0,0,0
997,662,532,10,2024-04-11,2024-05-11,2024-05-11,2024-05-11,30,105.22,0.0,2.74,107.96,20.73,87.23,0,0,0
998,662,1551,2,2024-05-19,2024-05-26,2024-05-26,2024-05-26,7,30.8,0.0,1.26,32.06,5.21,26.85,0,0,0
999,662,447,8,2024-06-01,2024-06-08,2024-06-08,2024-06-08,7,24.3,0.0,0.8,25.1,5.27,19.83,0,0,0
1000,662,537,2,2024-06-13,2024-06-27,2024-06-27,2024-06-27,14,61.6,0.0,2.53,64.13,14.11,50.02,0,0,0
1001,662,1870,2,2024-07-02,2024-07-16,2024-07-16,2024-07-16,14,61.6,0.0,2.53,64.13,9.49,54.64,0,0,0
1002,663,1103,9,2024-11-23,2024-12-14,2024-12-14,2024-12-14,21,184.27,0.0,5.16,189.43,36.85,152.58,0,0,0
1003,663,1954,2,2024-12-20,2025-01-03,2025-01-03,2025-01-03,14,66.92,0.0,2.74,69.66,13.99,55.67,0,0,0
1004,664,1899,8,2024-05-06,2024-05-20,2024-05-27,2024-05-27,14,31.18,18.13,1.03,50.34,6.77,43.57,0,0,1
1005,664,1989,5,2024-06-05,2024-06-19,2024-06-23,2024-06-23,14,119.14,15.0,4.05,138.19,18.35,119.84,0,0,1
1006,664,1405,4,2024-07-24,2024-07-31,2024-07-31,2024-07-31,7,32.55,0.0,0.94,33.49,6.38,27.11,0,0,0
1007,664,73,1,2024-08-05,2024-08-26,2024-08-26,2024-08-26,21,133.77,0.0,3.34,137.11,28.63,108.48,0,0,0
1008,665,1714,2,2023-12-08,2023-12-29,2023-12-29,2023-12-29,21,102.42,0.0,4.2,106.62,20.89,85.73,0,0,0
1009,665,33,4,2024-01-10,2024-02-09,2024-02-09,2024-02-09,30,139.5,0.0,4.05,143.55,31.11,112.44,0,0,0
1010,665,1977,2,2024-02-16,2024-02-23,2024-02-23,2024-02-23,7,30.8,0.0,1.26,32.06,6.47,25.59,0,0,0
1011,665,120,8,2024-02-29,2024-03-14,2024-03-14,2024-03-14,14,13.41,0.0,0.44,13.85,2.15,11.7,0,0,0
1012,666,1077,10,2022-03-26,2022-04-09,2022-04-09,2022-04-09,14,161.25,0.0,4.19,165.44,33.54,131.9,0,0,0
1013,666,587,11,2022-04-16,2022-04-23,2022-04-23,2022-04-23,7,103.43,0.0,3.93,107.36,22.44,84.92,0,0,0
1014,666,630,5,2022-05-01,2022-05-15,2022-05-15,2022-05-15,14,119.14,0.0,4.05,123.19,28.0,95.19,0,0,0
1015,666,1885,2,2022-07-07,2022-08-06,2022-08-06,2022-08-06,30,132.0,0.0,5.41,137.41,27.46,109.95,0,0,0
1016,668,1167,11,2024-11-04,2024-11-25,2024-11-25,2024-11-25,21,44.85,0.0,1.7,46.55,9.64,36.91,0,0,0
1017,669,1835,1,2024-06-11,2024-07-11,2024-07-11,2024-07-11,30,191.1,0.0,4.78,195.88,40.9,154.98,0,0,0
1018,669,168,1,2024-07-20,2024-08-03,2024-08-03,2024-08-03,14,89.18,0.0,2.23,91.41,18.82,72.59,0,0,0
1019,669,1088,4,2024-08-13,2024-08-20,2024-08-20,2024-08-20,7,32.55,0.0,0.94,33.49,5.01,28.48,0,0,0
1020,669,398,6,2024-09-17,2024-10-08,2024-10-08,2024-10-08,21,211.47,0.0,4.44,215.91,35.53,180.38,0,0,0
1021,669,1461,3,2024-10-17,2024-10-31,2024-10-31,2024-10-31,14,44.66,0.0,1.12,45.78,9.47,36.31,0,0,0
1022,670,1992,11,2022-06-11,2022-07-02,2022-07-02,2022-07-02,21,265.43,0.0,10.09,275.52,46.72,228.8,0,0,0
1023,670,686,11,2022-07-08,2022-08-07,2022-08-07,2022-08-07,30,379.18,0.0,14.41,393.59,59.91,333.68,0,0,0
1024,670,424,8,2022-08-14,2022-09-04,2022-09-04,2022-09-04,21,204.82,0.0,6.76,211.58,44.24,167.34,0,0,0
1025,670,1868,4,2022-10-05,2022-10-19,2022-10-19,2022-10-19,14,65.1,0.0,1.89,66.99,9.83,57.16,0,0,0
1026,670,375,11,2022-10-29,2022-11-12,2022-11-12,2022-11-12,14,176.95,0.0,6.72,183.67,43.53,140.14,0,0,0
1027,670,462,9,2022-11-25,2022-12-09,2022-12-09,2022-12-09,14,167.22,0.0,4.68,171.9,25.58,146.32,0,0,0
1028,671,1224,2,2024-12-11,2024-12-18,2024-12-18,2024-12-18,7,33.84,0.0,1.39,35.23,5.65,29.58,0,0,0
1029,673,181,2,2022-02-17,2022-03-03,2022-03-03,2022-03-03,14,61.6,0.0,2.53,64.13,12.94,51.19,0,0,0
1030,673,1726,6,2022-03-10,2022-03-24,2022-03-24,2022-03-24,14,140.98,0.0,2.96,143.94,23.68,120.26,0,0,0
1031,673,191,11,2022-04-06,2022-04-20,2022-04-20,2022-04-20,14,85.95,0.0,3.27,89.22,16.93,72.29,0,0,0
1032,673,1647,4,2022-04-29,2022-05-20,2022-05-20,2022-05-20,21,97.65,0.0,2.83,100.48,23.53,76.95,0,0,0
1033,673,621,4,2022-06-03,2022-06-24,2022-06-24,2022-06-24,21,97.65,0.0,2.83,100.48,21.39,79.09,0,0,0
1034,674,638,9,2024-09-10,2024-09-24,2024-09-24,2024-09-24,14,194.52,0.0,5.45,199.97,41.24,158.73,0,0,0
1035,674,1027,10,2024-10-04,2024-10-18,2024-10-18,2024-10-18,14,175.07,0.0,4.55,179.62,29.41,150.21,0,0,0
1036,674,347,7,2024-10-25,2024-11-01,2024-11-01,2024-11-01,7,79.58,0.0,3.9,83.48,17.83,65.65,0,0,0
1037,674,1183,9,2024-11-14,2024-11-28,2024-11-29,2024-11-29,14,204.5,2.21,5.73,212.44,38.24,174.2,0,0,1
1038,674,1087,10,2024-12-08,2024-12-29,2024-12-29,2024-12-29,21,286.03,0.0,7.44,293.47,47.77,245.7,0,0,0
1039,675,926,3,2023-10-12,2023-11-02,2023-11-02,2023-11-02,21,66.99,0.0,1.67,68.66,13.53,55.13,0,0,0
1040,675,1643,4,2023-11-15,2023-11-22,2023-11-22,2023-11-22,7,34.94,0.0,1.01,35.95,5.9,30.05,0,0,0
1041,675,1859,1,2023-11-29,2023-12-13,2023-12-13,2023-12-13,14,96.5,0.0,2.41,98.91,18.34,80.57,0,0,0
1042,675,1912,10,2023-12-23,2024-01-06,2024-01-06,2024-01-06,14,55.19,0.0,1.43,56.62,11.31,45.31,0,0,0
1043,677,85,4,2024-02-27,2024-03-05,2024-03-05,2024-03-05,7,32.55,0.0,0.94,33.49,7.91,25.58,0,0,0
1044,677,1164,8,2024-03-17,2024-03-24,2024-03-24,2024-03-24,7,20.15,0.0,0.66,20.81,3.2,17.61,0,0,0
1045,677,43,2,2024-04-03,2024-04-17,2024-04-17,2024-04-17,14,61.6,0.0,2.53,64.13,15.28,48.85,0,0,0
1046,680,248,8,2022-09-07,2022-10-07,2022-10-07,2022-10-07,30,153.44,0.0,5.06,158.5,29.77,128.73,0,0,0
1047,680,1136,8,2022-10-20,2022-11-10,2022-11-10,2022-11-10,21,107.41,0.0,3.54,110.95,19.87,91.08,0,0,0
1048,680,368,9,2022-11-21,2022-12-05,2022-12-06,2022-12-06,14,89.89,2.21,2.52,94.62,22.2,72.42,0,0,1
1049,680,1875,5,2023-01-16,2023-01-30,2023-01-30,2023-01-30,14,119.14,0.0,4.05,123.19,22.76,100.43,0,0,0
1050,680,572,10,2023-03-03,2023-03-17,2023-03-17,2023-03-17,14,72.34,0.0,1.88,74.22,11.29,62.93,0,0,0
1051,681,1703,3,2021-06-12,2021-06-26,2021-06-26,2021-06-26,14,44.66,0.0,1.12,45.78,10.41,35.37,0,0,0
1052,681,1748,11,2021-07-08,2021-07-15,2021-07-15,2021-07-15,7,173.35,0.0,6.59,179.94,29.82,150.12,0,0,0
1053,681,1106,12,2021-08-23,2021-09-06,2021-09-06,2021-09-06,14,232.04,0.0,6.96,239.0,36.43,202.57,0,0,0
1054,681,365,9,2021-09-12,2021-10-03,2021-10-03,2021-10-03,21,450.43,0.0,12.61,463.04,92.79,370.25,0,0,0
1055,682,805,8,2023-10-16,2023-10-30,2023-10-30,,14,108.46,0.0,3.58,112.04,26.25,85.79,1,0,0
1056,682,1586,9,2023-11-08,2023-11-15,2023-11-15,2023-11-15,7,66.41,0.0,1.86,68.27,13.02,55.25,0,0,0
1057,682,186,4,2023-11-20,2023-12-04,2023-12-04,2023-12-04,14,68.95,0.0,2.0,70.95,11.1,59.85,0,0,0
1058,682,1710,12,2023-12-10,2023-12-24,2023-12-26,2023-12-26,14,101.53,6.36,3.05,110.94,19.09,91.85,0,0,1
1059,682,1906,2,2024-03-16,2024-04-06,2024-04-06,2024-04-06,21,92.4,0.0,3.79,96.19,14.14,82.05,0,0,0
1060,683,1846,2,2023-10-01,2023-10-15,2023-10-15,2023-10-15,14,61.6,0.0,2.53,64.13,12.26,51.87,0,0,0
1061,683,1822,5,2023-10-24,2023-10-31,2023-10-31,2023-10-31,7,59.57,0.0,2.03,61.6,13.58,48.02,0,0,0
1062,683,489,6,2023-11-13,2023-11-27,2023-11-27,2023-11-27,14,152.05,0.0,3.19,155.24,31.17,124.07,0,0,0
1063,683,513,5,2023-12-03,2023-12-10,2023-12-10,2023-12-10,7,64.53,0.0,2.19,66.72,15.1,51.62,0,0,0
1064,683,389,1,2023-12-18,2023-12-25,2023-12-30,,7,47.12,31.95,1.18,80.25,9.94,70.31,1,0,1
1065,683,573,3,2024-01-13,2024-01-27,2024-01-27,2024-01-27,14,44.66,0.0,1.12,45.78,10.9,34.88,0,0,0
1066,684,314,7,2023-06-14,2023-06-21,2023-06-21,2023-06-21,7,122.12,0.0,5.98,128.1,22.35,105.75,0,0,0
1067,684,1026,9,2023-07-03,2023-07-24,2023-07-24,2023-07-24,21,447.76,0.0,12.54,460.3,111.49,348.81,0,0,0
1068,684,960,6,2023-08-03,2023-09-02,2023-09-02,2023-09-02,30,302.1,0.0,6.34,308.44,45.62,262.82,0,0,0
1069,684,1191,8,2023-09-08,2023-09-22,2023-09-22,2023-09-22,14,265.94,0.0,8.78,274.72,47.34,227.38,0,0,0
1070,684,1074,9,2023-10-06,2023-10-20,2023-10-20,2023-10-20,14,298.51,0.0,8.36,306.87,72.24,234.63,0,0,0
1071,684,1559,5,2023-10-30,2023-11-06,2023-11-06,2023-11-06,7,59.57,0.0,2.03,61.6,10.96,50.64,0,0,0
1072,685,1940,7,2024-12-01,2024-12-15,2024-12-15,2024-12-15,14,93.21,0.0,4.57,97.78,22.46,75.32,0,0,0
1073,686,1112,2,2023-02-08,2023-03-10,2023-03-10,2023-03-10,30,132.0,0.0,5.41,137.41,25.21,112.2,0,0,0
1074,686,1339,4,2023-03-19,2023-04-09,2023-04-09,2023-04-09,21,97.65,0.0,2.83,100.48,20.02,80.46,0,0,0
1075,686,1418,2,2023-05-15,2023-06-05,2023-06-05,2023-06-05,21,92.4,0.0,3.79,96.19,19.4,76.79,0,0,0
1076,686,598,8,2023-06-12,2023-06-26,2023-06-26,2023-06-26,14,38.77,0.0,1.28,40.05,8.99,31.06,0,0,0
1077,686,683,12,2023-08-15,2023-09-14,2023-09-21,2023-09-21,30,72.05,22.26,2.16,96.47,14.7,81.77,0,0,1
1078,687,192,6,2023-03-30,2023-04-13,2023-04-17,2023-04-17,14,140.98,20.36,2.96,164.3,24.95,139.35,0,0,1
1079,687,1703,2,2023-05-31,2023-06-30,2023-06-30,2023-06-30,30,132.0,0.0,5.41,137.41,20.99,116.42,0,0,0
1080,687,298,1,2023-07-10,2023-07-24,2023-07-24,2023-07-24,14,89.18,0.0,2.23,91.41,18.73,72.68,0,0,0
1081,687,1816,10,2023-08-05,2023-09-04,2023-09-04,2023-09-04,30,56.25,0.0,1.46,57.71,13.89,43.82,0,0,0
1082,688,1542,4,2023-02-14,2023-03-07,2023-03-07,2023-03-07,21,97.65,0.0,2.83,100.48,19.82,80.66,0,0,0
1083,688,1755,11,2023-03-15,2023-03-29,2023-03-29,2023-03-29,14,83.58,0.0,3.18,86.76,12.95,73.81,0,0,0
1084,688,438,5,2023-04-05,2023-04-12,2023-04-12,2023-04-12,7,59.57,0.0,2.03,61.6,13.4,48.2,0,0,0
1085,689,143,6,2023-09-11,2023-10-11,2023-10-11,2023-10-11,30,302.1,0.0,6.34,308.44,70.99,237.45,0,0,0
1086,689,194,3,2023-10-25,2023-11-24,2023-11-24,2023-11-24,30,95.7,0.0,2.39,98.09,14.93,83.16,0,0,0
1087,689,1547,8,2023-11-30,2023-12-14,2023-12-15,2023-12-15,14,219.51,2.59,7.24,229.34,38.41,190.93,0,0,1
1088,689,1119,8,2023-12-23,2024-01-06,2024-01-06,2024-01-06,14,218.91,0.0,7.22,226.13,43.34,182.79,0,0,0
1089,689,1558,12,2024-01-18,2024-01-25,2024-01-25,2024-01-25,7,88.8,0.0,2.66,91.46,20.69,70.77,0,0,0
1090,690,339,12,2024-06-11,2024-06-18,2024-06-18,2024-06-18,7,28.01,0.0,0.84,28.85,6.22,22.63,0,0,0
1091,690,1860,9,2024-06-26,2024-07-17,2024-07-17,,21,108.74,0.0,3.04,111.78,19.46,92.32,1,0,0
1092,690,1409,6,2024-08-17,2024-08-31,2024-08-31,2024-08-31,14,140.98,0.0,2.96,143.94,23.4,120.54,0,0,0
1093,690,208,2,2024-09-14,2024-10-05,2024-10-05,2024-10-05,21,92.4,0.0,3.79,96.19,19.87,76.32,0,0,0
