product_id,category_id,sku,name,brand,retail_price_eur,release_date,listed_date,condition,status,days_on_shelf
1,1,SKU-10000,"Hisense 50"" AMOLED Plus 2021",Hisense,525,2022-04-14,2022-06-28,new,sold,1013
2,1,SKU-10001,"Samsung 43"" MiniLED Max 2022",Samsung,735,2024-04-11,2024-05-09,new,sold,332
3,1,SKU-10006,"Samsung 50"" LED Smart 2024",Samsung,525,2024-02-06,2024-02-18,new,sold,413
4,1,SKU-10012,"TCL 65"" QLED Slim 2021",TCL,1515,2023-10-13,2024-01-11,new,eligible_for_rental,451
5,1,SKU-10013,"Hisense 65"" LED Premium 2023",Hisense,1295,2023-12-29,2024-01-18,new,sold,444
6,1,SKU-10019,"LG 50"" Neo QLED Slim 2021",LG,1135,2022-12-29,2023-03-26,new,sold,742
7,1,SKU-10020,"LG 50"" MiniLED Pro 2023",LG,2225,2023-08-05,2023-10-07,new,eligible_for_rental,547
8,1,SKU-10028,"LG 55"" AMOLED Slim 2022",LG,1585,2024-02-11,2024-03-28,new,sold,374
9,1,SKU-10031,"TCL 85"" OLED Air 2021",TCL,2040,2024-02-28,2024-05-14,new,sold,327
10,1,SKU-10038,"Philips 85"" MiniLED Neo 2023",Philips,1950,2023-11-14,2023-11-28,new,sold,495
11,1,SKU-10045,"LG 75"" QLED Neo 2021",LG,2215,2023-06-15,2023-09-04,new,sold,580
12,1,SKU-10049,"LG 75"" LED 4K 2022",LG,1375,2022-07-03,2022-08-18,new,sold,962
13,1,SKU-10053,"Samsung 75"" OLED Premium 2021",Samsung,580,2024-06-22,2024-08-31,new,sold,218
14,1,SKU-10058,"TCL 65"" AMOLED Mini 2022",TCL,1730,2024-04-11,2024-06-16,new,sold,294
15,1,SKU-10060,"LG 75"" OLED Premium 2021",LG,1595,2022-01-06,2022-01-15,open_box,sold,1177
16,1,SKU-10061,"LG 50"" LED Max 2021",LG,1770,2023-01-05,2023-03-15,new,sold,753
17,1,SKU-10069,"LG 85"" Neo QLED Air 2024",LG,1080,2024-02-22,2024-04-21,open_box,sold,350
18,1,SKU-10070,"Hisense 50"" OLED Plus 2021",Hisense,715,2024-06-20,2024-07-07,new,sold,273
19,1,SKU-10073,"Sony 43"" QLED Neo 2022",Sony,1735,2022-01-20,2022-01-31,refurbished,sold,1161
20,1,SKU-10077,"LG 43"" OLED Mini 2024",LG,1135,2024-02-06,2024-03-10,new,sold,392
21,1,SKU-10082,"Philips 50"" QLED Flex 2024",Philips,1575,2022-03-26,2022-05-05,new,rented,1067
22,1,SKU-10083,"TCL 50"" QLED Air 2022",TCL,1610,2023-03-07,2023-04-27,new,sold,710
23,1,SKU-10087,"TCL 75"" LED Pro 2021",TCL,2355,2022-11-30,2023-02-23,open_box,rented,773
24,1,SKU-10093,"LG 55"" QLED Slim 2024",LG,320,2022-07-15,2022-07-24,new,sold,987
25,1,SKU-10097,"TCL 55"" LED Slim 2022",TCL,645,2023-06-26,2023-09-12,open_box,sold,572
26,1,SKU-10106,"Samsung 43"" QLED Flex 2023",Samsung,1930,2022-10-12,2022-11-15,new,sold,873
27,1,SKU-10110,"Hisense 55"" QLED Wireless 2022",Hisense,500,2024-04-12,2024-05-17,new,sold,324
28,1,SKU-10111,"Sony 85"" Neo QLED Elite 2023",Sony,1535,2022-08-09,2022-08-18,open_box,sold,962
29,1,SKU-10114,"TCL 50"" QLED Pro 2023",TCL,975,2022-02-06,2022-03-23,new,sold,1110
30,1,SKU-10118,"Hisense 85"" OLED Plus 2023",Hisense,2335,2023-04-10,2023-04-30,new,sold,707
31,1,SKU-10125,"Samsung 50"" AMOLED Smart 2023",Samsung,535,2022-01-20,2022-03-21,new,rented,1112
32,1,SKU-10129,"Philips 85"" OLED 4K 2023",Philips,1175,2023-06-20,2023-07-25,new,eligible_for_rental,621
33,1,SKU-10138,"Philips 50"" MiniLED Flex 2023",Philips,2415,2023-06-24,2023-06-28,new,sold,648
34,1,SKU-10145,"Sony 75"" OLED Wireless 2024",Sony,860,2024-06-12,2024-06-12,new,sold,298
35,1,SKU-10154,"Hisense 75"" LED Advanced 2023",Hisense,1760,2022-08-06,2022-09-13,new,rented,936
36,1,SKU-10159,"Hisense 50"" OLED Mini 2023",Hisense,1225,2023-11-22,2024-02-16,refurbished,sold,415
37,1,SKU-10162,"TCL 55"" LED Vision 2023",TCL,760,2023-08-24,2023-10-22,new,sold,532
38,1,SKU-10170,"Hisense 75"" AMOLED Advanced 2024",Hisense,1690,2023-11-07,2023-11-18,refurbished,sold,505
39,1,SKU-10174,"Hisense 43"" OLED Compact 2022",Hisense,2465,2022-04-02,2022-05-30,new,sold,1042
40,1,SKU-10178,"Hisense 85"" AMOLED HD 2024",Hisense,310,2022-06-14,2022-08-07,new,sold,973
41,1,SKU-10181,"Hisense 43"" Neo QLED Edge 2024",Hisense,590,2024-05-16,2024-08-09,new,for_sale,240
42,1,SKU-10190,"TCL 65"" OLED Wireless 2024",TCL,1935,2024-07-04,2024-08-30,new,sold,219
43,1,SKU-10194,"Hisense 43"" AMOLED Slim 2024",Hisense,930,2023-05-30,2023-07-11,new,sold,635
44,1,SKU-10203,"Samsung 85"" OLED Elite 2022",Samsung,440,2024-03-03,2024-04-14,new,sold,357
45,1,SKU-10211,"Philips 85"" QLED Pro 2022",Philips,2185,2023-12-20,2024-02-19,new,sold,412
46,1,SKU-10217,"Sony 50"" Neo QLED HD 2024",Sony,780,2024-04-10,2024-06-11,new,sold,299
47,1,SKU-10224,"Sony 75"" QLED HD 2022",Sony,2295,2022-02-15,2022-02-25,open_box,rented,1136
48,1,SKU-10231,"LG 55"" OLED Neo 2022",LG,1300,2023-10-06,2023-11-23,new,sold,500
49,1,SKU-10238,"Sony 55"" OLED Max 2024",Sony,1730,2022-03-21,2022-03-24,new,sold,1109
50,1,SKU-10242,"Samsung 75"" OLED Elite 2022",Samsung,1320,2023-04-23,2023-06-09,new,sold,667
51,1,SKU-10244,"LG 85"" Neo QLED Compact 2021",LG,1170,2023-02-02,2023-02-11,new,sold,785
52,1,SKU-10248,"Samsung 65"" AMOLED Compact 2021",Samsung,1115,2024-08-12,2024-11-02,new,sold,155
53,1,SKU-10249,"Philips 85"" OLED Air 2021",Philips,1255,2023-04-21,2023-07-08,new,sold,638
54,1,SKU-10257,"Philips 55"" Neo QLED Mini 2023",Philips,835,2024-05-29,2024-08-09,new,for_sale,240
55,1,SKU-10264,"Sony 50"" LED Ultra 2024",Sony,2055,2023-10-25,2023-11-29,new,sold,494
56,1,SKU-10269,"TCL 65"" MiniLED Ultra 2022",TCL,1965,2024-06-12,2024-09-02,open_box,for_sale,216
57,1,SKU-10277,"Philips 85"" OLED Ultra 2021",Philips,975,2023-11-27,2024-01-26,new,sold,436
58,1,SKU-10286,"Sony 55"" LED Mini 2023",Sony,805,2022-12-21,2023-01-30,new,sold,797
59,1,SKU-10295,"Hisense 85"" MiniLED Smart 2022",Hisense,2450,2023-07-22,2023-08-03,new,rented,612
60,1,SKU-10300,"LG 50"" LED 4K 2022",LG,400,2022-02-11,2022-04-22,new,sold,1080
61,1,SKU-10303,"Hisense 65"" Neo QLED Air 2021",Hisense,1270,2023-01-07,2023-01-13,new,sold,814
62,1,SKU-10311,"Samsung 85"" AMOLED Max 2024",Samsung,415,2022-08-22,2022-11-02,new,sold,886
63,1,SKU-10313,"LG 65"" Neo QLED Plus 2024",LG,955,2024-04-19,2024-05-28,new,sold,313
64,1,SKU-10314,"TCL 50"" OLED Plus 2022",TCL,680,2022-05-14,2022-06-03,new,sold,1038
65,1,SKU-10321,"Philips 85"" LED Air 2023",Philips,1845,2024-07-09,2024-07-18,open_box,for_sale,262
66,1,SKU-10325,"Sony 50"" AMOLED Vision 2022",Sony,625,2023-06-11,2023-06-29,new,sold,647
67,1,SKU-10326,"LG 85"" LED Compact 2023",LG,1840,2023-05-09,2023-07-12,new,rented,634
68,1,SKU-10334,"Philips 55"" QLED Max 2021",Philips,500,2021-11-18,2022-02-12,new,rented,1149
69,1,SKU-10335,"LG 65"" AMOLED Air 2024",LG,2090,2022-05-07,2022-07-06,new,sold,1005
70,1,SKU-10342,"Sony 85"" Neo QLED Wireless 2021",Sony,935,2024-01-21,2024-03-31,new,sold,371
71,1,SKU-10350,"Samsung 75"" QLED Wireless 2023",Samsung,1745,2024-06-13,2024-08-04,new,sold,245
72,1,SKU-10354,"TCL 55"" MiniLED 4K 2024",TCL,585,2023-06-18,2023-08-13,open_box,sold,602
73,1,SKU-10362,"Samsung 43"" MiniLED Ultra 2022",Samsung,1195,2023-03-23,2023-04-06,new,rented,731
74,1,SKU-10364,"Hisense 65"" Neo QLED Elite 2024",Hisense,2455,2023-03-18,2023-05-15,new,sold,692
75,1,SKU-10367,"Philips 55"" MiniLED Advanced 2022",Philips,885,2021-12-01,2022-01-06,open_box,sold,1186
76,1,SKU-10372,"TCL 65"" LED Vision 2024",TCL,1030,2023-12-16,2024-02-12,new,sold,419
77,1,SKU-10376,"Hisense 55"" AMOLED Premium 2024",Hisense,1340,2024-01-02,2024-02-20,open_box,sold,411
78,1,SKU-10379,"Philips 43"" Neo QLED Pro 2022",Philips,520,2024-07-23,2024-07-24,open_box,sold,256
79,1,SKU-10382,"Philips 75"" AMOLED Elite 2021",Philips,1175,2022-05-03,2022-06-14,open_box,sold,1027
80,1,SKU-10391,"Philips 43"" OLED Wireless 2024",Philips,1690,2023-07-14,2023-08-12,refurbished,sold,603
81,1,SKU-10393,"Philips 43"" QLED Plus 2021",Philips,1015,2022-03-19,2022-04-25,new,sold,1077
82,1,SKU-10399,"Philips 85"" OLED Elite 2022",Philips,675,2022-03-25,2022-06-11,new,sold,1030
83,1,SKU-10403,"Philips 65"" LED Vision 2022",Philips,1765,2024-07-05,2024-08-10,open_box,for_sale,239
84,1,SKU-10412,"LG 85"" Neo QLED Max 2024",LG,1820,2024-06-16,2024-07-24,new,sold,256
85,1,SKU-10419,"Philips 75"" LED Plus 2022",Philips,2485,2023-08-26,2023-08-28,open_box,sold,587
86,1,SKU-10426,"Sony 75"" LED Ultra 2021",Sony,780,2022-11-07,2023-01-25,new,sold,802
87,1,SKU-10429,"Hisense 75"" LED Plus 2021",Hisense,1910,2022-05-28,2022-07-04,new,sold,1007
88,1,SKU-10436,"LG 75"" LED Advanced 2022",LG,2125,2023-04-11,2023-06-11,new,sold,665
89,1,SKU-10442,"Samsung 75"" LED Neo 2021",Samsung,500,2024-03-18,2024-03-19,new,sold,383
90,1,SKU-10451,"Samsung 85"" LED Neo 2023",Samsung,535,2023-02-23,2023-04-24,new,rented,713
91,1,SKU-10460,"Sony 43"" OLED Premium 2021",Sony,400,2022-02-08,2022-03-18,new,sold,1115
92,1,SKU-10462,"Samsung 85"" AMOLED Premium 2022",Samsung,1830,2024-02-23,2024-05-08,refurbished,for_sale,333
93,1,SKU-10465,"Philips 85"" LED Plus 2024",Philips,775,2024-05-30,2024-06-29,new,sold,281
94,1,SKU-10467,"Hisense 50"" QLED 4K 2023",Hisense,2385,2024-07-09,2024-07-20,open_box,sold,260
95,1,SKU-10471,"Hisense 75"" OLED Ultra 2021",Hisense,450,2022-12-16,2023-03-01,new,sold,767
96,1,SKU-10475,"Sony 75"" LED Elite 2021",Sony,2055,2022-05-22,2022-08-14,new,sold,966
97,1,SKU-10478,"Samsung 55"" QLED 4K 2022",Samsung,580,2024-03-06,2024-05-12,new,sold,329
98,1,SKU-10480,"Philips 65"" MiniLED Neo 2023",Philips,785,2022-01-05,2022-03-30,new,sold,1103
99,1,SKU-10485,"Philips 85"" QLED Ultra 2021",Philips,1380,2024-06-18,2024-06-27,new,sold,283
100,1,SKU-10491,"TCL 85"" MiniLED Elite 2021",TCL,1505,2023-09-10,2023-10-28,new,sold,526
101,1,SKU-10500,"Sony 85"" OLED Neo 2024",Sony,1245,2023-02-20,2023-04-13,new,sold,724
102,1,SKU-10508,"Philips 85"" LED Mini 2021",Philips,1120,2022-08-14,2022-11-09,new,sold,879
103,1,SKU-10510,"Samsung 50"" MiniLED Max 2021",Samsung,430,2023-08-14,2023-11-07,new,sold,516
104,1,SKU-10517,"Sony 55"" QLED Mini 2021",Sony,1570,2023-02-21,2023-03-12,open_box,sold,756
105,1,SKU-10525,"LG 55"" MiniLED Plus 2023",LG,795,2024-03-18,2024-05-28,refurbished,sold,313
106,1,SKU-10534,"Samsung 55"" LED Slim 2021",Samsung,310,2022-08-10,2022-10-21,open_box,sold,898
107,1,SKU-10541,"Samsung 65"" Neo QLED Elite 2021",Samsung,1295,2022-10-03,2022-11-19,new,sold,869
108,1,SKU-10547,"TCL 43"" AMOLED Max 2021",TCL,480,2024-04-03,2024-06-26,new,sold,284
109,1,SKU-10555,"TCL 43"" LED Neo 2024",TCL,1245,2023-05-10,2023-08-04,open_box,sold,611
110,1,SKU-10563,"TCL 43"" QLED Compact 2021",TCL,750,2023-02-20,2023-03-09,refurbished,sold,759
111,1,SKU-10568,"Sony 50"" OLED Wireless 2021",Sony,1135,2023-02-12,2023-04-17,new,sold,720
112,1,SKU-10574,"Samsung 43"" LED HD 2021",Samsung,1565,2024-01-09,2024-04-08,open_box,sold,363
113,1,SKU-10581,"Sony 75"" Neo QLED Plus 2024",Sony,2130,2024-01-01,2024-01-12,new,sold,450
114,1,SKU-10583,"LG 55"" AMOLED Mini 2024",LG,1045,2023-11-05,2023-11-14,new,rented,509
115,1,SKU-10585,"TCL 50"" QLED Edge 2022",TCL,620,2023-01-18,2023-02-09,new,sold,787
116,1,SKU-10588,"Hisense 75"" Neo QLED Max 2022",Hisense,1795,2023-08-05,2023-10-24,new,sold,530
117,1,SKU-10591,"Philips 75"" QLED Max 2024",Philips,1075,2022-04-23,2022-06-01,new,sold,1040
118,1,SKU-10599,"Samsung 75"" MiniLED Pro 2023",Samsung,1415,2024-05-23,2024-08-05,new,sold,244
119,1,SKU-10600,"Philips 75"" OLED Vision 2022",Philips,2405,2024-06-28,2024-07-11,new,for_sale,269
120,1,SKU-10602,"TCL 75"" MiniLED Smart 2021",TCL,1640,2023-11-30,2024-01-16,new,sold,446
121,1,SKU-10609,"Philips 43"" MiniLED Wireless 2021",Philips,1790,2023-07-04,2023-08-05,open_box,sold,610
122,1,SKU-10612,"Sony 50"" MiniLED Max 2022",Sony,1860,2022-05-15,2022-06-23,new,sold,1018
123,1,SKU-10619,"Hisense 75"" LED Wireless 2022",Hisense,340,2023-09-02,2023-09-25,new,sold,559
124,1,SKU-10625,"Philips 55"" QLED Advanced 2022",Philips,1415,2021-12-25,2022-03-19,new,sold,1114
125,1,SKU-10628,"TCL 50"" AMOLED HD 2022",TCL,1260,2024-03-06,2024-04-21,open_box,sold,350
126,1,SKU-10632,"Philips 55"" Neo QLED Compact 2024",Philips,2290,2022-11-21,2023-02-02,new,eligible_for_rental,794
127,1,SKU-10640,"Sony 50"" LED HD 2024",Sony,415,2024-07-26,2024-09-11,new,sold,207
128,1,SKU-10642,"Hisense 55"" Neo QLED Edge 2021",Hisense,2290,2022-09-04,2022-10-29,new,sold,890
129,1,SKU-10646,"Philips 75"" LED 4K 2021",Philips,820,2022-05-01,2022-06-17,new,sold,1024
130,1,SKU-10647,"Sony 55"" Neo QLED Plus 2023",Sony,1830,2022-07-14,2022-10-12,new,sold,907
131,1,SKU-10655,"TCL 50"" MiniLED Ultra 2021",TCL,2365,2024-05-02,2024-05-16,refurbished,sold,325
132,1,SKU-10660,"LG 85"" MiniLED Compact 2021",LG,1305,2022-06-14,2022-08-16,new,rented,964
133,1,SKU-10669,"Samsung 43"" MiniLED Edge 2022",Samsung,1075,2024-04-10,2024-05-03,open_box,sold,338
134,1,SKU-10671,"TCL 75"" MiniLED 4K 2021",TCL,345,2024-08-15,2024-08-20,open_box,sold,229
135,1,SKU-10678,"Sony 50"" AMOLED Slim 2021",Sony,1745,2022-05-19,2022-08-01,open_box,sold,979
136,1,SKU-10684,"LG 85"" Neo QLED Pro 2023",LG,2455,2024-06-19,2024-09-07,new,for_sale,211
137,1,SKU-10687,"Samsung 50"" QLED Neo 2021",Samsung,995,2023-07-25,2023-09-28,new,sold,556
138,1,SKU-10696,"Philips 43"" AMOLED Slim 2021",Philips,1030,2022-07-27,2022-09-12,new,sold,937
139,1,SKU-10703,"Hisense 85"" Neo QLED Neo 2024",Hisense,1105,2024-10-26,2024-11-29,new,for_sale,128
140,1,SKU-10710,"Samsung 43"" QLED Mini 2022",Samsung,1020,2023-07-21,2023-08-29,new,sold,586
141,1,SKU-10717,"LG 75"" Neo QLED Neo 2023",LG,905,2022-04-19,2022-04-28,open_box,sold,1074
142,1,SKU-10724,"Sony 85"" Neo QLED Edge 2022",Sony,375,2022-04-18,2022-05-18,refurbished,sold,1054
143,1,SKU-10730,"Sony 55"" Neo QLED HD 2021",Sony,1980,2022-08-03,2022-10-09,new,sold,910
144,1,SKU-10737,"Sony 65"" MiniLED Slim 2022",Sony,1150,2022-07-28,2022-08-30,refurbished,sold,950
145,1,SKU-10742,"Hisense 43"" OLED Neo 2022",Hisense,2175,2024-06-22,2024-07-14,open_box,sold,266
146,1,SKU-10750,"Samsung 55"" LED Wireless 2023",Samsung,2170,2022-11-07,2022-12-23,new,sold,835
147,1,SKU-10754,"Samsung 55"" MiniLED Advanced 2022",Samsung,1560,2024-06-06,2024-08-15,new,sold,234
148,1,SKU-10756,"Samsung 65"" MiniLED Compact 2024",Samsung,460,2023-07-22,2023-10-12,new,sold,542
149,1,SKU-10764,"Philips 50"" OLED Edge 2023",Philips,1250,2022-04-09,2022-04-24,new,rented,1078
150,1,SKU-10767,"Sony 75"" LED Smart 2022",Sony,2160,2023-05-04,2023-05-29,open_box,sold,678
151,1,SKU-10776,"Sony 85"" OLED Elite 2023",Sony,1600,2022-10-22,2022-11-12,open_box,sold,876
152,1,SKU-10782,"TCL 55"" AMOLED Pro 2021",TCL,765,2024-02-14,2024-05-03,open_box,sold,338
153,1,SKU-10783,"Philips 85"" Neo QLED Flex 2023",Philips,955,2022-03-03,2022-05-30,new,sold,1042
154,1,SKU-10786,"Philips 75"" OLED Mini 2024",Philips,985,2023-09-02,2023-10-16,new,sold,538
155,1,SKU-10789,"Sony 43"" LED Edge 2021",Sony,1290,2022-10-04,2022-10-16,new,sold,903
156,1,SKU-10794,"Philips 85"" LED Mini 2022",Philips,715,2022-09-21,2022-11-23,new,sold,865
157,1,SKU-10802,"Philips 75"" Neo QLED Compact 2024",Philips,2425,2023-01-02,2023-03-17,new,sold,751
158,1,SKU-10803,"Samsung 43"" QLED Compact 2024",Samsung,1245,2023-05-11,2023-06-26,refurbished,sold,650
159,1,SKU-10810,"Sony 50"" LED Pro 2024",Sony,1515,2022-04-12,2022-05-31,new,sold,1041
160,1,SKU-10818,"TCL 55"" LED Slim 2021",TCL,1525,2024-01-01,2024-01-19,new,sold,443
161,1,SKU-10827,"Philips 85"" LED Edge 2021",Philips,2070,2024-10-02,2024-11-29,new,sold,128
162,1,SKU-10836,"LG 85"" LED Wireless 2023",LG,1605,2024-08-31,2024-11-04,new,for_sale,153
163,1,SKU-10844,"Hisense 55"" AMOLED Vision 2023",Hisense,540,2024-02-19,2024-05-03,new,for_sale,338
164,1,SKU-10845,"TCL 65"" OLED Air 2023",TCL,1450,2024-01-31,2024-02-18,open_box,sold,413
165,1,SKU-10849,"Samsung 55"" Neo QLED Vision 2021",Samsung,630,2023-01-01,2023-02-22,new,sold,774
166,1,SKU-10857,"Hisense 55"" AMOLED Pro 2022",Hisense,1350,2024-01-02,2024-02-11,new,sold,420
167,1,SKU-10865,"TCL 50"" OLED Wireless 2023",TCL,915,2023-08-07,2023-09-04,new,sold,580
168,1,SKU-10870,"Hisense 75"" AMOLED Advanced 2024",Hisense,900,2022-06-26,2022-09-07,open_box,sold,942
169,1,SKU-10879,"Philips 55"" AMOLED HD 2023",Philips,475,2024-04-02,2024-06-24,new,sold,286
170,1,SKU-10887,"LG 43"" MiniLED Advanced 2023",LG,1930,2023-04-05,2023-05-06,new,sold,701
171,1,SKU-10896,"LG 85"" Neo QLED Premium 2021",LG,520,2022-10-09,2022-10-09,new,sold,910
172,1,SKU-10899,"Philips 55"" AMOLED Air 2024",Philips,430,2022-04-11,2022-07-03,new,sold,1008
173,1,SKU-10903,"TCL 65"" Neo QLED Pro 2022",TCL,710,2023-08-12,2023-08-16,new,sold,599
174,1,SKU-10908,"TCL 75"" Neo QLED Plus 2023",TCL,2255,2022-07-30,2022-10-02,new,rented,917
175,1,SKU-10913,"LG 85"" OLED Plus 2023",LG,330,2023-10-16,2023-11-22,new,sold,501
176,1,SKU-10917,"LG 65"" AMOLED HD 2024",LG,510,2022-08-15,2022-10-15,new,sold,904
177,1,SKU-10921,"Samsung 55"" LED Slim 2024",Samsung,1580,2021-12-22,2022-01-24,open_box,sold,1168
178,1,SKU-10927,"Hisense 50"" Neo QLED Premium 2021",Hisense,1810,2023-07-03,2023-09-29,new,sold,555
179,1,SKU-10932,"Sony 65"" AMOLED Premium 2022",Sony,2475,2023-12-14,2024-02-05,open_box,sold,426
180,1,SKU-10941,"Philips 75"" Neo QLED Flex 2022",Philips,1460,2023-10-31,2024-01-11,new,eligible_for_rental,451
181,1,SKU-10942,"TCL 55"" MiniLED Edge 2022",TCL,1270,2022-12-13,2023-02-25,new,rented,771
182,1,SKU-10944,"TCL 65"" Neo QLED Neo 2021",TCL,1540,2024-05-10,2024-08-04,new,sold,245
183,1,SKU-10945,"Philips 43"" Neo QLED Slim 2021",Philips,1055,2022-03-03,2022-05-11,new,sold,1061
184,1,SKU-10947,"Philips 85"" AMOLED Pro 2023",Philips,1720,2024-03-24,2024-05-10,new,sold,331
185,1,SKU-10955,"Philips 43"" OLED HD 2021",Philips,2485,2024-01-08,2024-03-15,new,sold,387
186,1,SKU-10959,"Samsung 75"" Neo QLED Ultra 2023",Samsung,2110,2023-03-25,2023-05-22,new,sold,685
187,1,SKU-10962,"Sony 43"" OLED Advanced 2021",Sony,750,2022-05-11,2022-07-26,new,sold,985
188,1,SKU-10970,"TCL 50"" MiniLED Pro 2022",TCL,775,2022-04-09,2022-04-26,new,sold,1076
189,1,SKU-10975,"LG 50"" AMOLED Vision 2023",LG,1445,2024-03-19,2024-04-26,new,sold,345
190,1,SKU-10976,"TCL 43"" LED Vision 2022",TCL,2370,2023-12-15,2024-02-20,new,sold,411
191,1,SKU-10983,"Philips 65"" OLED Elite 2023",Philips,2170,2023-06-10,2023-09-08,new,sold,576
192,1,SKU-10991,"Samsung 50"" Neo QLED Flex 2024",Samsung,835,2023-01-10,2023-02-21,open_box,sold,775
193,1,SKU-10993,"Philips 55"" Neo QLED 4K 2021",Philips,1780,2022-03-13,2022-03-22,new,rented,1111
194,1,SKU-11002,"LG 50"" OLED Air 2022",LG,2415,2022-06-29,2022-08-29,new,sold,951
195,1,SKU-11006,"Philips 75"" AMOLED Premium 2023",Philips,1090,2023-05-05,2023-06-20,new,sold,656
196,1,SKU-11014,"Philips 55"" Neo QLED Plus 2024",Philips,400,2023-03-12,2023-03-30,new,sold,738
197,1,SKU-11019,"TCL 55"" OLED Vision 2024",TCL,1135,2023-03-17,2023-05-19,new,rented,688
198,1,SKU-11025,"Sony 50"" OLED Air 2024",Sony,1885,2024-09-04,2024-09-27,new,sold,191
199,1,SKU-11026,"TCL 50"" AMOLED Pro 2021",TCL,810,2022-11-05,2022-11-06,new,sold,882
200,1,SKU-11035,"Philips 43"" MiniLED 4K 2021",Philips,1515,2022-01-23,2022-01-25,new,sold,1167
201,1,SKU-11040,"TCL 43"" QLED Compact 2021",TCL,1455,2023-04-15,2023-05-09,new,sold,698
202,1,SKU-11049,"Sony 65"" Neo QLED 4K 2023",Sony,1540,2023-03-01,2023-04-08,open_box,sold,729
203,1,SKU-11051,"Hisense 75"" Neo QLED Pro 2021",Hisense,420,2021-10-23,2022-01-20,new,sold,1172
204,1,SKU-11053,"Philips 50"" OLED Mini 2023",Philips,2280,2024-07-28,2024-08-31,new,for_sale,218
205,1,SKU-11055,"Hisense 50"" MiniLED Slim 2021",Hisense,615,2024-03-17,2024-03-26,new,sold,376
206,1,SKU-11058,"TCL 85"" OLED Premium 2024",TCL,2040,2022-04-07,2022-06-10,refurbished,sold,1031
207,1,SKU-11064,"Samsung 75"" MiniLED Plus 2024",Samsung,2400,2024-02-11,2024-03-23,new,sold,379
208,1,SKU-11069,"Philips 65"" OLED Air 2022",Philips,1795,2024-02-08,2024-02-18,refurbished,sold,413
209,1,SKU-11074,"LG 85"" AMOLED Max 2021",LG,640,2024-01-28,2024-03-08,new,sold,394
210,1,SKU-11076,"Samsung 43"" OLED Ultra 2023",Samsung,490,2024-04-05,2024-06-01,new,for_sale,309
211,1,SKU-11085,"TCL 75"" QLED Mini 2021",TCL,1610,2023-09-08,2023-10-27,new,sold,527
212,1,SKU-11090,"Philips 75"" OLED HD 2021",Philips,1805,2022-11-27,2022-12-14,new,sold,844
213,1,SKU-11095,"Sony 55"" Neo QLED Air 2022",Sony,960,2022-04-22,2022-06-07,new,sold,1034
214,1,SKU-11099,"Hisense 55"" QLED Air 2022",Hisense,2385,2023-08-25,2023-11-12,new,sold,511
215,1,SKU-11105,"Philips 75"" AMOLED Wireless 2024",Philips,740,2023-09-14,2023-10-06,new,sold,548
216,1,SKU-11111,"Sony 65"" LED Air 2022",Sony,550,2022-12-01,2023-02-14,new,sold,782
217,1,SKU-11114,"Hisense 55"" AMOLED Flex 2021",Hisense,450,2024-01-22,2024-04-17,new,sold,354
218,1,SKU-11117,"Hisense 65"" QLED Compact 2022",Hisense,1285,2024-06-26,2024-09-08,new,sold,210
219,1,SKU-11126,"TCL 85"" QLED Mini 2021",TCL,540,2023-03-01,2023-05-24,open_box,sold,683
220,1,SKU-11132,"LG 43"" QLED Pro 2024",LG,870,2024-09-06,2024-11-11,new,for_sale,146
221,1,SKU-11136,"Philips 50"" LED 4K 2024",Philips,2495,2024-09-02,2024-09-15,new,for_sale,203
222,1,SKU-11143,"Samsung 65"" OLED Plus 2022",Samsung,1445,2023-10-16,2023-12-15,new,sold,478
223,1,SKU-11151,"Hisense 85"" QLED Neo 2023",Hisense,350,2023-09-13,2023-12-04,new,sold,489
224,1,SKU-11154,"Hisense 75"" Neo QLED Premium 2022",Hisense,2410,2023-02-28,2023-04-20,open_box,sold,717
225,1,SKU-11157,"LG 65"" MiniLED Mini 2024",LG,1245,2021-10-12,2022-01-10,new,sold,1182
226,1,SKU-11161,"Sony 55"" OLED Max 2021",Sony,1305,2023-03-29,2023-06-22,new,sold,654
227,1,SKU-11170,"Hisense 55"" LED Wireless 2024",Hisense,2160,2022-09-25,2022-12-20,open_box,sold,838
228,1,SKU-11175,"TCL 50"" LED Vision 2021",TCL,555,2023-11-08,2024-02-04,new,sold,427
229,1,SKU-11184,"Philips 65"" AMOLED Mini 2022",Philips,1480,2022-10-11,2022-12-21,new,sold,837
230,1,SKU-11192,"Sony 43"" LED Elite 2022",Sony,2395,2024-09-02,2024-09-19,new,for_sale,199
231,1,SKU-11199,"TCL 85"" Neo QLED Edge 2024",TCL,1375,2022-04-08,2022-06-19,new,sold,1022
232,1,SKU-11203,"Sony 50"" Neo QLED Pro 2023",Sony,1545,2024-08-02,2024-10-11,new,sold,177
233,1,SKU-11205,"TCL 43"" AMOLED Plus 2023",TCL,1270,2023-01-29,2023-03-24,new,sold,744
234,1,SKU-11209,"Sony 65"" QLED Pro 2024",Sony,2005,2023-04-05,2023-05-01,open_box,sold,706
235,1,SKU-11215,"Hisense 43"" MiniLED Mini 2022",Hisense,1070,2023-07-09,2023-07-30,new,eligible_for_rental,616
236,1,SKU-11220,"Sony 65"" QLED Vision 2023",Sony,2480,2022-06-20,2022-09-17,new,sold,932
237,1,SKU-11224,"LG 75"" AMOLED Wireless 2022",LG,890,2024-03-11,2024-04-28,new,sold,343
238,1,SKU-11226,"Hisense 65"" Neo QLED Max 2024",Hisense,1020,2021-12-26,2022-01-06,open_box,sold,1186
239,1,SKU-11234,"Hisense 65"" OLED 4K 2021",Hisense,1385,2023-09-18,2023-10-24,new,sold,530
240,1,SKU-11243,"TCL 43"" AMOLED Elite 2024",TCL,2025,2024-07-28,2024-07-30,new,for_sale,250
241,1,SKU-11246,"Philips 85"" LED Neo 2021",Philips,650,2023-07-05,2023-07-16,open_box,sold,630
242,1,SKU-11252,"Sony 85"" LED Max 2023",Sony,1895,2023-03-02,2023-04-25,open_box,sold,712
243,1,SKU-11254,"Hisense 50"" MiniLED Plus 2021",Hisense,795,2024-06-29,2024-06-30,new,sold,280
244,1,SKU-11260,"Samsung 65"" QLED Mini 2022",Samsung,1905,2022-07-16,2022-07-29,new,sold,982
245,1,SKU-11266,"Sony 75"" MiniLED Elite 2024",Sony,320,2022-10-08,2022-12-03,new,sold,855
246,1,SKU-11270,"Hisense 43"" OLED Elite 2024",Hisense,1955,2024-01-13,2024-02-26,new,sold,405
247,1,SKU-11276,"LG 75"" MiniLED Premium 2023",LG,1885,2023-05-11,2023-08-07,new,sold,608
248,1,SKU-11281,"LG 50"" Neo QLED Edge 2022",LG,1150,2023-03-07,2023-05-09,open_box,sold,698
249,1,SKU-11283,"TCL 75"" Neo QLED Ultra 2023",TCL,1105,2022-10-21,2022-12-20,refurbished,sold,838
250,1,SKU-11285,"Samsung 43"" QLED Vision 2021",Samsung,2385,2024-01-22,2024-03-26,new,sold,376
251,1,SKU-11294,"Philips 75"" OLED Mini 2024",Philips,910,2023-09-17,2023-09-27,new,sold,557
252,1,SKU-11298,"LG 55"" AMOLED Flex 2023",LG,1260,2023-04-27,2023-05-04,new,sold,703
253,1,SKU-11300,"Philips 43"" QLED Plus 2024",Philips,1855,2022-01-04,2022-01-24,new,sold,1168
254,1,SKU-11306,"TCL 85"" LED Edge 2023",TCL,1910,2022-08-27,2022-08-30,new,rented,950
255,1,SKU-11313,"Sony 65"" Neo QLED Edge 2021",Sony,1425,2022-02-20,2022-04-24,new,sold,1078
256,1,SKU-11316,"Sony 50"" AMOLED Smart 2023",Sony,1420,2022-03-31,2022-04-01,new,sold,1101
257,1,SKU-11317,"Philips 75"" AMOLED 4K 2024",Philips,1930,2024-04-10,2024-05-08,new,for_sale,333
258,1,SKU-11321,"Philips 43"" MiniLED Wireless 2023",Philips,1780,2022-03-27,2022-04-18,new,sold,1084
259,1,SKU-11330,"Samsung 55"" QLED HD 2021",Samsung,1515,2021-12-01,2022-01-17,new,sold,1175
260,1,SKU-11335,"TCL 65"" OLED Compact 2022",TCL,1910,2023-04-29,2023-05-18,new,sold,689
261,1,SKU-11342,"Samsung 85"" Neo QLED Premium 2023",Samsung,2165,2023-09-09,2023-09-22,new,sold,562
262,1,SKU-11351,"LG 43"" QLED Mini 2024",LG,2325,2024-10-09,2024-11-30,open_box,for_sale,127
263,1,SKU-11357,"Philips 43"" MiniLED Max 2021",Philips,1550,2024-03-17,2024-06-09,new,sold,301
264,1,SKU-11361,"Sony 65"" LED Slim 2023",Sony,815,2023-02-03,2023-02-20,refurbished,sold,776
265,1,SKU-11363,"LG 65"" QLED Plus 2022",LG,1480,2023-01-04,2023-03-02,new,sold,766
266,1,SKU-11371,"Sony 43"" OLED Plus 2021",Sony,2140,2023-10-16,2023-11-03,new,sold,520
267,1,SKU-11375,"Sony 43"" Neo QLED HD 2021",Sony,2180,2023-05-15,2023-05-27,new,sold,680
268,1,SKU-11377,"LG 50"" Neo QLED Plus 2021",LG,1120,2022-04-09,2022-06-22,new,sold,1019
269,1,SKU-11382,"Samsung 43"" LED Ultra 2021",Samsung,570,2024-07-27,2024-08-02,new,sold,247
270,1,SKU-11389,"Hisense 50"" LED HD 2024",Hisense,770,2022-12-15,2023-01-19,new,sold,808
271,1,SKU-11397,"LG 75"" Neo QLED Pro 2022",LG,435,2023-06-08,2023-07-27,new,sold,619
272,1,SKU-11404,"LG 85"" LED Edge 2022",LG,1355,2024-08-06,2024-09-19,new,sold,199
273,1,SKU-11413,"Sony 75"" OLED HD 2023",Sony,365,2023-07-23,2023-07-30,new,sold,616
274,1,SKU-11422,"Sony 85"" OLED Vision 2022",Sony,885,2022-03-28,2022-04-25,new,sold,1077
275,1,SKU-11429,"Sony 85"" AMOLED Smart 2022",Sony,1090,2021-11-29,2022-02-27,open_box,sold,1134
276,1,SKU-11435,"TCL 55"" OLED Vision 2022",TCL,1380,2022-06-27,2022-07-04,new,sold,1007
277,1,SKU-11439,"Samsung 50"" OLED Edge 2024",Samsung,1050,2022-11-19,2022-12-30,new,sold,828
278,1,SKU-11440,"LG 43"" LED Vision 2022",LG,1850,2024-01-06,2024-03-21,new,sold,381
279,1,SKU-11446,"Sony 85"" LED Wireless 2022",Sony,680,2023-12-04,2024-01-01,open_box,sold,461
280,1,SKU-11449,"Philips 85"" MiniLED Compact 2023",Philips,1160,2022-02-13,2022-03-08,new,sold,1125
281,2,SKU-11455,Ruko Enterprise Premium,Ruko,285,2023-11-02,2023-12-12,new,sold,481
282,2,SKU-11457,Autel Enterprise Neo,Autel,270,2023-05-28,2023-06-10,open_box,rented,666
283,2,SKU-11458,DJI Air 3 HD,DJI,1690,2023-12-09,2023-12-21,new,eligible_for_rental,472
284,2,SKU-11462,Parrot Mini 4 Neo,Parrot,605,2022-07-25,2022-08-03,new,sold,977
285,2,SKU-11465,Holy Stone Pro Smart,Holy Stone,1875,2024-06-17,2024-09-15,new,for_sale,203
286,2,SKU-11472,Parrot Mini 3 Mini,Parrot,1855,2024-01-20,2024-04-18,new,sold,353
287,2,SKU-11481,Autel Air 3 Compact,Autel,1150,2024-09-13,2024-10-02,new,sold,186
288,2,SKU-11487,DJI Mini 3 Mini,DJI,320,2023-02-07,2023-02-28,open_box,sold,768
289,2,SKU-11492,DJI Air 3 Air,DJI,1715,2023-06-16,2023-06-27,open_box,sold,649
290,2,SKU-11501,Holy Stone Air 3 Smart,Holy Stone,225,2024-04-21,2024-06-19,new,sold,291
291,2,SKU-11505,Autel Enterprise Vision,Autel,750,2024-02-12,2024-04-27,new,sold,344
292,2,SKU-11514,DJI Mini 3 HD,DJI,980,2022-04-22,2022-06-11,open_box,sold,1030
293,2,SKU-11515,Ruko Mini 3 Vision,Ruko,1850,2023-01-14,2023-01-30,new,rented,797
294,2,SKU-11522,DJI Mini 4 Mini,DJI,1745,2022-05-07,2022-05-18,new,rented,1054
295,2,SKU-11531,Holy Stone Nano Flex,Holy Stone,1525,2024-04-25,2024-05-09,new,sold,332
296,2,SKU-11534,Parrot Mini 4 Vision,Parrot,1665,2023-10-15,2023-12-06,new,rented,487
297,2,SKU-11541,Holy Stone Air 3 Vision,Holy Stone,400,2024-02-20,2024-04-02,open_box,eligible_for_rental,369
298,2,SKU-11545,DJI Mini 4 Air,DJI,695,2024-07-06,2024-10-03,open_box,for_sale,185
299,2,SKU-11547,Parrot Enterprise Elite,Parrot,880,2022-06-08,2022-07-02,new,sold,1009
300,2,SKU-11551,Holy Stone Nano Air,Holy Stone,695,2024-09-13,2024-11-03,new,for_sale,154
301,2,SKU-11560,Ruko Mini 3 Ultra,Ruko,205,2022-02-27,2022-04-14,open_box,sold,1088
302,2,SKU-11564,Autel Enterprise 4K,Autel,200,2023-12-02,2024-02-02,new,sold,429
303,2,SKU-11572,Parrot Enterprise Air,Parrot,1605,2022-05-30,2022-07-05,new,rented,1006
304,2,SKU-11579,DJI Mini 4 Smart,DJI,1290,2024-11-15,2024-11-17,refurbished,for_sale,140
305,2,SKU-11580,Holy Stone Pro Elite,Holy Stone,1560,2023-06-20,2023-09-18,open_box,sold,566
306,2,SKU-11585,Holy Stone Air 3 HD,Holy Stone,680,2024-01-10,2024-03-24,new,sold,378
307,2,SKU-11586,Ruko Nano 4K,Ruko,735,2023-05-01,2023-07-21,new,sold,625
308,2,SKU-11591,Autel Nano Compact,Autel,1560,2024-01-14,2024-04-07,new,sold,364
309,2,SKU-11594,DJI Air 3 Air,DJI,1440,2022-12-12,2023-01-24,open_box,rented,803
310,2,SKU-11598,Ruko Enterprise Air,Ruko,1685,2022-11-30,2023-01-06,new,sold,821
311,2,SKU-11606,Parrot Mini 4 Slim,Parrot,540,2023-07-30,2023-09-21,new,sold,563
312,2,SKU-11612,Autel Nano Vision,Autel,1665,2022-03-27,2022-05-26,new,sold,1046
313,2,SKU-11621,DJI Mini 3 HD,DJI,1885,2023-10-12,2023-12-03,new,sold,490
314,2,SKU-11629,Parrot Enterprise Wireless,Parrot,1875,2023-07-15,2023-10-04,new,sold,550
315,2,SKU-11630,Holy Stone Air 3 Slim,Holy Stone,1525,2022-06-14,2022-06-30,new,sold,1011
316,2,SKU-11637,Holy Stone Nano HD,Holy Stone,1085,2024-02-03,2024-02-04,new,sold,427
317,2,SKU-11646,Parrot Mini 4 Ultra,Parrot,375,2023-12-23,2024-02-25,new,sold,406
318,2,SKU-11651,Parrot Enterprise Max,Parrot,1060,2023-09-29,2023-11-23,open_box,sold,500
319,2,SKU-11654,Autel Nano Air,Autel,550,2022-08-30,2022-09-26,open_box,sold,923
320,2,SKU-11655,Ruko Air 3 Edge,Ruko,1685,2023-04-01,2023-06-08,new,sold,668
321,2,SKU-11656,Ruko Air 3 Pro,Ruko,925,2022-07-03,2022-09-11,new,sold,938
322,2,SKU-11664,Parrot Enterprise Advanced,Parrot,1060,2022-08-16,2022-10-08,new,sold,911
323,2,SKU-11673,Ruko Mini 3 Plus,Ruko,1215,2023-04-18,2023-06-23,new,sold,653
324,2,SKU-11679,Holy Stone Mini 3 Compact,Holy Stone,1355,2024-07-31,2024-09-11,new,for_sale,207
325,2,SKU-11680,DJI Pro Max,DJI,280,2022-06-25,2022-07-27,open_box,sold,984
326,2,SKU-11684,Holy Stone Mini 3 Compact,Holy Stone,1680,2023-07-04,2023-08-19,open_box,sold,596
327,2,SKU-11690,Holy Stone Enterprise Plus,Holy Stone,1280,2023-09-10,2023-11-05,new,eligible_for_rental,518
328,2,SKU-11695,DJI Air 3 4K,DJI,1835,2023-05-23,2023-07-11,open_box,sold,635
329,2,SKU-11703,Holy Stone Nano Smart,Holy Stone,875,2024-07-05,2024-09-15,open_box,for_sale,203
330,2,SKU-11711,Parrot Air 3 HD,Parrot,345,2024-02-26,2024-04-22,new,sold,349
331,2,SKU-11713,Autel Mini 3 Wireless,Autel,1860,2023-09-19,2023-11-24,new,sold,499
332,2,SKU-11715,Holy Stone Pro Premium,Holy Stone,1710,2022-04-21,2022-04-22,open_box,sold,1080
333,2,SKU-11718,Ruko Mini 4 Air,Ruko,570,2023-07-18,2023-07-24,new,sold,622
334,2,SKU-11722,Ruko Air 3 HD,Ruko,1550,2024-06-25,2024-07-06,new,sold,274
335,2,SKU-11730,Autel Air 3 Plus,Autel,210,2021-12-21,2022-01-01,new,sold,1191
336,2,SKU-11735,Ruko Nano Flex,Ruko,1580,2024-06-07,2024-07-19,new,sold,261
337,2,SKU-11743,Autel Mini 4 Neo,Autel,770,2023-06-12,2023-08-21,new,sold,594
338,2,SKU-11749,DJI Nano Pro,DJI,595,2023-01-13,2023-02-06,new,sold,790
339,2,SKU-11756,Parrot Nano Neo,Parrot,1770,2022-07-15,2022-09-10,new,sold,939
340,2,SKU-11765,Parrot Air 3 Air,Parrot,1615,2024-07-13,2024-09-16,refurbished,sold,202
341,2,SKU-11768,Ruko Pro Smart,Ruko,1695,2024-09-10,2024-10-29,new,sold,159
342,2,SKU-11772,Autel Mini 3 HD,Autel,870,2024-10-08,2024-11-15,open_box,for_sale,142
343,2,SKU-11781,Autel Enterprise Flex,Autel,660,2023-09-14,2023-12-09,new,sold,484
344,2,SKU-11784,Ruko Air 3 Flex,Ruko,1170,2024-02-08,2024-05-04,refurbished,sold,337
345,2,SKU-11793,Autel Air 3 Mini,Autel,405,2022-04-01,2022-04-26,new,sold,1076
346,2,SKU-11796,Autel Pro Slim,Autel,205,2024-07-02,2024-07-15,new,sold,265
347,2,SKU-11805,Parrot Enterprise Flex,Parrot,1310,2024-01-03,2024-02-21,new,sold,410
348,2,SKU-11811,Ruko Air 3 Pro,Ruko,1600,2023-11-10,2024-01-24,new,sold,438
349,2,SKU-11815,Parrot Mini 3 Compact,Parrot,1435,2022-07-16,2022-09-02,new,sold,947
350,2,SKU-11822,Autel Mini 4 Flex,Autel,160,2024-05-15,2024-08-13,new,sold,236
351,2,SKU-11823,Parrot Pro Wireless,Parrot,775,2023-08-07,2023-10-13,new,sold,541
352,2,SKU-11826,Ruko Air 3 Max,Ruko,310,2023-01-05,2023-03-30,new,eligible_for_rental,738
353,2,SKU-11832,Autel Enterprise Compact,Autel,165,2023-10-14,2023-12-10,new,sold,483
354,2,SKU-11836,DJI Pro Wireless,DJI,1415,2021-12-16,2022-02-20,refurbished,sold,1141
355,2,SKU-11842,Ruko Enterprise Edge,Ruko,485,2024-11-08,2024-11-18,new,for_sale,139
356,2,SKU-11845,Ruko Enterprise Flex,Ruko,890,2022-07-06,2022-08-01,new,rented,979
357,2,SKU-11852,DJI Nano Elite,DJI,275,2022-11-29,2022-12-31,new,sold,827
358,2,SKU-11854,Ruko Enterprise Premium,Ruko,855,2023-10-08,2023-10-10,new,sold,544
359,2,SKU-11856,Ruko Pro Ultra,Ruko,335,2023-06-25,2023-09-10,new,sold,574
360,2,SKU-11861,Holy Stone Pro HD,Holy Stone,535,2024-01-02,2024-03-11,new,sold,391
361,2,SKU-11864,Autel Nano 4K,Autel,220,2024-01-10,2024-03-18,new,sold,384
362,2,SKU-11866,Autel Mini 3 Advanced,Autel,430,2023-02-25,2023-03-29,new,eligible_for_rental,739
363,2,SKU-11868,Parrot Nano Vision,Parrot,660,2022-04-16,2022-05-18,new,sold,1054
364,2,SKU-11872,Ruko Nano Air,Ruko,650,2022-04-29,2022-05-23,new,sold,1049
365,2,SKU-11880,Holy Stone Mini 4 Wireless,Holy Stone,1560,2024-05-06,2024-05-27,new,for_sale,314
366,2,SKU-11886,Parrot Enterprise Premium,Parrot,1430,2024-07-12,2024-09-09,new,sold,209
367,2,SKU-11892,Autel Mini 4 Air,Autel,1650,2022-08-07,2022-10-14,new,rented,905
368,2,SKU-11897,DJI Pro Max,DJI,860,2023-03-08,2023-03-12,new,sold,756
369,2,SKU-11902,Ruko Mini 3 Flex,Ruko,1710,2023-08-02,2023-08-19,new,sold,596
370,2,SKU-11911,Ruko Enterprise Max,Ruko,565,2022-10-02,2022-12-06,new,sold,852
371,2,SKU-11919,Parrot Mini 3 Smart,Parrot,1480,2023-04-12,2023-04-20,new,sold,717
372,2,SKU-11925,Parrot Air 3 Pro,Parrot,1755,2022-04-01,2022-04-06,open_box,sold,1096
373,2,SKU-11931,DJI Pro Edge,DJI,455,2023-11-24,2024-02-15,new,eligible_for_rental,416
374,2,SKU-11940,Autel Mini 4 HD,Autel,1000,2024-06-29,2024-09-14,new,for_sale,204
375,2,SKU-11949,Parrot Enterprise Neo,Parrot,640,2022-09-19,2022-11-04,new,eligible_for_rental,884
376,2,SKU-11951,Parrot Air 3 Mini,Parrot,520,2022-09-06,2022-11-27,new,sold,861
377,2,SKU-11952,Parrot Nano Pro,Parrot,1710,2022-10-21,2022-10-28,new,sold,891
378,2,SKU-11957,Parrot Mini 3 Edge,Parrot,935,2024-06-23,2024-08-23,new,sold,226
379,2,SKU-11961,Holy Stone Enterprise Elite,Holy Stone,1350,2024-05-02,2024-07-17,new,for_sale,263
380,2,SKU-11963,Parrot Mini 3 HD,Parrot,1065,2024-08-03,2024-10-29,new,sold,159
381,2,SKU-11966,Ruko Nano Plus,Ruko,1685,2024-10-12,2024-10-27,new,sold,161
382,2,SKU-11974,Parrot Mini 4 Flex,Parrot,1680,2024-04-29,2024-05-28,new,sold,313
383,2,SKU-11981,Autel Air 3 Vision,Autel,1490,2022-05-16,2022-06-21,new,sold,1020
384,2,SKU-11990,Holy Stone Pro Slim,Holy Stone,355,2021-11-28,2022-01-15,open_box,sold,1177
385,2,SKU-11994,Autel Enterprise Mini,Autel,1175,2023-04-13,2023-06-20,new,sold,656
386,2,SKU-12000,Ruko Pro Slim,Ruko,995,2023-11-19,2024-01-29,new,sold,433
387,2,SKU-12008,Autel Enterprise Compact,Autel,550,2022-11-16,2022-11-28,new,sold,860
388,2,SKU-12017,Holy Stone Nano Wireless,Holy Stone,1590,2024-06-08,2024-08-23,new,for_sale,226
389,2,SKU-12019,DJI Nano Slim,DJI,1415,2024-01-25,2024-03-31,new,eligible_for_rental,371
390,2,SKU-12020,Parrot Mini 4 Air,Parrot,490,2024-09-06,2024-11-11,open_box,sold,146
391,2,SKU-12024,Ruko Mini 3 Smart,Ruko,300,2023-05-30,2023-07-20,new,sold,626
392,2,SKU-12031,Holy Stone Nano Vision,Holy Stone,1110,2023-10-31,2023-12-14,new,sold,479
393,2,SKU-12035,Ruko Mini 4 Advanced,Ruko,455,2024-10-20,2024-11-02,new,sold,155
394,2,SKU-12037,Ruko Pro Compact,Ruko,1570,2023-04-10,2023-05-28,new,eligible_for_rental,679
395,2,SKU-12045,Parrot Air 3 Wireless,Parrot,350,2022-04-01,2022-05-19,open_box,rented,1053
396,2,SKU-12049,Parrot Nano Wireless,Parrot,1375,2023-05-24,2023-06-24,new,sold,652
397,2,SKU-12051,Holy Stone Mini 4 Wireless,Holy Stone,770,2023-06-13,2023-07-06,refurbished,sold,640
398,2,SKU-12055,Holy Stone Mini 3 Advanced,Holy Stone,505,2023-03-09,2023-05-27,new,sold,680
399,2,SKU-12058,DJI Pro Plus,DJI,1825,2024-07-29,2024-09-14,new,sold,204
400,2,SKU-12064,Holy Stone Mini 4 Vision,Holy Stone,845,2022-09-14,2022-09-20,new,rented,929
401,2,SKU-12071,Holy Stone Enterprise Flex,Holy Stone,1505,2024-07-10,2024-07-25,open_box,sold,255
402,2,SKU-12080,Holy Stone Pro Wireless,Holy Stone,325,2023-10-25,2024-01-11,new,sold,451
403,2,SKU-12083,Ruko Mini 4 Slim,Ruko,790,2024-08-25,2024-10-18,new,sold,170
404,2,SKU-12090,Autel Pro 4K,Autel,380,2023-04-02,2023-04-14,open_box,sold,723
405,2,SKU-12095,Parrot Enterprise Flex,Parrot,410,2021-12-29,2022-01-20,new,sold,1172
406,2,SKU-12103,Parrot Pro Edge,Parrot,1650,2022-02-17,2022-04-08,new,sold,1094
407,2,SKU-12106,DJI Enterprise Advanced,DJI,735,2023-11-25,2024-01-10,new,sold,452
408,2,SKU-12115,Autel Enterprise 4K,Autel,1835,2022-12-01,2023-02-12,new,sold,784
409,2,SKU-12124,Parrot Enterprise Compact,Parrot,930,2022-04-23,2022-06-10,new,sold,1031
410,2,SKU-12129,Holy Stone Pro Elite,Holy Stone,855,2022-05-17,2022-05-27,new,sold,1045
411,2,SKU-12135,Parrot Enterprise Wireless,Parrot,840,2024-05-15,2024-06-30,refurbished,for_sale,280
412,2,SKU-12144,Holy Stone Enterprise Mini,Holy Stone,560,2023-03-03,2023-05-31,refurbished,sold,676
413,2,SKU-12146,Parrot Air 3 Smart,Parrot,1110,2022-01-04,2022-02-23,new,sold,1138
414,2,SKU-12148,DJI Mini 3 Slim,DJI,580,2023-06-10,2023-08-05,open_box,sold,610
415,2,SKU-12151,Parrot Mini 4 Edge,Parrot,1660,2024-06-06,2024-08-14,new,for_sale,235
416,2,SKU-12160,Holy Stone Pro Elite,Holy Stone,1270,2023-08-14,2023-09-27,new,sold,557
417,2,SKU-12169,Parrot Mini 4 Max,Parrot,420,2022-01-22,2022-01-22,new,sold,1170
418,2,SKU-12172,Autel Air 3 Compact,Autel,675,2024-04-24,2024-05-31,new,sold,310
419,2,SKU-12176,DJI Air 3 Flex,DJI,840,2022-09-10,2022-12-01,new,sold,857
420,2,SKU-12183,Parrot Pro Slim,Parrot,1560,2023-06-05,2023-07-11,open_box,sold,635
421,2,SKU-12192,Autel Mini 4 Mini,Autel,340,2024-05-03,2024-07-21,new,for_sale,259
422,2,SKU-12197,Ruko Nano Air,Ruko,1845,2022-01-23,2022-02-15,new,sold,1146
423,2,SKU-12202,Autel Mini 3 Elite,Autel,175,2023-02-06,2023-03-21,new,sold,747
424,2,SKU-12207,Holy Stone Mini 3 4K,Holy Stone,245,2024-01-14,2024-03-14,new,eligible_for_rental,388
425,2,SKU-12211,Autel Air 3 HD,Autel,580,2022-02-13,2022-03-10,new,sold,1123
426,2,SKU-12213,Ruko Mini 3 Advanced,Ruko,1250,2022-01-17,2022-03-28,new,rented,1105
427,2,SKU-12215,Autel Enterprise Air,Autel,530,2022-07-21,2022-08-20,open_box,rented,960
428,2,SKU-12222,Autel Air 3 Ultra,Autel,1530,2022-01-14,2022-01-19,new,sold,1173
429,2,SKU-12230,Ruko Air 3 Elite,Ruko,310,2023-09-06,2023-11-25,new,sold,498
430,2,SKU-12231,Autel Mini 4 Elite,Autel,1865,2023-10-18,2023-12-13,open_box,rented,480
431,2,SKU-12235,DJI Air 3 HD,DJI,1385,2023-06-19,2023-08-27,open_box,sold,588
432,2,SKU-12243,Parrot Enterprise Vision,Parrot,970,2022-11-17,2022-11-25,new,sold,863
433,2,SKU-12246,Holy Stone Nano Compact,Holy Stone,1505,2024-09-15,2024-11-02,open_box,sold,155
434,2,SKU-12249,DJI Air 3 4K,DJI,480,2024-08-06,2024-10-15,new,for_sale,173
435,2,SKU-12254,Autel Enterprise Mini,Autel,265,2022-09-01,2022-09-23,new,sold,926
436,2,SKU-12258,DJI Enterprise Air,DJI,1615,2024-07-25,2024-09-30,new,sold,188
437,2,SKU-12263,DJI Enterprise 4K,DJI,1010,2022-04-15,2022-06-13,open_box,sold,1028
438,2,SKU-12264,Autel Mini 4 Flex,Autel,1075,2022-04-17,2022-05-25,new,sold,1047
439,2,SKU-12268,Ruko Mini 3 Plus,Ruko,485,2023-03-14,2023-05-25,open_box,sold,682
440,2,SKU-12271,Ruko Enterprise Flex,Ruko,950,2024-05-11,2024-05-24,new,sold,317
441,2,SKU-12274,Ruko Air 3 HD,Ruko,1785,2023-07-30,2023-10-08,new,sold,546
442,2,SKU-12280,Holy Stone Mini 3 Mini,Holy Stone,805,2023-04-20,2023-06-05,new,sold,671
443,2,SKU-12288,Holy Stone Pro Ultra,Holy Stone,385,2023-09-11,2023-09-11,new,sold,573
444,2,SKU-12292,Parrot Pro Wireless,Parrot,1150,2022-11-01,2022-11-13,new,rented,875
445,2,SKU-12300,Autel Mini 3 Elite,Autel,555,2023-08-28,2023-09-08,new,sold,576
446,2,SKU-12307,Ruko Air 3 Advanced,Ruko,1595,2022-04-30,2022-07-15,open_box,rented,996
447,2,SKU-12312,DJI Mini 4 Vision,DJI,1690,2024-04-16,2024-06-08,new,sold,302
448,2,SKU-12316,Ruko Nano Ultra,Ruko,710,2022-09-23,2022-11-03,new,sold,885
449,2,SKU-12320,Parrot Pro Pro,Parrot,305,2024-04-27,2024-06-03,new,sold,307
450,2,SKU-12323,Parrot Pro Wireless,Parrot,850,2022-05-04,2022-06-24,new,sold,1017
451,2,SKU-12330,Parrot Air 3 Elite,Parrot,1290,2022-11-27,2023-02-06,new,sold,790
452,2,SKU-12339,Parrot Enterprise Premium,Parrot,1765,2022-06-19,2022-07-03,open_box,sold,1008
453,2,SKU-12346,Holy Stone Pro 4K,Holy Stone,1295,2023-08-27,2023-09-17,new,sold,567
454,2,SKU-12354,Ruko Enterprise Elite,Ruko,805,2022-06-11,2022-06-25,open_box,sold,1016
455,2,SKU-12355,Parrot Mini 4 Elite,Parrot,935,2022-01-05,2022-02-16,new,sold,1145
456,2,SKU-12364,Parrot Enterprise Advanced,Parrot,1885,2021-12-21,2022-02-07,new,rented,1154
457,2,SKU-12373,DJI Enterprise Slim,DJI,1230,2022-02-19,2022-04-19,open_box,sold,1083
458,2,SKU-12374,DJI Mini 4 HD,DJI,1665,2024-02-02,2024-03-02,new,sold,400
459,2,SKU-12383,DJI Mini 3 Wireless,DJI,1025,2024-05-16,2024-07-26,open_box,sold,254
460,2,SKU-12384,DJI Enterprise Premium,DJI,425,2023-09-16,2023-12-12,new,sold,481
461,3,SKU-12390,Switch Lite,Nintendo,365,2024-02-29,2024-03-03,new,sold,399
462,3,SKU-12395,PlayStation 4 Pro,Sony,420,2023-02-17,2023-04-11,new,sold,726
463,3,SKU-12398,Xbox Series X,Microsoft,545,2023-02-02,2023-02-19,new,rented,777
464,3,SKU-12407,PlayStation 4 Pro,Sony,490,2022-08-08,2022-08-31,new,sold,949
465,3,SKU-12410,Switch,Nintendo,585,2023-06-26,2023-07-15,refurbished,sold,631
466,3,SKU-12414,PlayStation 5 Digital,Sony,520,2023-02-01,2023-04-18,new,sold,719
467,3,SKU-12418,Switch Lite,Nintendo,630,2024-05-27,2024-08-18,new,sold,231
468,3,SKU-12421,Xbox Series X,Microsoft,265,2021-12-28,2022-01-31,new,sold,1161
469,3,SKU-12425,Switch Lite,Nintendo,470,2023-08-31,2023-10-28,new,sold,526
470,3,SKU-12432,Xbox One X,Microsoft,505,2022-01-13,2022-03-20,new,sold,1113
471,3,SKU-12440,Xbox One X,Microsoft,265,2023-12-29,2024-03-04,refurbished,sold,398
472,3,SKU-12441,PlayStation 5 Digital,Sony,325,2023-06-09,2023-08-26,new,sold,589
473,3,SKU-12450,PlayStation 5,Sony,600,2022-08-16,2022-10-05,new,sold,914
474,3,SKU-12456,Xbox Series S,Microsoft,290,2023-07-30,2023-10-26,open_box,sold,528
475,3,SKU-12459,Switch OLED,Nintendo,485,2023-12-23,2024-02-26,new,sold,405
476,3,SKU-12462,Xbox One X,Microsoft,640,2022-10-15,2022-11-04,new,rented,884
477,3,SKU-12465,Switch,Nintendo,530,2022-08-13,2022-08-29,new,sold,951
478,3,SKU-12466,Switch Lite,Nintendo,610,2024-09-07,2024-10-07,new,sold,181
479,3,SKU-12474,Xbox Series X,Microsoft,360,2023-05-14,2023-07-24,new,eligible_for_rental,622
480,3,SKU-12475,PlayStation 5,Sony,550,2023-07-24,2023-09-04,new,sold,580
481,3,SKU-12476,PlayStation 4 Pro,Sony,560,2022-11-02,2022-12-30,refurbished,sold,828
482,3,SKU-12482,PlayStation 5,Sony,590,2022-04-06,2022-05-13,new,sold,1059
483,3,SKU-12485,PlayStation 5,Sony,560,2022-04-17,2022-04-30,new,rented,1072
484,3,SKU-12494,PlayStation 5 Digital,Sony,485,2023-12-10,2023-12-26,new,sold,467
485,3,SKU-12502,Switch Lite,Nintendo,380,2023-02-01,2023-02-01,new,rented,795
486,3,SKU-12503,Xbox Series S,Microsoft,405,2023-03-10,2023-03-11,open_box,sold,757
487,3,SKU-12507,Switch Lite,Nintendo,495,2021-12-30,2022-01-13,open_box,sold,1179
488,3,SKU-12513,Xbox Series S,Microsoft,665,2024-07-10,2024-09-08,new,sold,210
489,3,SKU-12516,Xbox Series S,Microsoft,665,2022-02-18,2022-04-25,new,sold,1077
490,3,SKU-12522,Switch,Nintendo,280,2022-09-28,2022-11-02,new,sold,886
491,3,SKU-12528,Xbox Series X,Microsoft,640,2023-06-26,2023-09-24,new,sold,560
492,3,SKU-12529,Xbox Series S,Microsoft,620,2023-08-16,2023-09-12,new,sold,572
493,3,SKU-12534,PlayStation 5 Digital,Sony,475,2024-07-13,2024-09-15,new,sold,203
494,3,SKU-12538,Xbox One X,Microsoft,555,2022-09-03,2022-09-29,open_box,rented,920
495,3,SKU-12539,Xbox One X,Microsoft,630,2022-05-17,2022-06-28,new,rented,1013
496,3,SKU-12540,PlayStation 4 Pro,Sony,650,2023-09-25,2023-10-20,new,rented,534
497,3,SKU-12545,Xbox Series X,Microsoft,320,2022-08-22,2022-08-23,new,sold,957
498,3,SKU-12554,Switch,Nintendo,370,2023-05-23,2023-08-04,new,sold,611
499,3,SKU-12557,PlayStation 5,Sony,260,2022-04-01,2022-04-14,new,sold,1088
500,3,SKU-12558,PlayStation 4 Pro,Sony,625,2024-04-15,2024-07-02,new,sold,278
501,3,SKU-12563,Xbox Series X,Microsoft,615,2024-08-05,2024-08-17,new,sold,232
502,3,SKU-12568,Switch Lite,Nintendo,365,2023-11-26,2024-01-15,new,sold,447
503,3,SKU-12574,Xbox Series X,Microsoft,405,2024-07-12,2024-08-02,new,sold,247
504,3,SKU-12580,Switch Lite,Nintendo,610,2023-08-20,2023-10-30,open_box,sold,524
505,3,SKU-12582,Xbox Series X,Microsoft,530,2022-09-22,2022-11-22,new,sold,866
506,3,SKU-12584,Xbox One X,Microsoft,560,2022-09-28,2022-12-21,open_box,sold,837
507,3,SKU-12586,Switch,Nintendo,395,2022-05-24,2022-07-19,new,sold,992
508,3,SKU-12591,Xbox One X,Microsoft,545,2022-06-08,2022-07-05,new,sold,1006
509,3,SKU-12592,PlayStation 4 Pro,Sony,510,2023-01-10,2023-02-05,open_box,sold,791
510,3,SKU-12598,Xbox One X,Microsoft,255,2024-09-21,2024-11-11,new,sold,146
511,3,SKU-12603,PlayStation 5,Sony,635,2022-02-03,2022-03-05,new,sold,1128
512,3,SKU-12610,Switch Lite,Nintendo,345,2022-10-23,2022-12-22,new,sold,836
513,3,SKU-12614,Switch Lite,Nintendo,305,2022-01-15,2022-01-24,open_box,sold,1168
514,3,SKU-12615,PlayStation 4 Pro,Sony,610,2024-04-24,2024-07-22,new,sold,258
515,3,SKU-12622,Switch,Nintendo,420,2023-03-16,2023-04-08,new,sold,729
516,3,SKU-12623,Switch Lite,Nintendo,510,2022-03-06,2022-03-10,new,sold,1123
517,3,SKU-12631,Switch Lite,Nintendo,580,2023-05-29,2023-07-27,new,sold,619
518,3,SKU-12633,Switch Lite,Nintendo,390,2022-03-07,2022-04-19,new,sold,1083
519,3,SKU-12634,Xbox Series S,Microsoft,380,2021-12-16,2022-03-14,new,sold,1119
520,3,SKU-12639,Switch OLED,Nintendo,505,2023-06-03,2023-08-21,new,sold,594
521,3,SKU-12644,Xbox Series S,Microsoft,310,2023-06-25,2023-07-30,new,sold,616
522,3,SKU-12645,Switch OLED,Nintendo,365,2023-02-26,2023-04-29,new,rented,708
523,3,SKU-12654,PlayStation 5 Digital,Sony,590,2024-03-07,2024-04-25,new,sold,346
524,3,SKU-12662,Switch OLED,Nintendo,275,2024-06-18,2024-08-08,new,sold,241
525,3,SKU-12667,Xbox Series S,Microsoft,315,2024-06-08,2024-06-09,new,sold,301
526,3,SKU-12675,Xbox Series S,Microsoft,525,2023-06-01,2023-07-13,new,sold,633
527,3,SKU-12680,PlayStation 5,Sony,485,2022-11-25,2023-01-04,new,sold,823
528,3,SKU-12681,Switch Lite,Nintendo,295,2024-05-19,2024-07-02,new,sold,278
529,3,SKU-12686,Xbox Series X,Microsoft,670,2023-01-04,2023-03-21,open_box,sold,747
530,3,SKU-12688,Switch OLED,Nintendo,650,2022-12-12,2023-01-13,new,sold,814
531,3,SKU-12696,Switch,Nintendo,320,2022-04-27,2022-06-01,refurbished,sold,1040
532,3,SKU-12697,Xbox Series X,Microsoft,445,2024-09-09,2024-10-04,new,sold,184
533,3,SKU-12704,PlayStation 5,Sony,525,2022-06-11,2022-08-06,open_box,rented,974
534,3,SKU-12709,PlayStation 5 Digital,Sony,255,2024-09-27,2024-10-16,open_box,sold,172
535,3,SKU-12710,PlayStation 4 Pro,Sony,250,2024-08-01,2024-10-01,new,sold,187
536,3,SKU-12717,Switch OLED,Nintendo,505,2023-11-25,2024-01-06,open_box,sold,456
537,3,SKU-12722,Xbox Series X,Microsoft,630,2023-05-27,2023-08-17,new,sold,598
538,3,SKU-12725,Switch OLED,Nintendo,535,2023-11-05,2024-01-06,new,sold,456
539,3,SKU-12733,Switch Lite,Nintendo,695,2023-03-03,2023-05-04,new,sold,703
540,3,SKU-12735,Switch OLED,Nintendo,400,2023-11-18,2023-11-23,new,sold,500
541,3,SKU-12737,PlayStation 5,Sony,665,2022-02-27,2022-03-17,new,rented,1116
542,3,SKU-12738,Xbox One X,Microsoft,270,2023-09-10,2023-09-22,new,sold,562
543,3,SKU-12741,Switch Lite,Nintendo,350,2022-12-28,2023-02-20,new,sold,776
544,3,SKU-12748,Xbox One X,Microsoft,325,2022-04-25,2022-05-10,new,sold,1062
545,3,SKU-12751,Xbox Series X,Microsoft,665,2022-03-08,2022-03-25,new,sold,1108
546,3,SKU-12758,PlayStation 5,Sony,665,2023-06-13,2023-08-05,open_box,sold,610
547,3,SKU-12766,Switch,Nintendo,435,2022-10-07,2022-12-24,open_box,sold,834
548,3,SKU-12767,Switch,Nintendo,250,2023-04-04,2023-04-28,new,sold,709
549,3,SKU-12776,PlayStation 5,Sony,335,2022-08-07,2022-11-02,new,sold,886
550,3,SKU-12784,PlayStation 5,Sony,445,2023-08-30,2023-11-16,refurbished,sold,507
551,3,SKU-12792,PlayStation 5,Sony,465,2022-08-17,2022-08-26,new,sold,954
552,3,SKU-12800,Switch OLED,Nintendo,600,2023-10-01,2023-10-30,new,sold,524
553,3,SKU-12804,Switch,Nintendo,510,2022-02-26,2022-04-22,new,sold,1080
554,3,SKU-12808,Switch,Nintendo,575,2023-12-02,2024-01-05,new,sold,457
555,3,SKU-12814,PlayStation 5 Digital,Sony,455,2022-11-04,2022-12-17,new,sold,841
556,3,SKU-12819,Switch,Nintendo,635,2024-09-01,2024-09-28,new,sold,190
557,3,SKU-12827,Xbox Series S,Microsoft,445,2023-01-16,2023-04-01,new,rented,736
558,3,SKU-12828,Xbox Series S,Microsoft,490,2024-06-11,2024-09-08,new,sold,210
559,3,SKU-12836,Xbox Series X,Microsoft,310,2023-07-30,2023-08-29,open_box,sold,586
560,3,SKU-12838,PlayStation 4 Pro,Sony,510,2024-05-22,2024-07-20,refurbished,sold,260
561,3,SKU-12841,Switch Lite,Nintendo,280,2023-09-07,2023-11-13,new,sold,510
562,3,SKU-12846,Xbox One X,Microsoft,670,2024-08-26,2024-11-20,new,for_sale,137
563,3,SKU-12847,PlayStation 5 Digital,Sony,415,2022-03-08,2022-05-18,open_box,sold,1054
564,3,SKU-12851,PlayStation 4 Pro,Sony,670,2023-02-06,2023-03-06,new,sold,762
565,3,SKU-12857,Xbox Series S,Microsoft,405,2024-07-20,2024-09-22,new,for_sale,196
566,3,SKU-12859,Xbox One X,Microsoft,675,2022-04-21,2022-05-15,new,sold,1057
567,3,SKU-12861,PlayStation 5,Sony,375,2022-08-29,2022-10-31,new,sold,888
568,3,SKU-12865,Switch,Nintendo,405,2024-04-07,2024-06-28,new,sold,282
569,3,SKU-12870,PlayStation 5 Digital,Sony,510,2023-08-30,2023-10-31,new,sold,523
570,3,SKU-12879,Switch,Nintendo,325,2023-05-19,2023-06-17,new,sold,659
571,3,SKU-12885,Xbox Series X,Microsoft,525,2022-09-19,2022-11-26,new,sold,862
572,3,SKU-12888,PlayStation 5 Digital,Sony,510,2024-05-19,2024-06-21,new,for_sale,289
573,3,SKU-12891,PlayStation 5 Digital,Sony,450,2022-09-22,2022-11-29,new,sold,859
574,3,SKU-12893,PlayStation 5,Sony,250,2024-09-24,2024-11-05,open_box,sold,152
575,3,SKU-12898,Xbox One X,Microsoft,465,2022-03-07,2022-03-24,open_box,sold,1109
576,3,SKU-12907,PlayStation 5 Digital,Sony,410,2023-10-24,2023-10-31,new,sold,523
577,3,SKU-12911,Switch OLED,Nintendo,490,2024-04-06,2024-07-01,open_box,sold,279
578,3,SKU-12913,Switch Lite,Nintendo,480,2022-01-30,2022-04-25,new,sold,1077
579,3,SKU-12920,PlayStation 5 Digital,Sony,405,2023-07-28,2023-09-23,new,sold,561
580,3,SKU-12922,PlayStation 4 Pro,Sony,685,2024-03-26,2024-05-18,new,sold,323
581,3,SKU-12924,PlayStation 5,Sony,670,2024-01-29,2024-02-09,new,sold,422
582,3,SKU-12931,Switch Lite,Nintendo,505,2022-09-13,2022-10-08,new,sold,911
583,3,SKU-12938,Xbox Series S,Microsoft,470,2024-07-10,2024-08-07,new,sold,242
584,3,SKU-12939,PlayStation 5 Digital,Sony,330,2023-05-14,2023-05-17,new,sold,690
585,3,SKU-12944,Xbox Series S,Microsoft,530,2024-06-05,2024-09-01,new,sold,217
586,3,SKU-12950,Switch OLED,Nintendo,315,2024-05-06,2024-08-02,new,sold,247
587,3,SKU-12956,PlayStation 5,Sony,380,2022-04-03,2022-06-07,new,sold,1034
588,3,SKU-12959,PlayStation 4 Pro,Sony,565,2024-01-01,2024-01-13,new,sold,449
589,3,SKU-12965,PlayStation 5 Digital,Sony,435,2022-11-17,2022-11-30,new,sold,858
590,3,SKU-12968,Switch Lite,Nintendo,570,2022-06-30,2022-08-22,new,rented,958
591,3,SKU-12970,PlayStation 4 Pro,Sony,410,2024-04-09,2024-06-24,new,sold,286
592,3,SKU-12976,PlayStation 4 Pro,Sony,315,2023-03-02,2023-04-10,new,sold,727
593,3,SKU-12980,PlayStation 5 Digital,Sony,590,2022-03-04,2022-03-29,new,sold,1104
594,3,SKU-12981,Switch OLED,Nintendo,280,2022-01-10,2022-01-22,new,sold,1170
595,3,SKU-12985,Switch OLED,Nintendo,630,2023-05-10,2023-07-23,new,sold,623
596,3,SKU-12991,PlayStation 5,Sony,620,2021-11-23,2022-01-29,new,sold,1163
597,3,SKU-12995,Xbox One X,Microsoft,465,2022-11-20,2023-01-15,open_box,sold,812
598,3,SKU-12997,PlayStation 5,Sony,430,2023-09-21,2023-10-06,new,sold,548
599,3,SKU-12999,Switch Lite,Nintendo,265,2023-09-01,2023-11-03,new,sold,520
600,3,SKU-13006,Xbox Series S,Microsoft,380,2024-05-02,2024-05-26,new,sold,315
601,3,SKU-13014,Switch,Nintendo,445,2022-06-09,2022-06-24,new,sold,1017
602,3,SKU-13021,Xbox Series X,Microsoft,400,2024-03-23,2024-04-07,new,sold,364
603,3,SKU-13028,Switch,Nintendo,550,2024-02-06,2024-04-08,new,sold,363
604,3,SKU-13033,PlayStation 5 Digital,Sony,355,2022-09-30,2022-10-03,new,rented,916
605,3,SKU-13034,PlayStation 4 Pro,Sony,395,2023-06-26,2023-09-13,new,sold,571
606,3,SKU-13036,PlayStation 4 Pro,Sony,475,2024-09-27,2024-10-30,new,for_sale,158
607,3,SKU-13042,Switch,Nintendo,450,2023-12-16,2024-02-10,new,sold,421
608,3,SKU-13043,PlayStation 5,Sony,390,2024-01-05,2024-03-07,refurbished,sold,395
609,3,SKU-13045,Switch Lite,Nintendo,275,2023-04-22,2023-06-24,new,sold,652
610,3,SKU-13052,Switch Lite,Nintendo,270,2023-12-08,2024-01-21,open_box,sold,441
611,3,SKU-13053,Switch,Nintendo,435,2022-02-01,2022-04-26,new,sold,1076
612,3,SKU-13057,PlayStation 5 Digital,Sony,325,2023-10-26,2023-10-30,new,sold,524
613,3,SKU-13064,Switch Lite,Nintendo,260,2023-08-24,2023-10-11,new,sold,543
614,3,SKU-13071,Xbox Series S,Microsoft,475,2023-11-06,2023-11-27,new,sold,496
615,3,SKU-13076,Xbox Series X,Microsoft,380,2022-03-01,2022-04-08,new,sold,1094
616,3,SKU-13083,PlayStation 4 Pro,Sony,610,2024-07-08,2024-08-31,new,sold,218
617,3,SKU-13089,PlayStation 5,Sony,435,2023-03-12,2023-05-30,new,sold,677
618,3,SKU-13097,Switch Lite,Nintendo,475,2024-07-12,2024-08-15,open_box,sold,234
619,3,SKU-13106,Switch,Nintendo,315,2022-08-10,2022-11-05,refurbished,sold,883
620,3,SKU-13111,Xbox Series S,Microsoft,620,2022-10-24,2022-11-25,open_box,sold,863
621,3,SKU-13115,Xbox Series X,Microsoft,610,2023-07-31,2023-09-28,new,rented,556
622,3,SKU-13124,Xbox Series X,Microsoft,260,2023-04-30,2023-07-23,new,sold,623
623,3,SKU-13127,Switch,Nintendo,520,2022-03-20,2022-05-11,new,rented,1061
624,3,SKU-13129,Xbox Series X,Microsoft,485,2023-03-29,2023-05-31,new,sold,676
625,3,SKU-13133,Switch Lite,Nintendo,585,2024-04-19,2024-05-16,new,sold,325
626,3,SKU-13135,PlayStation 4 Pro,Sony,275,2023-11-10,2024-02-07,new,rented,424
627,3,SKU-13141,Switch,Nintendo,465,2023-12-16,2024-01-24,new,sold,438
628,3,SKU-13142,Switch,Nintendo,535,2023-10-19,2024-01-14,new,sold,448
629,3,SKU-13151,PlayStation 5 Digital,Sony,290,2023-03-21,2023-04-28,new,sold,709
630,3,SKU-13154,Xbox Series S,Microsoft,460,2024-03-14,2024-04-25,open_box,sold,346
631,3,SKU-13161,PlayStation 5 Digital,Sony,520,2023-09-04,2023-11-01,open_box,rented,522
632,3,SKU-13162,PlayStation 5,Sony,530,2023-07-24,2023-10-05,new,sold,549
633,3,SKU-13164,PlayStation 5 Digital,Sony,640,2022-08-29,2022-10-01,new,sold,918
634,3,SKU-13170,Xbox Series S,Microsoft,645,2023-04-03,2023-04-05,new,rented,732
635,3,SKU-13179,Switch Lite,Nintendo,630,2022-02-20,2022-04-12,new,sold,1090
636,3,SKU-13186,Switch Lite,Nintendo,300,2024-04-13,2024-06-10,open_box,sold,300
637,3,SKU-13194,PlayStation 4 Pro,Sony,470,2022-07-31,2022-09-24,new,sold,925
638,3,SKU-13198,Xbox Series X,Microsoft,380,2023-05-22,2023-06-21,new,sold,655
639,3,SKU-13206,PlayStation 5,Sony,640,2023-12-29,2024-03-25,new,sold,377
640,3,SKU-13213,Switch OLED,Nintendo,270,2023-02-25,2023-04-26,new,sold,711
641,3,SKU-13214,PlayStation 5,Sony,685,2022-01-11,2022-03-26,new,sold,1107
642,3,SKU-13219,PlayStation 5,Sony,390,2024-05-18,2024-06-05,new,sold,305
643,3,SKU-13221,Xbox Series S,Microsoft,375,2023-04-07,2023-06-24,refurbished,sold,652
644,3,SKU-13226,Switch OLED,Nintendo,500,2024-06-14,2024-06-20,new,sold,290
645,3,SKU-13229,PlayStation 5,Sony,565,2024-05-29,2024-06-12,new,sold,298
646,3,SKU-13230,Xbox One X,Microsoft,640,2022-07-29,2022-09-11,new,sold,938
647,3,SKU-13234,Xbox One X,Microsoft,515,2021-11-03,2022-01-09,refurbished,sold,1183
648,3,SKU-13237,Xbox Series X,Microsoft,375,2022-07-19,2022-09-07,new,sold,942
649,3,SKU-13239,Xbox Series S,Microsoft,530,2023-04-21,2023-07-06,open_box,sold,640
650,3,SKU-13240,Xbox Series X,Microsoft,635,2023-06-23,2023-08-03,new,sold,612
651,3,SKU-13242,Switch OLED,Nintendo,685,2024-03-16,2024-03-27,new,sold,375
652,3,SKU-13246,PlayStation 5 Digital,Sony,470,2024-04-26,2024-06-04,open_box,sold,306
653,3,SKU-13249,Xbox Series S,Microsoft,645,2024-07-30,2024-09-02,new,sold,216
654,3,SKU-13256,PlayStation 5,Sony,265,2023-10-03,2023-12-01,open_box,sold,492
655,3,SKU-13260,Switch,Nintendo,460,2022-04-12,2022-06-12,new,sold,1029
656,3,SKU-13263,PlayStation 4 Pro,Sony,270,2022-06-01,2022-06-06,new,sold,1035
657,3,SKU-13265,Switch,Nintendo,410,2022-04-14,2022-06-17,new,sold,1024
658,3,SKU-13267,Switch OLED,Nintendo,435,2023-07-24,2023-09-02,new,sold,582
659,3,SKU-13275,Switch OLED,Nintendo,285,2023-03-22,2023-06-16,new,sold,660
660,3,SKU-13282,Switch OLED,Nintendo,545,2024-05-04,2024-07-31,new,sold,249
661,4,SKU-13290,HP 4K 512 (2024),HP,750,2023-01-12,2023-01-26,new,sold,801
662,4,SKU-13294,MSI Ultra 823 (2022),MSI,1530,2023-01-15,2023-01-26,new,sold,801
663,4,SKU-13302,Dell Air 112 (2024),Dell,2745,2024-04-29,2024-06-30,new,sold,280
664,4,SKU-13303,MSI Neo 449 (2022),MSI,2555,2024-03-07,2024-03-13,new,sold,389
665,4,SKU-13304,Apple Mini 899 (2024),Apple,2300,2023-08-15,2023-08-19,new,sold,596
666,4,SKU-13311,Lenovo Edge 408 (2024),Lenovo,450,2023-07-31,2023-10-09,new,sold,545
667,4,SKU-13316,Acer Mini 279 (2024),Acer,2840,2023-10-16,2023-12-12,open_box,sold,481
668,4,SKU-13323,Apple Smart 475 (2023),Apple,1540,2024-10-08,2024-11-05,new,for_sale,152
669,4,SKU-13329,Asus Neo 566 (2022),Asus,2565,2023-11-09,2024-01-08,new,sold,454
670,4,SKU-13333,HP Max 323 (2024),HP,805,2024-09-22,2024-10-04,new,for_sale,184
671,4,SKU-13341,HP Premium 900 (2022),HP,1330,2023-05-05,2023-06-19,open_box,sold,657
672,4,SKU-13344,Dell Edge 256 (2021),Dell,695,2023-03-26,2023-04-10,new,sold,727
673,4,SKU-13348,Lenovo Slim 608 (2023),Lenovo,1095,2022-08-10,2022-11-06,new,sold,882
674,4,SKU-13350,Acer Pro 811 (2024),Acer,2430,2022-05-18,2022-07-28,new,rented,983
675,4,SKU-13359,Apple Smart 452 (2021),Apple,2295,2024-04-20,2024-06-23,new,sold,287
676,4,SKU-13361,Dell 4K 313 (2023),Dell,1540,2024-05-01,2024-05-01,new,sold,340
677,4,SKU-13369,HP Compact 245 (2022),HP,2260,2024-03-14,2024-04-29,open_box,sold,342
678,4,SKU-13373,Dell Edge 426 (2024),Dell,1475,2024-02-20,2024-04-18,new,for_sale,353
679,4,SKU-13379,Apple Neo 181 (2022),Apple,620,2023-08-17,2023-10-07,refurbished,sold,547
680,4,SKU-13382,Lenovo Pro 129 (2024),Lenovo,550,2024-10-24,2024-11-30,new,for_sale,127
681,4,SKU-13389,Acer Flex 650 (2023),Acer,2550,2022-07-31,2022-10-28,new,sold,891
682,4,SKU-13397,Acer Advanced 663 (2024),Acer,2690,2022-06-18,2022-06-22,new,sold,1019
683,4,SKU-13403,Lenovo Elite 418 (2023),Lenovo,1835,2023-09-09,2023-11-29,new,sold,494
684,4,SKU-13404,Apple Flex 446 (2023),Apple,2965,2022-08-08,2022-08-15,new,sold,965
685,4,SKU-13409,Acer Edge 201 (2023),Acer,1565,2021-11-14,2022-01-11,new,rented,1181
686,4,SKU-13413,MSI Vision 644 (2022),MSI,2135,2022-08-27,2022-10-14,new,rented,905
687,4,SKU-13417,Apple Wireless 671 (2022),Apple,780,2024-03-30,2024-05-21,new,sold,320
688,4,SKU-13419,Apple Mini 837 (2022),Apple,600,2024-01-20,2024-04-04,new,sold,367
689,4,SKU-13428,MSI HD 867 (2023),MSI,2190,2024-08-07,2024-09-29,new,for_sale,189
690,4,SKU-13431,Asus Elite 828 (2024),Asus,2645,2022-06-03,2022-08-30,new,sold,950
691,4,SKU-13439,Lenovo Pro 951 (2022),Lenovo,1965,2024-04-02,2024-04-16,new,sold,355
692,4,SKU-13445,Asus Compact 921 (2021),Asus,1365,2023-12-30,2024-02-06,new,sold,425
693,4,SKU-13453,Apple Elite 704 (2022),Apple,2710,2023-02-23,2023-03-18,open_box,sold,750
694,4,SKU-13461,Apple Plus 206 (2023),Apple,1650,2023-07-17,2023-09-27,new,sold,557
695,4,SKU-13467,MSI HD 328 (2024),MSI,2055,2024-04-16,2024-07-10,new,sold,270
696,4,SKU-13470,MSI Wireless 763 (2021),MSI,2740,2023-09-18,2023-11-26,new,sold,497
697,4,SKU-13478,Acer Slim 309 (2021),Acer,2035,2023-07-16,2023-09-25,open_box,sold,559
698,4,SKU-13480,Acer Flex 498 (2021),Acer,1900,2022-02-06,2022-04-19,new,sold,1083
699,4,SKU-13484,MSI Air 282 (2021),MSI,2900,2023-06-22,2023-07-18,new,sold,628
700,4,SKU-13492,Apple Flex 790 (2023),Apple,1675,2022-01-05,2022-02-17,new,sold,1144
701,4,SKU-13495,Lenovo Ultra 741 (2023),Lenovo,695,2022-05-15,2022-07-23,new,sold,988
702,4,SKU-13500,Dell Smart 224 (2023),Dell,2875,2022-12-06,2022-12-13,new,sold,845
703,4,SKU-13506,Dell Ultra 561 (2021),Dell,1230,2024-03-15,2024-04-25,new,sold,346
704,4,SKU-13513,MSI Plus 439 (2021),MSI,1925,2024-08-02,2024-10-06,refurbished,sold,182
705,4,SKU-13522,Lenovo Plus 157 (2023),Lenovo,1835,2022-03-15,2022-05-15,new,rented,1057
706,4,SKU-13529,Acer Premium 589 (2021),Acer,2155,2023-03-10,2023-05-20,open_box,rented,687
707,4,SKU-13532,HP Vision 818 (2024),HP,930,2022-09-02,2022-10-19,new,sold,900
708,4,SKU-13535,MSI Premium 970 (2024),MSI,400,2024-05-22,2024-08-09,new,for_sale,240
709,4,SKU-13538,Apple Pro 594 (2024),Apple,2580,2024-01-05,2024-02-18,open_box,sold,413
710,4,SKU-13542,Asus Edge 128 (2023),Asus,1865,2023-08-28,2023-09-08,new,rented,576
711,4,SKU-13544,MSI Elite 739 (2023),MSI,1710,2023-07-19,2023-10-14,new,sold,540
712,4,SKU-13549,MSI Neo 455 (2023),MSI,945,2023-11-02,2023-11-04,open_box,sold,519
713,4,SKU-13552,Acer Ultra 102 (2024),Acer,1475,2024-08-09,2024-09-28,new,sold,190
714,4,SKU-13554,MSI Max 815 (2021),MSI,2925,2023-11-26,2024-02-10,new,sold,421
715,4,SKU-13561,Dell Ultra 853 (2021),Dell,1555,2023-03-28,2023-03-30,refurbished,sold,738
716,4,SKU-13566,Acer 4K 294 (2022),Acer,2500,2023-02-28,2023-03-29,new,sold,739
717,4,SKU-13572,Apple Slim 403 (2024),Apple,2960,2024-03-08,2024-03-22,new,sold,380
718,4,SKU-13581,Lenovo Smart 319 (2022),Lenovo,730,2022-04-28,2022-05-14,new,sold,1058
719,4,SKU-13585,Asus Slim 189 (2022),Asus,1055,2024-07-18,2024-07-18,new,sold,262
720,4,SKU-13586,MSI Wireless 741 (2024),MSI,2165,2024-06-11,2024-08-13,new,sold,236
721,4,SKU-13595,MSI Pro 146 (2022),MSI,1785,2023-10-10,2023-10-10,new,sold,544
722,4,SKU-13599,HP Max 461 (2021),HP,2785,2023-01-18,2023-02-08,new,sold,788
723,4,SKU-13604,Apple Plus 860 (2021),Apple,1940,2023-10-15,2023-11-16,new,sold,507
724,4,SKU-13606,Lenovo Premium 158 (2023),Lenovo,2465,2022-03-15,2022-05-30,new,sold,1042
725,4,SKU-13614,MSI Plus 210 (2024),MSI,2780,2024-01-03,2024-02-12,open_box,sold,419
726,4,SKU-13616,MSI Elite 804 (2021),MSI,1985,2024-05-26,2024-06-03,new,sold,307
727,4,SKU-13617,Asus Pro 761 (2023),Asus,2005,2024-03-23,2024-04-21,new,sold,350
728,4,SKU-13618,Lenovo HD 799 (2024),Lenovo,660,2021-12-27,2022-02-23,new,sold,1138
729,4,SKU-13624,Asus Advanced 209 (2021),Asus,2255,2022-11-20,2023-02-01,new,sold,795
730,4,SKU-13633,HP 4K 897 (2024),HP,880,2022-10-04,2022-10-09,new,sold,910
731,4,SKU-13636,HP Vision 954 (2024),HP,1915,2022-10-08,2022-10-26,new,sold,893
732,4,SKU-13641,Asus Wireless 608 (2023),Asus,1925,2022-10-17,2022-10-24,new,sold,895
733,4,SKU-13650,MSI Flex 753 (2021),MSI,2940,2023-02-09,2023-02-17,new,sold,779
734,4,SKU-13654,Acer Air 699 (2024),Acer,2905,2023-07-15,2023-09-06,new,sold,578
735,4,SKU-13657,Apple Neo 830 (2021),Apple,2060,2023-02-17,2023-04-17,new,sold,720
736,4,SKU-13661,Dell Air 736 (2023),Dell,880,2021-11-29,2022-01-14,new,sold,1178
737,4,SKU-13663,HP Ultra 347 (2021),HP,905,2024-01-03,2024-01-08,new,rented,454
738,4,SKU-13667,Dell Compact 442 (2022),Dell,1285,2023-04-27,2023-05-19,new,rented,688
739,4,SKU-13668,Dell Slim 126 (2021),Dell,2100,2022-07-04,2022-08-16,new,sold,964
740,4,SKU-13673,Lenovo Premium 628 (2023),Lenovo,2940,2024-05-30,2024-06-07,new,for_sale,303
741,4,SKU-13676,Dell Advanced 965 (2022),Dell,1225,2024-03-09,2024-05-29,new,sold,312
742,4,SKU-13677,MSI Vision 942 (2022),MSI,1250,2022-01-30,2022-04-20,new,rented,1082
743,4,SKU-13680,MSI Edge 417 (2024),MSI,2455,2022-04-22,2022-05-13,new,sold,1059
744,4,SKU-13687,MSI Edge 887 (2023),MSI,865,2023-11-30,2024-02-05,open_box,sold,426
745,4,SKU-13695,Acer Air 596 (2024),Acer,2060,2022-02-18,2022-03-16,new,sold,1117
746,4,SKU-13699,Lenovo Premium 446 (2024),Lenovo,2710,2022-10-02,2022-11-18,new,sold,870
747,4,SKU-13708,Apple Elite 578 (2021),Apple,1315,2022-01-26,2022-03-26,new,sold,1107
748,4,SKU-13714,Lenovo Neo 765 (2024),Lenovo,2490,2023-09-08,2023-10-12,new,sold,542
749,4,SKU-13715,Dell Neo 515 (2022),Dell,2745,2023-06-24,2023-08-27,new,sold,588
750,4,SKU-13724,Acer Max 411 (2023),Acer,585,2022-01-10,2022-03-20,new,sold,1113
751,4,SKU-13730,Dell Wireless 543 (2023),Dell,2235,2022-08-02,2022-10-10,new,sold,909
752,4,SKU-13731,MSI Compact 666 (2023),MSI,2535,2021-11-26,2022-01-25,open_box,sold,1167
753,4,SKU-13740,MSI Elite 433 (2024),MSI,1635,2024-09-08,2024-11-22,new,sold,135
754,4,SKU-13748,Acer Neo 253 (2023),Acer,1515,2024-04-09,2024-05-05,new,sold,336
755,4,SKU-13756,MSI Flex 629 (2021),MSI,2670,2023-09-17,2023-09-18,new,rented,566
756,4,SKU-13762,HP Premium 768 (2024),HP,1180,2022-02-13,2022-02-17,new,eligible_for_rental,1144
757,4,SKU-13765,HP Vision 736 (2024),HP,565,2024-02-07,2024-03-02,new,sold,400
758,4,SKU-13767,HP Vision 512 (2024),HP,670,2022-12-26,2022-12-30,open_box,sold,828
759,4,SKU-13775,Apple Smart 264 (2022),Apple,935,2023-05-28,2023-08-20,new,sold,595
760,4,SKU-13777,Lenovo Pro 902 (2023),Lenovo,1250,2024-03-02,2024-04-21,new,sold,350
761,4,SKU-13779,Dell Flex 816 (2024),Dell,2880,2023-02-11,2023-02-27,new,sold,769
762,4,SKU-13784,Lenovo Air 593 (2022),Lenovo,1705,2024-06-23,2024-07-28,new,sold,252
763,4,SKU-13785,Dell Neo 793 (2021),Dell,1765,2024-08-05,2024-10-02,new,for_sale,186
764,4,SKU-13786,Acer Max 854 (2023),Acer,1415,2022-11-02,2022-12-25,new,sold,833
765,4,SKU-13789,Asus Mini 729 (2024),Asus,645,2022-03-01,2022-03-31,new,sold,1102
766,4,SKU-13794,Acer Flex 237 (2023),Acer,1470,2022-07-21,2022-09-06,new,rented,943
767,4,SKU-13796,Asus Wireless 824 (2024),Asus,940,2022-02-02,2022-04-02,new,sold,1100
768,4,SKU-13798,Acer Neo 663 (2024),Acer,1430,2021-12-21,2022-01-22,new,rented,1170
769,4,SKU-13801,HP Neo 811 (2024),HP,1825,2023-03-17,2023-05-12,new,sold,695
770,4,SKU-13809,MSI Slim 309 (2022),MSI,660,2023-07-07,2023-08-26,new,eligible_for_rental,589
771,4,SKU-13811,Acer Ultra 375 (2023),Acer,860,2021-12-16,2022-03-12,new,sold,1121
772,4,SKU-13815,Lenovo Pro 747 (2021),Lenovo,535,2022-01-04,2022-01-10,refurbished,rented,1182
773,4,SKU-13822,MSI Advanced 633 (2022),MSI,635,2024-05-10,2024-05-13,new,sold,328
774,4,SKU-13828,MSI Advanced 412 (2021),MSI,2280,2022-02-07,2022-04-01,new,rented,1101
775,4,SKU-13830,MSI Wireless 939 (2023),MSI,940,2024-01-26,2024-03-20,new,sold,382
776,4,SKU-13834,Dell Plus 620 (2023),Dell,1445,2023-10-09,2023-10-10,new,sold,544
777,4,SKU-13838,Lenovo Premium 595 (2021),Lenovo,515,2023-01-31,2023-03-24,new,sold,744
778,4,SKU-13846,Apple Flex 519 (2022),Apple,1240,2023-12-11,2024-03-06,refurbished,sold,396
779,4,SKU-13849,HP Smart 815 (2023),HP,445,2024-05-21,2024-07-08,new,sold,272
780,4,SKU-13853,Asus Vision 409 (2021),Asus,2370,2022-08-04,2022-09-12,new,sold,937
781,4,SKU-13860,MSI Premium 125 (2021),MSI,1695,2023-01-30,2023-02-18,new,sold,778
782,4,SKU-13864,Acer Pro 852 (2022),Acer,1120,2022-01-16,2022-03-23,new,sold,1110
783,4,SKU-13869,MSI Ultra 653 (2022),MSI,935,2022-01-26,2022-04-21,new,sold,1081
784,4,SKU-13873,Asus HD 370 (2023),Asus,565,2024-09-25,2024-10-03,new,for_sale,185
785,4,SKU-13874,Acer Elite 312 (2022),Acer,1940,2023-01-24,2023-02-23,new,sold,773
786,4,SKU-13876,Lenovo Neo 333 (2023),Lenovo,1500,2023-04-17,2023-05-25,new,sold,682
787,4,SKU-13884,Acer Advanced 815 (2023),Acer,1435,2022-10-11,2022-12-10,new,sold,848
788,4,SKU-13891,Asus Mini 806 (2022),Asus,1510,2022-05-13,2022-06-20,new,rented,1021
789,4,SKU-13900,Dell Flex 567 (2022),Dell,1195,2023-06-17,2023-08-04,new,sold,611
790,4,SKU-13908,Apple Wireless 832 (2022),Apple,2780,2022-01-08,2022-01-09,new,sold,1183
791,4,SKU-13914,Lenovo HD 756 (2024),Lenovo,1670,2022-04-04,2022-05-26,new,sold,1046
792,4,SKU-13916,Lenovo Vision 464 (2022),Lenovo,2405,2023-10-11,2023-12-15,open_box,rented,478
793,4,SKU-13924,Acer 4K 763 (2021),Acer,1030,2022-01-25,2022-03-12,open_box,sold,1121
794,4,SKU-13925,Acer Elite 824 (2023),Acer,1040,2022-11-26,2022-11-27,new,sold,861
795,4,SKU-13927,Acer HD 283 (2024),Acer,2675,2022-10-13,2022-12-06,new,sold,852
796,4,SKU-13932,Asus Flex 561 (2024),Asus,685,2023-11-19,2023-12-07,new,sold,486
797,4,SKU-13936,Acer HD 127 (2023),Acer,405,2022-02-24,2022-05-24,new,sold,1048
798,4,SKU-13945,Lenovo Compact 325 (2024),Lenovo,885,2022-09-08,2022-10-03,new,sold,916
799,4,SKU-13948,Asus Plus 423 (2024),Asus,550,2022-12-17,2023-01-10,new,rented,817
800,4,SKU-13955,Lenovo Plus 241 (2022),Lenovo,1380,2023-07-13,2023-07-21,new,sold,625
801,4,SKU-13956,Asus Premium 810 (2024),Asus,560,2021-10-22,2022-01-15,new,rented,1177
802,4,SKU-13957,Apple Advanced 798 (2021),Apple,2965,2023-04-28,2023-06-29,new,sold,647
803,4,SKU-13963,Asus Mini 655 (2023),Asus,2525,2023-10-17,2024-01-10,new,sold,452
804,4,SKU-13970,Asus Pro 610 (2023),Asus,1585,2024-03-16,2024-04-02,new,sold,369
805,4,SKU-13972,MSI Edge 457 (2023),MSI,2005,2024-06-27,2024-08-31,new,sold,218
806,4,SKU-13976,Apple Wireless 605 (2021),Apple,2160,2023-02-06,2023-04-24,new,sold,713
807,4,SKU-13983,Acer Max 771 (2023),Acer,2310,2023-06-09,2023-08-25,new,sold,590
808,4,SKU-13986,MSI Edge 371 (2021),MSI,1185,2024-07-24,2024-08-14,new,sold,235
809,4,SKU-13988,Lenovo Flex 432 (2022),Lenovo,2355,2022-06-20,2022-07-03,new,sold,1008
810,4,SKU-13989,Dell Wireless 534 (2024),Dell,2130,2022-06-17,2022-09-10,new,sold,939
811,4,SKU-13998,Acer Air 639 (2021),Acer,2390,2022-02-20,2022-05-13,new,sold,1059
812,4,SKU-14005,Acer HD 434 (2024),Acer,700,2022-06-15,2022-06-29,new,sold,1012
813,4,SKU-14011,Acer Vision 295 (2022),Acer,730,2023-08-17,2023-10-04,new,sold,550
814,4,SKU-14012,HP Pro 765 (2022),HP,2405,2022-07-12,2022-09-16,open_box,sold,933
815,4,SKU-14016,Apple HD 975 (2021),Apple,775,2023-08-03,2023-08-31,new,sold,584
816,4,SKU-14024,Dell Compact 195 (2022),Dell,1200,2022-08-06,2022-09-10,open_box,rented,939
817,4,SKU-14032,Acer Advanced 560 (2024),Acer,2950,2023-10-26,2023-11-14,open_box,sold,509
818,4,SKU-14036,MSI Premium 376 (2021),MSI,1175,2022-11-21,2022-11-23,new,sold,865
819,4,SKU-14043,HP Mini 666 (2024),HP,585,2023-06-28,2023-08-03,open_box,sold,612
820,4,SKU-14047,Acer Flex 225 (2024),Acer,2355,2022-01-21,2022-04-21,new,sold,1081
821,4,SKU-14055,Acer Smart 874 (2022),Acer,2730,2023-02-07,2023-03-06,refurbished,sold,762
822,4,SKU-14059,Acer Ultra 226 (2023),Acer,2870,2024-02-28,2024-05-24,new,for_sale,317
823,4,SKU-14060,Apple 4K 301 (2024),Apple,2950,2023-11-06,2023-11-25,open_box,eligible_for_rental,498
824,4,SKU-14067,Dell Pro 467 (2021),Dell,1185,2022-09-28,2022-12-20,refurbished,sold,838
825,4,SKU-14074,MSI Max 747 (2024),MSI,1355,2022-08-20,2022-09-03,new,rented,946
826,4,SKU-14076,Lenovo Edge 199 (2022),Lenovo,2965,2024-08-05,2024-09-09,open_box,for_sale,209
827,4,SKU-14078,MSI Vision 776 (2022),MSI,1175,2022-09-02,2022-09-14,new,sold,935
828,4,SKU-14080,Acer Flex 706 (2022),Acer,1845,2024-09-19,2024-09-27,new,sold,191
829,4,SKU-14089,Acer Plus 229 (2022),Acer,2205,2021-11-01,2022-01-11,new,sold,1181
830,4,SKU-14095,Apple Pro 421 (2022),Apple,1860,2022-03-03,2022-03-13,new,rented,1120
831,4,SKU-14104,HP 4K 703 (2022),HP,1180,2024-10-23,2024-11-29,open_box,sold,128
832,4,SKU-14113,Lenovo Elite 685 (2024),Lenovo,1975,2024-10-16,2024-11-11,open_box,sold,146
833,4,SKU-14115,Acer Pro 132 (2022),Acer,1180,2023-02-28,2023-03-17,new,sold,751
834,4,SKU-14124,Dell Vision 529 (2023),Dell,1495,2023-05-05,2023-06-07,new,rented,669
835,4,SKU-14127,Lenovo Neo 562 (2021),Lenovo,1790,2022-03-06,2022-05-25,open_box,rented,1047
836,4,SKU-14132,Acer Advanced 992 (2023),Acer,1490,2022-10-02,2022-11-11,new,sold,877
837,4,SKU-14139,Apple Premium 518 (2021),Apple,685,2024-04-05,2024-04-13,new,for_sale,358
838,4,SKU-14141,HP Wireless 334 (2023),HP,425,2024-01-15,2024-02-12,new,sold,419
839,4,SKU-14143,MSI Plus 949 (2022),MSI,2535,2024-09-17,2024-09-29,new,for_sale,189
840,4,SKU-14149,Acer Vision 949 (2023),Acer,655,2022-03-19,2022-04-09,new,sold,1093
841,4,SKU-14156,Dell 4K 892 (2024),Dell,1075,2024-10-29,2024-11-17,open_box,sold,140
842,4,SKU-14159,Dell HD 153 (2023),Dell,2160,2024-02-06,2024-05-06,new,sold,335
843,4,SKU-14162,Lenovo 4K 944 (2024),Lenovo,2875,2023-03-06,2023-04-14,open_box,rented,723
844,4,SKU-14164,HP Mini 211 (2023),HP,2295,2022-06-20,2022-07-11,new,sold,1000
845,4,SKU-14165,Apple Compact 168 (2024),Apple,2825,2022-08-07,2022-10-07,new,sold,912
846,4,SKU-14174,Acer Flex 709 (2021),Acer,895,2021-11-22,2022-01-15,open_box,sold,1177
847,4,SKU-14183,Acer 4K 990 (2022),Acer,1980,2022-09-17,2022-12-12,refurbished,sold,846
848,4,SKU-14192,Dell Smart 628 (2021),Dell,1320,2022-02-20,2022-04-15,new,sold,1087
849,4,SKU-14199,Dell 4K 638 (2021),Dell,2610,2022-07-24,2022-08-30,new,sold,950
850,4,SKU-14207,HP Slim 196 (2022),HP,965,2023-06-27,2023-09-17,new,sold,567
851,4,SKU-14208,Lenovo Air 609 (2021),Lenovo,1595,2023-07-21,2023-09-04,new,sold,580
852,4,SKU-14209,HP Smart 601 (2024),HP,1520,2023-01-30,2023-02-09,new,sold,787
853,4,SKU-14218,Dell Mini 802 (2021),Dell,2400,2023-04-30,2023-05-28,new,sold,679
854,4,SKU-14225,HP Compact 728 (2023),HP,2510,2022-06-16,2022-08-11,open_box,sold,969
855,4,SKU-14233,Dell Elite 705 (2023),Dell,2695,2023-01-28,2023-02-11,new,sold,785
856,4,SKU-14238,Apple Elite 750 (2024),Apple,815,2022-12-13,2023-02-12,open_box,sold,784
857,4,SKU-14243,Apple Mini 972 (2024),Apple,1245,2024-01-25,2024-03-29,open_box,sold,373
858,4,SKU-14250,Dell Plus 122 (2021),Dell,1295,2021-11-02,2022-01-28,new,rented,1164
859,4,SKU-14251,Acer Wireless 167 (2024),Acer,1150,2024-09-12,2024-09-22,refurbished,sold,196
860,4,SKU-14258,Dell Elite 441 (2022),Dell,2645,2023-02-26,2023-05-22,new,sold,685
861,4,SKU-14262,Lenovo Plus 492 (2022),Lenovo,995,2022-08-08,2022-09-28,new,sold,921
862,4,SKU-14267,Dell Elite 193 (2024),Dell,635,2022-02-26,2022-04-15,new,sold,1087
863,4,SKU-14276,HP Premium 667 (2022),HP,560,2024-03-03,2024-05-24,new,for_sale,317
864,4,SKU-14281,Apple Slim 556 (2023),Apple,1040,2022-03-16,2022-04-08,new,sold,1094
865,4,SKU-14282,Apple Wireless 574 (2022),Apple,2760,2022-06-01,2022-07-26,new,sold,985
866,4,SKU-14287,Lenovo 4K 511 (2023),Lenovo,2140,2022-08-13,2022-09-24,new,rented,925
867,4,SKU-14293,Acer Vision 443 (2023),Acer,1920,2022-06-15,2022-06-28,new,sold,1013
868,4,SKU-14295,Apple Vision 471 (2022),Apple,595,2023-10-27,2023-12-04,open_box,sold,489
869,4,SKU-14303,MSI Advanced 123 (2022),MSI,1485,2023-03-23,2023-06-02,new,sold,674
870,4,SKU-14309,Lenovo Plus 276 (2024),Lenovo,1760,2024-10-26,2024-10-28,new,for_sale,160
871,4,SKU-14314,Acer Elite 190 (2023),Acer,2465,2022-12-06,2023-01-25,new,sold,802
872,4,SKU-14323,MSI Edge 378 (2021),MSI,1400,2024-01-19,2024-03-10,new,sold,392
873,4,SKU-14328,Dell Smart 393 (2021),Dell,1940,2021-11-15,2022-01-19,new,sold,1173
874,4,SKU-14337,Acer Edge 534 (2023),Acer,2240,2022-08-11,2022-09-01,new,sold,948
875,4,SKU-14338,Asus Premium 124 (2023),Asus,2810,2023-07-02,2023-07-08,open_box,sold,638
876,4,SKU-14342,MSI Advanced 159 (2021),MSI,2925,2023-07-29,2023-10-27,new,eligible_for_rental,527
877,4,SKU-14347,Acer Elite 550 (2024),Acer,2025,2021-12-08,2022-01-22,new,sold,1170
878,4,SKU-14352,Dell Slim 991 (2021),Dell,2280,2023-12-01,2024-02-22,new,sold,409
879,4,SKU-14361,Dell Neo 643 (2022),Dell,1910,2024-03-01,2024-03-20,new,sold,382
880,4,SKU-14365,Acer Mini 371 (2023),Acer,1690,2024-07-06,2024-07-29,new,for_sale,251
881,4,SKU-14369,Asus Air 504 (2022),Asus,825,2022-10-04,2022-12-30,new,eligible_for_rental,828
882,4,SKU-14373,Apple Elite 737 (2021),Apple,2765,2024-03-23,2024-04-04,open_box,sold,367
883,4,SKU-14382,Dell Ultra 760 (2021),Dell,685,2021-11-07,2022-01-28,new,rented,1164
884,4,SKU-14385,Dell Max 390 (2023),Dell,2460,2022-01-07,2022-01-20,new,sold,1172
885,4,SKU-14391,MSI Max 379 (2022),MSI,2720,2022-10-23,2022-12-01,new,sold,857
886,4,SKU-14399,Dell Premium 948 (2021),Dell,720,2022-03-20,2022-04-02,new,rented,1100
887,4,SKU-14404,Apple Edge 303 (2024),Apple,460,2024-04-05,2024-05-24,new,sold,317
888,4,SKU-14410,Acer Compact 717 (2022),Acer,840,2022-07-17,2022-08-14,new,sold,966
889,4,SKU-14415,HP Max 251 (2023),HP,2730,2022-10-15,2022-11-06,new,sold,882
890,4,SKU-14424,HP Smart 349 (2024),HP,2525,2023-12-02,2023-12-15,new,sold,478
891,4,SKU-14432,Acer 4K 202 (2023),Acer,2420,2022-09-18,2022-10-28,new,sold,891
892,4,SKU-14439,Lenovo Air 296 (2021),Lenovo,2895,2023-07-07,2023-07-25,new,rented,621
893,4,SKU-14445,Dell Smart 657 (2024),Dell,1500,2024-02-10,2024-04-27,open_box,sold,344
894,4,SKU-14451,Dell Premium 787 (2024),Dell,1800,2024-07-29,2024-10-05,new,for_sale,183
895,4,SKU-14455,Lenovo Max 993 (2024),Lenovo,2225,2023-03-12,2023-04-27,new,sold,710
896,4,SKU-14459,MSI Ultra 972 (2023),MSI,2795,2022-03-20,2022-05-03,new,sold,1069
897,4,SKU-14462,HP Neo 963 (2022),HP,945,2023-03-29,2023-04-05,refurbished,sold,732
898,4,SKU-14465,Apple Elite 165 (2024),Apple,540,2022-05-14,2022-08-06,new,rented,974
899,4,SKU-14467,Lenovo Smart 352 (2021),Lenovo,605,2022-06-06,2022-06-07,new,sold,1034
900,4,SKU-14474,Dell Smart 384 (2024),Dell,1620,2023-09-27,2023-11-22,open_box,sold,501
901,4,SKU-14475,HP Plus 109 (2022),HP,2350,2024-10-07,2024-10-27,new,for_sale,161
902,4,SKU-14482,MSI Mini 949 (2024),MSI,1705,2023-02-16,2023-04-11,new,sold,726
903,4,SKU-14487,Apple Edge 336 (2024),Apple,2010,2023-02-03,2023-03-25,new,sold,743
904,4,SKU-14496,Asus Max 856 (2024),Asus,2550,2022-11-28,2022-12-04,new,sold,854
905,4,SKU-14503,Dell Slim 215 (2021),Dell,1965,2023-11-16,2023-11-19,new,sold,504
906,4,SKU-14508,Dell Flex 239 (2021),Dell,430,2023-09-02,2023-09-26,new,sold,558
907,4,SKU-14512,Acer Pro 519 (2022),Acer,1865,2024-09-12,2024-09-17,new,sold,201
908,4,SKU-14518,Apple Compact 646 (2021),Apple,1700,2023-08-18,2023-10-07,open_box,sold,547
909,4,SKU-14524,Dell Plus 781 (2023),Dell,1705,2022-11-01,2022-11-04,new,sold,884
910,4,SKU-14531,Lenovo Vision 522 (2021),Lenovo,2175,2022-03-23,2022-06-11,new,rented,1030
911,4,SKU-14535,Dell Elite 989 (2022),Dell,2095,2023-10-05,2023-12-01,new,sold,492
912,4,SKU-14541,HP 4K 163 (2024),HP,940,2022-05-15,2022-06-03,new,sold,1038
913,4,SKU-14549,Apple Ultra 581 (2022),Apple,1695,2024-06-10,2024-07-20,new,sold,260
914,4,SKU-14554,Dell Max 651 (2023),Dell,585,2024-06-29,2024-08-01,new,for_sale,248
915,4,SKU-14559,MSI Neo 297 (2022),MSI,500,2023-06-21,2023-08-11,new,sold,604
916,4,SKU-14562,Lenovo 4K 616 (2023),Lenovo,1715,2023-03-28,2023-06-23,new,sold,653
917,4,SKU-14563,Acer Premium 314 (2021),Acer,1375,2024-03-19,2024-03-28,new,sold,374
918,4,SKU-14570,MSI Neo 677 (2021),MSI,2070,2024-07-28,2024-08-10,new,sold,239
919,4,SKU-14573,Acer Plus 736 (2024),Acer,1255,2023-08-30,2023-10-12,new,sold,542
920,4,SKU-14581,Dell Air 570 (2021),Dell,1815,2024-08-02,2024-08-20,open_box,sold,229
921,4,SKU-14585,HP Vision 705 (2021),HP,2450,2024-07-31,2024-08-27,new,for_sale,222
922,4,SKU-14589,MSI Ultra 542 (2024),MSI,615,2022-04-17,2022-05-22,new,sold,1050
923,4,SKU-14591,HP Neo 934 (2024),HP,880,2022-04-10,2022-04-21,new,sold,1081
924,4,SKU-14597,MSI Compact 456 (2022),MSI,1650,2022-08-29,2022-11-26,new,sold,862
925,4,SKU-14603,Acer Vision 189 (2024),Acer,915,2022-09-13,2022-10-24,open_box,sold,895
926,4,SKU-14609,Apple Elite 375 (2024),Apple,695,2024-03-10,2024-04-12,new,sold,359
927,4,SKU-14610,Lenovo Elite 203 (2024),Lenovo,2340,2022-11-28,2023-01-20,open_box,sold,807
928,4,SKU-14619,MSI Smart 453 (2024),MSI,2875,2021-12-14,2022-01-30,new,sold,1162
929,4,SKU-14620,HP Compact 876 (2021),HP,1465,2023-10-30,2023-12-23,new,eligible_for_rental,470
930,4,SKU-14626,Apple Smart 752 (2024),Apple,1835,2022-09-22,2022-11-30,new,sold,858
931,4,SKU-14633,HP Mini 211 (2023),HP,630,2021-11-17,2022-02-03,new,sold,1158
932,4,SKU-14635,Lenovo Flex 889 (2021),Lenovo,2495,2023-07-21,2023-08-17,new,rented,598
933,4,SKU-14643,Asus HD 471 (2021),Asus,1310,2024-06-17,2024-08-08,open_box,sold,241
934,4,SKU-14650,Apple 4K 944 (2022),Apple,2685,2023-05-18,2023-06-26,new,sold,650
935,4,SKU-14654,Apple Mini 102 (2021),Apple,2455,2024-09-13,2024-11-28,new,for_sale,129
936,4,SKU-14660,Dell Vision 486 (2024),Dell,900,2024-03-10,2024-03-16,new,sold,386
937,4,SKU-14667,Dell HD 758 (2022),Dell,810,2023-04-07,2023-04-19,open_box,rented,718
938,4,SKU-14670,Asus Plus 582 (2024),Asus,2865,2023-02-11,2023-02-22,new,sold,774
939,4,SKU-14671,Lenovo Ultra 198 (2022),Lenovo,2795,2022-03-30,2022-06-11,new,sold,1030
940,4,SKU-14672,Acer Elite 623 (2024),Acer,2095,2023-02-21,2023-03-31,new,sold,737
941,4,SKU-14681,MSI Premium 504 (2024),MSI,615,2022-08-03,2022-10-22,new,rented,897
942,4,SKU-14683,Apple Neo 224 (2021),Apple,1080,2022-12-25,2023-01-05,new,sold,822
943,4,SKU-14691,MSI 4K 717 (2022),MSI,2465,2024-04-18,2024-04-27,new,sold,344
944,4,SKU-14693,Dell Mini 672 (2024),Dell,865,2021-12-30,2022-01-21,open_box,rented,1171
945,4,SKU-14694,Apple Wireless 899 (2023),Apple,1820,2022-09-16,2022-11-21,open_box,sold,867
946,4,SKU-14699,Apple Advanced 908 (2021),Apple,1730,2022-10-13,2022-11-09,new,sold,879
947,4,SKU-14701,Dell Ultra 331 (2023),Dell,2290,2022-08-14,2022-09-17,new,sold,932
948,4,SKU-14709,Dell Max 947 (2023),Dell,2335,2024-08-18,2024-10-12,new,sold,176
949,4,SKU-14716,Dell Slim 446 (2022),Dell,665,2023-09-10,2023-10-01,new,sold,553
950,4,SKU-14724,Lenovo Neo 559 (2024),Lenovo,680,2024-01-01,2024-02-24,new,sold,407
951,4,SKU-14730,HP Max 308 (2024),HP,1055,2024-03-13,2024-04-19,new,sold,352
952,4,SKU-14739,HP HD 225 (2021),HP,1515,2022-12-02,2023-01-16,new,sold,811
953,4,SKU-14741,Dell 4K 351 (2023),Dell,425,2021-12-12,2022-01-23,new,rented,1169
954,4,SKU-14749,Asus Wireless 916 (2022),Asus,1135,2023-01-03,2023-03-11,new,sold,757
955,4,SKU-14751,Asus Slim 765 (2021),Asus,2515,2023-01-16,2023-02-10,new,sold,786
956,4,SKU-14759,Lenovo Pro 711 (2023),Lenovo,1575,2023-08-18,2023-11-01,new,sold,522
957,4,SKU-14763,Asus Ultra 190 (2023),Asus,2770,2023-07-21,2023-08-06,new,sold,609
958,4,SKU-14764,Asus Edge 601 (2021),Asus,1620,2024-03-23,2024-04-30,new,sold,341
959,4,SKU-14770,MSI 4K 285 (2024),MSI,1685,2022-02-16,2022-04-07,new,sold,1095
960,4,SKU-14778,Lenovo Plus 203 (2023),Lenovo,525,2022-01-05,2022-01-22,new,sold,1170
961,4,SKU-14784,MSI Mini 313 (2022),MSI,2280,2023-11-19,2024-01-26,new,sold,436
962,4,SKU-14785,HP Pro 141 (2021),HP,1085,2024-01-14,2024-02-17,open_box,sold,414
963,4,SKU-14788,Dell Vision 225 (2024),Dell,2640,2024-02-05,2024-04-26,new,sold,345
964,4,SKU-14790,Asus Edge 874 (2022),Asus,1235,2024-08-18,2024-09-15,new,for_sale,203
965,4,SKU-14795,MSI Compact 683 (2021),MSI,2115,2022-11-30,2023-02-26,new,sold,770
966,4,SKU-14797,Lenovo Pro 137 (2022),Lenovo,2525,2022-11-19,2023-01-20,new,sold,807
967,4,SKU-14803,Dell Vision 572 (2023),Dell,2605,2022-07-20,2022-08-05,new,sold,975
968,4,SKU-14809,Lenovo Neo 731 (2022),Lenovo,1120,2022-09-07,2022-12-03,new,sold,855
969,4,SKU-14811,Dell Neo 230 (2021),Dell,2725,2022-12-16,2023-01-19,new,rented,808
970,4,SKU-14819,Acer Edge 641 (2024),Acer,2810,2022-05-08,2022-06-22,new,sold,1019
971,4,SKU-14823,Dell HD 950 (2024),Dell,1545,2024-01-16,2024-01-28,new,sold,434
972,4,SKU-14830,Acer Mini 536 (2022),Acer,860,2023-05-14,2023-07-20,new,sold,626
973,4,SKU-14838,Asus Mini 131 (2021),Asus,970,2022-04-15,2022-04-19,new,sold,1083
974,4,SKU-14843,Dell Max 539 (2021),Dell,2220,2024-02-18,2024-04-08,new,sold,363
975,4,SKU-14845,Dell Slim 423 (2024),Dell,1305,2023-05-15,2023-08-13,new,sold,602
976,4,SKU-14850,Acer Ultra 389 (2021),Acer,1640,2023-06-22,2023-09-18,new,sold,566
977,4,SKU-14853,HP Max 357 (2022),HP,770,2021-11-03,2022-01-27,new,sold,1165
978,4,SKU-14860,HP Ultra 512 (2022),HP,2165,2021-11-05,2022-01-20,new,sold,1172
979,4,SKU-14868,Asus Ultra 471 (2024),Asus,515,2021-11-25,2022-02-05,open_box,rented,1156
980,4,SKU-14873,MSI Premium 311 (2022),MSI,1190,2023-09-23,2023-11-19,new,sold,504
981,5,SKU-14879,Panasonic Slim 557 DSLR,Panasonic,1365,2023-09-10,2023-11-15,refurbished,sold,508
982,5,SKU-14887,Canon Slim 363 Mirrorless,Canon,665,2024-10-13,2024-10-16,new,for_sale,172
983,5,SKU-14894,Sony Advanced 461 Mirrorless,Sony,3095,2024-05-03,2024-07-09,new,sold,271
984,5,SKU-14899,Olympus 4K 796 Mirrorless,Olympus,1110,2023-01-21,2023-01-26,new,sold,801
985,5,SKU-14908,Olympus Wireless 779 Mirrorless,Olympus,2815,2023-07-31,2023-08-14,new,sold,601
986,5,SKU-14916,Olympus Elite 384 Mirrorless,Olympus,2390,2023-07-14,2023-09-14,new,sold,570
987,5,SKU-14918,Sony Ultra 134 Mirrorless,Sony,605,2024-08-19,2024-09-27,new,for_sale,191
988,5,SKU-14925,Sony Ultra 525 Mirrorless,Sony,2790,2024-08-01,2024-10-25,refurbished,for_sale,163
989,5,SKU-14934,Nikon Max 336 Mirrorless,Nikon,465,2023-03-21,2023-03-25,new,sold,743
990,5,SKU-14940,Nikon HD 714 Mirrorless,Nikon,2170,2022-10-10,2022-12-21,new,sold,837
991,5,SKU-14946,Panasonic Elite 526 Mirrorless,Panasonic,1195,2022-05-18,2022-06-25,new,sold,1016
992,5,SKU-14954,Panasonic Smart 712 Mirrorless,Panasonic,2490,2024-08-02,2024-10-28,open_box,sold,160
993,5,SKU-14960,Fujifilm 4K 866 Mirrorless,Fujifilm,3210,2022-01-02,2022-02-24,new,sold,1137
994,5,SKU-14963,Panasonic Compact 952 Mirrorless,Panasonic,3170,2023-08-18,2023-08-24,refurbished,rented,591
995,5,SKU-14970,Nikon HD 887 Mirrorless,Nikon,480,2023-04-16,2023-07-08,new,sold,638
996,5,SKU-14976,Panasonic Plus 850 DSLR,Panasonic,2130,2024-11-06,2024-11-12,open_box,sold,145
997,5,SKU-14980,Panasonic Elite 332 DSLR,Panasonic,1225,2021-11-13,2022-01-14,new,sold,1178
998,5,SKU-14984,Canon Max 391 Mirrorless,Canon,1015,2022-06-02,2022-08-01,new,sold,979
999,5,SKU-14993,Fujifilm HD 246 Mirrorless,Fujifilm,805,2023-02-17,2023-04-27,new,sold,710
1000,5,SKU-15001,Olympus Plus 302 DSLR,Olympus,2655,2023-04-17,2023-05-08,new,sold,699
1001,5,SKU-15010,Nikon Air 541 Mirrorless,Nikon,1825,2023-05-29,2023-07-18,new,sold,628
1002,5,SKU-15012,Fujifilm Mini 304 Mirrorless,Fujifilm,2060,2021-11-10,2022-01-23,new,sold,1169
1003,5,SKU-15013,Olympus Neo 627 Mirrorless,Olympus,1710,2021-12-30,2022-01-19,new,sold,1173
1004,5,SKU-15022,Panasonic Advanced 968 DSLR,Panasonic,2365,2023-09-30,2023-12-22,open_box,sold,471
1005,5,SKU-15028,Fujifilm Elite 561 Mirrorless,Fujifilm,2330,2023-12-13,2024-02-11,new,sold,420
1006,5,SKU-15031,Panasonic Edge 359 Mirrorless,Panasonic,1350,2024-03-29,2024-04-06,new,sold,365
1007,5,SKU-15032,Olympus Smart 217 Mirrorless,Olympus,1770,2023-03-21,2023-04-20,new,sold,717
1008,5,SKU-15035,Olympus HD 209 DSLR,Olympus,320,2022-04-04,2022-05-30,refurbished,sold,1042
1009,5,SKU-15041,Panasonic Ultra 617 DSLR,Panasonic,3460,2023-01-20,2023-02-14,new,sold,782
1010,5,SKU-15049,Fujifilm Compact 426 Mirrorless,Fujifilm,2870,2023-01-18,2023-01-29,new,rented,798
1011,5,SKU-15050,Olympus Plus 120 DSLR,Olympus,1545,2022-04-15,2022-05-28,new,sold,1044
1012,5,SKU-15059,Fujifilm Advanced 885 DSLR,Fujifilm,3170,2022-10-02,2022-10-10,new,sold,909
1013,5,SKU-15066,Olympus HD 228 DSLR,Olympus,590,2023-02-08,2023-04-18,new,rented,719
1014,5,SKU-15067,Nikon Compact 751 Mirrorless,Nikon,720,2023-08-04,2023-08-13,new,sold,602
1015,5,SKU-15071,Panasonic Edge 790 Mirrorless,Panasonic,3140,2024-07-20,2024-08-22,open_box,for_sale,227
1016,5,SKU-15072,Canon Wireless 535 Mirrorless,Canon,395,2022-12-15,2023-02-23,open_box,rented,773
1017,5,SKU-15078,Olympus Pro 819 Mirrorless,Olympus,2520,2022-01-29,2022-03-14,new,sold,1119
1018,5,SKU-15085,Panasonic Max 340 DSLR,Panasonic,1840,2023-01-14,2023-04-07,new,sold,730
1019,5,SKU-15092,Fujifilm Compact 100 Mirrorless,Fujifilm,2875,2023-11-21,2024-02-16,open_box,sold,415
1020,5,SKU-15093,Panasonic Air 762 Mirrorless,Panasonic,1610,2022-09-26,2022-10-10,new,sold,909
1021,5,SKU-15095,Panasonic 4K 456 Mirrorless,Panasonic,985,2022-04-24,2022-07-08,new,sold,1003
1022,5,SKU-15099,Fujifilm Flex 130 DSLR,Fujifilm,615,2022-11-30,2023-01-05,new,sold,822
1023,5,SKU-15105,Sony Premium 396 Mirrorless,Sony,605,2022-05-29,2022-06-07,new,sold,1034
1024,5,SKU-15114,Nikon Air 474 Mirrorless,Nikon,2775,2023-07-23,2023-08-23,new,eligible_for_rental,592
1025,5,SKU-15119,Sony Flex 156 Mirrorless,Sony,2250,2023-07-10,2023-07-27,new,eligible_for_rental,619
1026,5,SKU-15123,Sony Flex 252 DSLR,Sony,975,2024-03-29,2024-06-20,refurbished,sold,290
1027,5,SKU-15131,Canon Ultra 144 Mirrorless,Canon,1190,2022-06-16,2022-06-23,new,sold,1018
1028,5,SKU-15138,Fujifilm Ultra 770 DSLR,Fujifilm,1450,2024-03-25,2024-06-01,new,sold,309
1029,5,SKU-15143,Canon Flex 195 Mirrorless,Canon,3195,2023-03-17,2023-03-20,new,sold,748
1030,5,SKU-15150,Fujifilm Pro 964 Mirrorless,Fujifilm,3295,2024-06-14,2024-08-07,new,sold,242
1031,5,SKU-15159,Sony Smart 832 Mirrorless,Sony,1125,2023-07-06,2023-07-16,new,sold,630
1032,5,SKU-15168,Sony Wireless 194 DSLR,Sony,2375,2022-01-11,2022-01-26,new,sold,1166
1033,5,SKU-15174,Sony Smart 807 DSLR,Sony,320,2023-11-05,2024-01-05,open_box,sold,457
1034,5,SKU-15183,Nikon Mini 249 Mirrorless,Nikon,3345,2024-05-29,2024-06-21,new,sold,289
1035,5,SKU-15188,Sony Air 422 Mirrorless,Sony,2365,2023-04-08,2023-04-22,open_box,sold,715
1036,5,SKU-15189,Nikon Edge 608 Mirrorless,Nikon,400,2023-06-13,2023-06-15,open_box,eligible_for_rental,661
1037,5,SKU-15195,Panasonic Pro 611 Mirrorless,Panasonic,575,2022-05-09,2022-06-08,new,sold,1033
1038,5,SKU-15201,Panasonic 4K 264 DSLR,Panasonic,1275,2023-11-27,2024-01-08,new,sold,454
1039,5,SKU-15207,Fujifilm Compact 350 DSLR,Fujifilm,695,2022-02-09,2022-02-22,new,sold,1139
1040,5,SKU-15211,Sony Edge 469 DSLR,Sony,2595,2023-11-29,2024-02-20,new,eligible_for_rental,411
1041,5,SKU-15213,Nikon Vision 918 Mirrorless,Nikon,2200,2024-10-06,2024-12-01,new,for_sale,126
1042,5,SKU-15218,Nikon Vision 453 Mirrorless,Nikon,3425,2023-02-19,2023-04-18,new,sold,719
1043,5,SKU-15220,Olympus Premium 751 DSLR,Olympus,1870,2023-10-21,2024-01-12,new,sold,450
1044,5,SKU-15224,Fujifilm Mini 383 Mirrorless,Fujifilm,1545,2022-07-25,2022-10-10,new,rented,909
1045,5,SKU-15229,Sony Wireless 266 Mirrorless,Sony,690,2024-07-21,2024-10-09,refurbished,sold,179
1046,5,SKU-15233,Nikon Neo 316 DSLR,Nikon,2030,2024-08-08,2024-08-20,new,for_sale,229
1047,5,SKU-15234,Fujifilm Ultra 228 Mirrorless,Fujifilm,3230,2024-03-30,2024-05-14,new,sold,327
1048,5,SKU-15241,Olympus Flex 515 Mirrorless,Olympus,3165,2022-08-04,2022-08-09,new,sold,971
1049,5,SKU-15247,Fujifilm Mini 747 Mirrorless,Fujifilm,2620,2024-10-30,2024-11-09,new,for_sale,148
1050,5,SKU-15248,Panasonic Vision 865 Mirrorless,Panasonic,1880,2023-07-15,2023-07-27,new,sold,619
1051,5,SKU-15253,Fujifilm Wireless 989 Mirrorless,Fujifilm,3260,2023-06-28,2023-08-08,new,sold,607
1052,5,SKU-15259,Nikon Elite 468 DSLR,Nikon,3100,2023-09-24,2023-10-06,new,sold,548
1053,5,SKU-15264,Nikon Plus 577 DSLR,Nikon,760,2023-03-31,2023-06-16,refurbished,sold,660
1054,5,SKU-15266,Nikon Slim 238 Mirrorless,Nikon,2690,2021-12-12,2022-02-26,new,sold,1135
1055,5,SKU-15275,Panasonic Advanced 805 DSLR,Panasonic,3305,2024-03-28,2024-05-23,new,sold,318
1056,5,SKU-15278,Fujifilm Compact 276 Mirrorless,Fujifilm,485,2022-09-03,2022-10-08,open_box,sold,911
1057,5,SKU-15280,Sony Max 252 Mirrorless,Sony,1110,2024-08-22,2024-11-16,refurbished,for_sale,141
1058,5,SKU-15282,Olympus Wireless 718 DSLR,Olympus,2975,2021-12-23,2022-03-14,open_box,sold,1119
1059,5,SKU-15283,Nikon Elite 434 Mirrorless,Nikon,1800,2022-11-17,2023-01-19,new,sold,808
1060,5,SKU-15286,Nikon Max 161 Mirrorless,Nikon,2215,2022-12-27,2022-12-31,new,sold,827
1061,5,SKU-15291,Panasonic HD 678 Mirrorless,Panasonic,795,2023-08-09,2023-09-07,new,sold,577
1062,5,SKU-15299,Fujifilm HD 974 DSLR,Fujifilm,570,2023-06-20,2023-08-12,new,sold,603
1063,5,SKU-15305,Nikon Mini 375 Mirrorless,Nikon,1345,2024-01-25,2024-03-26,new,eligible_for_rental,376
1064,5,SKU-15312,Olympus Premium 548 DSLR,Olympus,3005,2024-04-10,2024-04-17,new,sold,354
1065,5,SKU-15318,Sony Wireless 776 DSLR,Sony,3210,2023-05-03,2023-07-04,open_box,sold,642
1066,5,SKU-15322,Sony Pro 863 Mirrorless,Sony,750,2022-12-09,2023-02-27,new,sold,769
1067,5,SKU-15328,Nikon Flex 161 Mirrorless,Nikon,1300,2023-10-15,2023-12-24,new,sold,469
1068,5,SKU-15329,Panasonic Advanced 932 Mirrorless,Panasonic,1505,2023-03-09,2023-04-15,new,sold,722
1069,5,SKU-15335,Sony Mini 930 DSLR,Sony,265,2022-05-26,2022-07-29,new,sold,982
1070,5,SKU-15343,Canon Smart 503 Mirrorless,Canon,2470,2022-02-05,2022-03-11,refurbished,sold,1122
1071,5,SKU-15345,Fujifilm HD 511 DSLR,Fujifilm,2580,2024-04-28,2024-04-30,new,sold,341
1072,5,SKU-15354,Panasonic Elite 739 Mirrorless,Panasonic,2790,2024-03-16,2024-05-20,refurbished,sold,321
1073,5,SKU-15355,Sony Slim 414 Mirrorless,Sony,2100,2024-01-05,2024-02-11,new,sold,420
1074,5,SKU-15357,Nikon Mini 848 Mirrorless,Nikon,1460,2024-08-25,2024-10-14,new,sold,174
1075,5,SKU-15366,Olympus Plus 490 DSLR,Olympus,965,2023-11-28,2024-01-28,new,sold,434
1076,5,SKU-15368,Olympus Compact 311 Mirrorless,Olympus,885,2024-07-17,2024-09-30,new,sold,188
1077,5,SKU-15370,Nikon HD 993 DSLR,Nikon,1825,2024-03-15,2024-04-23,open_box,sold,348
1078,5,SKU-15376,Nikon Pro 704 Mirrorless,Nikon,2690,2024-07-20,2024-09-27,new,sold,191
1079,5,SKU-15382,Olympus Premium 878 Mirrorless,Olympus,2640,2022-06-03,2022-06-16,new,sold,1025
1080,5,SKU-15384,Fujifilm Elite 381 DSLR,Fujifilm,1645,2022-08-17,2022-08-21,new,sold,959
1081,5,SKU-15392,Nikon Edge 386 DSLR,Nikon,1180,2024-05-04,2024-06-10,open_box,sold,300
1082,5,SKU-15397,Panasonic Wireless 324 Mirrorless,Panasonic,875,2023-11-26,2024-01-31,new,sold,431
1083,5,SKU-15402,Fujifilm Neo 622 Mirrorless,Fujifilm,2935,2021-12-12,2022-01-21,new,sold,1171
1084,5,SKU-15405,Nikon Air 143 DSLR,Nikon,510,2024-06-16,2024-07-28,new,for_sale,252
1085,5,SKU-15406,Panasonic Neo 258 Mirrorless,Panasonic,1335,2022-01-05,2022-01-29,new,sold,1163
1086,5,SKU-15411,Fujifilm Vision 696 Mirrorless,Fujifilm,2050,2023-02-10,2023-02-19,new,sold,777
1087,5,SKU-15414,Canon Advanced 349 DSLR,Canon,2830,2024-01-13,2024-02-24,new,sold,407
1088,5,SKU-15419,Olympus Air 303 Mirrorless,Olympus,500,2022-10-10,2022-10-28,new,rented,891
1089,5,SKU-15427,Canon Wireless 128 Mirrorless,Canon,1605,2024-07-14,2024-08-24,new,sold,225
1090,5,SKU-15436,Canon Premium 767 DSLR,Canon,2965,2023-08-06,2023-10-12,new,sold,542
1091,5,SKU-15440,Nikon Slim 787 Mirrorless,Nikon,2805,2022-06-25,2022-09-04,new,rented,945
1092,5,SKU-15446,Nikon Ultra 856 DSLR,Nikon,2045,2022-12-10,2023-01-27,new,sold,800
1093,5,SKU-15449,Olympus Ultra 858 DSLR,Olympus,2135,2023-10-23,2023-11-04,new,sold,519
1094,5,SKU-15454,Panasonic Ultra 147 DSLR,Panasonic,3485,2023-04-29,2023-06-03,open_box,sold,673
1095,5,SKU-15455,Panasonic Ultra 872 Mirrorless,Panasonic,3085,2022-07-28,2022-08-01,new,sold,979
1096,5,SKU-15456,Panasonic Elite 316 Mirrorless,Panasonic,595,2024-04-07,2024-06-27,open_box,sold,283
1097,5,SKU-15457,Sony Plus 490 DSLR,Sony,2415,2023-07-13,2023-10-11,new,sold,543
1098,5,SKU-15463,Panasonic Ultra 701 DSLR,Panasonic,2710,2022-09-26,2022-10-30,new,sold,889
1099,5,SKU-15466,Fujifilm Pro 486 DSLR,Fujifilm,2665,2021-11-29,2022-01-07,new,rented,1185
1100,5,SKU-15475,Sony Plus 891 Mirrorless,Sony,1725,2022-08-16,2022-08-27,new,sold,953
1101,5,SKU-15477,Nikon Wireless 303 Mirrorless,Nikon,1720,2023-04-12,2023-05-21,open_box,sold,686
1102,5,SKU-15481,Olympus Elite 164 DSLR,Olympus,660,2023-08-18,2023-10-09,new,sold,545
1103,5,SKU-15485,Sony Advanced 547 DSLR,Sony,1815,2023-10-25,2024-01-15,new,eligible_for_rental,447
1104,5,SKU-15493,Olympus Smart 728 Mirrorless,Olympus,3480,2024-04-24,2024-06-07,open_box,sold,303
1105,5,SKU-15498,Nikon Wireless 283 DSLR,Nikon,1740,2022-02-20,2022-03-06,new,rented,1127
1106,5,SKU-15501,Fujifilm Elite 659 DSLR,Fujifilm,2140,2022-01-29,2022-03-11,open_box,sold,1122
1107,5,SKU-15503,Olympus 4K 367 DSLR,Olympus,2335,2022-07-02,2022-07-25,new,sold,986
1108,5,SKU-15508,Nikon Neo 179 Mirrorless,Nikon,2100,2024-04-19,2024-06-09,new,sold,301
1109,5,SKU-15512,Sony 4K 864 DSLR,Sony,3265,2023-02-20,2023-04-25,new,sold,712
1110,5,SKU-15519,Fujifilm Slim 128 DSLR,Fujifilm,1190,2022-12-01,2023-02-11,refurbished,eligible_for_rental,785
1111,5,SKU-15522,Nikon Wireless 242 Mirrorless,Nikon,1715,2022-10-08,2022-12-05,new,rented,853
1112,5,SKU-15525,Nikon Smart 512 DSLR,Nikon,870,2022-06-03,2022-07-04,new,sold,1007
1113,5,SKU-15534,Sony Ultra 351 Mirrorless,Sony,2465,2023-01-11,2023-03-12,open_box,sold,756
1114,5,SKU-15541,Fujifilm Premium 725 Mirrorless,Fujifilm,640,2023-09-26,2023-11-01,open_box,sold,522
1115,5,SKU-15548,Panasonic HD 679 DSLR,Panasonic,3120,2022-12-01,2022-12-31,new,sold,827
1116,5,SKU-15554,Sony Edge 713 DSLR,Sony,820,2023-01-30,2023-03-09,new,sold,759
1117,5,SKU-15556,Sony HD 724 DSLR,Sony,2425,2024-09-07,2024-09-11,new,for_sale,207
1118,5,SKU-15563,Nikon Smart 917 Mirrorless,Nikon,1340,2022-05-05,2022-07-27,new,sold,984
1119,5,SKU-15564,Nikon Wireless 967 DSLR,Nikon,2355,2024-02-08,2024-04-02,refurbished,sold,369
1120,5,SKU-15565,Sony Mini 297 Mirrorless,Sony,2775,2023-09-11,2023-11-18,new,sold,505
1121,5,SKU-15567,Nikon Mini 220 DSLR,Nikon,3280,2023-05-19,2023-06-13,new,sold,663
1122,5,SKU-15575,Fujifilm Pro 501 Mirrorless,Fujifilm,1720,2022-01-27,2022-04-13,open_box,sold,1089
1123,5,SKU-15581,Sony Mini 508 DSLR,Sony,1165,2024-05-02,2024-05-04,new,sold,337
1124,5,SKU-15587,Sony Pro 608 Mirrorless,Sony,1020,2022-04-15,2022-06-22,new,sold,1019
1125,5,SKU-15590,Olympus Elite 745 Mirrorless,Olympus,2475,2023-03-09,2023-05-15,new,eligible_for_rental,692
1126,5,SKU-15598,Canon Max 602 Mirrorless,Canon,2590,2022-06-09,2022-07-27,new,sold,984
1127,5,SKU-15600,Sony Compact 702 Mirrorless,Sony,1045,2022-04-18,2022-06-12,new,sold,1029
1128,5,SKU-15604,Panasonic Slim 983 Mirrorless,Panasonic,360,2024-07-30,2024-08-26,refurbished,sold,223
1129,5,SKU-15611,Sony Smart 909 DSLR,Sony,795,2023-07-04,2023-08-07,new,sold,608
1130,5,SKU-15618,Nikon Ultra 344 Mirrorless,Nikon,2805,2023-10-02,2023-10-14,new,sold,540
1131,5,SKU-15622,Canon Wireless 294 Mirrorless,Canon,2210,2024-05-18,2024-08-01,new,sold,248
1132,5,SKU-15628,Panasonic HD 905 DSLR,Panasonic,1340,2024-06-10,2024-06-29,new,sold,281
1133,5,SKU-15636,Nikon Flex 746 DSLR,Nikon,3010,2022-03-22,2022-06-10,new,rented,1031
1134,5,SKU-15645,Sony Max 954 DSLR,Sony,1240,2024-08-12,2024-08-15,new,for_sale,234
1135,5,SKU-15648,Panasonic 4K 704 Mirrorless,Panasonic,1820,2023-03-09,2023-04-26,new,sold,711
1136,5,SKU-15651,Fujifilm Plus 733 Mirrorless,Fujifilm,2080,2022-12-12,2023-01-01,refurbished,sold,826
1137,5,SKU-15658,Panasonic Mini 469 DSLR,Panasonic,2740,2022-05-12,2022-08-05,open_box,rented,975
1138,5,SKU-15664,Panasonic Flex 467 Mirrorless,Panasonic,1145,2024-06-19,2024-07-09,new,sold,271
1139,5,SKU-15671,Sony Ultra 821 DSLR,Sony,2355,2024-03-15,2024-05-06,new,sold,335
1140,5,SKU-15672,Panasonic Premium 919 Mirrorless,Panasonic,1550,2022-01-06,2022-02-16,new,sold,1145
1141,5,SKU-15676,Nikon Vision 250 Mirrorless,Nikon,3115,2023-12-29,2024-03-08,new,sold,394
1142,5,SKU-15680,Nikon Neo 427 Mirrorless,Nikon,3240,2023-10-15,2023-10-23,new,eligible_for_rental,531
1143,5,SKU-15684,Panasonic Neo 497 Mirrorless,Panasonic,2830,2024-05-30,2024-08-02,open_box,sold,247
1144,5,SKU-15686,Panasonic Wireless 471 DSLR,Panasonic,305,2024-02-06,2024-04-12,new,sold,359
1145,5,SKU-15693,Canon Mini 919 Mirrorless,Canon,1960,2021-12-24,2022-02-18,new,rented,1143
1146,5,SKU-15694,Sony HD 668 Mirrorless,Sony,1650,2022-08-30,2022-09-12,new,sold,937
1147,5,SKU-15699,Panasonic Plus 665 DSLR,Panasonic,1000,2024-08-20,2024-09-15,new,sold,203
1148,5,SKU-15701,Sony Max 834 DSLR,Sony,2475,2023-09-13,2023-11-09,open_box,sold,514
1149,5,SKU-15706,Panasonic Slim 328 DSLR,Panasonic,930,2023-12-24,2024-01-30,new,eligible_for_rental,432
1150,5,SKU-15709,Panasonic Compact 842 Mirrorless,Panasonic,2495,2022-08-12,2022-10-28,new,sold,891
1151,5,SKU-15716,Sony Premium 494 DSLR,Sony,240,2023-11-12,2024-01-16,refurbished,sold,446
1152,5,SKU-15725,Fujifilm Air 629 Mirrorless,Fujifilm,1235,2023-12-20,2024-02-06,new,sold,425
1153,5,SKU-15728,Panasonic Air 860 Mirrorless,Panasonic,415,2023-02-26,2023-04-06,new,sold,731
1154,5,SKU-15732,Nikon Slim 457 Mirrorless,Nikon,3210,2021-11-19,2022-01-25,new,sold,1167
1155,5,SKU-15736,Sony Pro 258 DSLR,Sony,2025,2022-06-05,2022-06-12,new,sold,1029
1156,5,SKU-15745,Nikon Premium 333 Mirrorless,Nikon,1705,2022-01-06,2022-03-24,new,sold,1109
1157,5,SKU-15754,Sony Max 228 DSLR,Sony,885,2023-03-02,2023-05-15,refurbished,sold,692
1158,5,SKU-15762,Fujifilm Plus 613 Mirrorless,Fujifilm,1655,2024-08-07,2024-09-01,new,for_sale,217
1159,5,SKU-15771,Panasonic Advanced 590 Mirrorless,Panasonic,3040,2022-06-22,2022-08-17,refurbished,sold,963
1160,5,SKU-15775,Panasonic Neo 569 DSLR,Panasonic,2280,2023-09-02,2023-11-05,new,sold,518
1161,5,SKU-15784,Sony Compact 935 DSLR,Sony,2050,2023-07-07,2023-09-25,new,sold,559
1162,5,SKU-15786,Nikon Air 687 Mirrorless,Nikon,790,2024-03-09,2024-06-03,new,for_sale,307
1163,5,SKU-15788,Fujifilm Wireless 413 DSLR,Fujifilm,1855,2023-08-12,2023-10-18,new,sold,536
1164,5,SKU-15790,Olympus Compact 352 DSLR,Olympus,1505,2022-11-28,2022-12-18,new,sold,840
1165,5,SKU-15793,Sony Edge 743 Mirrorless,Sony,1755,2023-07-29,2023-09-14,new,sold,570
1166,5,SKU-15798,Sony 4K 846 Mirrorless,Sony,2715,2021-11-22,2022-01-12,new,eligible_for_rental,1180
1167,5,SKU-15805,Sony Elite 503 DSLR,Sony,2565,2023-07-11,2023-08-27,new,sold,588
1168,5,SKU-15811,Fujifilm HD 983 Mirrorless,Fujifilm,2235,2024-05-16,2024-06-20,new,sold,290
1169,5,SKU-15813,Nikon Smart 897 Mirrorless,Nikon,3325,2023-12-12,2024-03-09,open_box,sold,393
1170,5,SKU-15821,Nikon Slim 110 Mirrorless,Nikon,1110,2023-12-02,2024-01-27,new,rented,435
1171,5,SKU-15823,Fujifilm Elite 662 Mirrorless,Fujifilm,2145,2022-12-05,2023-02-14,new,sold,782
1172,5,SKU-15831,Nikon Wireless 984 Mirrorless,Nikon,665,2022-02-20,2022-05-20,open_box,sold,1052
1173,5,SKU-15837,Sony Neo 357 DSLR,Sony,1395,2022-11-18,2023-02-12,open_box,sold,784
1174,5,SKU-15842,Sony Ultra 266 DSLR,Sony,1805,2022-02-01,2022-04-09,new,sold,1093
1175,5,SKU-15851,Sony Ultra 185 Mirrorless,Sony,1825,2023-08-26,2023-11-15,new,sold,508
1176,5,SKU-15853,Panasonic Max 928 Mirrorless,Panasonic,490,2024-05-31,2024-08-17,open_box,sold,232
1177,5,SKU-15857,Canon Mini 872 Mirrorless,Canon,440,2023-09-30,2023-11-27,new,sold,496
1178,5,SKU-15864,Canon HD 196 DSLR,Canon,940,2024-05-05,2024-05-24,new,sold,317
1179,5,SKU-15868,Panasonic Wireless 495 Mirrorless,Panasonic,2560,2022-10-16,2022-11-09,refurbished,sold,879
1180,5,SKU-15871,Nikon Compact 208 Mirrorless,Nikon,2985,2022-07-11,2022-09-18,new,sold,931
1181,5,SKU-15873,Sony Wireless 434 DSLR,Sony,3470,2023-03-27,2023-04-23,refurbished,sold,714
1182,5,SKU-15879,Canon Elite 260 Mirrorless,Canon,2655,2023-01-15,2023-03-04,new,sold,764
1183,5,SKU-15887,Fujifilm HD 469 Mirrorless,Fujifilm,505,2022-10-22,2022-12-25,new,rented,833
1184,5,SKU-15896,Canon Smart 279 DSLR,Canon,3485,2024-04-06,2024-04-30,new,sold,341
1185,5,SKU-15898,Panasonic 4K 581 Mirrorless,Panasonic,250,2023-12-27,2024-02-18,new,sold,413
1186,5,SKU-15900,Sony 4K 264 DSLR,Sony,2515,2024-01-09,2024-03-09,new,sold,393
1187,5,SKU-15905,Olympus Wireless 332 Mirrorless,Olympus,620,2022-10-29,2022-11-15,open_box,sold,873
1188,5,SKU-15913,Canon Pro 559 Mirrorless,Canon,720,2022-11-28,2022-12-20,new,sold,838
1189,5,SKU-15916,Olympus Smart 220 Mirrorless,Olympus,1210,2024-01-02,2024-02-04,new,sold,427
1190,5,SKU-15922,Canon Ultra 170 Mirrorless,Canon,675,2024-04-09,2024-04-14,new,sold,357
1191,5,SKU-15929,Panasonic Edge 310 DSLR,Panasonic,935,2024-05-01,2024-05-09,new,sold,332
1192,5,SKU-15937,Fujifilm Mini 390 DSLR,Fujifilm,1750,2023-05-26,2023-06-11,new,sold,665
1193,5,SKU-15946,Sony Plus 893 DSLR,Sony,1900,2022-09-22,2022-10-20,open_box,rented,899
1194,5,SKU-15948,Olympus Plus 591 DSLR,Olympus,1025,2023-07-29,2023-09-09,open_box,sold,575
1195,5,SKU-15956,Olympus Vision 356 DSLR,Olympus,680,2022-01-22,2022-03-12,open_box,sold,1121
1196,5,SKU-15957,Nikon Smart 303 DSLR,Nikon,1265,2024-07-12,2024-09-11,new,for_sale,207
1197,5,SKU-15961,Olympus Vision 837 Mirrorless,Olympus,2000,2022-07-26,2022-08-30,open_box,sold,950
1198,5,SKU-15970,Sony Wireless 557 Mirrorless,Sony,1705,2022-04-23,2022-07-17,new,sold,994
1199,5,SKU-15979,Sony Max 708 DSLR,Sony,950,2024-07-11,2024-07-25,new,sold,255
1200,5,SKU-15988,Olympus Compact 647 Mirrorless,Olympus,3445,2022-04-16,2022-06-19,new,sold,1022
1201,6,SKU-15995,Bang & Olufsen Edge Soundbar,Bang & Olufsen,670,2023-10-20,2023-12-26,new,sold,467
1202,6,SKU-15998,Apple Edge Soundbar,Apple,640,2022-10-22,2022-12-08,new,sold,850
1203,6,SKU-16000,JBL Smart Smart Hub,JBL,780,2023-07-19,2023-07-25,new,sold,621
1204,6,SKU-16005,Google Edge Soundbar,Google,660,2023-09-07,2023-09-07,new,sold,577
1205,6,SKU-16010,JBL Flex Speaker,JBL,100,2024-04-03,2024-04-20,new,sold,351
1206,6,SKU-16018,Bang & Olufsen Smart Smart Hub,Bang & Olufsen,550,2023-04-11,2023-05-25,new,sold,682
1207,6,SKU-16022,Amazon Elite Soundbar,Amazon,425,2023-06-08,2023-07-19,new,sold,627
1208,6,SKU-16024,Apple Compact Smart Display,Apple,750,2024-06-30,2024-07-19,new,sold,261
1209,6,SKU-16030,Amazon Pro Smart Hub,Amazon,545,2024-08-18,2024-09-24,new,sold,194
1210,6,SKU-16039,Sonos Max Smart Hub,Sonos,95,2022-06-30,2022-08-04,open_box,rented,976
1211,6,SKU-16044,Amazon Edge Speaker,Amazon,60,2024-08-21,2024-09-21,new,sold,197
1212,6,SKU-16052,Bose Vision Subwoofer,Bose,565,2023-11-24,2024-02-09,new,sold,422
1213,6,SKU-16059,Sonos Plus Smart Display,Sonos,540,2024-03-24,2024-05-13,open_box,sold,328
1214,6,SKU-16060,Amazon Neo Smart Hub,Amazon,620,2022-01-26,2022-02-22,new,rented,1139
1215,6,SKU-16063,Sonos Wireless Smart Hub,Sonos,770,2023-04-20,2023-06-04,open_box,sold,672
1216,6,SKU-16069,Amazon Premium Smart Hub,Amazon,645,2023-06-03,2023-06-23,new,sold,653
1217,6,SKU-16078,Bang & Olufsen Flex Smart Hub,Bang & Olufsen,775,2023-10-01,2023-11-15,new,sold,508
1218,6,SKU-16087,JBL Premium Smart Hub,JBL,315,2024-07-26,2024-10-15,new,sold,173
1219,6,SKU-16094,Bose Slim Smart Display,Bose,690,2022-11-01,2022-12-12,new,sold,846
1220,6,SKU-16096,Bose Vision Subwoofer,Bose,505,2024-03-17,2024-03-26,new,eligible_for_rental,376
1221,6,SKU-16098,Sonos HD Smart Display,Sonos,385,2024-02-15,2024-02-28,open_box,sold,403
1222,6,SKU-16103,Apple Vision Speaker,Apple,260,2022-08-21,2022-11-14,new,sold,874
1223,6,SKU-16104,Google Premium Soundbar,Google,175,2023-07-31,2023-08-31,new,sold,584
1224,6,SKU-16112,Bang & Olufsen Neo Soundbar,Bang & Olufsen,400,2024-09-15,2024-11-28,new,for_sale,129
1225,6,SKU-16119,JBL Slim Smart Display,JBL,815,2023-03-17,2023-04-26,new,sold,711
1226,6,SKU-16125,Sonos Elite Soundbar,Sonos,130,2024-08-07,2024-11-05,new,sold,152
1227,6,SKU-16134,Amazon Plus Smart Hub,Amazon,280,2022-02-20,2022-04-19,new,sold,1083
1228,6,SKU-16142,Google Vision Subwoofer,Google,430,2022-03-15,2022-04-28,new,sold,1074
1229,6,SKU-16145,Sonos 4K Speaker,Sonos,655,2024-08-08,2024-10-02,open_box,for_sale,186
1230,6,SKU-16148,Google Advanced Smart Display,Google,245,2024-09-15,2024-11-06,new,for_sale,151
1231,6,SKU-16157,JBL Vision Smart Display,JBL,550,2022-03-09,2022-05-26,new,sold,1046
1232,6,SKU-16166,Google Smart Soundbar,Google,75,2024-09-25,2024-10-10,new,sold,178
1233,6,SKU-16168,Sonos HD Soundbar,Sonos,770,2022-12-29,2023-01-10,new,sold,817
1234,6,SKU-16174,Bose Mini Smart Display,Bose,390,2023-01-18,2023-04-10,open_box,eligible_for_rental,727
1235,6,SKU-16176,Amazon Neo Subwoofer,Amazon,100,2022-02-04,2022-05-02,new,sold,1070
1236,6,SKU-16178,Bose Ultra Smart Display,Bose,75,2024-01-30,2024-02-07,new,sold,424
1237,6,SKU-16182,JBL Air Speaker,JBL,790,2022-08-29,2022-11-13,new,sold,875
1238,6,SKU-16185,Google Smart Speaker,Google,845,2022-07-27,2022-09-04,new,sold,945
1239,6,SKU-16187,Amazon Smart Subwoofer,Amazon,180,2023-09-25,2023-11-22,open_box,sold,501
1240,6,SKU-16196,Bang & Olufsen HD Smart Display,Bang & Olufsen,260,2022-09-17,2022-10-17,new,sold,902
1241,6,SKU-16200,Bang & Olufsen HD Subwoofer,Bang & Olufsen,135,2024-11-19,2024-11-30,open_box,sold,127
1242,6,SKU-16206,Apple Vision Smart Display,Apple,165,2023-01-04,2023-02-10,open_box,sold,786
1243,6,SKU-16213,Google Mini Smart Hub,Google,140,2024-07-02,2024-09-18,new,sold,200
1244,6,SKU-16218,Google Compact Speaker,Google,310,2022-10-01,2022-12-22,new,sold,836
1245,6,SKU-16219,Apple Ultra Smart Display,Apple,870,2022-01-21,2022-04-18,new,rented,1084
1246,6,SKU-16228,Apple Smart Smart Hub,Apple,855,2023-02-18,2023-03-30,new,sold,738
1247,6,SKU-16232,Google Advanced Speaker,Google,835,2021-12-11,2022-01-10,open_box,sold,1182
1248,6,SKU-16238,Bose HD Soundbar,Bose,170,2023-03-02,2023-05-20,open_box,sold,687
1249,6,SKU-16243,Google Vision Speaker,Google,405,2024-03-10,2024-04-27,new,sold,344
1250,6,SKU-16247,Bang & Olufsen Air Smart Hub,Bang & Olufsen,160,2023-03-24,2023-04-02,open_box,sold,735
1251,6,SKU-16249,Sonos Smart Smart Display,Sonos,190,2023-03-15,2023-06-10,open_box,sold,666
1252,6,SKU-16256,Amazon Flex Speaker,Amazon,695,2024-02-23,2024-03-19,new,sold,383
1253,6,SKU-16265,Bang & Olufsen Air Smart Hub,Bang & Olufsen,455,2022-07-19,2022-08-17,new,rented,963
1254,6,SKU-16272,Bose Max Smart Display,Bose,420,2022-08-25,2022-10-20,new,sold,899
1255,6,SKU-16273,JBL Edge Subwoofer,JBL,60,2022-09-27,2022-11-09,new,sold,879
1256,6,SKU-16276,Amazon Neo Soundbar,Amazon,855,2024-10-24,2024-11-01,new,sold,156
1257,6,SKU-16279,JBL Advanced Speaker,JBL,765,2023-06-03,2023-08-13,new,sold,602
1258,6,SKU-16282,Apple Wireless Subwoofer,Apple,505,2022-11-03,2022-12-14,new,sold,844
1259,6,SKU-16283,Bose Plus Subwoofer,Bose,100,2023-12-23,2024-03-04,new,sold,398
1260,6,SKU-16287,Bang & Olufsen Pro Smart Hub,Bang & Olufsen,290,2024-01-06,2024-03-03,refurbished,sold,399
1261,6,SKU-16291,JBL Air Soundbar,JBL,435,2023-12-11,2024-01-08,new,sold,454
1262,6,SKU-16296,JBL Smart Speaker,JBL,415,2023-08-20,2023-09-07,new,sold,577
1263,6,SKU-16304,Google Flex Soundbar,Google,850,2024-03-20,2024-05-12,new,sold,329
1264,6,SKU-16312,Google HD Smart Hub,Google,160,2023-01-26,2023-02-26,new,sold,770
1265,6,SKU-16316,Apple Advanced Smart Display,Apple,595,2023-01-23,2023-03-14,new,sold,754
1266,6,SKU-16324,Sonos Flex Speaker,Sonos,220,2023-09-14,2023-11-23,new,sold,500
1267,6,SKU-16331,Apple Mini Smart Hub,Apple,530,2022-11-15,2022-12-19,refurbished,sold,839
1268,6,SKU-16334,JBL HD Smart Hub,JBL,260,2022-07-25,2022-09-25,new,sold,924
1269,6,SKU-16343,JBL Pro Speaker,JBL,830,2022-03-08,2022-04-19,new,rented,1083
1270,6,SKU-16349,Amazon Advanced Smart Display,Amazon,580,2023-07-27,2023-10-09,new,sold,545
1271,6,SKU-16357,Amazon Smart Soundbar,Amazon,815,2022-10-19,2022-11-08,new,sold,880
1272,6,SKU-16359,Apple Mini Smart Display,Apple,635,2023-05-12,2023-05-26,open_box,sold,681
1273,6,SKU-16362,Google Plus Smart Hub,Google,455,2021-11-27,2022-02-10,open_box,sold,1151
1274,6,SKU-16368,Google Vision Subwoofer,Google,340,2023-11-17,2023-11-27,new,sold,496
1275,6,SKU-16370,Bose Elite Soundbar,Bose,865,2023-09-12,2023-10-19,open_box,sold,535
1276,6,SKU-16372,Amazon Air Smart Display,Amazon,210,2023-05-23,2023-07-28,new,rented,618
1277,6,SKU-16380,Amazon Smart Smart Hub,Amazon,895,2023-08-31,2023-11-23,new,eligible_for_rental,500
1278,6,SKU-16382,Amazon Flex Subwoofer,Amazon,65,2024-01-25,2024-02-19,new,sold,412
1279,6,SKU-16389,Google Pro Subwoofer,Google,775,2024-03-28,2024-05-19,open_box,sold,322
1280,6,SKU-16395,Bose 4K Smart Display,Bose,275,2024-04-16,2024-07-10,new,sold,270
1281,6,SKU-16401,Bang & Olufsen Edge Soundbar,Bang & Olufsen,110,2024-01-27,2024-02-04,new,sold,427
1282,6,SKU-16405,Bang & Olufsen Max Subwoofer,Bang & Olufsen,110,2024-05-13,2024-08-01,new,sold,248
1283,6,SKU-16407,Apple Plus Soundbar,Apple,125,2022-07-07,2022-07-07,new,sold,1004
1284,6,SKU-16411,Bose Pro Soundbar,Bose,455,2022-11-11,2023-02-09,new,sold,787
1285,6,SKU-16414,Google Compact Speaker,Google,115,2023-01-07,2023-02-09,new,sold,787
1286,6,SKU-16423,Apple Advanced Smart Display,Apple,690,2023-03-23,2023-04-12,new,sold,725
1287,6,SKU-16428,Apple Mini Smart Display,Apple,675,2021-10-24,2022-01-15,open_box,sold,1177
1288,6,SKU-16433,Amazon Smart Smart Display,Amazon,815,2022-02-14,2022-05-04,refurbished,sold,1068
1289,6,SKU-16440,Sonos Neo Smart Display,Sonos,640,2022-03-04,2022-05-15,new,sold,1057
1290,6,SKU-16446,Google 4K Smart Hub,Google,315,2022-12-27,2023-01-25,new,sold,802
1291,6,SKU-16449,Sonos 4K Smart Hub,Sonos,445,2024-06-13,2024-08-09,new,sold,240
1292,6,SKU-16452,JBL HD Smart Hub,JBL,890,2022-09-12,2022-11-02,new,sold,886
1293,6,SKU-16453,Google Smart Speaker,Google,380,2022-09-30,2022-11-03,new,sold,885
1294,6,SKU-16457,Sonos Air Smart Display,Sonos,245,2024-07-08,2024-09-23,open_box,for_sale,195
1295,6,SKU-16465,Google Mini Speaker,Google,105,2023-07-27,2023-10-25,new,sold,529
1296,6,SKU-16470,Bose Premium Speaker,Bose,860,2022-10-09,2022-11-21,open_box,sold,867
1297,6,SKU-16475,JBL Mini Smart Display,JBL,665,2022-08-04,2022-09-20,new,sold,929
1298,6,SKU-16483,Sonos Ultra Soundbar,Sonos,850,2023-03-15,2023-04-24,open_box,sold,713
1299,6,SKU-16491,Bang & Olufsen Slim Smart Display,Bang & Olufsen,715,2023-01-14,2023-04-14,new,sold,723
1300,6,SKU-16495,Bang & Olufsen Premium Subwoofer,Bang & Olufsen,800,2024-02-08,2024-02-26,new,sold,405
1301,6,SKU-16501,Sonos Edge Speaker,Sonos,430,2022-12-27,2023-01-31,open_box,sold,796
1302,6,SKU-16504,Amazon Pro Smart Display,Amazon,350,2024-07-06,2024-09-15,new,for_sale,203
1303,6,SKU-16509,Amazon Air Subwoofer,Amazon,565,2023-08-22,2023-08-29,open_box,sold,586
1304,6,SKU-16513,Apple Edge Speaker,Apple,300,2023-02-05,2023-02-23,new,sold,773
1305,6,SKU-16514,Sonos Mini Smart Hub,Sonos,580,2022-09-03,2022-11-18,new,sold,870
1306,6,SKU-16520,Sonos Slim Smart Hub,Sonos,290,2022-08-11,2022-09-21,new,sold,928
1307,6,SKU-16522,Sonos Wireless Smart Hub,Sonos,515,2024-03-18,2024-06-08,new,sold,302
1308,6,SKU-16529,Bose Wireless Subwoofer,Bose,80,2024-11-06,2024-11-13,open_box,sold,144
1309,6,SKU-16532,Google Max Subwoofer,Google,190,2023-04-16,2023-04-27,refurbished,sold,710
1310,6,SKU-16538,Amazon Wireless Smart Hub,Amazon,390,2022-03-02,2022-05-08,new,sold,1064
1311,6,SKU-16545,JBL Elite Speaker,JBL,695,2023-05-21,2023-06-19,new,sold,657
1312,6,SKU-16546,JBL Flex Speaker,JBL,85,2023-04-03,2023-04-22,new,rented,715
1313,6,SKU-16555,Amazon Wireless Smart Display,Amazon,465,2024-02-19,2024-04-29,new,sold,342
1314,6,SKU-16556,Bose Vision Smart Hub,Bose,55,2022-04-02,2022-06-15,new,sold,1026
1315,6,SKU-16565,Bang & Olufsen Smart Speaker,Bang & Olufsen,825,2023-06-27,2023-07-31,new,sold,615
1316,6,SKU-16571,Apple HD Smart Display,Apple,215,2023-04-29,2023-06-18,new,sold,658
1317,6,SKU-16576,Google Ultra Soundbar,Google,145,2024-02-20,2024-03-04,refurbished,sold,398
1318,6,SKU-16580,Bose Vision Smart Display,Bose,445,2023-02-03,2023-04-16,new,sold,721
1319,6,SKU-16584,Apple Ultra Smart Display,Apple,225,2024-01-25,2024-03-06,new,sold,396
1320,6,SKU-16591,Apple Smart Smart Display,Apple,725,2023-05-15,2023-05-24,new,sold,683
1321,6,SKU-16593,Sonos Ultra Smart Display,Sonos,425,2022-11-11,2022-11-23,new,sold,865
1322,6,SKU-16599,Bose Advanced Smart Hub,Bose,605,2023-08-29,2023-09-02,new,sold,582
1323,6,SKU-16604,Bose Slim Smart Hub,Bose,195,2022-08-08,2022-08-19,open_box,sold,961
1324,6,SKU-16608,Google Vision Smart Hub,Google,105,2022-10-14,2022-11-10,new,sold,878
1325,6,SKU-16615,JBL HD Smart Hub,JBL,400,2021-11-16,2022-01-28,new,sold,1164
1326,6,SKU-16617,Bang & Olufsen Slim Speaker,Bang & Olufsen,620,2022-12-22,2023-01-21,open_box,sold,806
1327,6,SKU-16625,Bang & Olufsen Ultra Soundbar,Bang & Olufsen,655,2022-03-02,2022-04-07,new,sold,1095
1328,6,SKU-16627,Apple 4K Smart Display,Apple,610,2023-11-22,2024-01-31,new,sold,431
1329,6,SKU-16630,Amazon 4K Smart Display,Amazon,445,2023-11-06,2023-12-13,new,sold,480
1330,6,SKU-16638,JBL Flex Subwoofer,JBL,265,2022-08-28,2022-10-09,new,sold,910
1331,6,SKU-16646,Google Flex Soundbar,Google,560,2022-09-11,2022-11-23,new,sold,865
1332,6,SKU-16650,Bang & Olufsen HD Subwoofer,Bang & Olufsen,85,2022-05-20,2022-08-01,new,rented,979
1333,6,SKU-16655,Apple Smart Smart Display,Apple,670,2023-11-26,2024-02-04,new,sold,427
1334,6,SKU-16664,JBL HD Soundbar,JBL,595,2024-06-29,2024-07-18,open_box,for_sale,262
1335,6,SKU-16668,JBL Ultra Smart Display,JBL,255,2024-03-04,2024-04-11,new,sold,360
1336,6,SKU-16677,JBL Plus Smart Display,JBL,150,2022-10-21,2023-01-16,new,sold,811
1337,6,SKU-16679,Amazon Neo Speaker,Amazon,640,2023-07-26,2023-09-07,new,sold,577
1338,6,SKU-16685,Bose Compact Speaker,Bose,625,2022-01-02,2022-03-06,new,sold,1127
1339,6,SKU-16691,Sonos Slim Smart Hub,Sonos,635,2023-09-24,2023-12-20,new,sold,473
1340,6,SKU-16692,Google Pro Subwoofer,Google,125,2023-02-27,2023-05-18,new,sold,689
1341,6,SKU-16700,Google Wireless Smart Display,Google,520,2024-06-16,2024-07-13,new,sold,267
1342,6,SKU-16707,Sonos Ultra Speaker,Sonos,475,2024-07-02,2024-08-06,open_box,sold,243
1343,6,SKU-16714,Bang & Olufsen Flex Subwoofer,Bang & Olufsen,465,2024-06-07,2024-07-14,new,sold,266
1344,6,SKU-16715,Amazon Wireless Soundbar,Amazon,460,2023-05-26,2023-05-26,new,sold,681
1345,6,SKU-16718,Bang & Olufsen HD Smart Display,Bang & Olufsen,785,2024-09-08,2024-10-07,open_box,for_sale,181
1346,6,SKU-16726,Bang & Olufsen Plus Subwoofer,Bang & Olufsen,525,2024-04-14,2024-06-16,new,sold,294
1347,6,SKU-16733,Sonos Edge Smart Hub,Sonos,80,2024-04-02,2024-06-12,open_box,sold,298
1348,6,SKU-16740,Sonos Max Smart Hub,Sonos,480,2023-04-27,2023-05-14,new,sold,693
1349,6,SKU-16741,Bose Max Smart Display,Bose,525,2024-08-28,2024-09-05,open_box,sold,213
1350,6,SKU-16744,Apple Mini Soundbar,Apple,175,2022-07-03,2022-09-30,new,sold,919
1351,6,SKU-16745,Amazon Pro Subwoofer,Amazon,500,2023-08-28,2023-09-14,new,sold,570
1352,6,SKU-16749,Bang & Olufsen Air Smart Hub,Bang & Olufsen,230,2022-11-01,2022-12-20,new,sold,838
1353,6,SKU-16758,Bang & Olufsen Max Speaker,Bang & Olufsen,455,2022-03-18,2022-05-29,new,sold,1043
1354,6,SKU-16762,JBL Mini Speaker,JBL,690,2022-02-16,2022-03-29,refurbished,sold,1104
1355,6,SKU-16769,Sonos Advanced Soundbar,Sonos,685,2022-07-19,2022-09-18,new,rented,931
1356,6,SKU-16778,Google Smart Speaker,Google,415,2022-01-11,2022-03-05,new,sold,1128
1357,6,SKU-16787,Sonos Elite Smart Display,Sonos,445,2023-10-24,2023-12-01,new,sold,492
1358,6,SKU-16793,Amazon Air Subwoofer,Amazon,560,2022-08-10,2022-10-09,new,sold,910
1359,6,SKU-16795,JBL Air Speaker,JBL,265,2023-05-31,2023-07-04,new,sold,642
1360,6,SKU-16804,Bose Wireless Smart Display,Bose,875,2022-12-17,2023-01-28,new,sold,799
1361,6,SKU-16811,Amazon Slim Smart Display,Amazon,210,2023-11-03,2024-01-11,new,sold,451
1362,6,SKU-16817,Bose Neo Soundbar,Bose,555,2023-10-30,2023-11-22,open_box,sold,501
1363,6,SKU-16825,Amazon Premium Smart Hub,Amazon,505,2022-09-25,2022-10-27,new,sold,892
1364,6,SKU-16827,Amazon Plus Speaker,Amazon,210,2023-04-04,2023-06-06,new,sold,670
1365,6,SKU-16836,Apple Slim Smart Hub,Apple,585,2024-07-15,2024-09-29,new,for_sale,189
1366,6,SKU-16844,Google HD Speaker,Google,355,2022-04-17,2022-04-22,new,rented,1080
1367,6,SKU-16849,Sonos Flex Soundbar,Sonos,85,2022-05-02,2022-05-03,new,sold,1069
1368,6,SKU-16855,Apple Slim Soundbar,Apple,575,2023-04-22,2023-07-01,new,sold,645
1369,6,SKU-16859,Bose Ultra Soundbar,Bose,510,2022-01-16,2022-02-05,new,sold,1156
1370,6,SKU-16864,Bang & Olufsen Air Soundbar,Bang & Olufsen,255,2022-11-14,2022-12-06,new,sold,852
1371,6,SKU-16869,Sonos Ultra Subwoofer,Sonos,770,2024-06-05,2024-07-02,new,sold,278
1372,6,SKU-16871,Bang & Olufsen Max Smart Hub,Bang & Olufsen,770,2024-01-15,2024-02-18,new,eligible_for_rental,413
1373,6,SKU-16879,Google Edge Subwoofer,Google,570,2024-04-08,2024-06-24,new,sold,286
1374,6,SKU-16885,Bose Max Soundbar,Bose,315,2024-03-05,2024-04-09,new,sold,362
1375,6,SKU-16890,Bose HD Speaker,Bose,435,2021-12-27,2022-02-14,new,rented,1147
1376,6,SKU-16896,Amazon HD Smart Hub,Amazon,125,2023-04-24,2023-06-07,new,sold,669
1377,6,SKU-16901,Amazon Slim Subwoofer,Amazon,595,2023-02-01,2023-02-05,new,sold,791
1378,6,SKU-16907,Sonos Premium Subwoofer,Sonos,90,2022-04-06,2022-06-12,new,sold,1029
1379,6,SKU-16915,Bose Compact Soundbar,Bose,395,2022-10-03,2022-12-08,new,sold,850
1380,6,SKU-16919,Bang & Olufsen Max Smart Hub,Bang & Olufsen,850,2022-11-10,2022-12-10,new,sold,848
1381,6,SKU-16923,Apple Max Subwoofer,Apple,155,2024-05-27,2024-08-05,refurbished,sold,244
1382,6,SKU-16929,JBL Smart Speaker,JBL,325,2022-11-14,2022-12-18,new,sold,840
1383,6,SKU-16930,Apple Edge Speaker,Apple,450,2022-08-29,2022-09-28,new,sold,921
1384,6,SKU-16936,Apple Slim Speaker,Apple,655,2022-09-08,2022-11-28,new,sold,860
1385,6,SKU-16937,Sonos HD Subwoofer,Sonos,730,2024-01-09,2024-03-19,new,sold,383
1386,6,SKU-16944,Apple Neo Smart Hub,Apple,190,2024-10-04,2024-10-20,new,sold,168
1387,6,SKU-16948,Sonos 4K Smart Hub,Sonos,370,2024-02-02,2024-02-05,new,sold,426
1388,6,SKU-16956,Bose Ultra Subwoofer,Bose,720,2022-07-23,2022-10-14,new,sold,905
1389,6,SKU-16963,Bose Elite Smart Hub,Bose,390,2024-06-24,2024-08-10,new,sold,239
1390,6,SKU-16971,Bose Mini Smart Display,Bose,365,2023-10-21,2023-12-19,new,rented,474
1391,6,SKU-16978,Sonos Compact Speaker,Sonos,845,2024-08-31,2024-09-08,new,sold,210
1392,6,SKU-16984,Bose Compact Subwoofer,Bose,280,2021-12-17,2022-02-20,new,sold,1141
1393,6,SKU-16993,Amazon Ultra Smart Hub,Amazon,345,2023-10-25,2023-10-31,new,eligible_for_rental,523
1394,6,SKU-16995,Google Air Subwoofer,Google,480,2022-09-24,2022-11-11,new,sold,877
1395,6,SKU-17003,JBL Slim Subwoofer,JBL,375,2024-02-19,2024-03-18,new,sold,384
1396,6,SKU-17004,Amazon Ultra Soundbar,Amazon,405,2022-09-14,2022-11-07,new,sold,881
1397,6,SKU-17009,Bose Ultra Smart Hub,Bose,720,2023-01-25,2023-03-25,new,sold,743
1398,6,SKU-17017,Sonos Max Smart Hub,Sonos,860,2023-04-01,2023-06-13,new,sold,663
1399,6,SKU-17026,Bang & Olufsen Wireless Subwoofer,Bang & Olufsen,630,2023-04-20,2023-05-18,new,sold,689
1400,6,SKU-17033,Google Slim Smart Hub,Google,95,2023-08-07,2023-09-08,new,sold,576
1401,6,SKU-17036,Apple Premium Speaker,Apple,640,2024-09-16,2024-11-01,new,sold,156
1402,6,SKU-17043,Google Vision Soundbar,Google,580,2022-04-06,2022-05-16,new,sold,1056
1403,6,SKU-17050,Google Mini Smart Display,Google,845,2022-07-23,2022-08-31,new,sold,949
1404,6,SKU-17058,Google HD Smart Display,Google,255,2022-10-22,2022-12-04,new,sold,854
1405,6,SKU-17064,Apple HD Speaker,Apple,175,2024-03-25,2024-05-27,new,sold,314
1406,6,SKU-17067,Sonos Ultra Smart Display,Sonos,885,2023-10-28,2024-01-22,open_box,sold,440
1407,6,SKU-17073,JBL Vision Smart Display,JBL,135,2022-06-13,2022-06-18,new,sold,1023
1408,6,SKU-17074,Bang & Olufsen Advanced Smart Display,Bang & Olufsen,555,2022-03-10,2022-05-27,new,sold,1045
1409,6,SKU-17077,Sonos Neo Smart Hub,Sonos,565,2023-08-01,2023-08-05,new,sold,610
1410,6,SKU-17083,JBL Smart Smart Display,JBL,300,2024-02-08,2024-04-01,new,sold,370
1411,6,SKU-17088,JBL Wireless Soundbar,JBL,80,2022-02-15,2022-05-01,new,rented,1071
1412,6,SKU-17091,Sonos Neo Smart Display,Sonos,635,2023-03-05,2023-05-05,new,sold,702
1413,6,SKU-17098,Sonos Flex Smart Display,Sonos,180,2022-12-15,2023-01-28,new,sold,799
1414,6,SKU-17099,Sonos Slim Smart Hub,Sonos,715,2023-09-14,2023-10-25,refurbished,eligible_for_rental,529
1415,6,SKU-17106,JBL Wireless Smart Hub,JBL,130,2023-10-30,2023-11-17,new,sold,506
1416,6,SKU-17109,Bose Edge Smart Hub,Bose,80,2021-10-31,2022-01-19,new,rented,1173
1417,6,SKU-17115,Bang & Olufsen 4K Subwoofer,Bang & Olufsen,220,2022-09-18,2022-10-30,open_box,sold,889
1418,6,SKU-17124,Amazon Edge Subwoofer,Amazon,215,2022-01-23,2022-03-22,open_box,sold,1111
1419,6,SKU-17133,Amazon Flex Speaker,Amazon,395,2022-03-10,2022-05-09,new,sold,1063
1420,6,SKU-17141,Apple Vision Smart Hub,Apple,275,2022-02-20,2022-03-21,open_box,sold,1112
1421,6,SKU-17146,Google Slim Soundbar,Google,860,2024-06-09,2024-07-09,new,sold,271
1422,6,SKU-17147,Google Pro Smart Hub,Google,65,2023-07-06,2023-09-20,open_box,sold,564
1423,6,SKU-17148,Google Vision Speaker,Google,775,2023-12-27,2024-03-07,open_box,sold,395
1424,6,SKU-17154,Bose Flex Smart Display,Bose,600,2024-09-07,2024-09-09,new,sold,209
1425,6,SKU-17157,JBL Slim Soundbar,JBL,820,2023-02-02,2023-02-22,new,sold,774
1426,6,SKU-17159,Bang & Olufsen Compact Speaker,Bang & Olufsen,885,2022-09-06,2022-09-06,new,sold,943
1427,6,SKU-17161,Bang & Olufsen Slim Speaker,Bang & Olufsen,475,2024-06-06,2024-08-10,new,for_sale,239
1428,6,SKU-17169,JBL Slim Soundbar,JBL,380,2022-11-15,2023-01-23,new,sold,804
1429,6,SKU-17170,Apple Max Soundbar,Apple,495,2022-12-03,2023-02-02,refurbished,sold,794
1430,6,SKU-17176,Sonos Wireless Smart Hub,Sonos,230,2022-11-07,2023-01-25,open_box,sold,802
1431,6,SKU-17184,Bang & Olufsen Vision Smart Hub,Bang & Olufsen,380,2024-01-01,2024-01-26,new,sold,436
1432,6,SKU-17185,Google Advanced Smart Display,Google,400,2021-12-07,2022-01-16,new,sold,1176
1433,6,SKU-17187,Bose Plus Subwoofer,Bose,895,2023-11-14,2023-11-29,new,sold,494
1434,6,SKU-17188,Bang & Olufsen Wireless Smart Display,Bang & Olufsen,80,2022-07-31,2022-08-07,new,sold,973
1435,6,SKU-17191,JBL Slim Smart Hub,JBL,885,2024-01-07,2024-01-16,new,sold,446
1436,6,SKU-17196,JBL Compact Smart Display,JBL,205,2022-06-23,2022-07-10,new,sold,1001
1437,6,SKU-17198,Amazon Plus Speaker,Amazon,205,2022-12-27,2023-03-11,new,sold,757
1438,6,SKU-17202,Sonos Slim Subwoofer,Sonos,845,2023-06-23,2023-09-01,open_box,sold,583
1439,6,SKU-17207,Sonos HD Smart Display,Sonos,280,2022-03-31,2022-04-17,new,sold,1085
1440,6,SKU-17209,Apple Ultra Smart Display,Apple,395,2022-07-05,2022-08-07,new,sold,973
1441,6,SKU-17218,Bang & Olufsen Premium Subwoofer,Bang & Olufsen,645,2022-05-13,2022-08-01,new,sold,979
1442,6,SKU-17226,Bose Elite Speaker,Bose,630,2023-05-02,2023-07-14,open_box,sold,632
1443,6,SKU-17230,Google Flex Subwoofer,Google,615,2022-11-24,2023-01-30,new,rented,797
1444,6,SKU-17236,Bose HD Subwoofer,Bose,775,2022-06-15,2022-09-13,new,sold,936
1445,6,SKU-17241,JBL Air Soundbar,JBL,685,2022-07-09,2022-09-20,new,sold,929
1446,6,SKU-17243,JBL Premium Speaker,JBL,670,2024-03-02,2024-03-19,new,sold,383
1447,6,SKU-17248,Sonos Vision Smart Hub,Sonos,140,2023-01-01,2023-02-27,new,sold,769
1448,6,SKU-17251,JBL Plus Subwoofer,JBL,625,2024-04-04,2024-06-27,new,sold,283
1449,6,SKU-17254,Bose HD Smart Hub,Bose,855,2024-06-08,2024-06-14,new,for_sale,296
1450,6,SKU-17255,Google Neo Subwoofer,Google,295,2024-04-12,2024-04-26,new,sold,345
1451,6,SKU-17258,Amazon Slim Subwoofer,Amazon,105,2024-06-05,2024-07-19,new,sold,261
1452,6,SKU-17262,Google Advanced Soundbar,Google,455,2024-05-30,2024-06-16,new,for_sale,294
1453,6,SKU-17266,JBL Air Soundbar,JBL,140,2023-11-25,2024-01-30,new,rented,432
1454,6,SKU-17268,Amazon Edge Subwoofer,Amazon,865,2022-07-09,2022-08-08,new,sold,972
1455,6,SKU-17273,Bang & Olufsen Premium Soundbar,Bang & Olufsen,865,2023-08-06,2023-11-02,refurbished,sold,521
1456,6,SKU-17282,Google Vision Soundbar,Google,140,2023-07-28,2023-09-20,new,sold,564
1457,6,SKU-17287,Apple Advanced Smart Hub,Apple,580,2023-04-06,2023-05-17,new,sold,690
1458,6,SKU-17293,Amazon Air Soundbar,Amazon,415,2021-11-07,2022-02-03,new,sold,1158
1459,6,SKU-17295,Apple Elite Smart Hub,Apple,400,2022-05-16,2022-05-29,open_box,sold,1043
1460,6,SKU-17304,Google Elite Speaker,Google,80,2021-11-10,2022-01-24,new,sold,1168
1461,7,SKU-17306,Corsair Vision Gaming Mouse,Corsair,255,2022-06-09,2022-07-11,new,rented,1000
1462,7,SKU-17315,Das Keyboard Premium Gaming Mouse,Das Keyboard,270,2021-11-13,2022-01-14,new,sold,1178
1463,7,SKU-17322,Corsair Plus Webcam,Corsair,130,2024-02-25,2024-05-24,new,sold,317
1464,7,SKU-17328,SteelSeries Flex Mechanical Keyboard,SteelSeries,275,2023-01-08,2023-01-30,new,rented,797
1465,7,SKU-17332,Das Keyboard Pro Gaming Mouse,Das Keyboard,140,2022-02-11,2022-05-06,new,sold,1066
1466,7,SKU-17336,Keychron Elite Headset,Keychron,310,2023-06-11,2023-09-06,new,sold,578
1467,7,SKU-17339,Das Keyboard Max Gaming Mouse,Das Keyboard,170,2022-09-29,2022-12-25,new,sold,833
1468,7,SKU-17341,Logitech Smart Mechanical Keyboard,Logitech,190,2022-11-03,2022-12-07,open_box,sold,851
1469,7,SKU-17350,Das Keyboard Flex Webcam,Das Keyboard,275,2023-01-20,2023-03-18,new,sold,750
1470,7,SKU-17353,Keychron Neo Gaming Mouse,Keychron,370,2022-01-17,2022-02-11,new,sold,1150
1471,7,SKU-17358,SteelSeries Flex Headset,SteelSeries,75,2022-03-23,2022-04-21,open_box,sold,1081
1472,7,SKU-17367,Logitech Flex Mechanical Keyboard,Logitech,220,2023-04-04,2023-04-20,new,sold,717
1473,7,SKU-17368,Keychron Flex Mechanical Keyboard,Keychron,155,2022-06-08,2022-07-11,new,sold,1000
1474,7,SKU-17374,Keychron Elite Gaming Mouse,Keychron,80,2022-12-29,2023-03-28,open_box,sold,740
1475,7,SKU-17376,Keychron Elite Mechanical Keyboard,Keychron,300,2023-08-25,2023-10-22,new,sold,532
1476,7,SKU-17381,Corsair Ultra Headset,Corsair,40,2023-10-02,2023-10-23,refurbished,rented,531
1477,7,SKU-17383,Logitech Advanced Headset,Logitech,165,2022-02-03,2022-02-22,new,sold,1139
1478,7,SKU-17389,SteelSeries Plus Mechanical Keyboard,SteelSeries,230,2022-08-15,2022-10-30,open_box,sold,889
1479,7,SKU-17398,SteelSeries Compact Gaming Mouse,SteelSeries,335,2023-06-12,2023-08-15,new,sold,600
1480,7,SKU-17399,Corsair HD USB-C Hub,Corsair,40,2022-04-11,2022-04-11,open_box,sold,1091
1481,7,SKU-17404,Razer HD Headset,Razer,220,2022-09-14,2022-11-04,new,rented,884
1482,7,SKU-17406,Razer Mini Wireless Combo,Razer,165,2022-02-24,2022-04-11,new,sold,1091
1483,7,SKU-17409,Keychron HD Mechanical Keyboard,Keychron,180,2023-03-17,2023-05-08,new,rented,699
1484,7,SKU-17418,SteelSeries 4K Mechanical Keyboard,SteelSeries,50,2022-03-23,2022-04-07,new,sold,1095
1485,7,SKU-17423,Keychron Plus Webcam,Keychron,380,2024-09-16,2024-10-17,new,sold,171
1486,7,SKU-17427,SteelSeries Advanced Gaming Mouse,SteelSeries,280,2022-07-20,2022-10-17,new,sold,902
1487,7,SKU-17432,Das Keyboard Smart Mechanical Keyboard,Das Keyboard,120,2024-04-23,2024-05-09,new,sold,332
1488,7,SKU-17441,SteelSeries Advanced USB-C Hub,SteelSeries,350,2024-02-02,2024-03-10,open_box,sold,392
1489,7,SKU-17448,Razer 4K USB-C Hub,Razer,320,2023-12-14,2024-01-26,new,sold,436
1490,7,SKU-17451,Corsair Advanced Wireless Combo,Corsair,180,2023-06-21,2023-07-28,new,sold,618
1491,7,SKU-17460,Keychron Ultra Webcam,Keychron,285,2024-11-06,2024-11-28,new,sold,129
1492,7,SKU-17466,Das Keyboard Elite Wireless Combo,Das Keyboard,285,2022-03-22,2022-04-28,new,sold,1074
1493,7,SKU-17470,Razer Advanced Webcam,Razer,145,2022-07-20,2022-09-08,open_box,sold,941
1494,7,SKU-17474,Razer Plus Webcam,Razer,200,2022-07-04,2022-09-11,new,sold,938
1495,7,SKU-17478,Razer Vision Gaming Mouse,Razer,180,2023-09-26,2023-10-24,new,sold,530
1496,7,SKU-17485,Logitech Max USB-C Hub,Logitech,65,2024-08-31,2024-10-22,refurbished,for_sale,166
1497,7,SKU-17494,Das Keyboard Edge Mechanical Keyboard,Das Keyboard,400,2021-12-17,2022-03-02,new,sold,1131
1498,7,SKU-17500,SteelSeries Plus Headset,SteelSeries,170,2024-06-05,2024-08-25,open_box,for_sale,224
1499,7,SKU-17508,Corsair Compact Headset,Corsair,110,2023-11-07,2024-01-24,new,sold,438
1500,7,SKU-17511,Logitech Max Headset,Logitech,315,2023-07-29,2023-08-11,new,sold,604
1501,7,SKU-17516,Razer Premium Mechanical Keyboard,Razer,245,2024-03-21,2024-04-14,new,sold,357
1502,7,SKU-17519,Razer Edge Wireless Combo,Razer,155,2024-04-27,2024-05-06,new,sold,335
1503,7,SKU-17524,Logitech Compact Headset,Logitech,45,2023-11-03,2024-01-22,new,sold,440
1504,7,SKU-17530,Razer Air Webcam,Razer,285,2022-08-11,2022-08-27,new,sold,953
1505,7,SKU-17531,Logitech Advanced USB-C Hub,Logitech,175,2022-06-28,2022-07-01,new,sold,1010
1506,7,SKU-17534,Das Keyboard Neo Gaming Mouse,Das Keyboard,315,2023-04-23,2023-06-05,new,sold,671
1507,7,SKU-17535,SteelSeries Edge USB-C Hub,SteelSeries,260,2024-07-28,2024-09-20,refurbished,sold,198
1508,7,SKU-17544,Das Keyboard Elite Headset,Das Keyboard,385,2022-07-27,2022-08-26,new,sold,954
1509,7,SKU-17553,Logitech Edge Gaming Mouse,Logitech,205,2022-08-16,2022-10-07,new,sold,912
1510,7,SKU-17557,Razer 4K USB-C Hub,Razer,285,2021-11-21,2022-02-06,new,sold,1155
1511,7,SKU-17566,Corsair Vision Gaming Mouse,Corsair,375,2024-06-14,2024-07-16,new,sold,264
1512,7,SKU-17569,SteelSeries Vision Headset,SteelSeries,255,2024-07-12,2024-07-23,new,sold,257
1513,7,SKU-17574,Razer Flex Gaming Mouse,Razer,150,2022-06-23,2022-07-30,new,sold,981
1514,7,SKU-17583,Corsair Vision Gaming Mouse,Corsair,340,2023-02-24,2023-04-02,refurbished,sold,735
1515,7,SKU-17586,SteelSeries HD Webcam,SteelSeries,205,2024-01-05,2024-03-26,new,sold,376
1516,7,SKU-17594,SteelSeries Ultra Webcam,SteelSeries,380,2023-02-06,2023-04-13,new,rented,724
1517,7,SKU-17598,Corsair 4K Mechanical Keyboard,Corsair,340,2023-08-07,2023-08-07,new,sold,608
1518,7,SKU-17605,Das Keyboard Plus Webcam,Das Keyboard,325,2022-09-08,2022-10-29,new,sold,890
1519,7,SKU-17611,Keychron Elite USB-C Hub,Keychron,240,2023-10-16,2023-12-07,open_box,sold,486
1520,7,SKU-17613,Razer Ultra Gaming Mouse,Razer,330,2023-07-24,2023-10-05,new,sold,549
1521,7,SKU-17615,Corsair Advanced Gaming Mouse,Corsair,245,2023-07-26,2023-09-29,new,rented,555
1522,7,SKU-17616,Logitech Smart Headset,Logitech,345,2024-03-24,2024-06-08,new,sold,302
1523,7,SKU-17623,Logitech Pro Mechanical Keyboard,Logitech,60,2022-11-14,2023-01-31,new,sold,796
1524,7,SKU-17624,Logitech Max Headset,Logitech,130,2023-06-05,2023-08-24,new,sold,591
1525,7,SKU-17626,Das Keyboard Wireless Headset,Das Keyboard,220,2024-04-05,2024-06-26,new,sold,284
1526,7,SKU-17629,Logitech 4K USB-C Hub,Logitech,190,2023-06-11,2023-07-31,new,sold,615
1527,7,SKU-17630,Das Keyboard Neo Webcam,Das Keyboard,80,2021-11-30,2022-02-09,new,sold,1152
1528,7,SKU-17638,Das Keyboard Air Headset,Das Keyboard,375,2022-04-14,2022-05-17,new,sold,1055
1529,7,SKU-17645,Keychron Flex Gaming Mouse,Keychron,195,2022-06-16,2022-07-02,new,sold,1009
1530,7,SKU-17651,Das Keyboard Smart USB-C Hub,Das Keyboard,230,2022-04-14,2022-06-12,new,sold,1029
1531,7,SKU-17655,Razer Plus Mechanical Keyboard,Razer,110,2024-04-14,2024-05-14,new,sold,327
1532,7,SKU-17661,Razer Neo USB-C Hub,Razer,75,2023-01-25,2023-03-23,new,sold,745
1533,7,SKU-17670,Corsair Compact Wireless Combo,Corsair,45,2024-02-13,2024-03-21,new,sold,381
1534,7,SKU-17671,Logitech Mini USB-C Hub,Logitech,105,2023-05-15,2023-05-28,new,sold,679
1535,7,SKU-17679,Keychron Plus Gaming Mouse,Keychron,370,2022-06-02,2022-06-03,new,sold,1038
1536,7,SKU-17681,SteelSeries Vision Webcam,SteelSeries,375,2024-04-18,2024-05-09,new,sold,332
1537,7,SKU-17690,Corsair Air Webcam,Corsair,120,2022-06-20,2022-08-24,new,sold,956
1538,7,SKU-17699,Das Keyboard Wireless Webcam,Das Keyboard,305,2021-12-15,2022-02-16,open_box,sold,1145
1539,7,SKU-17708,Das Keyboard Mini Headset,Das Keyboard,50,2024-09-13,2024-10-13,new,sold,175
1540,7,SKU-17717,Razer Ultra Gaming Mouse,Razer,60,2022-11-24,2022-12-17,new,sold,841
1541,7,SKU-17723,Corsair Smart Wireless Combo,Corsair,230,2024-06-22,2024-07-05,open_box,sold,275
1542,7,SKU-17728,SteelSeries Vision Mechanical Keyboard,SteelSeries,390,2022-09-01,2022-10-12,new,sold,907
1543,7,SKU-17735,SteelSeries Pro Webcam,SteelSeries,230,2022-01-14,2022-02-03,new,sold,1158
1544,7,SKU-17736,Corsair Pro Headset,Corsair,285,2024-09-29,2024-11-05,open_box,sold,152
1545,7,SKU-17739,Corsair Wireless USB-C Hub,Corsair,260,2024-09-08,2024-11-05,refurbished,sold,152
1546,7,SKU-17740,Das Keyboard Neo Webcam,Das Keyboard,180,2024-01-09,2024-03-10,new,sold,392
1547,7,SKU-17749,Das Keyboard Smart Mechanical Keyboard,Das Keyboard,385,2022-02-20,2022-05-11,open_box,rented,1061
1548,7,SKU-17757,SteelSeries Flex Webcam,SteelSeries,240,2024-04-09,2024-06-12,new,sold,298
1549,7,SKU-17760,Razer Wireless Wireless Combo,Razer,280,2021-11-12,2022-01-02,open_box,rented,1190
1550,7,SKU-17763,Das Keyboard Premium Headset,Das Keyboard,360,2023-11-21,2024-01-09,new,sold,453
1551,7,SKU-17769,Das Keyboard Neo Wireless Combo,Das Keyboard,360,2022-11-14,2022-12-27,new,sold,831
1552,7,SKU-17774,Corsair Smart Gaming Mouse,Corsair,80,2023-08-03,2023-08-26,open_box,sold,589
1553,7,SKU-17778,Das Keyboard Elite Webcam,Das Keyboard,385,2022-06-18,2022-07-31,new,sold,980
1554,7,SKU-17781,Corsair Max Headset,Corsair,395,2024-08-25,2024-09-16,new,sold,202
1555,7,SKU-17788,Razer Vision Headset,Razer,110,2024-01-15,2024-01-28,new,sold,434
1556,7,SKU-17797,Logitech Flex Headset,Logitech,210,2023-05-05,2023-06-23,new,sold,653
1557,7,SKU-17803,Logitech Wireless Mechanical Keyboard,Logitech,100,2022-06-09,2022-09-03,new,sold,946
1558,7,SKU-17805,Logitech Air Webcam,Logitech,335,2023-09-02,2023-11-15,new,sold,508
1559,7,SKU-17810,Logitech Max Mechanical Keyboard,Logitech,150,2024-07-05,2024-07-18,new,for_sale,262
1560,7,SKU-17816,Razer Plus Gaming Mouse,Razer,330,2024-06-26,2024-09-01,new,sold,217
1561,7,SKU-17820,SteelSeries Neo Wireless Combo,SteelSeries,380,2022-08-06,2022-11-03,open_box,sold,885
1562,7,SKU-17822,Corsair Max USB-C Hub,Corsair,255,2022-06-10,2022-09-07,new,sold,942
1563,7,SKU-17831,SteelSeries Flex Wireless Combo,SteelSeries,165,2023-02-21,2023-04-27,new,sold,710
1564,7,SKU-17840,Corsair HD USB-C Hub,Corsair,185,2023-08-14,2023-10-27,new,sold,527
1565,7,SKU-17847,SteelSeries Flex Gaming Mouse,SteelSeries,210,2023-09-19,2023-11-23,new,sold,500
1566,7,SKU-17852,Keychron Wireless Wireless Combo,Keychron,95,2022-08-14,2022-09-21,new,sold,928
1567,7,SKU-17854,Logitech Mini Mechanical Keyboard,Logitech,45,2023-08-05,2023-09-21,open_box,sold,563
1568,7,SKU-17858,Keychron Premium Wireless Combo,Keychron,350,2022-04-26,2022-05-22,new,sold,1050
1569,7,SKU-17864,Corsair Air Webcam,Corsair,300,2022-06-19,2022-07-25,new,rented,986
1570,7,SKU-17869,Keychron Edge Headset,Keychron,210,2024-07-24,2024-10-20,new,sold,168
1571,7,SKU-17876,SteelSeries Neo Gaming Mouse,SteelSeries,165,2024-08-23,2024-11-21,new,for_sale,136
1572,7,SKU-17882,Corsair Advanced Headset,Corsair,230,2022-07-19,2022-08-05,new,sold,975
1573,7,SKU-17884,Razer Advanced Mechanical Keyboard,Razer,50,2022-01-06,2022-01-17,new,sold,1175
1574,7,SKU-17888,SteelSeries Slim USB-C Hub,SteelSeries,155,2022-10-06,2022-12-05,new,sold,853
1575,7,SKU-17897,Das Keyboard Max USB-C Hub,Das Keyboard,200,2023-05-03,2023-06-18,new,sold,658
1576,7,SKU-17902,SteelSeries Elite Wireless Combo,SteelSeries,80,2022-04-30,2022-07-04,refurbished,sold,1007
1577,7,SKU-17910,SteelSeries Flex Webcam,SteelSeries,350,2024-06-04,2024-06-19,open_box,sold,291
1578,7,SKU-17918,Razer Max Headset,Razer,300,2023-01-14,2023-01-17,new,sold,810
1579,7,SKU-17921,Razer Elite Headset,Razer,185,2023-08-09,2023-11-01,new,sold,522
1580,7,SKU-17923,Das Keyboard Compact Gaming Mouse,Das Keyboard,360,2023-08-06,2023-10-28,new,sold,526
1581,7,SKU-17927,Keychron Flex Wireless Combo,Keychron,185,2024-07-08,2024-09-28,new,sold,190
1582,7,SKU-17935,Razer Smart Webcam,Razer,150,2023-03-23,2023-06-04,refurbished,sold,672
1583,7,SKU-17943,Keychron Plus USB-C Hub,Keychron,30,2022-10-29,2022-12-24,new,sold,834
1584,7,SKU-17946,Logitech Wireless Headset,Logitech,70,2024-07-03,2024-10-01,new,sold,187
1585,7,SKU-17949,Keychron Flex Headset,Keychron,310,2022-07-04,2022-07-21,new,rented,990
1586,7,SKU-17956,Das Keyboard Pro Wireless Combo,Das Keyboard,310,2024-07-13,2024-09-28,open_box,sold,190
1587,7,SKU-17964,Keychron Edge Headset,Keychron,220,2022-12-15,2023-01-14,open_box,sold,813
1588,7,SKU-17973,SteelSeries Pro Wireless Combo,SteelSeries,115,2023-12-14,2024-03-05,new,sold,397
1589,7,SKU-17979,Logitech Neo Headset,Logitech,240,2022-07-09,2022-07-11,refurbished,sold,1000
1590,7,SKU-17982,Das Keyboard Vision Wireless Combo,Das Keyboard,105,2023-04-30,2023-07-22,open_box,sold,624
1591,7,SKU-17991,Razer Pro USB-C Hub,Razer,60,2024-10-09,2024-10-20,new,sold,168
1592,7,SKU-17993,Razer HD Gaming Mouse,Razer,85,2024-06-09,2024-07-31,new,sold,249
1593,7,SKU-17996,Logitech Plus USB-C Hub,Logitech,70,2023-01-01,2023-01-06,new,sold,821
1594,7,SKU-17997,SteelSeries Elite Gaming Mouse,SteelSeries,370,2023-03-11,2023-03-15,new,sold,753
1595,7,SKU-18001,SteelSeries HD Headset,SteelSeries,95,2023-07-06,2023-09-10,new,sold,574
1596,7,SKU-18004,Corsair Smart Webcam,Corsair,280,2022-09-02,2022-10-15,new,sold,904
1597,7,SKU-18010,Razer Elite Webcam,Razer,100,2023-12-09,2024-01-22,open_box,sold,440
1598,7,SKU-18017,Logitech Ultra USB-C Hub,Logitech,335,2022-06-20,2022-07-19,new,sold,992
1599,7,SKU-18019,Razer Slim Wireless Combo,Razer,230,2024-01-25,2024-03-04,refurbished,sold,398
1600,7,SKU-18022,Razer Ultra Gaming Mouse,Razer,395,2022-02-26,2022-04-21,new,sold,1081
1601,7,SKU-18028,Keychron Smart Wireless Combo,Keychron,50,2022-03-11,2022-05-06,open_box,sold,1066
1602,7,SKU-18030,SteelSeries Mini Gaming Mouse,SteelSeries,345,2022-06-26,2022-08-08,new,sold,972
1603,7,SKU-18035,Razer Ultra Mechanical Keyboard,Razer,75,2023-11-24,2024-01-14,new,sold,448
1604,7,SKU-18043,Corsair Mini Webcam,Corsair,280,2023-10-28,2023-12-14,new,sold,479
1605,7,SKU-18050,Razer Premium Wireless Combo,Razer,200,2021-12-23,2022-01-06,new,sold,1186
1606,7,SKU-18059,Logitech Plus Headset,Logitech,320,2023-04-04,2023-04-16,new,sold,721
1607,7,SKU-18066,Corsair Max Mechanical Keyboard,Corsair,230,2024-11-12,2024-11-24,open_box,sold,133
1608,7,SKU-18072,SteelSeries Plus Headset,SteelSeries,50,2022-05-28,2022-06-22,new,sold,1019
1609,7,SKU-18073,SteelSeries Neo Headset,SteelSeries,115,2022-06-07,2022-06-13,new,sold,1028
1610,7,SKU-18079,Keychron Slim Gaming Mouse,Keychron,70,2023-02-04,2023-02-07,new,sold,789
1611,7,SKU-18086,Razer 4K Webcam,Razer,125,2022-02-04,2022-03-02,new,sold,1131
1612,7,SKU-18095,Logitech Wireless Gaming Mouse,Logitech,335,2024-05-18,2024-06-19,new,sold,291
1613,7,SKU-18102,SteelSeries Elite Webcam,SteelSeries,120,2022-07-14,2022-10-11,new,sold,908
1614,7,SKU-18103,Logitech Pro Mechanical Keyboard,Logitech,145,2023-08-20,2023-11-08,new,sold,515
1615,7,SKU-18104,Logitech Plus Headset,Logitech,200,2023-05-28,2023-06-01,new,sold,675
1616,7,SKU-18109,Keychron Premium Wireless Combo,Keychron,120,2022-04-05,2022-05-15,new,rented,1057
1617,7,SKU-18110,Corsair Edge USB-C Hub,Corsair,320,2024-07-17,2024-10-06,new,sold,182
1618,7,SKU-18112,Razer Neo Webcam,Razer,235,2023-08-10,2023-08-23,new,sold,592
1619,7,SKU-18119,Logitech Elite USB-C Hub,Logitech,205,2023-05-30,2023-06-30,new,sold,646
1620,7,SKU-18122,Corsair Mini Webcam,Corsair,135,2022-06-05,2022-08-22,new,sold,958
1621,7,SKU-18123,Logitech Slim Gaming Mouse,Logitech,200,2024-09-24,2024-11-21,new,sold,136
1622,7,SKU-18126,Logitech Max Headset,Logitech,325,2023-06-04,2023-06-16,new,rented,660
1623,7,SKU-18128,Razer 4K USB-C Hub,Razer,385,2024-08-09,2024-10-28,new,for_sale,160
1624,7,SKU-18133,Das Keyboard Edge Wireless Combo,Das Keyboard,140,2022-09-21,2022-10-11,refurbished,sold,908
1625,7,SKU-18135,SteelSeries 4K USB-C Hub,SteelSeries,375,2022-12-13,2022-12-20,new,sold,838
1626,7,SKU-18140,Keychron Pro Headset,Keychron,65,2022-12-11,2023-01-04,new,sold,823
1627,7,SKU-18142,Corsair HD USB-C Hub,Corsair,280,2023-06-17,2023-07-08,new,sold,638
1628,7,SKU-18149,Keychron Edge Headset,Keychron,375,2024-06-11,2024-09-04,open_box,for_sale,214
1629,7,SKU-18150,Corsair Pro Mechanical Keyboard,Corsair,320,2024-05-03,2024-05-17,new,sold,324
1630,7,SKU-18157,Logitech Air Headset,Logitech,360,2023-02-22,2023-04-05,open_box,sold,732
1631,7,SKU-18164,Corsair Plus Headset,Corsair,45,2024-02-14,2024-05-13,open_box,sold,328
1632,7,SKU-18169,Keychron HD Webcam,Keychron,190,2023-05-03,2023-06-29,new,sold,647
1633,7,SKU-18174,Razer Max Wireless Combo,Razer,65,2022-09-29,2022-10-19,new,sold,900
1634,7,SKU-18178,Das Keyboard Mini Mechanical Keyboard,Das Keyboard,215,2023-02-25,2023-03-31,new,sold,737
1635,7,SKU-18185,Keychron Edge Wireless Combo,Keychron,175,2022-08-31,2022-11-06,new,sold,882
1636,7,SKU-18187,SteelSeries Ultra Gaming Mouse,SteelSeries,400,2022-06-06,2022-08-20,refurbished,sold,960
1637,7,SKU-18191,Corsair Smart Gaming Mouse,Corsair,205,2024-04-14,2024-04-14,new,sold,357
1638,7,SKU-18194,Razer Pro Mechanical Keyboard,Razer,175,2022-01-24,2022-02-14,new,sold,1147
1639,7,SKU-18199,Corsair Air Mechanical Keyboard,Corsair,190,2022-02-10,2022-03-06,open_box,sold,1127
1640,7,SKU-18204,Corsair Ultra Headset,Corsair,210,2022-03-09,2022-05-14,new,sold,1058
1641,7,SKU-18209,Keychron Flex USB-C Hub,Keychron,200,2022-10-13,2022-10-25,new,sold,894
1642,7,SKU-18211,SteelSeries Slim Wireless Combo,SteelSeries,260,2023-12-29,2024-03-18,new,sold,384
1643,7,SKU-18216,Keychron Mini USB-C Hub,Keychron,145,2024-09-16,2024-11-03,new,sold,154
1644,7,SKU-18221,Das Keyboard Max Wireless Combo,Das Keyboard,325,2022-03-28,2022-04-11,new,sold,1091
1645,7,SKU-18224,Das Keyboard Smart Headset,Das Keyboard,375,2022-02-17,2022-04-02,new,sold,1100
1646,7,SKU-18226,SteelSeries Max Webcam,SteelSeries,310,2024-02-22,2024-03-19,new,sold,383
1647,7,SKU-18232,Razer Mini Wireless Combo,Razer,150,2022-03-08,2022-04-25,new,sold,1077
1648,7,SKU-18233,Logitech Ultra Webcam,Logitech,120,2022-03-01,2022-04-07,new,sold,1095
1649,7,SKU-18240,Das Keyboard Slim Mechanical Keyboard,Das Keyboard,150,2024-05-09,2024-06-11,new,sold,299
1650,7,SKU-18241,Corsair Wireless Wireless Combo,Corsair,230,2021-12-18,2022-03-01,new,rented,1132
1651,7,SKU-18246,Corsair Premium USB-C Hub,Corsair,75,2023-12-25,2024-01-27,new,sold,435
1652,7,SKU-18253,Razer Smart Mechanical Keyboard,Razer,175,2023-08-31,2023-11-16,new,sold,507
1653,7,SKU-18259,Razer Pro Mechanical Keyboard,Razer,95,2023-08-03,2023-08-26,refurbished,sold,589
1654,7,SKU-18267,SteelSeries Air Wireless Combo,SteelSeries,255,2024-03-07,2024-03-10,new,sold,392
1655,7,SKU-18269,Razer Slim Wireless Combo,Razer,225,2024-09-04,2024-11-24,new,sold,133
1656,7,SKU-18270,Logitech Flex Webcam,Logitech,390,2024-07-11,2024-09-12,new,sold,206
1657,7,SKU-18273,Razer Max Wireless Combo,Razer,195,2024-03-14,2024-04-16,new,sold,355
1658,7,SKU-18280,Logitech Elite Webcam,Logitech,120,2024-07-26,2024-09-07,new,for_sale,211
1659,7,SKU-18287,Corsair Vision Webcam,Corsair,160,2022-10-26,2022-12-12,new,sold,846
1660,7,SKU-18296,Razer Compact Webcam,Razer,150,2023-04-18,2023-06-03,refurbished,sold,673
1661,7,SKU-18301,Logitech Pro Wireless Combo,Logitech,270,2023-11-07,2023-11-25,new,sold,498
1662,7,SKU-18303,Logitech Elite Webcam,Logitech,255,2024-07-08,2024-10-03,new,sold,185
1663,7,SKU-18305,SteelSeries Neo Headset,SteelSeries,265,2022-10-06,2022-12-07,new,sold,851
1664,7,SKU-18306,Razer Flex Wireless Combo,Razer,295,2022-04-27,2022-05-05,new,sold,1067
1665,7,SKU-18313,Razer Pro USB-C Hub,Razer,255,2023-03-06,2023-04-16,open_box,sold,721
1666,7,SKU-18322,Keychron Elite Wireless Combo,Keychron,35,2022-05-28,2022-08-01,new,sold,979
1667,7,SKU-18329,SteelSeries Air Wireless Combo,SteelSeries,395,2023-06-24,2023-07-26,new,sold,620
1668,7,SKU-18335,Corsair Slim Webcam,Corsair,355,2022-03-17,2022-05-16,new,sold,1056
1669,7,SKU-18339,SteelSeries Flex Headset,SteelSeries,250,2022-08-22,2022-10-29,new,sold,890
1670,7,SKU-18348,Keychron Slim Webcam,Keychron,315,2022-03-27,2022-05-05,new,sold,1067
1671,7,SKU-18356,Keychron Elite Headset,Keychron,80,2024-01-13,2024-02-11,new,sold,420
1672,7,SKU-18358,Das Keyboard Flex Gaming Mouse,Das Keyboard,365,2023-01-24,2023-04-09,new,sold,728
1673,7,SKU-18361,Keychron Premium Headset,Keychron,275,2024-10-17,2024-10-20,new,sold,168
1674,7,SKU-18364,Keychron Advanced Headset,Keychron,245,2023-02-18,2023-03-11,new,sold,757
1675,7,SKU-18366,Logitech Plus Mechanical Keyboard,Logitech,35,2024-01-02,2024-03-01,new,sold,401
1676,7,SKU-18373,Logitech Pro Headset,Logitech,205,2024-02-16,2024-03-02,new,sold,400
1677,7,SKU-18382,Logitech Compact Wireless Combo,Logitech,50,2023-02-16,2023-04-27,new,sold,710
1678,7,SKU-18388,Das Keyboard Premium Wireless Combo,Das Keyboard,185,2022-09-17,2022-10-11,new,sold,908
1679,7,SKU-18393,SteelSeries Vision Gaming Mouse,SteelSeries,300,2021-12-08,2022-02-04,refurbished,sold,1157
1680,7,SKU-18400,Razer Ultra USB-C Hub,Razer,190,2022-04-21,2022-06-02,new,sold,1039
1681,7,SKU-18401,SteelSeries Mini Mechanical Keyboard,SteelSeries,35,2024-01-28,2024-03-15,new,sold,387
1682,7,SKU-18403,Das Keyboard Max Webcam,Das Keyboard,150,2024-01-09,2024-03-27,new,sold,375
1683,7,SKU-18408,Keychron Air Wireless Combo,Keychron,315,2022-12-10,2023-02-03,new,sold,793
1684,7,SKU-18417,Razer Compact Webcam,Razer,260,2022-10-05,2022-11-23,new,sold,865
1685,7,SKU-18425,Logitech Edge Webcam,Logitech,220,2022-07-02,2022-08-31,new,sold,949
1686,7,SKU-18433,Keychron Max USB-C Hub,Keychron,95,2024-07-08,2024-07-17,new,sold,263
1687,7,SKU-18441,SteelSeries Ultra Gaming Mouse,SteelSeries,190,2023-11-08,2024-01-05,open_box,sold,457
1688,7,SKU-18450,Keychron Flex Mechanical Keyboard,Keychron,235,2021-10-31,2022-01-12,new,sold,1180
1689,7,SKU-18453,Logitech Neo Mechanical Keyboard,Logitech,200,2024-06-17,2024-07-24,open_box,sold,256
1690,7,SKU-18455,Das Keyboard Elite Gaming Mouse,Das Keyboard,320,2022-05-09,2022-07-17,open_box,sold,994
1691,7,SKU-18464,Razer Slim Wireless Combo,Razer,95,2022-07-31,2022-10-16,new,sold,903
1692,7,SKU-18470,Keychron Vision Headset,Keychron,300,2023-06-14,2023-06-30,new,sold,646
1693,7,SKU-18479,Corsair Compact USB-C Hub,Corsair,315,2022-09-16,2022-09-16,new,sold,933
1694,7,SKU-18482,Razer 4K Headset,Razer,45,2024-02-29,2024-03-28,open_box,sold,374
1695,7,SKU-18488,SteelSeries Slim Gaming Mouse,SteelSeries,130,2024-07-29,2024-08-20,new,sold,229
1696,7,SKU-18491,Keychron Wireless USB-C Hub,Keychron,220,2024-11-01,2024-11-24,new,for_sale,133
1697,7,SKU-18496,Das Keyboard Neo Mechanical Keyboard,Das Keyboard,175,2024-02-04,2024-02-04,new,sold,427
1698,7,SKU-18498,Logitech 4K Wireless Combo,Logitech,390,2022-11-02,2022-12-31,new,sold,827
1699,7,SKU-18500,Corsair Smart Gaming Mouse,Corsair,380,2024-06-15,2024-06-21,new,sold,289
1700,7,SKU-18503,Razer Pro Webcam,Razer,145,2022-01-31,2022-01-31,new,sold,1161
1701,8,SKU-18508,Anker Max 954 FHD Projector,Anker,3300,2024-06-26,2024-08-17,new,for_sale,232
1702,8,SKU-18517,Sony Advanced 629 FHD Projector,Sony,4790,2022-07-04,2022-08-25,open_box,sold,955
1703,8,SKU-18519,Sony Edge 834 4K Projector,Sony,595,2022-05-21,2022-05-25,new,sold,1047
1704,8,SKU-18525,Epson Elite 996 FHD Projector,Epson,1080,2024-07-11,2024-08-17,new,for_sale,232
1705,8,SKU-18531,LG Slim 626 4K Projector,LG,2145,2023-05-06,2023-07-14,new,sold,632
1706,8,SKU-18532,Anker Mini 498 FHD Projector,Anker,3645,2023-04-22,2023-05-30,new,sold,677
1707,8,SKU-18541,Optoma Flex 353 FHD Projector,Optoma,4910,2023-07-14,2023-09-03,new,sold,581
1708,8,SKU-18550,Epson Wireless 177 4K Projector,Epson,3580,2023-12-28,2024-03-16,new,eligible_for_rental,386
1709,8,SKU-18556,Epson 4K 339 FHD Projector,Epson,4155,2022-01-01,2022-03-11,new,sold,1122
1710,8,SKU-18562,Epson Pro 509 FHD Projector,Epson,1320,2022-06-08,2022-06-20,new,rented,1021
1711,8,SKU-18571,LG Plus 354 4K Projector,LG,2335,2023-12-09,2024-03-07,new,eligible_for_rental,395
1712,8,SKU-18574,Anker Ultra 635 4K Projector,Anker,4675,2022-03-25,2022-06-20,new,sold,1021
1713,8,SKU-18575,Epson Elite 859 FHD Projector,Epson,4815,2022-01-02,2022-01-22,new,rented,1170
1714,8,SKU-18576,Epson Wireless 632 4K Projector,Epson,1865,2023-04-21,2023-06-16,open_box,sold,660
1715,8,SKU-18582,Epson Neo 171 4K Projector,Epson,3580,2022-07-25,2022-09-22,new,sold,927
1716,8,SKU-18591,Epson 4K 131 FHD Projector,Epson,4915,2023-05-19,2023-08-13,new,sold,602
1717,8,SKU-18595,BenQ Ultra 204 FHD Projector,BenQ,4700,2023-01-21,2023-03-16,new,sold,752
1718,8,SKU-18604,Sony Compact 284 4K Projector,Sony,4565,2023-01-06,2023-03-30,new,sold,738
1719,8,SKU-18607,Sony 4K 459 FHD Projector,Sony,420,2024-02-25,2024-03-05,new,sold,397
1720,8,SKU-18608,LG Air 169 FHD Projector,LG,4585,2022-04-22,2022-05-01,new,sold,1071
1721,8,SKU-18615,Anker Neo 503 4K Projector,Anker,2605,2022-08-18,2022-09-14,open_box,rented,935
1722,8,SKU-18619,Sony Compact 630 FHD Projector,Sony,2555,2024-01-23,2024-02-12,new,rented,419
1723,8,SKU-18625,Epson Advanced 601 FHD Projector,Epson,4930,2023-09-02,2023-10-04,new,sold,550
1724,8,SKU-18632,Optoma Compact 884 FHD Projector,Optoma,495,2022-10-26,2023-01-18,new,sold,809
1725,8,SKU-18635,Optoma Premium 611 FHD Projector,Optoma,3980,2021-12-31,2022-03-23,new,rented,1110
1726,8,SKU-18636,BenQ Premium 986 4K Projector,BenQ,1365,2022-10-24,2022-11-07,new,sold,881
1727,8,SKU-18643,LG Neo 390 FHD Projector,LG,3455,2024-06-11,2024-07-23,refurbished,sold,257
1728,8,SKU-18652,Sony Neo 312 4K Projector,Sony,3050,2024-04-08,2024-05-17,new,for_sale,324
1729,8,SKU-18659,Epson Premium 720 4K Projector,Epson,880,2023-12-14,2024-01-28,new,sold,434
1730,8,SKU-18662,Epson Slim 809 FHD Projector,Epson,4555,2022-07-10,2022-08-23,new,eligible_for_rental,957
1731,8,SKU-18666,Anker Flex 336 4K Projector,Anker,1005,2022-12-09,2022-12-17,new,sold,841
1732,8,SKU-18675,Epson Edge 159 FHD Projector,Epson,710,2022-06-15,2022-08-18,new,sold,962
1733,8,SKU-18679,Sony 4K 981 4K Projector,Sony,4425,2024-05-11,2024-08-07,new,sold,242
1734,8,SKU-18682,Anker Plus 980 4K Projector,Anker,3800,2023-10-28,2023-11-27,new,sold,496
1735,8,SKU-18691,Anker Advanced 969 4K Projector,Anker,2640,2024-08-18,2024-09-09,new,for_sale,209
1736,8,SKU-18696,BenQ Compact 282 FHD Projector,BenQ,3820,2022-11-29,2022-11-29,new,sold,859
1737,8,SKU-18699,Sony Advanced 923 FHD Projector,Sony,4735,2022-03-31,2022-05-02,new,sold,1070
1738,8,SKU-18704,BenQ Air 428 4K Projector,BenQ,515,2023-10-27,2024-01-08,new,sold,454
1739,8,SKU-18708,Anker Ultra 120 4K Projector,Anker,4895,2023-04-24,2023-07-22,new,sold,624
1740,8,SKU-18712,Optoma Elite 852 4K Projector,Optoma,695,2024-01-29,2024-02-03,refurbished,eligible_for_rental,428
1741,8,SKU-18715,Sony Max 606 FHD Projector,Sony,1145,2022-03-15,2022-04-28,open_box,sold,1074
1742,8,SKU-18719,LG Neo 669 FHD Projector,LG,2780,2022-09-19,2022-09-28,open_box,sold,921
1743,8,SKU-18720,Anker Smart 717 FHD Projector,Anker,4350,2022-03-05,2022-03-25,new,sold,1108
1744,8,SKU-18729,Optoma Plus 538 4K Projector,Optoma,520,2024-02-13,2024-03-03,new,eligible_for_rental,399
1745,8,SKU-18731,Optoma Plus 808 FHD Projector,Optoma,2145,2023-12-03,2024-01-25,new,sold,437
1746,8,SKU-18739,Epson HD 721 4K Projector,Epson,4060,2023-11-27,2024-01-12,new,sold,450
1747,8,SKU-18744,Sony Compact 507 4K Projector,Sony,2080,2022-11-12,2023-02-07,new,sold,789
1748,8,SKU-18748,Anker Premium 604 4K Projector,Anker,2010,2024-06-24,2024-07-18,new,for_sale,262
1749,8,SKU-18751,LG Elite 214 4K Projector,LG,1425,2024-01-27,2024-04-21,new,sold,350
1750,8,SKU-18757,Anker Flex 521 4K Projector,Anker,4280,2022-01-13,2022-03-22,open_box,sold,1111
1751,8,SKU-18765,Sony Plus 334 4K Projector,Sony,3615,2024-01-16,2024-02-18,new,sold,413
1752,8,SKU-18769,Sony Wireless 347 4K Projector,Sony,1095,2023-10-26,2024-01-19,new,sold,443
1753,8,SKU-18775,Sony Premium 443 4K Projector,Sony,365,2023-04-30,2023-05-09,new,sold,698
1754,8,SKU-18781,Anker Edge 705 4K Projector,Anker,1480,2024-06-26,2024-08-14,open_box,sold,235
1755,8,SKU-18786,LG Wireless 794 4K Projector,LG,4725,2023-10-25,2023-11-19,new,sold,504
1756,8,SKU-18790,LG 4K 566 4K Projector,LG,3055,2024-09-08,2024-10-26,new,for_sale,162
1757,8,SKU-18797,Optoma Slim 225 FHD Projector,Optoma,305,2021-11-05,2022-01-17,new,sold,1175
1758,8,SKU-18802,Sony Max 369 FHD Projector,Sony,3975,2023-12-12,2024-01-31,new,eligible_for_rental,431
1759,8,SKU-18810,Optoma Plus 174 FHD Projector,Optoma,1965,2022-07-29,2022-09-01,new,sold,948
1760,8,SKU-18817,Epson Compact 589 FHD Projector,Epson,4005,2022-09-27,2022-11-19,new,sold,869
1761,8,SKU-18822,BenQ Compact 179 FHD Projector,BenQ,3355,2024-06-28,2024-07-26,new,for_sale,254
1762,8,SKU-18823,Epson Flex 885 4K Projector,Epson,880,2022-08-25,2022-09-04,new,sold,945
1763,8,SKU-18832,LG Max 623 FHD Projector,LG,4850,2023-07-05,2023-07-27,new,rented,619
1764,8,SKU-18841,LG Slim 801 FHD Projector,LG,3285,2022-09-11,2022-12-02,open_box,rented,856
1765,8,SKU-18842,Anker Edge 623 4K Projector,Anker,2420,2022-07-17,2022-09-28,new,rented,921
1766,8,SKU-18849,Anker Wireless 437 FHD Projector,Anker,1535,2022-02-14,2022-05-07,new,sold,1065
1767,8,SKU-18855,Optoma Neo 155 4K Projector,Optoma,3360,2022-03-16,2022-04-04,new,eligible_for_rental,1098
1768,8,SKU-18858,Anker Elite 525 FHD Projector,Anker,4265,2023-01-20,2023-02-04,new,rented,792
1769,8,SKU-18859,Sony Compact 236 4K Projector,Sony,3210,2022-04-25,2022-06-27,new,sold,1014
1770,8,SKU-18860,Optoma Plus 795 FHD Projector,Optoma,940,2024-02-18,2024-03-11,open_box,sold,391
1771,8,SKU-18861,Sony Smart 452 4K Projector,Sony,4840,2023-09-30,2023-12-23,open_box,sold,470
1772,8,SKU-18865,Optoma Elite 373 4K Projector,Optoma,1110,2022-11-07,2022-12-23,new,rented,835
1773,8,SKU-18869,BenQ Premium 466 FHD Projector,BenQ,1880,2022-01-12,2022-03-13,new,sold,1120
1774,8,SKU-18871,Epson Flex 182 FHD Projector,Epson,2590,2022-07-03,2022-09-05,new,sold,944
1775,8,SKU-18875,LG Pro 171 FHD Projector,LG,680,2023-01-20,2023-04-01,open_box,sold,736
1776,8,SKU-18884,Anker Smart 864 4K Projector,Anker,1440,2024-02-03,2024-04-04,new,sold,367
1777,8,SKU-18890,LG Slim 333 4K Projector,LG,4915,2022-09-28,2022-10-18,open_box,sold,901
1778,8,SKU-18899,Epson Plus 525 4K Projector,Epson,3415,2022-08-19,2022-11-12,open_box,sold,876
1779,8,SKU-18902,Optoma 4K 162 4K Projector,Optoma,3165,2023-10-27,2023-11-23,new,sold,500
1780,8,SKU-18903,LG Premium 411 4K Projector,LG,1500,2024-08-30,2024-10-04,new,sold,184
1781,8,SKU-18907,Epson Air 484 4K Projector,Epson,3335,2023-10-07,2023-10-26,new,sold,528
1782,8,SKU-18909,Optoma HD 708 4K Projector,Optoma,3385,2023-02-01,2023-04-15,open_box,sold,722
1783,8,SKU-18917,Anker 4K 254 4K Projector,Anker,415,2023-09-13,2023-10-15,new,sold,539
1784,8,SKU-18919,Optoma Max 264 FHD Projector,Optoma,2915,2023-10-21,2023-12-02,new,sold,491
1785,8,SKU-18924,Epson Vision 793 4K Projector,Epson,2365,2024-08-30,2024-10-14,new,for_sale,174
1786,8,SKU-18925,LG Ultra 142 FHD Projector,LG,960,2022-01-22,2022-01-31,new,sold,1161
1787,8,SKU-18933,Epson Elite 341 4K Projector,Epson,2945,2024-03-12,2024-05-30,new,sold,311
1788,8,SKU-18941,Sony Vision 709 4K Projector,Sony,2475,2022-05-11,2022-06-01,new,sold,1040
1789,8,SKU-18949,LG Premium 327 4K Projector,LG,3440,2021-12-31,2022-02-27,new,sold,1134
1790,8,SKU-18958,Sony Air 633 4K Projector,Sony,3485,2023-07-10,2023-09-25,new,eligible_for_rental,559
1791,8,SKU-18965,BenQ Compact 189 4K Projector,BenQ,1070,2022-08-26,2022-09-13,new,sold,936
1792,8,SKU-18968,Epson Vision 605 FHD Projector,Epson,2015,2023-05-23,2023-08-03,open_box,sold,612
1793,8,SKU-18976,BenQ Air 102 FHD Projector,BenQ,2895,2024-02-11,2024-03-21,new,sold,381
1794,8,SKU-18985,Anker Mini 749 FHD Projector,Anker,2360,2023-09-15,2023-09-26,new,sold,558
1795,8,SKU-18989,LG 4K 145 FHD Projector,LG,2150,2023-11-14,2023-12-24,open_box,sold,469
1796,8,SKU-18993,LG Advanced 749 FHD Projector,LG,1095,2024-06-14,2024-08-09,new,sold,240
1797,8,SKU-18995,Anker Vision 396 FHD Projector,Anker,1185,2023-11-16,2024-01-30,new,sold,432
1798,8,SKU-18996,Optoma 4K 228 FHD Projector,Optoma,2185,2023-01-04,2023-02-27,new,rented,769
1799,8,SKU-19000,Epson Wireless 998 4K Projector,Epson,3865,2024-02-09,2024-03-16,new,eligible_for_rental,386
1800,8,SKU-19007,Optoma Compact 543 FHD Projector,Optoma,1435,2022-04-21,2022-05-30,new,sold,1042
1801,8,SKU-19009,LG Vision 444 4K Projector,LG,1565,2023-06-04,2023-07-07,new,eligible_for_rental,639
1802,8,SKU-19018,Anker Flex 330 4K Projector,Anker,2600,2022-07-05,2022-09-20,open_box,sold,929
1803,8,SKU-19026,Anker Advanced 232 FHD Projector,Anker,235,2024-06-15,2024-07-01,new,sold,279
1804,8,SKU-19029,Epson Air 854 4K Projector,Epson,2690,2022-12-25,2023-01-30,open_box,sold,797
1805,8,SKU-19036,BenQ Wireless 320 FHD Projector,BenQ,405,2023-05-13,2023-07-24,new,sold,622
1806,8,SKU-19041,LG Max 490 4K Projector,LG,880,2023-12-17,2023-12-30,new,sold,463
1807,8,SKU-19043,Optoma Neo 758 4K Projector,Optoma,2080,2023-08-27,2023-11-09,new,sold,514
1808,8,SKU-19051,Epson Flex 299 FHD Projector,Epson,530,2023-10-31,2024-01-09,new,sold,453
1809,8,SKU-19055,BenQ Wireless 731 FHD Projector,BenQ,4685,2024-01-24,2024-01-30,new,sold,432
1810,8,SKU-19060,Optoma Advanced 320 4K Projector,Optoma,1135,2024-06-18,2024-07-25,new,for_sale,255
1811,8,SKU-19065,LG Advanced 143 4K Projector,LG,3625,2024-02-27,2024-05-01,open_box,sold,340
1812,8,SKU-19072,Sony Ultra 952 4K Projector,Sony,1545,2022-03-25,2022-04-13,open_box,sold,1089
1813,8,SKU-19074,Anker Air 517 FHD Projector,Anker,4970,2023-08-02,2023-09-11,new,eligible_for_rental,573
1814,8,SKU-19077,Optoma Flex 122 4K Projector,Optoma,3125,2023-06-05,2023-07-29,new,sold,617
1815,8,SKU-19083,Optoma Neo 333 FHD Projector,Optoma,4970,2023-04-23,2023-04-24,new,sold,713
1816,8,SKU-19084,Optoma Wireless 233 4K Projector,Optoma,1300,2023-03-01,2023-03-26,new,sold,742
1817,8,SKU-19091,LG Neo 267 FHD Projector,LG,4115,2024-04-22,2024-06-15,new,sold,295
1818,8,SKU-19099,Sony 4K 402 FHD Projector,Sony,1975,2022-04-15,2022-04-25,new,sold,1077
1819,8,SKU-19103,Anker Vision 823 FHD Projector,Anker,1500,2022-09-22,2022-09-27,new,sold,922
1820,8,SKU-19112,BenQ Neo 117 4K Projector,BenQ,4795,2022-08-23,2022-09-29,new,rented,920
1821,8,SKU-19118,Epson Neo 587 4K Projector,Epson,4800,2024-06-12,2024-09-02,open_box,sold,216
1822,8,SKU-19126,BenQ Slim 299 4K Projector,BenQ,1075,2023-06-19,2023-06-25,new,sold,651
1823,8,SKU-19132,Anker Flex 972 4K Projector,Anker,2450,2022-09-18,2022-10-31,new,sold,888
1824,8,SKU-19134,Optoma Elite 195 FHD Projector,Optoma,3840,2023-06-30,2023-08-01,new,sold,614
1825,8,SKU-19137,Optoma Air 479 4K Projector,Optoma,565,2023-01-05,2023-01-17,new,sold,810
1826,8,SKU-19139,Epson Pro 978 FHD Projector,Epson,3545,2024-02-13,2024-05-01,new,sold,340
1827,8,SKU-19141,LG Pro 503 4K Projector,LG,1890,2023-03-04,2023-05-31,new,sold,676
1828,8,SKU-19144,Sony Wireless 812 FHD Projector,Sony,4545,2024-02-03,2024-03-05,new,eligible_for_rental,397
1829,8,SKU-19153,LG Smart 154 FHD Projector,LG,740,2022-11-09,2022-12-27,open_box,sold,831
1830,8,SKU-19159,Anker Slim 430 4K Projector,Anker,4120,2023-01-13,2023-02-19,new,sold,777
1831,8,SKU-19164,LG Ultra 987 4K Projector,LG,2985,2023-11-08,2023-11-09,new,sold,514
1832,8,SKU-19172,Epson Smart 696 4K Projector,Epson,3485,2022-03-10,2022-05-27,refurbished,sold,1045
1833,8,SKU-19178,Optoma Neo 592 FHD Projector,Optoma,3245,2023-02-13,2023-03-05,new,sold,763
1834,8,SKU-19184,LG Premium 377 FHD Projector,LG,4015,2022-10-10,2022-11-24,new,sold,864
1835,8,SKU-19187,Epson Mini 758 FHD Projector,Epson,4085,2022-09-29,2022-10-02,open_box,sold,917
1836,8,SKU-19193,Sony Smart 511 FHD Projector,Sony,4350,2024-03-24,2024-04-20,new,sold,351
1837,8,SKU-19196,Sony Wireless 736 FHD Projector,Sony,3405,2022-08-22,2022-11-12,new,sold,876
1838,8,SKU-19199,Sony Compact 166 FHD Projector,Sony,3385,2024-11-16,2024-11-19,open_box,for_sale,138
1839,8,SKU-19208,BenQ Plus 413 4K Projector,BenQ,3850,2022-03-19,2022-03-24,new,sold,1109
1840,8,SKU-19217,Optoma Smart 222 FHD Projector,Optoma,4175,2022-04-20,2022-06-06,refurbished,sold,1035
1841,8,SKU-19222,Sony Plus 926 4K Projector,Sony,2770,2024-02-24,2024-04-02,new,sold,369
1842,8,SKU-19224,Sony Plus 588 FHD Projector,Sony,1685,2023-09-01,2023-09-18,open_box,sold,566
1843,8,SKU-19225,Epson HD 977 4K Projector,Epson,2505,2023-07-31,2023-10-05,new,sold,549
1844,8,SKU-19232,Anker HD 741 4K Projector,Anker,3675,2023-02-13,2023-03-22,open_box,sold,746
1845,8,SKU-19235,Epson Elite 321 FHD Projector,Epson,280,2022-05-06,2022-05-11,new,sold,1061
1846,8,SKU-19238,Sony Slim 247 4K Projector,Sony,4600,2022-08-07,2022-08-18,new,sold,962
1847,8,SKU-19246,Optoma Mini 912 4K Projector,Optoma,1155,2022-02-03,2022-02-10,new,sold,1151
1848,8,SKU-19253,LG Mini 300 FHD Projector,LG,4695,2022-09-19,2022-11-27,new,sold,861
1849,8,SKU-19257,Sony HD 205 4K Projector,Sony,1765,2022-11-30,2023-01-03,new,rented,824
1850,8,SKU-19266,Optoma Flex 682 4K Projector,Optoma,4245,2022-09-24,2022-12-17,refurbished,sold,841
1851,8,SKU-19267,Epson Neo 962 4K Projector,Epson,3830,2023-04-16,2023-05-15,new,sold,692
1852,8,SKU-19276,Optoma Edge 437 FHD Projector,Optoma,3785,2024-09-19,2024-11-01,open_box,for_sale,156
1853,8,SKU-19278,Anker Flex 367 FHD Projector,Anker,2280,2023-09-04,2023-09-17,new,sold,567
1854,8,SKU-19280,Optoma Elite 439 FHD Projector,Optoma,3430,2024-10-09,2024-11-06,new,for_sale,151
1855,8,SKU-19283,LG Max 606 4K Projector,LG,2515,2024-02-24,2024-02-29,new,eligible_for_rental,402
1856,8,SKU-19289,Sony Smart 981 4K Projector,Sony,4100,2023-05-13,2023-05-22,new,sold,685
1857,8,SKU-19292,LG Neo 278 4K Projector,LG,1890,2024-02-24,2024-05-08,new,for_sale,333
1858,8,SKU-19296,Sony Compact 820 4K Projector,Sony,4145,2022-08-08,2022-11-05,new,sold,883
1859,8,SKU-19303,BenQ HD 395 4K Projector,BenQ,650,2023-08-29,2023-10-25,new,sold,529
1860,8,SKU-19308,Sony Edge 653 4K Projector,Sony,3420,2021-11-24,2022-01-19,open_box,sold,1173
1861,8,SKU-19313,Optoma Vision 847 FHD Projector,Optoma,3160,2024-03-02,2024-05-16,new,sold,325
1862,8,SKU-19315,LG Vision 808 FHD Projector,LG,3950,2024-06-16,2024-07-25,open_box,for_sale,255
1863,8,SKU-19323,BenQ Flex 564 FHD Projector,BenQ,2640,2024-09-21,2024-10-29,new,for_sale,159
1864,8,SKU-19330,LG Premium 885 FHD Projector,LG,3720,2022-06-20,2022-08-07,new,rented,973
1865,8,SKU-19339,Epson Slim 609 FHD Projector,Epson,3270,2024-02-06,2024-03-18,new,eligible_for_rental,384
1866,8,SKU-19341,Epson Smart 370 FHD Projector,Epson,1590,2022-05-04,2022-05-06,new,sold,1066
1867,8,SKU-19344,BenQ Flex 681 4K Projector,BenQ,200,2022-11-01,2023-01-25,new,rented,802
1868,8,SKU-19350,LG Compact 841 4K Projector,LG,2195,2023-04-29,2023-04-30,new,sold,707
1869,8,SKU-19358,BenQ Ultra 130 4K Projector,BenQ,3655,2024-03-23,2024-04-05,new,sold,366
1870,8,SKU-19364,Anker Advanced 664 FHD Projector,Anker,1450,2022-12-03,2023-01-28,new,sold,799
1871,8,SKU-19369,LG Neo 970 4K Projector,LG,2745,2022-10-06,2022-11-28,open_box,sold,860
1872,8,SKU-19370,Epson Plus 751 FHD Projector,Epson,1500,2023-07-22,2023-08-29,new,rented,586
1873,8,SKU-19373,Sony Pro 845 4K Projector,Sony,2880,2024-02-13,2024-03-31,new,sold,371
1874,8,SKU-19378,Epson HD 315 4K Projector,Epson,3135,2024-04-12,2024-06-12,new,for_sale,298
1875,8,SKU-19384,LG Smart 319 FHD Projector,LG,1330,2023-08-24,2023-08-27,new,eligible_for_rental,588
1876,8,SKU-19392,BenQ Air 584 4K Projector,BenQ,1760,2023-02-20,2023-04-02,new,eligible_for_rental,735
1877,8,SKU-19394,Optoma Flex 607 4K Projector,Optoma,4850,2023-07-01,2023-08-12,open_box,sold,603
1878,8,SKU-19400,Optoma Plus 103 FHD Projector,Optoma,3360,2022-06-29,2022-07-07,open_box,rented,1004
1879,8,SKU-19408,Optoma Elite 826 4K Projector,Optoma,2770,2023-03-02,2023-05-20,new,sold,687
1880,8,SKU-19417,BenQ Wireless 329 4K Projector,BenQ,1015,2023-11-24,2023-12-11,open_box,sold,482
