rental_id,product_id,customer_id,rental_start,rental_due,rental_returned,daily_rate_eur,deposit_eur,days_held,total_charged,status
1,790,526,2022-01-20,2022-02-08,2022-02-08,11.12,695.0,19,211.28,returned
2,1032,626,2022-02-14,2022-02-19,2022-02-24,15.44,712.5,10,179.4,returned
3,772,124,2022-02-22,2022-03-11,,2.14,133.75,90,1210.0,not_returned
4,487,237,2022-02-18,2022-03-02,2022-03-01,2.72,99.0,11,29.92,returned
5,1700,630,2022-02-23,2022-03-13,2022-03-12,0.43,21.75,17,7.31,returned
6,1700,307,2022-03-13,2022-03-27,2022-03-27,0.43,21.75,14,6.02,returned
7,1375,272,2022-02-25,2022-04-05,2022-04-05,1.52,65.25,39,59.28,returned
8,335,344,2022-02-14,2022-02-22,2022-02-22,1.26,63.0,8,10.08,returned
9,413,2,2022-02-24,2022-02-28,2022-02-28,6.66,333.0,4,26.64,returned
10,384,632,2022-02-23,2022-02-28,2022-02-26,2.13,106.5,3,6.39,returned
11,1527,37,2022-03-07,2022-03-21,2022-03-20,0.24,12.0,13,3.12,returned
12,511,388,2022-03-12,2022-03-24,2022-03-24,3.49,127.0,12,41.88,returned
13,1650,116,2022-03-25,2022-04-09,,0.69,34.5,90,680.0,not_returned
14,1166,781,2022-03-16,2022-03-22,2022-03-20,17.65,814.5,4,70.6,returned
15,259,102,2022-03-13,2022-04-03,2022-04-02,6.82,378.75,20,136.4,returned
16,1195,289,2022-03-24,2022-03-30,2022-03-28,4.42,204.0,4,17.68,returned
17,487,710,2022-03-02,2022-03-09,2022-03-11,2.72,99.0,9,39.48,returned
18,700,68,2022-03-03,2022-03-28,2022-04-07,6.7,418.75,35,309.5,returned
19,1054,524,2022-03-13,2022-03-22,2022-03-21,17.48,807.0,8,139.84,returned
20,19,453,2022-03-13,2022-03-25,2022-03-23,7.81,433.75,10,78.1,returned
21,1070,628,2022-03-12,2022-03-14,2022-03-26,16.05,741.0,14,284.7,returned
22,1639,480,2022-03-22,2022-03-27,2022-03-26,0.57,28.5,4,2.28,returned
23,1070,67,2022-04-24,2022-05-02,2022-05-02,16.05,741.0,8,128.4,returned
24,1070,37,2022-05-03,2022-05-11,2022-05-11,16.05,741.0,8,128.4,returned
25,1070,594,2022-05-12,2022-05-22,2022-05-21,16.05,741.0,9,144.45,returned
26,1538,361,2022-04-18,2022-05-01,2022-05-01,0.92,45.75,13,11.96,returned
27,1432,617,2022-04-01,2022-04-18,2022-04-18,1.4,60.0,17,23.8,returned
28,259,534,2022-04-03,2022-04-11,2022-04-11,6.82,378.75,8,54.56,returned
29,864,607,2022-04-27,2022-05-10,2022-05-09,4.16,260.0,12,49.92,returned
30,203,495,2022-04-10,2022-04-16,2022-04-15,1.89,105.0,5,9.45,returned
31,685,647,2022-04-12,2022-05-04,2022-05-02,6.26,391.25,20,125.2,returned
32,1325,247,2022-04-28,2022-05-22,2022-06-05,1.4,60.0,38,95.2,returned
33,335,686,2022-04-12,2022-04-19,2022-04-17,1.26,63.0,5,6.3,returned
34,335,415,2022-04-24,2022-04-27,2022-04-26,1.26,63.0,2,2.52,returned
35,335,502,2022-04-27,2022-04-30,2022-04-30,1.26,63.0,3,3.78,returned
36,335,41,2022-05-01,2022-05-07,2022-05-07,1.26,63.0,6,7.56,returned
37,718,393,2022-05-24,2022-06-15,2022-06-13,2.92,182.5,20,58.4,returned
38,884,616,2022-05-15,2022-06-09,2022-06-08,9.84,615.0,24,236.16,returned
39,979,147,2022-05-20,2022-06-15,,2.06,128.75,90,1190.0,not_returned
40,1818,399,2022-05-13,2022-05-16,2022-05-14,13.83,493.75,1,13.83,returned
41,846,448,2022-05-05,2022-05-23,2022-06-06,3.58,223.75,32,219.56,returned
42,183,728,2022-05-13,2022-05-27,2022-06-03,4.75,263.75,21,152.25,returned
43,635,479,2022-05-07,2022-05-21,2022-05-21,3.46,126.0,14,48.44,returned
44,511,678,2022-05-25,2022-06-07,2022-06-05,3.49,127.0,11,38.39,returned
45,511,693,2022-06-06,2022-06-10,2022-06-08,3.49,127.0,2,6.98,returned
46,1085,793,2022-05-26,2022-06-01,2022-06-01,8.68,400.5,6,52.08,returned
47,896,235,2022-05-06,2022-05-27,2022-05-27,11.18,698.75,21,234.78,returned
48,1058,530,2022-05-13,2022-05-23,2022-05-21,19.34,892.5,8,154.72,returned
49,944,113,2022-05-19,2022-06-18,,3.46,216.25,90,1540.0,not_returned
50,519,49,2022-06-08,2022-06-17,2022-06-15,2.09,76.0,7,14.63,returned
51,973,149,2022-06-14,2022-07-03,2022-07-03,3.88,242.5,19,73.72,returned
52,997,657,2022-06-24,2022-07-04,2022-07-12,7.96,367.5,18,183.28,returned
53,997,558,2022-07-13,2022-07-21,2022-07-21,7.96,367.5,8,63.68,returned
54,1058,484,2022-06-03,2022-06-06,2022-06-17,19.34,892.5,14,325.76,returned
55,1720,636,2022-06-10,2022-06-14,2022-06-14,32.09,1146.25,4,128.36,returned
56,1847,200,2022-06-03,2022-06-05,2022-06-04,8.09,288.75,1,8.09,returned
57,1832,271,2022-06-15,2022-06-17,2022-06-16,24.39,871.25,1,24.39,returned
58,896,266,2022-06-23,2022-07-14,2022-07-22,11.18,698.75,29,384.22,returned
59,896,651,2022-07-23,2022-08-01,2022-07-30,11.18,698.75,7,78.26,returned
60,487,665,2022-06-19,2022-06-30,2022-06-28,2.72,99.0,9,24.48,returned
61,700,759,2022-06-26,2022-07-10,2022-07-09,6.7,418.75,13,87.1,returned
62,1023,448,2022-06-13,2022-06-16,2022-06-15,3.93,181.5,2,7.86,returned
63,1492,454,2022-06-19,2022-07-12,2022-07-11,0.85,42.75,22,18.7,returned
64,840,735,2022-06-26,2022-06-27,2022-06-27,2.62,163.75,1,2.62,returned
65,594,684,2022-06-28,2022-07-06,2022-07-04,1.54,56.0,6,9.24,returned
66,594,678,2022-07-05,2022-07-17,2022-07-16,1.54,56.0,11,16.94,returned
67,1680,508,2022-06-19,2022-07-06,2022-07-06,0.57,28.5,17,9.69,returned
68,1766,14,2022-06-18,2022-06-20,2022-06-30,10.75,383.75,12,204.0,returned
69,345,270,2022-06-19,2022-06-28,2022-06-27,2.43,121.5,8,19.44,returned
70,482,399,2022-06-04,2022-06-12,2022-06-10,3.24,118.0,6,19.44,returned
71,482,727,2022-06-28,2022-07-12,2022-07-11,3.24,118.0,13,42.12,returned
72,482,283,2022-07-12,2022-08-03,2022-08-02,3.24,118.0,21,68.04,returned
73,259,304,2022-06-01,2022-06-12,2022-06-14,6.82,378.75,13,103.66,returned
74,64,172,2022-06-19,2022-07-02,2022-07-01,3.06,170.0,12,36.72,returned
75,64,728,2022-07-02,2022-07-19,2022-07-23,3.06,170.0,21,94.26,returned
76,31,48,2022-07-27,2022-08-14,,2.41,133.75,90,1210.0,not_returned
77,978,566,2022-07-14,2022-08-06,2022-08-06,8.66,541.25,23,199.18,returned
78,1354,666,2022-07-03,2022-08-20,2022-08-18,2.42,103.5,46,111.32,returned
79,495,110,2022-07-03,2022-07-05,2022-07-04,3.46,126.0,1,3.46,returned
80,372,313,2022-07-01,2022-07-07,2022-07-10,10.53,526.5,9,109.77,returned
81,1122,223,2022-07-02,2022-07-08,2022-07-14,11.18,516.0,12,164.16,returned
82,183,52,2022-07-27,2022-08-07,2022-08-05,4.75,263.75,9,42.75,returned
83,428,566,2022-07-07,2022-07-11,2022-07-10,9.18,459.0,3,27.54,returned
84,970,92,2022-07-24,2022-08-08,2022-08-11,11.24,702.5,18,224.82,returned
85,268,755,2022-07-15,2022-08-01,2022-08-01,5.04,280.0,17,85.68,returned
86,405,99,2022-07-23,2022-07-28,2022-07-26,2.46,123.0,3,7.38,returned
87,280,249,2022-07-19,2022-07-26,2022-07-26,5.22,290.0,7,36.54,returned
88,1023,151,2022-07-04,2022-07-10,2022-07-09,3.93,181.5,5,19.65,returned
89,922,747,2022-07-27,2022-08-21,2022-08-20,2.46,153.75,24,59.04,returned
90,922,103,2022-08-21,2022-09-05,2022-09-15,2.46,153.75,25,136.5,returned
91,301,364,2022-07-28,2022-07-31,2022-07-30,1.23,61.5,2,2.46,returned
92,129,308,2022-07-04,2022-07-17,2022-07-31,3.69,205.0,27,204.63,returned
93,1070,453,2022-07-15,2022-07-18,2022-07-18,16.05,741.0,3,48.15,returned
94,752,328,2022-07-10,2022-08-01,2022-07-31,10.14,633.75,21,212.94,returned
95,752,506,2022-08-01,2022-08-17,2022-08-15,10.14,633.75,14,141.96,returned
96,457,14,2022-08-07,2022-08-12,2022-08-24,7.38,369.0,17,185.46,returned
97,457,99,2022-08-25,2022-08-26,2022-08-26,7.38,369.0,1,7.38,returned
98,1378,306,2022-08-27,2022-09-30,2022-10-13,0.32,13.5,47,54.04,returned
99,1411,783,2022-08-09,2022-09-10,,0.28,12.0,90,350.0,not_returned
100,268,526,2022-08-24,2022-09-09,2022-09-07,5.04,280.0,14,70.56,returned
101,829,440,2022-08-13,2022-09-01,2022-08-31,8.82,551.25,18,158.76,returned
102,829,265,2022-09-01,2022-09-17,2022-09-17,8.82,551.25,16,141.12,returned
103,846,216,2022-08-05,2022-08-28,2022-08-27,3.58,223.75,22,78.76,returned
104,1375,135,2022-08-26,2022-09-23,2022-09-22,1.52,65.25,27,41.04,returned
105,1647,59,2022-08-01,2022-08-10,2022-08-10,0.45,22.5,9,4.05,returned
106,1616,301,2022-08-21,2022-09-06,,0.36,18.0,90,570.0,not_returned
107,1547,723,2022-08-19,2022-08-28,2022-09-05,1.16,57.75,17,59.72,returned
108,1690,739,2022-08-13,2022-08-28,2022-09-02,0.96,48.0,20,44.2,returned
109,1839,794,2022-08-28,2022-08-30,2022-08-30,26.95,962.5,2,53.9,returned
110,883,88,2022-08-21,2022-09-16,2022-09-15,2.74,171.25,25,68.5,returned
111,1070,228,2022-08-02,2022-08-04,2022-08-10,16.05,741.0,8,158.4,returned
112,1508,429,2022-08-27,2022-09-13,2022-09-23,1.16,57.75,27,81.32,returned
113,835,501,2022-08-16,2022-09-07,,7.16,447.5,90,2465.0,not_returned
114,1860,471,2022-08-09,2022-08-14,2022-08-13,23.94,855.0,4,95.76,returned
115,1860,616,2022-08-14,2022-08-16,2022-08-15,23.94,855.0,1,23.94,returned
116,1860,142,2022-08-16,2022-08-18,2022-08-17,23.94,855.0,1,23.94,returned
117,1786,603,2022-08-19,2022-08-20,2022-08-20,6.72,240.0,1,6.72,returned
118,470,764,2022-08-18,2022-08-24,2022-08-22,2.78,101.0,4,11.12,returned
119,1767,268,2022-08-14,2022-08-17,2022-08-16,23.52,840.0,2,47.04,returned
120,635,597,2022-08-08,2022-08-09,2022-08-09,3.46,126.0,1,3.46,returned
121,635,587,2022-08-19,2022-08-20,2022-08-20,3.46,126.0,1,3.46,returned
122,1802,748,2022-09-22,2022-09-24,2022-09-24,18.2,650.0,2,36.4,returned
123,827,644,2022-09-24,2022-10-20,2022-10-20,4.7,293.75,26,122.2,returned
124,648,34,2022-09-16,2022-09-30,2022-09-30,2.06,75.0,14,28.84,returned
125,648,206,2022-10-01,2022-10-16,2022-10-21,2.06,75.0,20,78.7,returned
126,766,789,2022-09-26,2022-10-07,2022-10-11,5.88,367.5,15,118.2,returned
127,1766,402,2022-09-15,2022-09-17,2022-09-16,10.75,383.75,1,10.75,returned
128,47,439,2022-09-18,2022-10-03,,10.33,573.75,90,2970.0,not_returned
129,1369,90,2022-09-03,2022-09-26,2022-09-25,1.79,76.5,22,39.38,returned
130,142,135,2022-09-24,2022-10-06,2022-10-04,1.69,93.75,10,16.9,returned
131,993,128,2022-09-11,2022-09-12,2022-09-12,20.86,963.0,1,20.86,returned
132,1021,761,2022-09-24,2022-10-02,2022-10-02,6.4,295.5,8,51.2,returned
133,470,722,2022-09-04,2022-09-12,2022-09-12,2.78,101.0,8,22.24,returned
134,816,448,2022-09-23,2022-10-26,,4.8,300.0,90,1875.0,not_returned
135,497,331,2022-09-04,2022-09-14,2022-09-13,1.76,64.0,9,15.84,returned
136,1800,106,2022-09-11,2022-09-13,2022-09-13,10.04,358.75,2,20.08,returned
137,1553,639,2022-09-12,2022-09-26,2022-09-26,1.16,57.75,14,16.24,returned
138,1818,497,2022-09-03,2022-09-06,2022-09-05,13.83,493.75,2,27.66,returned
139,1818,589,2022-09-06,2022-09-09,2022-09-08,13.83,493.75,2,27.66,returned
140,426,126,2022-09-26,2022-10-02,2022-10-16,7.5,375.0,20,220.0,returned
141,1095,268,2022-09-27,2022-10-05,2022-10-05,20.05,925.5,8,160.4,returned
142,1095,653,2022-10-06,2022-10-15,2022-10-13,20.05,925.5,7,140.35,returned
143,1493,287,2022-09-21,2022-10-06,2022-10-06,0.43,21.75,15,6.45,returned
144,1462,596,2022-09-22,2022-10-04,2022-10-02,0.81,40.5,10,8.1,returned
145,452,712,2022-09-14,2022-09-16,2022-09-15,10.59,529.5,1,10.59,returned
146,28,146,2022-09-07,2022-09-24,2022-09-23,6.91,383.75,16,110.56,returned
147,1846,705,2022-09-18,2022-09-21,2022-09-21,32.2,1150.0,3,96.6,returned
148,495,698,2022-09-26,2022-10-01,,3.46,126.0,90,1305.0,not_returned
149,68,352,2022-09-09,2022-09-26,2022-09-26,2.25,125.0,17,38.25,returned
150,68,579,2022-09-27,2022-10-10,,2.25,125.0,90,1175.0,not_returned
151,1757,465,2022-09-08,2022-09-10,2022-09-09,2.14,76.25,1,2.14,returned
152,312,18,2022-09-12,2022-09-14,2022-09-13,9.99,499.5,1,9.99,returned
153,997,17,2022-09-05,2022-09-08,2022-09-08,7.96,367.5,3,23.88,returned
154,997,772,2022-09-23,2022-09-25,2022-09-24,7.96,367.5,1,7.96,returned
155,356,152,2022-09-17,2022-09-23,2022-09-22,5.34,267.0,5,26.7,returned
156,858,119,2022-09-16,2022-09-30,2022-09-28,5.18,323.75,12,62.16,returned
157,519,766,2022-09-25,2022-10-06,2022-10-04,2.09,76.0,9,18.81,returned
158,519,164,2022-10-05,2022-10-11,2022-10-25,2.09,76.0,20,146.8,returned
159,519,724,2022-10-26,2022-11-07,2022-11-07,2.09,76.0,12,25.08,returned
160,188,528,2022-09-21,2022-10-02,2022-10-01,3.49,193.75,10,34.9,returned
161,745,702,2022-09-24,2022-10-02,2022-10-01,8.24,515.0,7,57.68,returned
162,745,593,2022-10-02,2022-10-17,2022-10-17,8.24,515.0,15,123.6,returned
163,450,178,2022-09-26,2022-09-29,2022-09-28,5.1,255.0,2,10.2,returned
164,168,485,2022-10-11,2022-10-26,2022-10-24,4.05,225.0,13,52.65,returned
165,450,653,2022-10-10,2022-10-13,2022-10-11,5.1,255.0,1,5.1,returned
166,1020,573,2022-10-22,2022-11-03,2022-11-03,10.46,483.0,12,125.52,returned
167,801,793,2022-10-12,2022-11-11,2022-11-09,2.24,140.0,28,62.72,returned
168,801,799,2022-11-10,2022-12-02,2022-12-01,2.24,140.0,21,47.04,returned
169,1572,176,2022-10-03,2022-10-22,2022-10-20,0.69,34.5,17,11.73,returned
170,685,546,2022-10-18,2022-11-09,,6.26,391.25,90,2240.0,not_returned
171,1845,198,2022-10-24,2022-10-28,2022-10-27,1.96,70.0,3,5.88,returned
172,1690,772,2022-10-20,2022-10-27,2022-10-25,0.96,48.0,5,4.8,returned
173,1091,277,2022-10-09,2022-10-17,2022-10-15,18.23,841.5,6,109.38,returned
174,1553,396,2022-10-26,2022-11-07,2022-11-18,1.16,57.75,23,81.68,returned
175,1287,669,2022-10-18,2022-11-27,2022-11-28,2.36,101.25,41,99.76,returned
176,253,335,2022-10-25,2022-11-08,2022-11-06,8.35,463.75,12,100.2,returned
177,275,147,2022-10-11,2022-11-01,2022-10-30,4.9,272.5,19,93.1,returned
178,1268,332,2022-10-21,2022-12-13,2022-12-11,0.91,39.0,51,46.41,returned
179,1477,13,2022-10-02,2022-10-19,2022-10-18,0.49,24.75,16,7.84,returned
180,322,666,2022-10-20,2022-10-28,2022-10-28,6.36,318.0,8,50.88,returned
181,322,557,2022-10-29,2022-11-02,2022-10-31,6.36,318.0,2,12.72,returned
182,846,199,2022-10-14,2022-11-01,2022-10-31,3.58,223.75,17,60.86,returned
183,301,402,2022-11-02,2022-11-07,2022-11-05,1.23,61.5,3,3.69,returned
184,1323,146,2022-11-12,2022-12-15,2022-12-14,0.68,29.25,32,21.76,returned
185,886,68,2022-11-22,2022-12-03,2022-12-02,2.88,180.0,10,28.8,returned
186,455,441,2022-11-17,2022-11-22,2022-11-20,5.61,280.5,3,16.83,returned
187,454,184,2022-11-15,2022-11-18,2022-11-16,4.83,241.5,1,4.83,returned
188,1416,265,2022-11-18,2022-12-22,,0.28,12.0,90,350.0,not_returned
189,707,732,2022-11-06,2022-11-16,2022-11-14,3.72,232.5,8,29.76,returned
190,707,297,2022-11-26,2022-12-15,2022-12-15,3.72,232.5,19,70.68,returned
191,742,115,2022-11-25,2022-12-24,2022-12-29,5.0,312.5,34,207.5,returned
192,604,530,2022-11-03,2022-11-11,,1.95,71.0,90,1030.0,not_returned
193,1254,775,2022-11-16,2022-12-11,2022-12-11,1.47,63.0,25,36.75,returned
194,149,598,2022-11-01,2022-11-18,,5.62,312.5,90,1925.0,not_returned
195,482,272,2022-11-18,2022-12-04,2022-12-03,3.24,118.0,15,48.6,returned
196,1460,441,2022-11-25,2022-12-12,2022-12-11,0.28,12.0,16,4.48,returned
197,377,358,2022-11-09,2022-11-14,2022-11-13,10.26,513.0,4,41.04,returned
198,494,723,2022-11-01,2022-11-11,,3.05,111.0,90,1230.0,not_returned
199,1378,729,2022-11-08,2022-12-10,2022-12-09,0.32,13.5,31,9.92,returned
200,866,777,2022-11-02,2022-11-21,2022-11-19,8.56,535.0,17,145.52,returned
201,623,438,2022-11-27,2022-12-02,2022-12-01,2.86,104.0,4,11.44,returned
202,623,15,2022-12-02,2022-12-15,,2.86,104.0,90,1195.0,not_returned
203,1605,105,2022-11-16,2022-12-06,2022-12-05,0.6,30.0,19,11.4,returned
204,1823,584,2022-11-07,2022-11-09,2022-11-09,17.15,612.5,2,34.3,returned
205,844,574,2022-12-03,2022-12-25,2022-12-24,9.18,573.75,21,192.78,returned
206,844,132,2022-12-25,2023-01-15,2023-01-14,9.18,573.75,20,183.6,returned
207,21,677,2022-12-12,2022-12-27,2022-12-27,7.09,393.75,15,106.35,returned
208,21,372,2022-12-28,2023-01-10,2023-01-09,7.09,393.75,12,85.08,returned
209,1027,430,2022-12-09,2022-12-16,2022-12-15,7.73,357.0,6,46.38,returned
210,1027,93,2022-12-24,2022-12-29,2023-01-04,7.73,357.0,11,115.03,returned
211,1027,783,2023-01-05,2023-01-06,2023-01-06,7.73,357.0,1,7.73,returned
212,1513,722,2022-12-26,2023-01-09,2023-01-09,0.45,22.5,14,6.3,returned
213,81,593,2022-12-22,2022-12-29,2022-12-29,4.57,253.75,7,31.99,returned
214,81,207,2022-12-30,2023-01-17,2023-01-15,4.57,253.75,16,73.12,returned
215,456,763,2022-12-27,2022-12-31,,11.31,565.5,90,2335.0,not_returned
216,102,432,2022-12-05,2022-12-22,2022-12-22,5.04,280.0,17,85.68,returned
217,533,154,2022-12-21,2022-12-28,2022-12-28,2.89,105.0,7,20.23,returned
218,1434,358,2022-12-12,2023-01-28,2023-01-31,0.28,12.0,50,23.0,returned
219,200,288,2022-12-21,2023-01-05,2023-01-18,6.82,378.75,28,288.46,returned
220,1750,335,2022-12-27,2022-12-30,2022-12-29,29.96,1070.0,2,59.92,returned
221,1710,233,2022-12-11,2022-12-13,2022-12-15,9.24,330.0,4,51.96,returned
222,531,105,2022-12-22,2022-12-24,2023-01-03,1.76,64.0,12,96.12,returned
223,1767,62,2022-12-10,2022-12-13,2022-12-13,23.52,840.0,3,70.56,returned
224,473,79,2022-12-18,2022-12-19,2022-12-19,3.3,120.0,1,3.3,returned
225,1193,175,2022-12-25,2022-12-27,,12.35,570.0,90,2350.0,not_returned
226,1478,728,2022-12-13,2022-12-22,2022-12-20,0.69,34.5,7,4.83,returned
227,1332,463,2022-12-10,2023-01-22,,0.3,12.75,90,355.0,not_returned
228,1187,734,2022-12-26,2022-12-31,2022-12-31,4.03,186.0,5,20.15,returned
229,1292,512,2022-12-12,2022-12-30,2022-12-29,3.12,133.5,17,53.04,returned
230,1146,685,2022-12-21,2022-12-26,2022-12-24,10.72,495.0,3,32.16,returned
231,1146,374,2022-12-25,2023-01-05,2023-01-05,10.72,495.0,11,117.92,returned
232,1146,616,2023-01-06,2023-01-14,2023-01-13,10.72,495.0,7,75.04,returned
233,245,650,2022-12-22,2023-01-09,2023-01-20,1.44,80.0,29,124.26,returned
234,1107,442,2022-12-26,2022-12-28,2022-12-27,15.18,700.5,1,15.18,returned
235,1709,434,2022-12-05,2022-12-08,2022-12-07,29.09,1038.75,2,58.18,returned
236,578,748,2022-12-16,2022-12-20,2022-12-19,2.64,96.0,3,7.92,returned
237,487,33,2022-12-25,2023-01-14,2023-01-24,2.72,99.0,30,156.6,returned
238,1691,640,2022-12-26,2023-01-09,2023-01-09,0.29,14.25,14,4.06,returned
239,1069,772,2022-12-02,2022-12-08,2022-12-07,1.72,79.5,5,8.6,returned
240,1197,701,2022-12-13,2022-12-18,2022-12-17,13.0,600.0,4,52.0,returned
241,1197,377,2022-12-24,2022-12-29,2022-12-28,13.0,600.0,4,52.0,returned
242,1197,270,2022-12-29,2023-01-03,2023-01-02,13.0,600.0,4,52.0,returned
243,1713,452,2022-12-27,2022-12-29,,33.7,1203.75,90,5490.0,not_returned
244,364,715,2022-12-10,2022-12-15,2022-12-14,3.9,195.0,4,15.6,returned
245,91,583,2022-12-04,2022-12-26,2022-12-26,1.8,100.0,22,39.6,returned
246,91,666,2022-12-27,2022-12-31,2022-12-31,1.8,100.0,4,7.2,returned
247,375,47,2023-01-07,2023-01-13,2023-01-13,3.84,192.0,6,23.04,returned
248,444,697,2023-01-28,2023-02-01,,6.9,345.0,90,1600.0,not_returned
249,674,665,2023-01-08,2023-01-22,2023-01-20,9.72,607.5,12,116.64,returned
250,1685,21,2023-01-15,2023-01-27,2023-01-25,0.66,33.0,10,6.6,returned
251,64,757,2023-01-05,2023-01-21,2023-01-21,3.06,170.0,16,48.96,returned
252,1122,391,2023-01-02,2023-01-07,2023-01-06,11.18,516.0,4,44.72,returned
253,124,558,2023-01-10,2023-01-18,2023-01-16,6.37,353.75,6,38.22,returned
254,124,314,2023-01-17,2023-01-30,2023-01-29,6.37,353.75,12,76.44,returned
255,686,264,2023-01-22,2023-02-17,,8.54,533.75,90,2810.0,not_returned
256,728,254,2023-01-03,2023-01-21,2023-01-29,2.64,165.0,26,128.64,returned
257,227,650,2023-01-24,2023-02-02,2023-02-01,9.72,540.0,8,77.76,returned
258,1091,447,2023-01-20,2023-01-26,2023-01-25,18.23,841.5,5,91.15,returned
259,1091,338,2023-01-26,2023-01-30,2023-01-28,18.23,841.5,2,36.46,returned
260,1091,262,2023-01-29,2023-02-07,2023-02-06,18.23,841.5,8,145.84,returned
261,647,602,2023-01-26,2023-02-06,2023-02-04,2.83,103.0,9,25.47,returned
262,647,451,2023-02-05,2023-02-21,2023-02-21,2.83,103.0,16,45.28,returned
263,647,261,2023-02-22,2023-02-28,2023-02-28,2.83,103.0,6,16.98,returned
264,647,578,2023-03-01,2023-03-14,2023-03-22,2.83,103.0,21,119.43,returned
265,647,46,2023-03-23,2023-04-06,2023-04-05,2.83,103.0,13,36.79,returned
266,844,627,2023-01-22,2023-02-04,2023-02-04,9.18,573.75,13,119.34,returned
267,747,4,2023-01-13,2023-02-07,2023-02-06,5.26,328.75,24,126.24,returned
268,764,585,2023-01-08,2023-01-27,2023-01-27,5.66,353.75,19,107.54,returned
269,743,622,2023-01-28,2023-02-13,2023-02-22,9.82,613.75,25,313.0,returned
270,395,696,2023-01-16,2023-01-23,2023-01-28,2.1,105.0,12,50.2,returned
271,395,259,2023-01-29,2023-02-03,2023-02-03,2.1,105.0,5,10.5,returned
272,395,282,2023-02-04,2023-02-07,,2.1,105.0,90,800.0,not_returned
273,1048,372,2023-01-16,2023-01-20,2023-01-23,20.57,949.5,7,158.99,returned
274,530,739,2023-01-23,2023-02-02,2023-02-02,3.57,130.0,10,35.7,returned
275,377,667,2023-01-07,2023-01-12,2023-01-12,10.26,513.0,5,51.3,returned
276,1444,400,2023-01-24,2023-03-06,2023-03-06,2.71,116.25,41,111.11,returned
277,563,695,2023-01-01,2023-01-20,2023-01-20,2.28,83.0,19,43.32,returned
278,533,20,2023-01-09,2023-01-19,,2.89,105.0,90,1200.0,not_returned
279,1802,693,2023-01-23,2023-01-26,2023-01-24,18.2,650.0,1,18.2,returned
280,1625,510,2023-01-27,2023-02-08,2023-02-07,1.12,56.25,11,12.32,returned
281,939,342,2023-01-12,2023-01-29,2023-01-29,11.18,698.75,17,190.06,returned
282,858,369,2023-01-03,2023-01-27,2023-01-27,5.18,323.75,24,124.32,returned
283,858,46,2023-01-28,2023-02-13,2023-02-12,5.18,323.75,15,77.7,returned
284,758,142,2023-01-27,2023-02-22,2023-02-21,2.68,167.5,25,67.0,returned
285,867,129,2023-01-08,2023-02-05,2023-02-05,7.68,480.0,28,215.04,returned
286,867,12,2023-02-06,2023-02-25,2023-03-02,7.68,480.0,24,221.82,returned
287,477,74,2023-01-02,2023-01-09,2023-01-22,2.92,106.0,20,155.9,returned
288,485,642,2023-02-17,2023-03-06,2023-03-04,2.09,76.0,15,31.35,returned
289,1231,102,2023-02-02,2023-03-07,2023-03-07,1.93,82.5,33,63.69,returned
290,62,375,2023-02-21,2023-03-06,2023-03-06,1.87,103.75,13,24.31,returned
291,922,716,2023-02-04,2023-03-05,2023-03-04,2.46,153.75,28,68.88,returned
292,122,436,2023-02-08,2023-02-16,2023-02-14,8.37,465.0,6,50.22,returned
293,1482,145,2023-02-19,2023-03-02,2023-03-02,0.49,24.75,11,5.39,returned
294,946,60,2023-02-03,2023-02-12,2023-02-25,6.92,432.5,22,249.74,returned
295,877,440,2023-02-20,2023-03-04,2023-03-03,8.1,506.25,11,89.1,returned
296,910,798,2023-02-06,2023-03-02,2023-02-28,8.7,543.75,22,191.4,returned
297,1848,776,2023-02-01,2023-02-05,2023-02-10,32.87,1173.75,9,333.33,returned
298,1227,59,2023-02-26,2023-03-07,2023-03-07,0.98,42.0,9,8.82,returned
299,1462,5,2023-02-17,2023-03-08,2023-03-07,0.81,40.5,18,14.58,returned
300,476,583,2023-02-16,2023-02-27,2023-02-25,3.52,128.0,9,31.68,returned
301,1222,47,2023-02-01,2023-02-27,2023-02-25,0.91,39.0,24,21.84,returned
302,153,540,2023-02-10,2023-02-16,2023-02-15,4.3,238.75,5,21.5,returned
303,51,341,2023-02-15,2023-03-06,2023-03-06,5.26,292.5,19,99.94,returned
304,941,108,2023-02-22,2023-03-15,2023-03-14,2.46,153.75,20,49.2,returned
305,941,68,2023-03-15,2023-04-05,,2.46,153.75,90,1290.0,not_returned
306,1017,629,2023-02-04,2023-02-13,2023-02-13,16.38,756.0,9,147.42,returned
307,1866,73,2023-02-23,2023-02-28,2023-02-27,11.13,397.5,4,44.52,returned
308,1187,254,2023-02-08,2023-02-12,2023-02-11,4.03,186.0,3,12.09,returned
309,1111,237,2023-02-22,2023-02-24,,11.15,514.5,90,2165.0,not_returned
310,124,723,2023-02-13,2023-03-02,2023-03-01,6.37,353.75,16,101.92,returned
311,846,407,2023-02-22,2023-03-20,2023-03-19,3.58,223.75,25,89.5,returned
312,722,548,2023-02-28,2023-03-18,2023-03-17,11.14,696.25,17,189.38,returned
313,367,674,2023-02-09,2023-02-11,,9.9,495.0,90,2100.0,not_returned
314,1731,410,2023-02-15,2023-02-17,2023-02-16,7.04,251.25,1,7.04,returned
315,489,682,2023-02-14,2023-02-16,2023-02-15,3.66,133.0,1,3.66,returned
316,489,414,2023-02-23,2023-03-04,2023-03-10,3.66,133.0,15,99.9,returned
317,1069,610,2023-02-09,2023-02-13,2023-02-13,1.72,79.5,4,6.88,returned
318,1777,215,2023-02-21,2023-02-24,2023-03-03,34.41,1228.75,10,396.6,returned
319,747,665,2023-02-07,2023-03-04,2023-03-02,5.26,328.75,23,120.98,returned
320,146,277,2023-02-20,2023-03-02,2023-03-06,9.76,542.5,14,166.64,returned
321,473,701,2023-02-02,2023-02-14,2023-02-14,3.3,120.0,12,39.6,returned
322,473,66,2023-02-15,2023-02-20,2023-02-22,3.3,120.0,7,38.1,returned
323,473,370,2023-02-23,2023-03-06,2023-03-04,3.3,120.0,9,29.7,returned
324,35,267,2023-02-05,2023-02-24,,7.92,440.0,90,2435.0,not_returned
325,866,521,2023-02-09,2023-03-05,,8.56,535.0,90,2815.0,not_returned
326,1768,139,2023-02-15,2023-02-17,2023-02-16,29.86,1066.25,1,29.86,returned
327,87,80,2023-02-02,2023-02-20,2023-02-18,8.59,477.5,16,137.44,returned
328,1845,175,2023-02-03,2023-02-05,2023-02-19,1.96,70.0,16,136.36,returned
329,1867,230,2023-02-06,2023-02-09,,1.4,50.0,90,875.0,not_returned
330,1832,714,2023-02-19,2023-02-20,2023-02-20,24.39,871.25,1,24.39,returned
331,1721,397,2023-02-25,2023-02-27,,18.23,651.25,90,3280.0,not_returned
332,1200,231,2023-02-08,2023-02-17,2023-02-15,22.39,1033.5,7,156.73,returned
333,1569,693,2023-02-07,2023-02-08,,0.9,45.0,90,750.0,not_returned
334,102,433,2023-02-25,2023-03-06,2023-03-06,5.04,280.0,9,45.36,returned
335,615,98,2023-03-03,2023-03-10,2023-03-10,2.09,76.0,7,14.63,returned
336,1530,75,2023-03-18,2023-03-25,2023-04-02,0.69,34.5,15,50.35,returned
337,846,396,2023-03-20,2023-04-09,2023-04-11,3.58,223.75,22,93.76,returned
338,1693,768,2023-03-06,2023-03-23,2023-03-22,0.95,47.25,16,15.2,returned
339,75,181,2023-03-01,2023-03-10,2023-03-08,3.98,221.25,7,27.86,returned
340,75,640,2023-03-28,2023-04-05,2023-04-04,3.98,221.25,7,27.86,returned
341,912,220,2023-03-07,2023-04-02,2023-03-31,3.76,235.0,24,90.24,returned
342,899,743,2023-03-07,2023-03-24,2023-03-23,2.42,151.25,16,38.72,returned
343,356,548,2023-03-27,2023-03-31,2023-03-30,5.34,267.0,3,16.02,returned
344,1773,450,2023-03-09,2023-03-12,2023-03-10,13.16,470.0,1,13.16,returned
345,967,3,2023-03-26,2023-04-16,2023-04-16,10.42,651.25,21,218.82,returned
346,967,145,2023-04-17,2023-05-11,2023-05-11,10.42,651.25,24,250.08,returned
347,293,330,2023-03-09,2023-03-14,,11.1,555.0,90,2300.0,not_returned
348,117,331,2023-03-04,2023-03-24,2023-04-06,4.84,268.75,33,257.22,returned
349,117,492,2023-04-07,2023-04-20,2023-04-20,4.84,268.75,13,62.92,returned
350,1760,185,2023-03-19,2023-03-21,2023-03-20,28.04,1001.25,1,28.04,returned
351,1760,127,2023-03-21,2023-03-22,2023-03-27,28.04,1001.25,6,205.74,returned
352,764,446,2023-03-18,2023-04-05,2023-04-03,5.66,353.75,16,90.56,returned
353,1321,435,2023-03-28,2023-05-04,2023-05-08,1.49,63.75,41,73.09,returned
354,1146,476,2023-03-15,2023-03-20,2023-03-20,10.72,495.0,5,53.6,returned
355,830,284,2023-03-16,2023-04-04,2023-04-03,7.44,465.0,18,133.92,returned
356,1633,306,2023-03-24,2023-04-11,2023-04-10,0.2,9.75,17,3.4,returned
357,1732,616,2023-03-14,2023-03-16,2023-03-15,4.97,177.5,1,4.97,returned
358,1095,341,2023-03-25,2023-03-29,2023-03-28,20.05,925.5,3,60.15,returned
359,571,227,2023-03-09,2023-03-17,2023-03-15,2.89,105.0,6,17.34,returned
360,673,631,2023-03-08,2023-04-01,2023-03-31,4.38,273.75,23,100.74,returned
361,673,229,2023-04-01,2023-04-22,2023-04-20,4.38,273.75,19,83.22,returned
362,1323,426,2023-03-14,2023-04-18,2023-04-17,0.68,29.25,34,23.12,returned
363,635,676,2023-03-06,2023-03-13,2023-03-13,3.46,126.0,7,24.22,returned
364,1124,105,2023-03-19,2023-03-28,2023-04-11,6.63,306.0,23,222.49,returned
365,984,168,2023-03-27,2023-03-28,2023-03-30,7.21,333.0,3,31.63,returned
366,1767,631,2023-03-26,2023-03-28,2023-03-27,23.52,840.0,1,23.52,returned
367,1798,666,2023-03-28,2023-03-30,,15.29,546.25,90,2860.0,not_returned
368,544,86,2023-03-23,2023-04-05,2023-04-03,1.79,65.0,11,19.69,returned
369,544,486,2023-04-04,2023-04-10,2023-04-09,1.79,65.0,5,8.95,returned
370,544,85,2023-04-10,2023-04-22,2023-04-21,1.79,65.0,11,19.69,returned
371,408,331,2023-03-04,2023-03-07,2023-03-06,11.01,550.5,2,22.02,returned
372,159,414,2023-03-13,2023-03-30,2023-03-29,6.82,378.75,16,109.12,returned
373,909,330,2023-03-27,2023-04-22,2023-04-22,6.82,426.25,26,177.32,returned
374,270,753,2023-03-13,2023-03-24,2023-03-22,3.46,192.5,9,31.14,returned
375,335,411,2023-03-15,2023-03-23,2023-03-22,1.26,63.0,7,8.82,returned
376,1010,14,2023-03-27,2023-04-04,2023-04-03,18.65,861.0,7,130.55,returned
377,1010,35,2023-04-04,2023-04-11,,18.65,861.0,90,3320.0,not_returned
378,468,21,2023-03-27,2023-04-09,2023-04-08,1.46,53.0,12,17.52,returned
379,939,306,2023-03-12,2023-03-21,2023-03-19,11.18,698.75,7,78.26,returned
380,847,144,2023-03-11,2023-04-05,2023-04-08,7.92,495.0,28,244.26,returned
381,847,410,2023-04-09,2023-04-24,2023-04-23,7.92,495.0,14,110.88,returned
382,512,169,2023-03-16,2023-03-24,2023-03-23,1.9,69.0,7,13.3,returned
383,1445,539,2023-03-18,2023-04-24,2023-04-22,2.4,102.75,35,84.0,returned
384,1008,484,2023-03-18,2023-03-26,2023-03-26,2.08,96.0,8,16.64,returned
385,299,456,2023-03-10,2023-03-15,2023-03-15,5.28,264.0,5,26.4,returned
386,315,796,2023-04-12,2023-04-16,2023-04-15,9.15,457.5,3,27.45,returned
387,91,398,2023-04-17,2023-05-02,2023-04-30,1.8,100.0,13,23.4,returned
388,1080,363,2023-04-02,2023-04-07,2023-04-06,10.69,493.5,4,42.76,returned
389,1080,116,2023-04-14,2023-04-24,2023-05-01,10.69,493.5,17,216.73,returned
390,840,398,2023-04-02,2023-04-26,2023-04-26,2.62,163.75,24,62.88,returned
391,722,781,2023-04-02,2023-04-17,2023-04-15,11.14,696.25,13,144.82,returned
392,1743,631,2023-04-27,2023-04-30,2023-05-04,30.45,1087.5,7,243.15,returned
393,1018,497,2023-04-26,2023-05-04,2023-05-09,11.96,552.0,13,180.48,returned
394,437,797,2023-04-12,2023-04-16,2023-04-14,6.06,303.0,2,12.12,returned
395,865,780,2023-04-11,2023-05-04,2023-05-02,11.04,690.0,21,231.84,returned
396,1462,85,2023-04-05,2023-04-08,2023-04-08,0.81,40.5,3,2.43,returned
397,701,490,2023-04-07,2023-04-19,2023-04-18,2.78,173.75,11,30.58,returned
398,701,679,2023-04-19,2023-04-27,2023-04-27,2.78,173.75,8,22.24,returned
399,871,261,2023-04-07,2023-04-19,2023-04-18,9.86,616.25,11,108.46,returned
400,1465,385,2023-04-03,2023-04-21,2023-04-20,0.42,21.0,17,7.14,returned
401,1547,126,2023-04-13,2023-04-27,,1.16,57.75,90,835.0,not_returned
402,1099,482,2023-04-14,2023-04-23,,17.32,799.5,90,3115.0,not_returned
403,1768,85,2023-04-22,2023-04-24,,29.86,1066.25,90,4940.0,not_returned
404,531,356,2023-04-12,2023-04-25,2023-04-23,1.76,64.0,11,19.36,returned
405,1021,599,2023-04-22,2023-04-27,2023-04-26,6.4,295.5,4,25.6,returned
406,619,15,2023-04-22,2023-05-03,2023-05-03,1.73,63.0,11,19.03,returned
407,1765,388,2023-04-20,2023-04-23,2023-04-23,16.94,605.0,3,50.82,returned
408,509,562,2023-04-24,2023-05-02,2023-05-01,2.8,102.0,7,19.6,returned
409,58,292,2023-04-20,2023-04-28,2023-04-27,3.62,201.25,7,25.34,returned
410,825,17,2023-04-06,2023-04-19,2023-04-18,5.42,338.75,12,65.04,returned
411,1461,522,2023-04-12,2023-04-29,2023-05-07,0.77,38.25,25,59.25,returned
412,417,181,2023-04-19,2023-04-26,2023-04-24,2.52,126.0,5,12.6,returned
413,597,679,2023-04-01,2023-04-09,2023-04-08,2.56,93.0,7,17.92,returned
414,1171,192,2023-04-20,2023-04-28,2023-05-09,13.94,643.5,19,319.86,returned
415,1672,452,2023-04-24,2023-05-09,2023-05-09,1.09,54.75,15,16.35,returned
416,1670,659,2023-04-07,2023-04-23,2023-04-21,0.95,47.25,14,13.3,returned
417,1518,359,2023-04-26,2023-05-06,2023-05-06,0.97,48.75,10,9.7,returned
418,821,441,2023-04-21,2023-05-05,2023-05-04,10.92,682.5,13,141.96,returned
419,821,576,2023-05-05,2023-05-25,2023-05-24,10.92,682.5,19,207.48,returned
420,1285,348,2023-04-24,2023-05-27,2023-05-25,0.4,17.25,31,12.4,returned
421,1837,607,2023-04-02,2023-04-05,2023-04-04,23.84,851.25,2,47.68,returned
422,1417,437,2023-04-21,2023-05-10,2023-05-20,0.77,33.0,29,52.33,returned
423,142,745,2023-04-12,2023-05-05,2023-05-05,1.69,93.75,23,38.87,returned
424,151,424,2023-04-24,2023-05-10,2023-05-10,7.2,400.0,16,115.2,returned
425,1253,542,2023-04-18,2023-05-13,2023-05-12,1.59,68.25,24,38.16,returned
426,1253,435,2023-05-13,2023-06-06,2023-06-05,1.59,68.25,23,36.57,returned
427,364,601,2023-04-17,2023-04-18,2023-04-20,3.9,195.0,3,21.7,returned
428,212,196,2023-04-06,2023-04-22,2023-04-21,8.12,451.25,15,121.8,returned
429,1789,483,2023-04-16,2023-04-19,2023-04-19,24.08,860.0,3,72.24,returned
430,193,406,2023-04-20,2023-05-04,2023-05-04,8.01,445.0,14,112.14,returned
431,193,554,2023-05-05,2023-05-22,,8.01,445.0,90,2455.0,not_returned
432,1819,279,2023-05-20,2023-05-23,2023-05-24,10.5,375.0,4,49.5,returned
433,1819,319,2023-05-25,2023-05-28,2023-05-28,10.5,375.0,3,31.5,returned
434,745,327,2023-05-22,2023-06-19,2023-06-19,8.24,515.0,28,230.72,returned
435,745,745,2023-06-20,2023-07-11,2023-07-11,8.24,515.0,21,173.04,returned
436,1017,300,2023-05-16,2023-05-17,2023-05-17,16.38,756.0,1,16.38,returned
437,1017,608,2023-05-18,2023-05-28,2023-05-28,16.38,756.0,10,163.8,returned
438,1878,75,2023-05-16,2023-05-19,,23.52,840.0,90,4035.0,not_returned
439,1027,42,2023-05-11,2023-05-19,2023-05-19,7.73,357.0,8,61.84,returned
440,1027,463,2023-05-20,2023-05-25,2023-05-24,7.73,357.0,4,30.92,returned
441,1513,207,2023-05-04,2023-05-26,2023-05-24,0.45,22.5,20,9.0,returned
442,1439,731,2023-05-07,2023-06-07,2023-06-17,0.98,42.0,41,70.18,returned
443,1439,773,2023-06-18,2023-07-08,2023-07-08,0.98,42.0,20,19.6,returned
444,910,546,2023-05-02,2023-05-23,2023-05-25,8.7,543.75,23,215.1,returned
445,910,573,2023-05-26,2023-06-24,2023-06-23,8.7,543.75,28,243.6,returned
446,165,172,2023-05-08,2023-05-26,2023-05-24,2.83,157.5,16,45.28,returned
447,352,277,2023-05-16,2023-05-21,2023-05-19,1.86,93.0,3,5.58,returned
448,352,779,2023-05-20,2023-05-25,2023-05-24,1.86,93.0,4,7.44,returned
449,705,458,2023-05-26,2023-06-20,2023-06-20,7.34,458.75,25,183.5,returned
450,1702,218,2023-05-05,2023-05-06,2023-05-06,33.53,1197.5,1,33.53,returned
451,1159,206,2023-05-15,2023-05-23,2023-06-04,19.76,912.0,20,455.2,returned
452,1530,721,2023-05-15,2023-05-27,2023-05-27,0.69,34.5,12,8.28,returned
453,203,266,2023-05-26,2023-06-14,2023-06-13,1.89,105.0,18,34.02,returned
454,788,446,2023-05-03,2023-05-31,,6.04,377.5,90,2185.0,not_returned
455,1155,400,2023-05-03,2023-05-08,2023-05-10,13.16,607.5,7,102.12,returned
456,1508,798,2023-05-22,2023-06-05,2023-06-05,1.16,57.75,14,16.24,returned
457,877,695,2023-05-21,2023-06-14,2023-06-13,8.1,506.25,23,186.3,returned
458,1183,337,2023-05-09,2023-05-13,2023-05-17,3.28,151.5,8,46.24,returned
459,81,439,2023-05-07,2023-05-26,2023-05-25,4.57,253.75,18,82.26,returned
460,81,719,2023-05-27,2023-06-07,2023-06-05,4.57,253.75,9,41.13,returned
461,81,415,2023-06-06,2023-06-29,2023-06-28,4.57,253.75,22,100.54,returned
462,452,597,2023-05-23,2023-05-28,2023-06-09,10.59,529.5,17,240.03,returned
463,1497,397,2023-05-02,2023-05-08,2023-05-08,1.2,60.0,6,7.2,returned
464,1083,757,2023-05-13,2023-05-17,2023-05-17,19.08,880.5,4,76.32,returned
465,90,770,2023-05-15,2023-05-30,2023-05-28,2.41,133.75,13,31.33,returned
466,648,120,2023-05-18,2023-05-31,2023-05-30,2.06,75.0,12,24.72,returned
467,107,707,2023-05-07,2023-05-22,2023-05-21,5.83,323.75,14,81.62,returned
468,939,711,2023-05-01,2023-05-27,2023-05-27,11.18,698.75,26,290.68,returned
469,425,41,2023-05-22,2023-05-25,2023-05-23,3.48,174.0,1,3.48,returned
470,1172,43,2023-05-14,2023-05-21,2023-05-20,4.32,199.5,6,25.92,returned
471,1305,575,2023-05-12,2023-06-28,2023-06-28,2.03,87.0,47,95.41,returned
472,1769,721,2023-05-18,2023-05-21,2023-05-20,22.47,802.5,2,44.94,returned
473,903,259,2023-05-10,2023-06-02,2023-06-01,8.04,502.5,22,176.88,returned
474,1366,498,2023-05-08,2023-05-26,2023-05-25,1.24,53.25,17,21.08,returned
475,130,429,2023-05-12,2023-05-29,2023-05-27,8.23,457.5,15,123.45,returned
476,309,175,2023-05-28,2023-05-30,2023-05-30,8.64,432.0,2,17.28,returned
477,843,561,2023-05-11,2023-05-31,2023-05-30,11.5,718.75,19,218.5,returned
478,23,371,2023-05-11,2023-05-26,,10.6,588.75,90,3030.0,not_returned
479,95,563,2023-05-24,2023-06-09,2023-06-17,2.02,112.5,24,108.48,returned
480,1112,717,2023-05-12,2023-05-19,2023-05-17,5.65,261.0,5,28.25,returned
481,248,182,2023-05-19,2023-06-11,2023-06-10,5.17,287.5,22,113.74,returned
482,427,199,2023-05-26,2023-05-27,,3.18,159.0,90,980.0,not_returned
483,1182,763,2023-05-25,2023-06-03,2023-06-07,17.26,796.5,13,244.38,returned
484,1493,34,2023-05-15,2023-05-26,2023-05-26,0.43,21.75,11,4.73,returned
485,1864,388,2023-05-27,2023-05-30,2023-05-29,26.04,930.0,2,52.08,returned
486,15,512,2023-05-21,2023-06-08,2023-06-08,7.18,398.75,18,129.24,returned
487,1214,797,2023-05-06,2023-06-13,,2.17,93.0,90,890.0,not_returned
488,959,589,2023-05-05,2023-05-26,2023-05-24,6.74,421.25,19,128.06,returned
489,325,744,2023-05-19,2023-05-27,2023-05-25,1.68,84.0,6,10.08,returned
490,450,379,2023-06-08,2023-06-11,2023-06-10,5.1,255.0,2,10.2,returned
491,582,752,2023-06-03,2023-06-11,2023-06-10,2.78,101.0,7,19.46,returned
492,322,506,2023-06-28,2023-07-01,2023-06-29,6.36,318.0,1,6.36,returned
493,322,578,2023-06-30,2023-07-04,2023-07-04,6.36,318.0,4,25.44,returned
494,1287,619,2023-06-05,2023-07-04,2023-07-02,2.36,101.25,27,63.72,returned
495,896,181,2023-06-21,2023-07-01,2023-07-06,11.18,698.75,15,205.2,returned
496,1037,641,2023-06-07,2023-06-14,2023-06-14,3.74,172.5,7,26.18,returned
497,768,703,2023-06-12,2023-07-03,2023-07-01,5.72,357.5,19,108.68,returned
498,768,351,2023-07-02,2023-07-18,2023-07-18,5.72,357.5,16,91.52,returned
499,1833,712,2023-06-01,2023-06-02,2023-06-02,22.71,811.25,1,22.71,returned
500,40,405,2023-06-22,2023-07-03,2023-07-02,1.39,77.5,10,13.9,returned
501,923,598,2023-06-18,2023-07-03,2023-07-03,3.52,220.0,15,52.8,returned
502,923,746,2023-07-04,2023-07-20,2023-07-19,3.52,220.0,15,52.8,returned
503,1608,397,2023-06-22,2023-07-09,2023-07-09,0.15,7.5,17,2.55,returned
504,362,150,2023-06-13,2023-06-16,2023-06-15,2.58,129.0,2,5.16,returned
505,1879,201,2023-06-01,2023-06-03,2023-06-02,19.39,692.5,1,19.39,returned
506,1605,335,2023-06-14,2023-07-03,2023-07-01,0.6,30.0,17,10.2,returned
507,1085,350,2023-06-24,2023-06-26,2023-06-25,8.68,400.5,1,8.68,returned
508,248,24,2023-06-11,2023-06-24,2023-06-22,5.17,287.5,11,56.87,returned
509,856,66,2023-06-19,2023-07-16,2023-07-16,3.26,203.75,27,88.02,returned
510,398,246,2023-06-07,2023-06-10,2023-06-23,3.03,151.5,16,113.48,returned
511,1320,445,2023-06-24,2023-08-06,2023-08-14,2.54,108.75,51,153.54,returned
512,830,83,2023-06-10,2023-07-09,2023-07-08,7.44,465.0,28,208.32,returned
513,1702,282,2023-06-27,2023-06-30,2023-06-28,33.53,1197.5,1,33.53,returned
514,731,141,2023-06-02,2023-06-20,2023-06-19,7.66,478.75,17,130.22,returned
515,1070,633,2023-06-22,2023-07-01,2023-06-29,16.05,741.0,7,112.35,returned
516,1070,280,2023-06-30,2023-07-01,2023-07-01,16.05,741.0,1,16.05,returned
517,765,289,2023-06-10,2023-06-28,2023-06-26,2.58,161.25,16,41.28,returned
518,765,609,2023-06-27,2023-07-26,2023-07-25,2.58,161.25,28,72.24,returned
519,785,651,2023-06-13,2023-06-30,2023-06-28,7.76,485.0,15,116.4,returned
520,1443,139,2023-06-20,2023-07-05,,2.15,92.25,90,885.0,not_returned
521,886,529,2023-06-09,2023-06-28,,2.88,180.0,90,1395.0,not_returned
522,150,473,2023-06-09,2023-06-25,2023-07-08,9.72,540.0,29,379.38,returned
523,476,696,2023-06-26,2023-07-13,2023-07-24,3.52,128.0,28,181.06,returned
524,1174,795,2023-06-12,2023-06-21,2023-06-20,11.73,541.5,8,93.84,returned
525,1725,672,2023-06-11,2023-06-13,2023-06-13,27.86,995.0,2,55.72,returned
526,847,623,2023-06-10,2023-07-02,2023-06-30,7.92,495.0,20,158.4,returned
527,847,121,2023-07-01,2023-07-28,2023-07-28,7.92,495.0,27,213.84,returned
528,1358,83,2023-06-04,2023-07-25,2023-07-23,1.96,84.0,49,96.04,returned
529,1069,8,2023-06-16,2023-06-22,2023-06-22,1.72,79.5,6,10.32,returned
530,563,715,2023-06-21,2023-06-27,2023-07-01,2.28,83.0,10,52.8,returned
531,844,780,2023-06-16,2023-07-01,2023-07-01,9.18,573.75,15,137.7,returned
532,793,161,2023-06-20,2023-07-08,2023-07-08,4.12,257.5,18,74.16,returned
533,793,742,2023-07-09,2023-07-18,2023-07-21,4.12,257.5,12,71.94,returned
534,795,496,2023-06-04,2023-06-07,2023-06-06,10.7,668.75,2,21.4,returned
535,795,710,2023-06-07,2023-07-02,2023-07-02,10.7,668.75,25,267.5,returned
536,1757,578,2023-06-12,2023-06-15,2023-06-15,2.14,76.25,3,6.42,returned
537,375,322,2023-06-08,2023-06-11,2023-06-18,3.84,192.0,10,73.4,returned
538,1683,169,2023-06-19,2023-06-25,2023-06-25,0.95,47.25,6,5.7,returned
539,383,143,2023-06-08,2023-06-17,2023-06-15,8.94,447.0,7,62.58,returned
540,1483,129,2023-06-06,2023-06-09,2023-06-07,0.54,27.0,1,0.54,returned
541,1483,181,2023-06-28,2023-07-08,,0.54,27.0,90,630.0,not_returned
542,1245,288,2023-06-04,2023-07-08,2023-07-07,3.04,130.5,33,100.32,returned
543,90,422,2023-06-11,2023-06-23,2023-06-21,2.41,133.75,10,24.1,returned
544,573,266,2023-07-23,2023-08-01,2023-08-01,2.47,90.0,9,22.23,returned
545,1032,660,2023-07-25,2023-08-04,2023-08-03,15.44,712.5,9,138.96,returned
546,910,773,2023-07-27,2023-08-24,,8.7,543.75,90,2850.0,not_returned
547,1710,645,2023-07-06,2023-07-09,,9.24,330.0,90,1995.0,not_returned
548,1680,514,2023-07-10,2023-07-26,2023-07-25,0.57,28.5,15,8.55,returned
549,1705,747,2023-07-25,2023-07-28,2023-07-27,15.02,536.25,2,30.04,returned
550,1088,589,2023-07-11,2023-07-21,2023-07-20,3.25,150.0,9,29.25,returned
551,570,329,2023-07-20,2023-07-28,2023-07-27,1.79,65.0,7,12.53,returned
552,570,740,2023-07-28,2023-08-02,2023-08-02,1.79,65.0,5,8.95,returned
553,463,729,2023-07-18,2023-07-31,,3.0,109.0,90,1220.0,not_returned
554,629,410,2023-07-28,2023-08-02,2023-08-02,1.59,58.0,5,7.95,returned
555,259,655,2023-07-24,2023-08-13,2023-08-11,6.82,378.75,18,122.76,returned
556,1866,733,2023-07-19,2023-07-22,2023-07-22,11.13,397.5,3,33.39,returned
557,1866,391,2023-07-23,2023-07-25,2023-07-24,11.13,397.5,1,11.13,returned
558,1296,544,2023-07-01,2023-08-13,2023-08-11,3.01,129.0,41,123.41,returned
559,1608,11,2023-07-10,2023-07-19,2023-07-17,0.15,7.5,7,1.05,returned
560,1608,732,2023-07-18,2023-08-03,2023-08-01,0.15,7.5,14,2.1,returned
561,1133,192,2023-07-06,2023-07-08,2023-07-07,19.56,903.0,1,19.56,returned
562,288,464,2023-07-03,2023-07-05,2023-07-05,1.92,96.0,2,3.84,returned
563,620,530,2023-07-19,2023-07-30,2023-07-29,3.41,124.0,10,34.1,returned
564,1772,286,2023-07-22,2023-07-24,2023-07-23,7.77,277.5,1,7.77,returned
565,1772,212,2023-07-24,2023-07-27,2023-07-27,7.77,277.5,3,23.31,returned
566,1772,246,2023-07-28,2023-07-30,,7.77,277.5,90,1785.0,not_returned
567,1573,723,2023-07-15,2023-07-31,2023-08-12,0.15,7.5,28,64.2,returned
568,814,516,2023-07-06,2023-07-23,2023-07-22,9.62,601.25,16,153.92,returned
569,724,779,2023-07-13,2023-08-03,2023-08-16,9.86,616.25,34,432.74,returned
570,750,253,2023-07-15,2023-08-13,2023-08-13,2.34,146.25,29,67.86,returned
571,1298,141,2023-07-02,2023-07-24,2023-07-23,2.98,127.5,21,62.58,returned
572,442,665,2023-07-21,2023-07-24,2023-07-29,4.83,241.5,8,63.64,returned
573,442,67,2023-07-30,2023-08-02,2023-08-01,4.83,241.5,2,9.66,returned
574,1288,255,2023-07-02,2023-07-28,2023-07-28,2.85,122.25,26,74.1,returned
575,455,740,2023-07-01,2023-07-03,2023-07-02,5.61,280.5,1,5.61,returned
576,1454,278,2023-07-18,2023-08-22,2023-08-21,3.03,129.75,34,103.02,returned
577,275,322,2023-07-08,2023-07-26,2023-08-04,4.9,272.5,27,199.8,returned
578,192,732,2023-07-15,2023-07-22,2023-07-22,3.76,208.75,7,26.32,returned
579,192,564,2023-07-23,2023-08-09,2023-08-09,3.76,208.75,17,63.92,returned
580,192,42,2023-08-10,2023-08-23,2023-08-22,3.76,208.75,12,45.12,returned
581,485,500,2023-07-08,2023-07-24,2023-07-22,2.09,76.0,14,29.26,returned
582,485,299,2023-07-23,2023-07-28,2023-07-28,2.09,76.0,5,10.45,returned
583,485,320,2023-07-29,2023-08-14,2023-08-13,2.09,76.0,15,31.35,returned
584,799,646,2023-07-24,2023-08-21,2023-08-21,2.2,137.5,28,61.6,returned
585,761,176,2023-07-04,2023-07-30,2023-08-08,11.52,720.0,35,470.7,returned
586,846,42,2023-07-05,2023-07-24,2023-07-24,3.58,223.75,19,68.02,returned
587,846,628,2023-07-25,2023-08-22,2023-08-22,3.58,223.75,28,100.24,returned
588,1039,286,2023-07-14,2023-07-24,2023-08-07,4.52,208.5,24,178.48,returned
589,1757,507,2023-07-20,2023-07-23,2023-07-23,2.14,76.25,3,6.42,returned
590,231,87,2023-07-11,2023-07-31,2023-07-29,6.19,343.75,18,111.42,returned
591,952,546,2023-07-23,2023-08-25,2023-09-08,6.06,378.75,47,389.82,returned
592,1731,133,2023-07-15,2023-07-18,2023-07-17,7.04,251.25,2,14.08,returned
593,1135,212,2023-07-26,2023-08-03,2023-08-13,11.83,546.0,18,262.94,returned
594,1135,390,2023-08-14,2023-08-20,2023-08-20,11.83,546.0,6,70.98,returned
595,1095,634,2023-07-06,2023-07-12,2023-07-25,20.05,925.5,19,445.95,returned
596,684,221,2023-07-27,2023-08-18,2023-08-16,11.86,741.25,20,237.2,returned
597,684,478,2023-08-17,2023-09-08,2023-09-07,11.86,741.25,21,249.06,returned
598,1461,275,2023-07-03,2023-07-20,,0.77,38.25,90,705.0,not_returned
599,1633,625,2023-07-22,2023-08-07,2023-08-05,0.2,9.75,14,2.8,returned
600,705,500,2023-08-25,2023-08-26,,7.34,458.75,90,2510.0,not_returned
601,898,70,2023-08-27,2023-09-24,2023-10-06,2.16,135.0,40,176.4,returned
602,898,754,2023-10-07,2023-10-09,2023-10-08,2.16,135.0,1,2.16,returned
603,722,324,2023-08-03,2023-08-24,2023-08-23,11.14,696.25,20,222.8,returned
604,464,406,2023-08-19,2023-08-28,2023-08-28,2.69,98.0,9,24.21,returned
605,464,243,2023-08-29,2023-09-05,2023-09-05,2.69,98.0,7,18.83,returned
606,551,59,2023-08-10,2023-08-27,2023-08-26,2.56,93.0,16,40.96,returned
607,551,537,2023-08-27,2023-09-04,2023-09-05,2.56,93.0,9,30.54,returned
608,1368,61,2023-08-18,2023-09-10,2023-09-08,2.01,86.25,21,42.21,returned
609,840,703,2023-08-06,2023-09-07,2023-09-05,2.62,163.75,30,78.6,returned
610,840,476,2023-09-06,2023-09-26,2023-09-26,2.62,163.75,20,52.4,returned
611,1173,536,2023-08-21,2023-08-24,2023-08-22,9.07,418.5,1,9.07,returned
612,229,661,2023-08-09,2023-08-24,2023-08-22,6.66,370.0,13,86.58,returned
613,356,397,2023-08-08,2023-08-10,2023-08-09,5.34,267.0,1,5.34,returned
614,356,657,2023-08-15,2023-08-20,,5.34,267.0,90,1340.0,not_returned
615,1240,65,2023-08-20,2023-09-15,2023-09-19,0.91,39.0,30,39.3,returned
616,248,630,2023-08-24,2023-09-05,2023-09-04,5.17,287.5,11,56.87,returned
617,1048,218,2023-08-21,2023-08-28,2023-08-26,20.57,949.5,5,102.85,returned
618,1820,4,2023-08-01,2023-08-05,2023-08-15,33.56,1198.75,14,544.84,returned
619,1820,365,2023-08-17,2023-08-18,2023-08-18,33.56,1198.75,1,33.56,returned
620,142,726,2023-08-20,2023-09-02,2023-09-07,1.69,93.75,18,67.92,returned
621,1678,727,2023-08-10,2023-08-18,2023-08-17,0.56,27.75,7,3.92,returned
622,150,768,2023-08-15,2023-08-23,2023-08-21,9.72,540.0,6,58.32,returned
623,693,659,2023-08-24,2023-09-18,2023-10-01,10.84,677.5,38,509.42,returned
624,1720,347,2023-08-03,2023-08-06,2023-08-04,32.09,1146.25,1,32.09,returned
625,1846,305,2023-08-15,2023-08-18,2023-08-18,32.2,1150.0,3,96.6,returned
626,1725,541,2023-08-11,2023-08-14,,27.86,995.0,90,4655.0,not_returned
627,1494,567,2023-08-08,2023-08-13,2023-08-14,0.6,30.0,6,8.6,returned
628,965,454,2023-08-14,2023-08-30,2023-08-30,8.46,528.75,16,135.36,returned
629,635,222,2023-08-04,2023-08-14,2023-08-14,3.46,126.0,10,34.6,returned
630,1425,268,2023-08-13,2023-09-23,2023-09-22,2.87,123.0,40,114.8,returned
631,1425,82,2023-09-23,2023-11-02,2023-11-01,2.87,123.0,39,111.93,returned
632,843,635,2023-08-06,2023-08-28,2023-09-06,11.5,718.75,31,424.0,returned
633,1609,627,2023-08-06,2023-08-17,2023-08-21,0.35,17.25,15,25.25,returned
634,1600,498,2023-08-02,2023-08-08,2023-08-07,1.19,59.25,5,5.95,returned
635,557,602,2023-08-26,2023-09-03,2023-09-01,2.45,89.0,6,14.7,returned
636,557,423,2023-09-02,2023-09-15,,2.45,89.0,90,1120.0,not_returned
637,292,781,2023-08-07,2023-08-08,2023-08-08,5.88,294.0,1,5.88,returned
638,1269,516,2023-08-10,2023-08-24,,2.91,124.5,90,1100.0,not_returned
639,426,702,2023-08-11,2023-08-16,2023-08-15,7.5,375.0,4,30.0,returned
640,522,112,2023-08-27,2023-09-08,2023-09-06,2.01,73.0,10,20.1,returned
641,1125,721,2023-08-10,2023-08-13,2023-08-11,16.09,742.5,1,16.09,returned
642,648,280,2023-08-04,2023-08-12,2023-08-14,2.06,75.0,10,35.6,returned
643,1001,274,2023-08-04,2023-08-11,2023-08-10,11.86,547.5,6,71.16,returned
644,448,682,2023-08-16,2023-08-19,2023-08-19,4.26,213.0,3,12.78,returned
645,448,694,2023-08-22,2023-08-26,2023-08-26,4.26,213.0,4,17.04,returned
646,1183,126,2023-08-17,2023-08-23,,3.28,151.5,90,955.0,not_returned
647,1316,438,2023-08-06,2023-08-16,2023-08-14,0.75,32.25,8,6.0,returned
648,1527,737,2023-08-20,2023-09-05,2023-09-04,0.24,12.0,15,3.6,returned
649,213,188,2023-08-19,2023-09-07,2023-09-13,4.32,240.0,25,153.0,returned
650,213,246,2023-09-14,2023-09-19,2023-09-18,4.32,240.0,4,17.28,returned
651,1763,498,2023-08-12,2023-08-13,,33.95,1212.5,90,5525.0,not_returned
652,1150,424,2023-08-26,2023-08-31,2023-08-30,16.22,748.5,4,64.88,returned
653,742,54,2023-08-19,2023-09-08,2023-09-06,5.0,312.5,18,90.0,returned
654,1210,222,2023-08-02,2023-08-20,2023-08-19,0.33,14.25,17,5.61,returned
655,780,399,2023-08-06,2023-09-04,2023-09-02,9.48,592.5,27,255.96,returned
656,1182,798,2023-08-03,2023-08-10,2023-08-09,17.26,796.5,6,103.56,returned
657,1706,751,2023-08-16,2023-08-20,2023-08-18,25.52,911.25,2,51.04,returned
658,1383,638,2023-08-06,2023-09-28,2023-09-26,1.57,67.5,51,80.07,returned
659,73,166,2023-08-27,2023-09-11,2023-09-10,5.38,298.75,14,75.32,returned
660,601,702,2023-08-01,2023-08-13,2023-08-11,2.45,89.0,10,24.5,returned
661,1468,41,2023-08-13,2023-08-28,2023-08-28,0.57,28.5,15,8.55,returned
662,413,433,2023-09-08,2023-09-12,2023-09-11,6.66,333.0,3,19.98,returned
663,1467,616,2023-09-26,2023-09-27,2023-09-29,0.51,25.5,3,11.53,returned
664,1056,607,2023-09-16,2023-09-19,2023-09-17,3.15,145.5,1,3.15,returned
665,738,323,2023-09-13,2023-10-03,2023-10-02,5.14,321.25,19,97.66,returned
666,1083,758,2023-09-25,2023-10-01,2023-10-01,19.08,880.5,6,114.48,returned
667,73,629,2023-09-11,2023-09-25,2023-09-25,5.38,298.75,14,75.32,returned
668,1133,680,2023-09-24,2023-09-27,,19.56,903.0,90,3460.0,not_returned
669,183,311,2023-09-09,2023-09-24,2023-09-27,4.75,263.75,18,108.0,returned
670,830,279,2023-09-16,2023-10-09,2023-10-07,7.44,465.0,21,156.24,returned
671,830,652,2023-10-08,2023-10-22,,7.44,465.0,90,2535.0,not_returned
672,629,494,2023-09-28,2023-10-04,2023-10-04,1.59,58.0,6,9.54,returned
673,768,329,2023-09-04,2023-09-29,,5.72,357.5,90,2105.0,not_returned
674,952,799,2023-09-09,2023-09-25,2023-09-25,6.06,378.75,16,96.96,returned
675,1856,471,2023-09-23,2023-09-25,2023-09-24,28.7,1025.0,1,28.7,returned
676,1364,310,2023-09-02,2023-10-08,2023-10-18,0.73,31.5,46,63.58,returned
677,1022,786,2023-09-13,2023-09-15,2023-09-14,4.0,184.5,1,4.0,returned
678,730,578,2023-09-15,2023-10-05,2023-10-04,3.52,220.0,19,66.88,returned
679,141,451,2023-09-02,2023-09-16,2023-09-15,4.07,226.25,13,52.91,returned
680,640,290,2023-09-27,2023-10-09,2023-10-08,1.48,54.0,11,16.28,returned
681,640,518,2023-10-09,2023-10-18,2023-10-17,1.48,54.0,8,11.84,returned
682,85,259,2023-09-23,2023-10-08,2023-10-15,11.18,621.25,22,298.46,returned
683,470,686,2023-09-12,2023-09-19,2023-09-19,2.78,101.0,7,19.46,returned
684,781,346,2023-09-27,2023-10-21,2023-10-19,6.78,423.75,22,149.16,returned
685,781,91,2023-10-20,2023-11-12,2023-11-11,6.78,423.75,22,149.16,returned
686,1860,501,2023-09-23,2023-09-25,2023-09-24,23.94,855.0,1,23.94,returned
687,1860,539,2023-09-25,2023-09-28,2023-09-26,23.94,855.0,1,23.94,returned
688,1860,435,2023-09-27,2023-10-01,2023-09-30,23.94,855.0,3,71.82,returned
689,1860,561,2023-10-01,2023-10-03,2023-10-14,23.94,855.0,13,393.72,returned
690,1830,63,2023-09-07,2023-09-11,2023-09-10,28.84,1030.0,3,86.52,returned
691,1830,92,2023-09-11,2023-09-14,2023-09-14,28.84,1030.0,3,86.52,returned
692,400,442,2023-09-19,2023-09-22,2023-09-21,5.07,253.5,2,10.14,returned
693,1272,312,2023-09-18,2023-10-12,2023-10-12,2.22,95.25,24,53.28,returned
694,1203,487,2023-09-27,2023-10-18,2023-10-28,2.73,117.0,31,114.63,returned
695,1858,608,2023-09-08,2023-09-11,2023-09-10,29.02,1036.25,2,58.04,returned
696,1124,471,2023-09-28,2023-09-29,2023-09-29,6.63,306.0,1,6.63,returned
697,1124,13,2023-09-30,2023-10-08,2023-10-06,6.63,306.0,6,39.78,returned
698,219,262,2023-09-20,2023-09-30,2023-09-29,2.43,135.0,9,21.87,returned
699,903,656,2023-09-15,2023-10-04,2023-10-11,8.04,502.5,26,261.54,returned
700,1732,373,2023-09-11,2023-09-15,2023-09-28,4.97,177.5,17,181.99,returned
701,1778,149,2023-09-02,2023-09-04,2023-09-03,23.91,853.75,1,23.91,returned
702,1778,462,2023-09-06,2023-09-07,2023-09-07,23.91,853.75,1,23.91,returned
703,790,573,2023-09-21,2023-10-01,2023-10-01,11.12,695.0,10,111.2,returned
704,756,182,2023-09-26,2023-10-07,2023-10-06,4.72,295.0,10,47.2,returned
705,756,795,2023-10-07,2023-11-10,2023-11-09,4.72,295.0,33,155.76,returned
706,756,442,2023-11-10,2023-11-29,2023-11-28,4.72,295.0,18,84.96,returned
707,993,719,2023-09-09,2023-09-20,2023-09-19,20.86,963.0,10,208.6,returned
708,953,473,2023-09-24,2023-10-31,,1.7,106.25,90,1100.0,not_returned
709,694,340,2023-09-27,2023-10-21,2023-10-20,6.6,412.5,23,151.8,returned
710,541,22,2023-09-11,2023-09-21,2023-09-21,3.66,133.0,10,36.6,returned
711,479,679,2023-09-09,2023-09-24,2023-09-22,1.98,72.0,13,25.74,returned
712,840,63,2023-09-27,2023-10-03,2023-10-01,2.62,163.75,4,10.48,returned
713,1000,537,2023-09-03,2023-09-10,2023-09-09,17.26,796.5,6,103.56,returned
714,1774,800,2023-09-15,2023-09-17,2023-10-01,18.13,647.5,16,395.08,returned
715,157,208,2023-09-03,2023-09-27,2023-09-26,10.91,606.25,23,250.93,returned
716,157,69,2023-09-28,2023-10-15,2023-10-14,10.91,606.25,16,174.56,returned
717,364,179,2023-09-21,2023-09-27,2023-10-07,3.9,195.0,16,112.4,returned
718,364,52,2023-10-08,2023-10-12,2023-10-19,3.9,195.0,11,77.9,returned
719,1060,103,2023-09-06,2023-09-07,2023-09-07,14.4,664.5,1,14.4,returned
720,1354,211,2023-09-22,2023-10-22,2023-11-01,2.42,103.5,40,126.8,returned
721,765,401,2023-09-05,2023-09-27,2023-09-27,2.58,161.25,22,56.76,returned
722,765,470,2023-09-28,2023-10-25,2023-10-24,2.58,161.25,26,67.08,returned
723,1715,218,2023-09-18,2023-09-21,2023-09-21,25.06,895.0,3,75.18,returned
724,969,147,2023-09-05,2023-09-13,2023-09-12,10.9,681.25,7,76.3,returned
725,206,288,2023-09-11,2023-09-24,2023-09-22,9.18,510.0,11,100.98,returned
726,1600,293,2023-09-03,2023-09-10,2023-09-10,1.19,59.25,7,8.33,returned
727,1788,474,2023-09-20,2023-09-22,2023-09-29,17.32,618.75,9,208.38,returned
728,551,238,2023-09-11,2023-09-26,2023-09-25,2.56,93.0,14,35.84,returned
729,1872,649,2023-09-05,2023-09-08,2023-09-06,10.5,375.0,1,10.5,returned
730,333,424,2023-09-09,2023-09-11,2023-09-10,3.42,171.0,1,3.42,returned
731,702,688,2023-09-13,2023-09-21,2023-09-25,11.5,718.75,12,168.0,returned
732,1245,370,2023-09-14,2023-10-13,2023-10-11,3.04,130.5,27,82.08,returned
733,1245,8,2023-10-12,2023-11-19,2023-11-18,3.04,130.5,37,112.48,returned
734,437,417,2023-09-06,2023-09-12,2023-09-11,6.06,303.0,5,30.3,returned
735,825,130,2023-09-07,2023-09-21,2023-09-19,5.42,338.75,12,65.04,returned
736,1021,271,2023-09-10,2023-09-13,2023-09-11,6.4,295.5,1,6.4,returned
737,1202,133,2023-09-03,2023-10-08,2023-10-21,2.24,96.0,48,146.52,returned
738,1088,605,2023-10-07,2023-10-13,,3.25,150.0,90,950.0,not_returned
739,1325,116,2023-10-26,2023-11-14,2023-11-14,1.4,60.0,19,26.6,returned
740,715,353,2023-10-12,2023-11-02,2023-11-02,6.22,388.75,21,130.62,returned
741,1759,522,2023-10-10,2023-10-11,2023-10-11,13.76,491.25,1,13.76,returned
742,1759,408,2023-10-14,2023-10-16,2023-10-16,13.76,491.25,2,27.52,returned
743,821,610,2023-10-21,2023-11-06,2023-11-06,10.92,682.5,16,174.72,returned
744,1430,519,2023-10-16,2023-11-28,2023-12-07,0.81,34.5,52,69.12,returned
745,69,765,2023-10-06,2023-10-11,2023-10-11,9.4,522.5,5,47.0,returned
746,426,452,2023-10-08,2023-10-14,,7.5,375.0,90,1700.0,not_returned
747,1724,578,2023-10-16,2023-10-17,2023-10-17,3.46,123.75,1,3.46,returned
748,485,611,2023-10-15,2023-10-17,2023-10-16,2.09,76.0,1,2.09,returned
749,613,347,2023-10-15,2023-10-25,2023-10-24,1.43,52.0,9,12.87,returned
750,613,705,2023-10-25,2023-11-07,2023-11-07,1.43,52.0,13,18.59,returned
751,1399,74,2023-10-17,2023-11-06,2023-11-05,2.21,94.5,19,41.99,returned
752,997,522,2023-10-23,2023-10-26,2023-10-25,7.96,367.5,2,15.92,returned
753,997,593,2023-10-26,2023-10-29,2023-10-29,7.96,367.5,3,23.88,returned
754,481,399,2023-10-07,2023-10-24,2023-10-23,3.08,112.0,16,49.28,returned
755,481,94,2023-10-27,2023-11-03,2023-11-01,3.08,112.0,5,15.4,returned
756,942,590,2023-10-05,2023-10-30,2023-10-30,4.32,270.0,25,108.0,returned
757,1620,599,2023-10-03,2023-10-23,2023-10-21,0.41,20.25,18,7.38,returned
758,1244,541,2023-10-03,2023-11-21,2023-11-19,1.08,46.5,47,50.76,returned
759,110,198,2023-10-11,2023-10-18,2023-10-18,3.37,187.5,7,23.59,returned
760,1767,95,2023-10-05,2023-10-10,2023-10-10,23.52,840.0,5,117.6,returned
761,646,243,2023-10-26,2023-10-29,2023-10-28,3.52,128.0,2,7.04,returned
762,1849,50,2023-10-23,2023-10-24,2023-10-24,12.36,441.25,1,12.36,returned
763,1843,126,2023-10-10,2023-10-13,2023-10-11,17.54,626.25,1,17.54,returned
764,1843,700,2023-10-12,2023-10-16,2023-10-15,17.54,626.25,3,52.62,returned
765,1020,708,2023-10-09,2023-10-12,2023-10-11,10.46,483.0,2,20.92,returned
766,241,664,2023-10-15,2023-11-01,2023-11-01,2.92,162.5,17,49.64,returned
767,507,189,2023-10-19,2023-11-04,2023-11-03,2.17,79.0,15,32.55,returned
768,244,735,2023-10-12,2023-10-23,2023-10-23,8.57,476.25,11,94.27,returned
769,1409,305,2023-10-26,2023-12-13,2023-12-19,1.98,84.75,54,124.92,returned
770,1409,368,2023-12-20,2024-01-13,2024-01-13,1.98,84.75,24,47.52,returned
771,1003,542,2023-10-18,2023-10-23,2023-10-22,11.12,513.0,4,44.48,returned
772,254,398,2023-10-25,2023-11-07,2023-11-07,8.59,477.5,13,111.67,returned
773,1718,603,2023-10-27,2023-10-29,2023-10-28,31.96,1141.25,1,31.96,returned
774,513,336,2023-10-13,2023-10-21,2023-10-20,1.68,61.0,7,11.76,returned
775,1035,58,2023-10-03,2023-10-05,2023-10-04,15.37,709.5,1,15.37,returned
776,1035,237,2023-10-11,2023-10-15,2023-10-22,15.37,709.5,11,204.07,returned
777,132,260,2023-10-10,2023-10-23,,5.87,326.25,90,1980.0,not_returned
778,707,129,2023-10-05,2023-10-15,2023-10-13,3.72,232.5,8,29.76,returned
779,621,221,2023-10-03,2023-10-12,,3.35,122.0,90,1285.0,not_returned
780,1042,243,2023-10-28,2023-10-31,2023-10-29,22.26,1027.5,1,22.26,returned
781,1394,291,2023-10-16,2023-11-06,2023-11-05,1.68,72.0,20,33.6,returned
782,794,460,2023-10-01,2023-10-22,2023-10-31,4.16,260.0,30,192.3,returned
783,794,492,2023-11-01,2023-11-30,2023-11-28,4.16,260.0,27,112.32,returned
784,96,241,2023-10-02,2023-10-16,2023-10-14,9.25,513.75,12,111.0,returned
785,738,243,2023-10-15,2023-11-08,,5.14,321.25,90,1960.0,not_returned
786,496,586,2023-10-24,2023-11-08,,3.57,130.0,90,1325.0,not_returned
787,909,253,2023-10-25,2023-10-27,2023-10-26,6.82,426.25,1,6.82,returned
788,1429,597,2023-10-05,2023-10-23,2023-11-04,1.73,74.25,30,87.9,returned
789,1757,490,2023-10-26,2023-10-30,2023-10-28,2.14,76.25,2,4.28,returned
790,1757,129,2023-10-29,2023-11-03,2023-11-04,2.14,76.25,6,20.34,returned
791,487,287,2023-10-16,2023-10-22,2023-10-20,2.72,99.0,4,10.88,returned
792,1723,417,2023-10-22,2023-10-23,2023-10-23,34.51,1232.5,1,34.51,returned
793,836,473,2023-10-22,2023-11-18,2023-11-16,5.96,372.5,25,149.0,returned
794,836,551,2023-11-17,2023-12-12,2023-12-10,5.96,372.5,23,137.08,returned
795,706,249,2023-10-13,2023-11-01,2023-11-07,8.62,538.75,25,260.5,returned
796,706,471,2023-11-08,2023-11-27,2023-11-26,8.62,538.75,18,155.16,returned
797,706,635,2023-11-27,2023-12-19,2023-12-17,8.62,538.75,20,172.4,returned
798,1069,433,2023-10-28,2023-11-04,2023-11-04,1.72,79.5,7,12.04,returned
799,858,628,2023-10-13,2023-11-11,2023-11-09,5.18,323.75,27,139.86,returned
800,858,324,2023-11-10,2023-12-06,,5.18,323.75,90,1970.0,not_returned
801,354,144,2023-10-02,2023-10-10,2023-10-09,8.49,424.5,7,59.43,returned
802,666,736,2023-10-17,2023-10-27,2023-10-26,1.8,112.5,9,16.2,returned
803,1202,607,2023-11-23,2023-12-22,2023-12-21,2.24,96.0,28,62.72,returned
804,1843,232,2023-11-03,2023-11-06,2023-11-13,17.54,626.25,10,227.9,returned
805,400,190,2023-11-10,2023-11-13,,5.07,253.5,90,1295.0,not_returned
806,927,27,2023-11-08,2023-11-24,2023-11-22,9.36,585.0,14,131.04,returned
807,927,198,2023-11-23,2023-12-22,2023-12-22,9.36,585.0,29,271.44,returned
808,700,311,2023-11-12,2023-12-02,2023-11-30,6.7,418.75,18,120.6,returned
809,126,27,2023-11-28,2023-12-12,2023-12-16,10.3,572.5,18,215.4,returned
810,282,50,2023-11-11,2023-11-15,2023-11-15,1.62,81.0,4,6.48,returned
811,1248,710,2023-11-09,2023-12-24,2023-12-26,0.59,25.5,47,33.73,returned
812,420,721,2023-11-12,2023-11-17,2023-11-16,9.36,468.0,4,37.44,returned
813,1121,445,2023-11-05,2023-11-09,2023-11-08,21.32,984.0,3,63.96,returned
814,140,210,2023-11-24,2023-12-02,2023-12-11,4.59,255.0,17,145.53,returned
815,1095,522,2023-11-13,2023-11-19,2023-11-17,20.05,925.5,4,80.2,returned
816,26,56,2023-11-16,2023-11-29,2023-11-27,8.68,482.5,11,95.48,returned
817,1747,64,2023-11-24,2023-11-26,2023-11-25,14.56,520.0,1,14.56,returned
818,597,601,2023-11-08,2023-11-15,2023-11-15,2.56,93.0,7,17.92,returned
819,802,205,2023-11-07,2023-11-20,2023-11-20,11.86,741.25,13,154.18,returned
820,64,315,2023-11-12,2023-12-02,2023-12-14,3.06,170.0,32,187.92,returned
821,64,730,2023-12-15,2023-12-31,2023-12-31,3.06,170.0,16,48.96,returned
822,774,693,2023-11-19,2023-12-19,2024-01-01,9.12,570.0,43,489.66,returned
823,1832,561,2023-11-13,2023-11-16,2023-11-16,24.39,871.25,3,73.17,returned
824,1187,579,2023-11-03,2023-11-06,2023-11-04,4.03,186.0,1,4.03,returned
825,1802,263,2023-11-22,2023-11-24,2023-11-23,18.2,650.0,1,18.2,returned
826,809,794,2023-11-12,2023-12-10,2023-12-09,9.42,588.75,27,254.34,returned
827,809,800,2023-12-10,2024-01-06,2024-01-06,9.42,588.75,27,254.34,returned
828,939,455,2023-11-07,2023-12-01,2023-11-30,11.18,698.75,23,257.14,returned
829,1693,269,2023-11-24,2023-12-06,2023-12-05,0.95,47.25,11,10.45,returned
830,931,66,2023-11-20,2023-11-28,2023-11-28,2.52,157.5,8,20.16,returned
831,408,232,2023-11-17,2023-11-23,2023-11-23,11.01,550.5,6,66.06,returned
832,408,170,2023-11-24,2023-11-28,2023-12-12,11.01,550.5,18,268.18,returned
833,1702,343,2023-11-16,2023-11-19,2023-11-19,33.53,1197.5,3,100.59,returned
834,847,364,2023-11-10,2023-11-30,2023-12-03,7.92,495.0,23,204.66,returned
835,1079,677,2023-11-10,2023-11-15,2023-11-22,17.16,792.0,12,240.92,returned
836,1079,492,2023-11-26,2023-11-29,2023-11-27,17.16,792.0,1,17.16,returned
837,1660,592,2023-11-11,2023-11-17,2023-11-19,0.45,22.5,8,13.6,returned
838,833,534,2023-11-17,2023-12-06,2023-12-06,4.72,295.0,19,89.68,returned
839,833,580,2023-12-07,2023-12-30,2024-01-08,4.72,295.0,32,218.54,returned
840,338,505,2023-11-27,2023-12-03,2023-12-01,3.57,178.5,4,14.28,returned
841,1402,765,2023-11-19,2023-12-16,2023-12-14,2.03,87.0,25,50.75,returned
842,1462,688,2023-11-18,2023-12-01,2023-11-29,0.81,40.5,11,8.91,returned
843,707,678,2023-11-04,2023-11-11,2023-11-11,3.72,232.5,7,26.04,returned
844,515,278,2023-11-15,2023-11-21,2023-11-19,2.31,84.0,4,9.24,returned
845,115,518,2023-11-21,2023-12-11,2023-12-10,2.79,155.0,19,53.01,returned
846,1225,192,2023-11-13,2023-12-24,2023-12-22,2.85,122.25,39,111.15,returned
847,158,495,2023-11-06,2023-11-19,2023-11-17,5.6,311.25,11,61.6,returned
848,1016,525,2023-11-14,2023-11-24,,2.57,118.5,90,845.0,not_returned
849,199,439,2023-11-11,2023-12-08,2023-12-07,3.64,202.5,26,94.64,returned
850,199,512,2023-12-08,2023-12-19,2023-12-17,3.64,202.5,9,32.76,returned
851,829,511,2023-11-02,2023-11-14,2023-11-12,8.82,551.25,10,88.2,returned
852,755,493,2023-11-09,2023-11-26,,10.68,667.5,90,3345.0,not_returned
853,1354,326,2023-11-02,2023-12-14,2023-12-22,2.42,103.5,50,145.0,returned
854,505,697,2023-11-12,2023-11-20,2023-11-20,2.92,106.0,8,23.36,returned
855,505,631,2023-11-21,2023-11-28,2023-11-28,2.92,106.0,7,20.44,returned
856,1801,120,2023-11-24,2023-11-26,2023-11-25,10.96,391.25,1,10.96,returned
857,1159,400,2023-11-23,2023-11-26,2023-11-25,19.76,912.0,2,39.52,returned
858,1736,606,2023-11-21,2023-11-25,2023-11-23,26.74,955.0,2,53.48,returned
859,214,768,2023-11-12,2023-11-17,2023-11-16,10.73,596.25,4,42.92,returned
860,542,741,2023-11-15,2023-11-28,2023-12-01,1.48,54.0,16,46.18,returned
861,895,507,2023-11-13,2023-12-02,2023-12-01,8.9,556.25,18,160.2,returned
862,895,63,2023-12-02,2023-12-23,2023-12-21,8.9,556.25,19,169.1,returned
863,1824,51,2023-12-12,2023-12-16,2023-12-14,26.88,960.0,2,53.76,returned
864,1824,693,2023-12-17,2023-12-21,2023-12-19,26.88,960.0,2,53.76,returned
865,1106,736,2023-12-23,2023-12-26,2023-12-26,13.91,642.0,3,41.73,returned
866,1106,386,2023-12-27,2024-01-04,2024-01-03,13.91,642.0,7,97.37,returned
867,1324,608,2023-12-03,2023-12-18,2023-12-16,0.37,15.75,13,4.81,returned
868,573,35,2023-12-12,2023-12-22,2023-12-21,2.47,90.0,9,22.23,returned
869,294,309,2023-12-06,2023-12-10,,10.47,523.5,90,2195.0,not_returned
870,718,745,2023-12-26,2024-01-14,2024-01-16,2.92,182.5,21,76.32,returned
871,187,545,2023-12-21,2024-01-09,2024-01-08,3.37,187.5,18,60.66,returned
872,157,108,2023-12-19,2023-12-30,2023-12-30,10.91,606.25,11,120.01,returned
873,157,470,2023-12-31,2024-01-11,2024-01-09,10.91,606.25,9,98.19,returned
874,519,307,2023-12-19,2023-12-24,2023-12-28,2.09,76.0,9,48.81,returned
875,786,462,2023-12-24,2024-01-14,2024-01-26,6.0,375.0,33,288.0,returned
876,445,647,2023-12-15,2023-12-23,2023-12-22,3.33,166.5,7,23.31,returned
877,1093,37,2023-12-03,2023-12-10,2023-12-10,13.88,640.5,7,97.16,returned
878,281,361,2023-12-18,2023-12-22,2023-12-28,1.71,85.5,10,47.1,returned
879,1276,249,2023-12-24,2024-01-28,,0.73,31.5,90,480.0,not_returned
880,1195,393,2023-12-02,2023-12-10,2023-12-08,4.42,204.0,6,26.52,returned
881,1353,517,2023-12-12,2024-01-13,2024-01-11,1.59,68.25,30,47.7,returned
882,730,439,2023-12-07,2024-01-07,2024-01-07,3.52,220.0,31,109.12,returned
883,1764,753,2023-12-21,2023-12-24,,23.0,821.25,90,3960.0,not_returned
884,516,673,2023-12-25,2024-01-01,2023-12-30,2.8,102.0,5,14.0,returned
885,1779,224,2023-12-13,2023-12-15,2023-12-17,22.16,791.25,4,103.64,returned
886,1304,652,2023-12-10,2024-01-07,2024-01-05,1.05,45.0,26,27.3,returned
887,1020,285,2023-12-14,2023-12-21,2023-12-19,10.46,483.0,5,52.3,returned
888,662,722,2023-12-22,2024-01-09,2024-01-09,6.12,382.5,18,110.16,returned
889,655,338,2023-12-16,2023-12-28,2023-12-27,2.53,92.0,11,27.83,returned
890,655,447,2023-12-28,2024-01-10,2024-01-10,2.53,92.0,13,32.89,returned
891,884,253,2023-12-23,2024-01-11,2024-01-09,9.84,615.0,17,167.28,returned
892,1182,553,2023-12-03,2023-12-07,2023-12-05,17.26,796.5,2,34.52,returned
893,1182,672,2023-12-13,2023-12-20,2023-12-27,17.26,796.5,14,276.64,returned
894,823,352,2023-12-07,2023-12-28,2023-12-28,11.8,737.5,21,247.8,returned
895,430,597,2023-12-17,2023-12-25,2023-12-24,11.19,559.5,7,78.33,returned
896,925,542,2023-12-16,2024-01-04,2024-01-02,3.66,228.75,17,62.22,returned
897,937,178,2023-12-21,2024-01-18,2024-01-17,3.24,202.5,27,87.48,returned
898,282,467,2023-12-11,2023-12-14,2023-12-13,1.62,81.0,2,3.24,returned
899,282,240,2023-12-28,2024-01-02,2024-01-01,1.62,81.0,4,6.48,returned
900,12,214,2023-12-02,2023-12-09,2023-12-08,6.19,343.75,6,37.14,returned
901,226,256,2023-12-07,2023-12-22,2023-12-22,5.87,326.25,15,88.05,returned
902,1219,472,2023-12-24,2024-01-31,2024-01-29,2.42,103.5,36,87.12,returned
903,1219,245,2024-01-30,2024-02-08,2024-02-19,2.42,103.5,20,81.4,returned
904,303,273,2023-12-24,2023-12-28,,9.63,481.5,90,2055.0,not_returned
905,1717,640,2023-12-23,2023-12-26,2023-12-25,32.9,1175.0,2,65.8,returned
906,1530,638,2023-12-17,2024-01-04,2024-01-04,0.69,34.5,18,12.42,returned
907,1368,52,2023-12-06,2024-01-02,2024-01-02,2.01,86.25,27,54.27,returned
908,985,32,2023-12-19,2023-12-25,2024-01-01,18.3,844.5,13,272.9,returned
909,394,197,2023-12-14,2023-12-19,2023-12-18,9.42,471.0,4,37.68,returned
910,780,106,2023-12-22,2024-01-16,2024-01-15,9.48,592.5,24,227.52,returned
911,1399,41,2023-12-10,2024-01-10,2024-01-10,2.21,94.5,31,68.51,returned
912,1039,14,2023-12-13,2023-12-19,2023-12-18,4.52,208.5,5,22.6,returned
913,960,371,2023-12-15,2023-12-29,2023-12-30,2.1,131.25,15,39.0,returned
914,701,288,2023-12-19,2024-01-03,2024-01-03,2.78,173.75,15,41.7,returned
915,1549,126,2023-12-17,2024-01-07,2024-01-06,0.84,42.0,20,16.8,returned
916,1814,178,2023-12-15,2023-12-16,2023-12-28,21.88,781.25,13,374.44,returned
917,100,151,2023-12-10,2023-12-28,2023-12-27,6.77,376.25,17,115.09,returned
918,100,396,2023-12-28,2024-01-05,2024-01-09,6.77,376.25,12,111.24,returned
919,114,374,2023-12-21,2024-01-03,,4.7,261.25,90,1720.0,not_returned
920,442,789,2023-12-18,2023-12-22,2023-12-22,4.83,241.5,4,19.32,returned
921,442,710,2023-12-23,2024-01-01,2023-12-30,4.83,241.5,7,33.81,returned
922,997,42,2023-12-03,2023-12-09,2023-12-09,7.96,367.5,6,47.76,returned
923,1305,53,2023-12-12,2024-01-09,2024-01-07,2.03,87.0,26,52.78,returned
924,836,729,2023-12-11,2023-12-31,2023-12-29,5.96,372.5,18,107.28,returned
925,505,496,2023-12-03,2023-12-13,2023-12-11,2.92,106.0,8,23.36,returned
926,546,163,2023-12-07,2023-12-18,2023-12-28,3.66,133.0,21,151.86,returned
927,1760,255,2023-12-24,2023-12-28,2023-12-27,28.04,1001.25,3,84.12,returned
928,1760,482,2023-12-28,2023-12-30,2023-12-30,28.04,1001.25,2,56.08,returned
929,633,261,2023-12-15,2023-12-23,2023-12-21,3.52,128.0,6,21.12,returned
930,949,134,2023-12-02,2023-12-25,2023-12-25,2.66,166.25,23,61.18,returned
931,949,613,2023-12-26,2024-02-02,2024-01-31,2.66,166.25,36,95.76,returned
932,1840,503,2024-01-13,2024-01-15,2024-01-16,29.23,1043.75,3,95.19,returned
933,1840,501,2024-01-17,2024-01-20,2024-01-29,29.23,1043.75,12,418.26,returned
934,474,181,2024-01-27,2024-02-06,2024-02-06,1.59,58.0,10,15.9,returned
935,474,379,2024-02-07,2024-02-12,2024-02-10,1.59,58.0,3,4.77,returned
936,282,797,2024-01-27,2024-02-02,,1.62,81.0,90,720.0,not_returned
937,462,93,2024-01-18,2024-01-27,2024-01-26,2.31,84.0,8,18.48,returned
938,1757,641,2024-01-22,2024-01-26,2024-01-26,2.14,76.25,4,8.56,returned
939,1,10,2024-01-04,2024-01-18,2024-01-17,2.36,131.25,13,30.68,returned
940,632,702,2024-01-23,2024-01-24,2024-02-04,2.92,106.0,12,117.54,returned
941,594,292,2024-01-20,2024-01-31,2024-02-14,1.54,56.0,25,143.5,returned
942,594,572,2024-02-15,2024-02-25,2024-02-24,1.54,56.0,9,13.86,returned
943,283,381,2024-01-06,2024-01-07,2024-01-15,10.14,507.0,9,131.26,returned
944,911,144,2024-01-10,2024-01-24,2024-01-22,8.38,523.75,12,100.56,returned
945,1558,462,2024-01-08,2024-01-13,2024-01-15,1.01,50.25,7,17.07,returned
946,960,44,2024-01-16,2024-01-29,2024-01-29,2.1,131.25,13,27.3,returned
947,960,695,2024-01-30,2024-02-24,2024-02-23,2.1,131.25,24,50.4,returned
948,80,484,2024-01-19,2024-02-09,2024-02-07,7.6,422.5,19,144.4,returned
949,745,156,2024-01-18,2024-02-26,2024-02-26,8.24,515.0,39,321.36,returned
950,1876,323,2024-01-28,2024-01-31,2024-01-31,12.32,440.0,3,36.96,returned
951,1876,572,2024-02-01,2024-02-03,2024-02-02,12.32,440.0,1,12.32,returned
952,1021,491,2024-01-17,2024-01-23,2024-01-23,6.4,295.5,6,38.4,returned
953,1362,417,2024-01-27,2024-02-17,2024-02-16,1.94,83.25,20,38.8,returned
954,1362,174,2024-02-17,2024-04-05,2024-04-04,1.94,83.25,47,91.18,returned
955,1877,575,2024-01-06,2024-01-07,2024-01-07,33.95,1212.5,1,33.95,returned
956,234,511,2024-01-06,2024-01-20,2024-01-19,9.02,501.25,13,117.26,returned
957,1778,259,2024-01-15,2024-01-18,2024-01-17,23.91,853.75,2,47.82,returned
958,309,431,2024-01-16,2024-01-21,,8.64,432.0,90,1890.0,not_returned
959,28,380,2024-01-23,2024-02-03,2024-02-01,6.91,383.75,9,62.19,returned
960,159,111,2024-01-11,2024-01-21,2024-01-20,6.82,378.75,9,61.38,returned
961,1760,670,2024-01-12,2024-01-15,2024-01-14,28.04,1001.25,2,56.08,returned
962,1760,762,2024-01-27,2024-01-30,2024-01-30,28.04,1001.25,3,84.12,returned
963,742,66,2024-01-27,2024-02-26,,5.0,312.5,90,1925.0,not_returned
964,280,175,2024-01-23,2024-02-11,2024-02-09,5.22,290.0,17,88.74,returned
965,1633,628,2024-01-04,2024-01-11,2024-01-13,0.2,9.75,9,11.8,returned
966,876,36,2024-01-11,2024-02-06,2024-02-05,11.7,731.25,25,292.5,returned
967,643,333,2024-01-26,2024-02-02,2024-02-01,2.06,75.0,6,12.36,returned
968,631,46,2024-01-15,2024-01-24,2024-01-22,2.86,104.0,7,20.02,returned
969,633,447,2024-01-02,2024-01-13,2024-01-13,3.52,128.0,11,38.72,returned
970,505,489,2024-01-25,2024-01-27,2024-02-05,2.92,106.0,11,99.62,returned
971,567,521,2024-01-20,2024-01-28,2024-01-26,2.06,75.0,6,12.36,returned
972,567,435,2024-01-27,2024-02-10,2024-02-14,2.06,75.0,18,67.08,returned
973,635,608,2024-01-11,2024-01-22,2024-01-22,3.46,126.0,11,38.06,returned
974,635,304,2024-01-23,2024-02-01,2024-01-31,3.46,126.0,8,27.68,returned
975,997,89,2024-01-21,2024-01-25,2024-01-23,7.96,367.5,2,15.92,returned
976,641,469,2024-01-07,2024-01-08,2024-01-08,3.77,137.0,1,3.77,returned
977,947,413,2024-01-19,2024-02-26,2024-02-25,9.16,572.5,37,338.92,returned
978,947,5,2024-02-26,2024-03-15,2024-03-14,9.16,572.5,17,155.72,returned
979,1575,544,2024-01-11,2024-01-22,2024-01-21,0.6,30.0,10,6.0,returned
980,1575,749,2024-01-28,2024-02-07,2024-02-05,0.6,30.0,8,4.8,returned
981,869,211,2024-01-07,2024-01-24,2024-01-24,5.94,371.25,17,100.98,returned
982,1849,698,2024-01-07,2024-01-11,2024-01-16,12.36,441.25,9,148.74,returned
983,7,294,2024-01-05,2024-01-22,2024-01-21,10.01,556.25,16,160.16,returned
984,721,644,2024-01-17,2024-02-14,2024-02-13,7.14,446.25,27,192.78,returned
985,181,582,2024-01-23,2024-02-09,,5.71,317.5,90,1945.0,not_returned
986,1238,142,2024-01-17,2024-02-05,2024-02-12,2.96,126.75,26,97.96,returned
987,590,481,2024-01-15,2024-01-20,,3.13,114.0,90,1245.0,not_returned
988,339,323,2024-01-09,2024-01-11,2024-01-10,10.62,531.0,1,10.62,returned
989,1370,437,2024-01-07,2024-02-08,2024-02-08,0.89,38.25,32,28.48,returned
990,15,750,2024-01-12,2024-01-27,2024-01-26,7.18,398.75,14,100.52,returned
991,957,369,2024-01-25,2024-02-13,2024-02-11,11.08,692.5,17,188.36,returned
992,1677,629,2024-01-17,2024-02-04,2024-02-04,0.15,7.5,18,2.7,returned
993,1059,322,2024-01-26,2024-02-05,2024-02-05,11.7,540.0,10,117.0,returned
994,1059,796,2024-02-06,2024-02-15,2024-02-13,11.7,540.0,7,81.9,returned
995,547,431,2024-01-05,2024-01-13,2024-01-11,2.39,87.0,6,14.34,returned
996,892,109,2024-01-25,2024-02-16,,11.58,723.75,90,3570.0,not_returned
997,1688,108,2024-01-13,2024-01-29,2024-01-29,0.7,35.25,16,11.2,returned
998,1562,41,2024-01-09,2024-01-30,2024-02-01,0.77,38.25,23,27.71,returned
999,1562,388,2024-02-02,2024-02-21,2024-02-20,0.77,38.25,18,13.86,returned
1000,1103,116,2024-02-20,2024-02-28,2024-02-26,11.8,544.5,6,70.8,returned
1001,1820,653,2024-02-08,2024-02-10,2024-02-10,33.56,1198.75,2,67.12,returned
1002,1820,623,2024-02-11,2024-02-15,2024-02-15,33.56,1198.75,4,134.24,returned
1003,1820,589,2024-02-16,2024-02-18,2024-02-17,33.56,1198.75,1,33.56,returned
1004,934,372,2024-02-11,2024-03-07,2024-03-05,10.74,671.25,23,247.02,returned
1005,1425,87,2024-02-15,2024-03-23,2024-03-21,2.87,123.0,35,100.45,returned
1006,553,143,2024-02-27,2024-03-07,2024-03-17,2.8,102.0,19,128.2,returned
1007,1833,420,2024-02-21,2024-02-24,2024-02-24,22.71,811.25,3,68.13,returned
1008,370,518,2024-02-24,2024-02-28,2024-02-29,3.39,169.5,5,21.95,returned
1009,476,642,2024-02-06,2024-02-19,2024-02-26,3.52,128.0,20,122.9,returned
1010,1188,635,2024-02-11,2024-02-15,2024-02-13,4.68,216.0,2,9.36,returned
1011,1188,584,2024-02-15,2024-02-20,2024-02-18,4.68,216.0,3,14.04,returned
1012,723,39,2024-02-27,2024-03-21,2024-03-30,7.76,485.0,32,315.82,returned
1013,527,389,2024-02-01,2024-02-09,2024-02-08,2.67,97.0,7,18.69,returned
1014,1582,378,2024-02-06,2024-02-15,2024-02-13,0.45,22.5,7,3.15,returned
1015,1070,161,2024-02-13,2024-02-20,2024-02-18,16.05,741.0,5,80.25,returned
1016,545,219,2024-02-07,2024-02-14,2024-02-14,3.66,133.0,7,25.62,returned
1017,343,758,2024-02-28,2024-03-03,2024-03-02,3.96,198.0,3,11.88,returned
1018,174,364,2024-02-16,2024-02-23,2024-02-22,10.15,563.75,6,60.9,returned
1019,174,544,2024-02-23,2024-03-11,,10.15,563.75,90,2930.0,not_returned
1020,1171,629,2024-02-13,2024-02-17,2024-02-17,13.94,643.5,4,55.76,returned
1021,847,87,2024-02-26,2024-03-18,2024-03-16,7.92,495.0,19,150.48,returned
1022,599,162,2024-02-19,2024-03-01,2024-03-01,1.46,53.0,11,16.06,returned
1023,482,103,2024-02-08,2024-02-16,2024-02-14,3.24,118.0,6,19.44,returned
1024,1355,771,2024-02-28,2024-03-08,,2.4,102.75,90,955.0,not_returned
1025,59,259,2024-02-08,2024-02-27,,11.02,612.5,90,3125.0,not_returned
1026,1753,287,2024-02-02,2024-02-04,2024-02-03,2.56,91.25,1,2.56,returned
1027,615,414,2024-02-14,2024-02-16,2024-02-15,2.09,76.0,1,2.09,returned
1028,1864,5,2024-02-25,2024-02-26,,26.04,930.0,90,4395.0,not_returned
1029,1357,168,2024-02-17,2024-03-24,2024-03-23,1.56,66.75,35,54.6,returned
1030,976,360,2024-02-10,2024-03-02,2024-03-11,6.56,410.0,30,264.3,returned
1031,241,146,2024-02-15,2024-03-02,2024-03-01,2.92,162.5,15,43.8,returned
1032,1720,145,2024-02-19,2024-02-22,2024-02-22,32.09,1146.25,3,96.27,returned
1033,5,649,2024-02-17,2024-03-07,2024-03-06,5.83,323.75,18,104.94,returned
1034,1731,565,2024-02-13,2024-02-17,2024-02-16,7.04,251.25,3,21.12,returned
1035,938,477,2024-02-24,2024-03-15,2024-03-15,11.46,716.25,20,229.2,returned
1036,938,539,2024-03-16,2024-04-09,2024-04-14,11.46,716.25,29,369.84,returned
1037,993,800,2024-02-01,2024-02-06,2024-02-05,20.86,963.0,4,83.44,returned
1038,107,308,2024-02-22,2024-03-06,2024-03-04,5.83,323.75,11,64.13,returned
1039,1479,330,2024-02-20,2024-03-05,2024-03-03,1.01,50.25,12,12.12,returned
1040,610,470,2024-02-27,2024-03-08,2024-03-07,1.48,54.0,9,13.32,returned
1041,1337,494,2024-02-01,2024-03-09,2024-03-07,2.24,96.0,35,78.4,returned
1042,234,170,2024-02-18,2024-02-28,2024-02-27,9.02,501.25,9,81.18,returned
1043,1142,189,2024-02-08,2024-02-15,2024-02-18,21.06,972.0,10,225.6,returned
1044,1129,747,2024-02-02,2024-02-04,2024-02-15,5.17,238.5,13,122.21,returned
1045,1832,484,2024-02-07,2024-02-08,2024-02-18,24.39,871.25,11,343.29,returned
1046,1832,4,2024-02-19,2024-02-21,2024-02-21,24.39,871.25,2,48.78,returned
1047,398,33,2024-02-26,2024-03-01,2024-03-01,3.03,151.5,4,12.12,returned
1048,640,251,2024-02-25,2024-03-05,2024-03-03,1.48,54.0,7,10.36,returned
1049,640,723,2024-03-04,2024-03-09,2024-03-07,1.48,54.0,3,4.44,returned
1050,219,134,2024-02-12,2024-02-27,2024-02-25,2.43,135.0,13,31.59,returned
1051,1281,590,2024-02-14,2024-03-05,2024-03-05,0.39,16.5,20,7.8,returned
1052,1745,515,2024-02-11,2024-02-13,2024-02-13,15.02,536.25,2,30.04,returned
1053,1769,14,2024-02-25,2024-02-27,2024-02-27,22.47,802.5,2,44.94,returned
1054,795,723,2024-02-25,2024-03-06,2024-03-05,10.7,668.75,9,96.3,returned
1055,785,586,2024-02-06,2024-02-23,2024-02-21,7.76,485.0,15,116.4,returned
1056,1146,789,2024-02-10,2024-02-11,2024-02-21,10.72,495.0,11,167.92,returned
1057,1573,520,2024-02-01,2024-02-21,2024-02-24,0.15,7.5,23,18.45,returned
1058,435,509,2024-02-22,2024-02-27,2024-02-29,1.59,79.5,7,21.13,returned
1059,620,552,2024-02-21,2024-02-28,2024-02-26,3.41,124.0,5,17.05,returned
1060,620,443,2024-02-27,2024-03-08,2024-03-08,3.41,124.0,10,34.1,returned
1061,581,662,2024-02-28,2024-03-09,2024-03-09,3.68,134.0,10,36.8,returned
1062,853,468,2024-02-27,2024-03-19,2024-03-17,9.6,600.0,19,182.4,returned
1063,766,327,2024-02-11,2024-03-02,,5.88,367.5,90,2145.0,not_returned
1064,624,460,2024-02-28,2024-03-12,2024-03-12,2.67,97.0,13,34.71,returned
1065,430,642,2024-02-08,2024-02-13,,11.19,559.5,90,2315.0,not_returned
1066,1325,373,2024-03-24,2024-04-25,2024-04-27,1.4,60.0,34,53.6,returned
1067,682,573,2024-03-20,2024-04-02,2024-04-02,10.76,672.5,13,139.88,returned
1068,1729,222,2024-03-23,2024-03-26,2024-04-01,6.16,220.0,9,100.44,returned
1069,1445,542,2024-03-16,2024-04-23,2024-04-22,2.4,102.75,37,88.8,returned
1070,392,678,2024-03-18,2024-03-23,2024-03-22,6.66,333.0,4,26.64,returned
1071,1021,202,2024-03-22,2024-03-24,2024-04-01,6.4,295.5,10,104.0,returned
1072,492,370,2024-03-09,2024-03-17,2024-03-15,3.41,124.0,6,20.46,returned
1073,799,464,2024-03-05,2024-03-31,2024-04-09,2.2,137.5,35,144.5,returned
1074,799,164,2024-04-10,2024-04-20,2024-04-20,2.2,137.5,10,22.0,returned
1075,1818,522,2024-03-01,2024-03-03,2024-03-02,13.83,493.75,1,13.83,returned
1076,1114,39,2024-03-04,2024-03-10,2024-03-09,4.16,192.0,5,20.8,returned
1077,101,6,2024-03-27,2024-04-01,2024-03-30,5.6,311.25,3,16.8,returned
1078,919,662,2024-03-11,2024-03-29,2024-04-04,5.02,313.75,24,165.48,returned
1079,422,106,2024-03-22,2024-03-28,2024-03-27,11.07,553.5,5,55.35,returned
1080,358,367,2024-03-11,2024-03-13,2024-03-12,5.13,256.5,1,5.13,returned
1081,1775,178,2024-03-05,2024-03-08,2024-03-16,4.76,170.0,11,112.36,returned
1082,1474,86,2024-03-04,2024-03-19,2024-03-19,0.24,12.0,15,3.6,returned
1083,1856,474,2024-03-09,2024-03-11,2024-03-10,28.7,1025.0,1,28.7,returned
1084,957,322,2024-03-04,2024-03-31,2024-03-30,11.08,692.5,26,288.08,returned
1085,1851,375,2024-03-09,2024-03-10,2024-03-11,26.81,957.5,2,61.12,returned
1086,669,371,2024-03-23,2024-04-07,2024-04-06,10.26,641.25,14,143.64,returned
1087,781,107,2024-03-17,2024-04-14,2024-04-12,6.78,423.75,26,176.28,returned
1088,1013,434,2024-03-22,2024-04-04,,3.83,177.0,90,1040.0,not_returned
1089,1091,23,2024-03-07,2024-03-17,2024-03-16,18.23,841.5,9,164.07,returned
1090,1091,393,2024-03-17,2024-03-26,2024-03-26,18.23,841.5,9,164.07,returned
1091,1091,511,2024-03-27,2024-04-03,2024-04-01,18.23,841.5,5,91.15,returned
1092,1795,342,2024-03-10,2024-03-14,2024-03-27,15.05,537.5,17,353.35,returned
1093,1356,507,2024-03-04,2024-03-20,2024-03-18,1.45,62.25,14,20.3,returned
1094,1253,420,2024-03-01,2024-04-09,2024-04-07,1.59,68.25,37,58.83,returned
1095,1576,551,2024-03-17,2024-03-26,2024-03-25,0.24,12.0,8,1.92,returned
1096,1254,470,2024-03-05,2024-04-09,2024-04-20,1.47,63.0,46,100.62,returned
1097,1254,487,2024-04-21,2024-05-26,2024-05-25,1.47,63.0,34,49.98,returned
1098,1254,248,2024-05-26,2024-06-10,2024-06-08,1.47,63.0,13,19.11,returned
1099,1073,672,2024-03-11,2024-03-18,2024-03-17,13.65,630.0,6,81.9,returned
1100,1073,560,2024-03-23,2024-03-29,2024-04-05,13.65,630.0,13,212.45,returned
1101,1765,687,2024-03-22,2024-03-25,2024-03-24,16.94,605.0,2,33.88,returned
1102,1598,611,2024-03-16,2024-03-26,2024-03-25,1.01,50.25,9,9.09,returned
1103,1304,337,2024-03-09,2024-04-29,2024-05-08,1.05,45.0,60,90.0,returned
1104,638,614,2024-03-11,2024-03-22,2024-03-21,2.09,76.0,10,20.9,returned
1105,657,171,2024-03-06,2024-03-17,2024-03-15,2.25,82.0,9,20.25,returned
1106,325,417,2024-03-01,2024-03-06,2024-03-04,1.68,84.0,3,5.04,returned
1107,1409,409,2024-03-12,2024-04-15,2024-04-14,1.98,84.75,33,65.34,returned
1108,1703,225,2024-03-23,2024-03-26,2024-04-02,4.17,148.75,10,94.2,returned
1109,1350,242,2024-03-21,2024-04-08,2024-04-07,0.61,26.25,17,10.37,returned
1110,1350,82,2024-04-08,2024-05-06,2024-05-20,0.61,26.25,42,67.62,returned
1111,1853,184,2024-03-08,2024-03-10,2024-03-10,15.96,570.0,2,31.92,returned
1112,1159,514,2024-03-09,2024-03-16,2024-03-14,19.76,912.0,5,98.8,returned
1113,1159,142,2024-03-24,2024-04-01,2024-03-31,19.76,912.0,7,138.32,returned
1114,1159,362,2024-04-01,2024-04-09,2024-04-07,19.76,912.0,6,118.56,returned
1115,1159,730,2024-04-08,2024-04-14,2024-04-12,19.76,912.0,4,79.04,returned
1116,752,744,2024-03-15,2024-04-13,2024-04-11,10.14,633.75,27,273.78,returned
1117,349,787,2024-03-27,2024-03-30,2024-04-13,8.61,430.5,17,216.37,returned
1118,1453,691,2024-03-16,2024-04-09,,0.49,21.0,90,410.0,not_returned
1119,540,678,2024-03-08,2024-03-14,2024-03-14,2.2,80.0,6,13.2,returned
1120,490,1,2024-03-02,2024-03-11,2024-03-09,1.54,56.0,7,10.78,returned
1121,490,75,2024-03-11,2024-03-20,2024-03-19,1.54,56.0,8,12.32,returned
1122,776,80,2024-03-28,2024-04-27,2024-04-27,5.78,361.25,30,173.4,returned
1123,546,563,2024-03-28,2024-04-05,2024-04-04,3.66,133.0,7,25.62,returned
1124,683,543,2024-03-23,2024-04-17,2024-04-16,7.34,458.75,24,176.16,returned
1125,1312,325,2024-03-21,2024-04-27,2024-04-27,0.3,12.75,37,11.1,returned
1126,1312,719,2024-04-28,2024-05-17,2024-05-17,0.3,12.75,19,5.7,returned
1127,481,274,2024-03-22,2024-03-28,2024-03-26,3.08,112.0,4,12.32,returned
1128,721,157,2024-03-15,2024-04-07,2024-04-18,7.14,446.25,34,325.26,returned
1129,650,551,2024-03-19,2024-04-03,2024-04-02,3.49,127.0,14,48.86,returned
1130,1825,227,2024-03-15,2024-03-18,2024-03-17,3.96,141.25,2,7.92,returned
1131,1825,681,2024-03-25,2024-03-28,2024-03-28,3.96,141.25,3,11.88,returned
1132,1207,589,2024-03-28,2024-04-19,2024-04-17,1.49,63.75,20,29.8,returned
1133,1314,267,2024-03-14,2024-04-30,2024-04-30,0.19,8.25,47,8.93,returned
1134,245,653,2024-03-23,2024-04-14,2024-04-14,1.44,80.0,22,31.68,returned
1135,53,749,2024-03-05,2024-03-13,2024-03-23,5.65,313.75,18,176.7,returned
1136,1009,184,2024-03-06,2024-03-16,2024-03-29,22.49,1038.0,23,582.27,returned
1137,461,256,2024-03-21,2024-03-26,2024-04-04,2.01,73.0,14,95.64,returned
1138,461,330,2024-04-05,2024-04-18,2024-04-16,2.01,73.0,11,22.11,returned
1139,103,167,2024-03-01,2024-03-08,2024-03-07,1.93,107.5,6,11.58,returned
1140,57,746,2024-03-23,2024-04-06,2024-04-04,4.39,243.75,12,52.68,returned
1141,927,4,2024-03-12,2024-04-05,2024-04-03,9.36,585.0,22,205.92,returned
1142,1080,358,2024-03-23,2024-04-02,2024-04-06,10.69,493.5,14,169.66,returned
1143,1652,675,2024-03-14,2024-03-31,2024-03-29,0.53,26.25,15,7.95,returned
1144,1784,419,2024-03-19,2024-03-21,2024-03-20,20.41,728.75,1,20.41,returned
1145,1784,80,2024-03-27,2024-03-29,2024-03-28,20.41,728.75,1,20.41,returned
1146,1707,195,2024-03-09,2024-03-11,2024-03-11,34.37,1227.5,2,68.74,returned
1147,724,667,2024-03-10,2024-03-28,2024-03-28,9.86,616.25,18,177.48,returned
1148,1715,358,2024-04-02,2024-04-05,2024-04-11,25.06,895.0,9,270.54,returned
1149,1645,775,2024-04-05,2024-04-14,2024-04-14,1.12,56.25,9,10.08,returned
1150,640,105,2024-04-14,2024-04-15,2024-04-15,1.48,54.0,1,1.48,returned
1151,640,584,2024-04-20,2024-04-28,2024-04-26,1.48,54.0,6,8.88,returned
1152,569,409,2024-04-24,2024-05-05,2024-05-03,2.8,102.0,9,25.2,returned
1153,1187,542,2024-04-22,2024-05-02,2024-05-14,4.03,186.0,22,148.66,returned
1154,1746,184,2024-04-05,2024-04-06,2024-04-06,28.42,1015.0,1,28.42,returned
1155,937,496,2024-04-09,2024-05-07,,3.24,202.5,90,1485.0,not_returned
1156,1058,28,2024-04-19,2024-04-22,2024-05-02,19.34,892.5,13,301.42,returned
1157,627,219,2024-04-12,2024-04-27,2024-04-25,2.56,93.0,13,33.28,returned
1158,1579,303,2024-04-16,2024-04-20,2024-04-19,0.56,27.75,3,1.68,returned
1159,819,305,2024-04-27,2024-05-31,2024-06-05,2.34,146.25,39,128.76,returned
1160,819,485,2024-06-06,2024-07-05,2024-07-04,2.34,146.25,28,65.52,returned
1161,1390,30,2024-04-23,2024-05-18,,1.28,54.75,90,635.0,not_returned
1162,1375,26,2024-04-22,2024-04-29,,1.52,65.25,90,705.0,not_returned
1163,67,341,2024-04-08,2024-04-12,,8.28,460.0,90,2515.0,not_returned
1164,1784,240,2024-04-16,2024-04-18,2024-04-19,20.41,728.75,3,68.73,returned
1165,1784,99,2024-04-20,2024-04-23,2024-04-21,20.41,728.75,1,20.41,returned
1166,490,226,2024-04-05,2024-04-13,2024-04-11,1.54,56.0,6,9.24,returned
1167,849,707,2024-04-26,2024-05-11,2024-05-10,10.44,652.5,14,146.16,returned
1168,271,575,2024-04-18,2024-04-24,2024-04-22,1.96,108.75,4,7.84,returned
1169,1782,610,2024-04-25,2024-04-27,2024-04-26,23.7,846.25,1,23.7,returned
1170,681,151,2024-04-08,2024-05-11,2024-05-10,10.2,637.5,32,326.4,returned
1171,812,269,2024-04-12,2024-05-02,2024-05-02,2.8,175.0,20,56.0,returned
1172,1004,285,2024-04-04,2024-04-07,2024-04-07,15.37,709.5,3,46.11,returned
1173,1004,322,2024-04-13,2024-04-18,2024-04-26,15.37,709.5,13,239.81,returned
1174,197,37,2024-04-25,2024-05-07,,5.11,283.75,90,1810.0,not_returned
1175,292,382,2024-04-15,2024-04-16,2024-04-16,5.88,294.0,1,5.88,returned
1176,1521,692,2024-04-19,2024-05-12,,0.73,36.75,90,695.0,not_returned
1177,838,94,2024-04-23,2024-05-04,2024-05-03,1.7,106.25,10,17.0,returned
1178,485,544,2024-04-24,2024-05-01,,2.09,76.0,90,1055.0,not_returned
1179,999,638,2024-04-01,2024-04-15,2024-04-14,5.23,241.5,13,67.99,returned
1180,530,778,2024-04-23,2024-05-04,2024-05-02,3.57,130.0,9,32.13,returned
1181,1070,417,2024-04-01,2024-04-06,2024-04-06,16.05,741.0,5,80.25,returned
1182,1706,691,2024-04-21,2024-04-23,2024-04-22,25.52,911.25,1,25.52,returned
1183,877,637,2024-04-13,2024-05-06,2024-05-06,8.1,506.25,23,186.3,returned
1184,1235,148,2024-04-15,2024-05-07,2024-05-05,0.35,15.0,20,7.0,returned
1185,1820,61,2024-04-08,2024-04-13,,33.56,1198.75,90,5470.0,not_returned
1186,769,233,2024-04-13,2024-04-14,2024-04-14,7.3,456.25,1,7.3,returned
1187,769,142,2024-04-15,2024-05-02,2024-05-01,7.3,456.25,16,116.8,returned
1188,634,615,2024-04-16,2024-04-27,2024-04-26,3.55,129.0,10,35.5,returned
1189,1651,221,2024-04-10,2024-04-20,2024-04-19,0.23,11.25,9,2.07,returned
1190,555,420,2024-04-02,2024-04-12,2024-04-11,2.5,91.0,9,22.5,returned
1191,191,374,2024-04-13,2024-04-30,2024-04-30,9.76,542.5,17,165.92,returned
1192,1244,212,2024-04-26,2024-05-19,2024-05-19,1.08,46.5,23,24.84,returned
1193,265,52,2024-04-06,2024-04-19,2024-04-19,6.66,370.0,13,86.58,returned
1194,1272,427,2024-04-01,2024-04-26,2024-04-25,2.22,95.25,24,53.28,returned
1195,1813,791,2024-04-28,2024-05-01,2024-04-29,34.79,1242.5,1,34.79,returned
1196,1813,605,2024-04-30,2024-05-02,2024-05-01,34.79,1242.5,1,34.79,returned
1197,706,224,2024-04-13,2024-05-04,,8.62,538.75,90,2830.0,not_returned
1198,464,502,2024-04-10,2024-04-22,2024-04-21,2.69,98.0,11,29.59,returned
1199,854,678,2024-04-21,2024-05-14,2024-05-14,10.04,627.5,23,230.92,returned
1200,276,719,2024-04-21,2024-05-08,2024-05-07,6.21,345.0,16,99.36,returned
1201,1482,629,2024-04-23,2024-05-04,2024-05-02,0.49,24.75,9,4.41,returned
1202,1148,79,2024-04-03,2024-04-07,2024-04-05,16.09,742.5,2,32.18,returned
1203,758,432,2024-04-18,2024-05-06,2024-05-10,2.68,167.5,22,88.96,returned
1204,1831,204,2024-04-15,2024-04-18,2024-04-18,20.89,746.25,3,62.67,returned
1205,790,500,2024-04-15,2024-05-04,2024-05-17,11.12,695.0,32,453.34,returned
1206,1103,140,2024-04-12,2024-04-17,2024-04-16,11.8,544.5,4,47.2,returned
1207,1743,651,2024-04-04,2024-04-07,2024-04-07,30.45,1087.5,3,91.35,returned
1208,612,467,2024-04-24,2024-05-08,2024-05-07,1.79,65.0,13,23.27,returned
1209,612,290,2024-05-08,2024-05-18,2024-05-17,1.79,65.0,9,16.11,returned
1210,612,729,2024-05-18,2024-05-26,2024-05-25,1.79,65.0,7,12.53,returned
1211,1221,654,2024-04-05,2024-05-01,2024-05-07,1.35,57.75,32,61.2,returned
1212,1271,238,2024-04-19,2024-05-24,2024-05-22,2.85,122.25,33,94.05,returned
1213,371,308,2024-04-21,2024-04-25,2024-04-24,8.88,444.0,3,26.64,returned
1214,785,792,2024-04-20,2024-05-11,2024-05-10,7.76,485.0,20,155.2,returned
1215,785,745,2024-05-11,2024-06-03,2024-06-02,7.76,485.0,22,170.72,returned
1216,214,360,2024-04-11,2024-04-28,2024-04-28,10.73,596.25,17,182.41,returned
1217,214,489,2024-04-29,2024-05-11,2024-05-21,10.73,596.25,22,311.06,returned
1218,647,704,2024-04-15,2024-04-23,2024-04-22,2.83,103.0,7,19.81,returned
1219,579,451,2024-04-19,2024-04-27,2024-04-25,2.23,81.0,6,13.38,returned
1220,175,460,2024-04-11,2024-04-18,2024-04-18,1.48,82.5,7,10.36,returned
1221,1722,413,2024-04-07,2024-04-10,2024-04-09,17.89,638.75,2,35.78,returned
1222,1470,580,2024-04-11,2024-04-30,2024-04-30,1.11,55.5,19,21.09,returned
1223,1622,500,2024-04-20,2024-04-26,,0.97,48.75,90,775.0,not_returned
1224,611,165,2024-04-14,2024-04-27,2024-04-27,2.39,87.0,13,31.07,returned
1225,1506,755,2024-04-09,2024-04-20,2024-04-20,0.95,47.25,11,10.45,returned
1226,802,657,2024-04-22,2024-05-04,2024-05-03,11.86,741.25,11,130.46,returned
1227,976,791,2024-04-23,2024-05-15,2024-05-22,6.56,410.0,29,242.74,returned
1228,1793,92,2024-04-05,2024-04-06,2024-04-09,20.27,723.75,4,103.58,returned
1229,607,389,2024-04-26,2024-04-29,2024-04-28,2.47,90.0,2,4.94,returned
1230,1765,652,2024-05-04,2024-05-06,,16.94,605.0,90,3095.0,not_returned
1231,1618,712,2024-05-04,2024-05-22,2024-05-20,0.7,35.25,16,11.2,returned
1232,1535,515,2024-05-19,2024-05-31,2024-05-31,1.11,55.5,12,13.32,returned
1233,1708,22,2024-05-18,2024-05-21,2024-05-19,25.06,895.0,1,25.06,returned
1234,424,470,2024-05-22,2024-05-29,2024-05-28,1.47,73.5,6,8.82,returned
1235,1653,611,2024-05-10,2024-05-29,2024-05-27,0.29,14.25,17,4.93,returned
1236,1264,639,2024-05-24,2024-06-23,2024-07-06,0.56,24.0,43,63.08,returned
1237,1666,611,2024-05-13,2024-05-22,2024-05-21,0.1,5.25,8,0.8,returned
1238,608,448,2024-05-20,2024-05-29,2024-05-27,2.15,78.0,7,15.05,returned
1239,1513,736,2024-05-28,2024-06-12,2024-06-10,0.45,22.5,13,5.85,returned
1240,1333,325,2024-05-19,2024-06-20,2024-06-20,2.35,100.5,32,75.2,returned
1241,362,523,2024-05-17,2024-05-20,2024-05-20,2.58,129.0,3,7.74,returned
1242,1509,786,2024-05-07,2024-05-25,2024-05-23,0.61,30.75,16,9.76,returned
1243,774,2,2024-05-11,2024-05-28,,9.12,570.0,90,2955.0,not_returned
1244,480,525,2024-05-18,2024-05-24,2024-05-26,3.02,110.0,8,39.16,returned
1245,1542,428,2024-05-02,2024-05-14,2024-05-12,1.17,58.5,10,11.7,returned
1246,1017,463,2024-05-21,2024-05-23,2024-05-22,16.38,756.0,1,16.38,returned
1247,776,588,2024-05-26,2024-06-07,2024-06-07,5.78,361.25,12,69.36,returned
1248,1197,273,2024-05-04,2024-05-09,2024-05-11,13.0,600.0,7,101.0,returned
1249,1220,288,2024-05-23,2024-06-15,2024-06-14,1.77,75.75,22,38.94,returned
1250,1549,440,2024-05-05,2024-05-19,,0.84,42.0,90,730.0,not_returned
1251,589,634,2024-05-03,2024-05-08,2024-05-07,2.39,87.0,4,9.56,returned
1252,1627,592,2024-05-15,2024-05-24,2024-06-06,0.84,42.0,22,83.48,returned
1253,1627,37,2024-06-07,2024-06-23,2024-06-21,0.84,42.0,14,11.76,returned
1254,1271,411,2024-05-24,2024-06-10,2024-06-08,2.85,122.25,15,42.75,returned
1255,1737,768,2024-05-13,2024-05-17,2024-05-18,33.15,1183.75,5,173.25,returned
1256,446,551,2024-05-26,2024-06-03,2024-06-01,9.57,478.5,6,57.42,returned
1257,446,313,2024-06-02,2024-06-07,2024-06-17,9.57,478.5,15,193.55,returned
1258,446,88,2024-06-18,2024-06-21,2024-06-21,9.57,478.5,3,28.71,returned
1259,864,79,2024-05-13,2024-06-06,2024-06-04,4.16,260.0,22,91.52,returned
1260,1142,541,2024-05-08,2024-05-13,2024-05-11,21.06,972.0,3,63.18,returned
1261,787,739,2024-05-24,2024-06-02,2024-06-01,5.74,358.75,8,45.92,returned
1262,215,636,2024-05-28,2024-06-21,2024-06-20,3.33,185.0,23,76.59,returned
1263,215,459,2024-06-21,2024-07-06,2024-07-15,3.33,185.0,24,147.42,returned
1264,1192,786,2024-05-07,2024-05-20,2024-05-18,11.38,525.0,11,125.18,returned
1265,1192,118,2024-05-28,2024-06-06,2024-06-06,11.38,525.0,9,102.42,returned
1266,1766,476,2024-05-19,2024-05-20,2024-05-20,10.75,383.75,1,10.75,returned
1267,1366,398,2024-05-04,2024-05-25,2024-05-24,1.24,53.25,20,24.8,returned
1268,1179,231,2024-05-13,2024-05-19,2024-05-17,16.64,768.0,4,66.56,returned
1269,1179,388,2024-05-19,2024-05-22,2024-05-26,16.64,768.0,7,136.48,returned
1270,546,383,2024-05-05,2024-05-19,2024-06-02,3.66,133.0,28,207.48,returned
1271,296,472,2024-05-16,2024-05-19,,9.99,499.5,90,2115.0,not_returned
1272,1402,752,2024-05-09,2024-06-05,2024-06-14,2.03,87.0,36,100.08,returned
1273,1799,507,2024-05-13,2024-05-16,2024-05-16,27.05,966.25,3,81.15,returned
1274,626,791,2024-05-07,2024-05-14,2024-05-12,1.51,55.0,5,7.55,returned
1275,626,435,2024-05-27,2024-05-28,,1.51,55.0,90,950.0,not_returned
1276,375,451,2024-05-12,2024-05-15,2024-05-14,3.84,192.0,2,7.68,returned
1277,98,103,2024-05-04,2024-05-22,2024-05-22,3.53,196.25,18,63.54,returned
1278,955,522,2024-05-28,2024-06-20,2024-06-18,10.06,628.75,21,211.26,returned
1279,1476,473,2024-05-02,2024-05-13,2024-05-12,0.12,6.0,10,1.2,returned
1280,1476,159,2024-05-27,2024-06-07,,0.12,6.0,90,490.0,not_returned
1281,1035,709,2024-05-05,2024-05-11,2024-05-10,15.37,709.5,5,76.85,returned
1282,423,375,2024-05-12,2024-05-16,2024-05-14,1.05,52.5,2,2.1,returned
1283,423,432,2024-05-15,2024-05-22,2024-05-20,1.05,52.5,5,5.25,returned
1284,718,6,2024-05-13,2024-05-28,2024-05-28,2.92,182.5,15,43.8,returned
1285,1746,766,2024-05-20,2024-05-22,2024-05-22,28.42,1015.0,2,56.84,returned
1286,747,360,2024-05-08,2024-05-17,2024-05-17,5.26,328.75,9,47.34,returned
1287,777,629,2024-05-06,2024-06-02,2024-06-02,2.06,128.75,27,55.62,returned
1288,1156,184,2024-05-04,2024-05-14,2024-05-12,11.08,511.5,8,88.64,returned
1289,882,209,2024-05-23,2024-06-23,2024-06-29,11.06,691.25,37,454.22,returned
1290,1630,290,2024-05-18,2024-06-05,2024-06-18,1.08,54.0,31,98.48,returned
1291,631,187,2024-05-28,2024-06-04,2024-06-02,2.86,104.0,5,14.3,returned
1292,729,145,2024-05-28,2024-06-13,2024-06-13,9.02,563.75,16,144.32,returned
1293,729,399,2024-06-14,2024-07-02,2024-06-30,9.02,563.75,16,144.32,returned
1294,737,28,2024-05-05,2024-05-24,2024-05-22,3.62,226.25,17,61.54,returned
1295,904,256,2024-05-10,2024-05-27,2024-05-27,10.2,637.5,17,173.4,returned
1296,320,769,2024-05-22,2024-05-27,2024-05-27,10.11,505.5,5,50.55,returned
1297,609,644,2024-05-10,2024-05-13,2024-05-11,1.51,55.0,1,1.51,returned
1298,929,681,2024-05-24,2024-06-10,2024-06-10,5.86,366.25,17,99.62,returned
1299,1620,604,2024-05-04,2024-05-26,2024-06-02,0.41,20.25,29,46.89,returned
1300,978,103,2024-05-24,2024-06-14,2024-06-13,8.66,541.25,20,173.2,returned
1301,1711,592,2024-05-21,2024-05-24,2024-05-23,16.34,583.75,2,32.68,returned
1302,898,187,2024-05-16,2024-06-09,,2.16,135.0,90,1215.0,not_returned
1303,407,392,2024-05-09,2024-05-14,2024-05-12,4.41,220.5,3,13.23,returned
1304,976,468,2024-05-25,2024-06-20,2024-06-20,6.56,410.0,26,170.56,returned
1305,1808,194,2024-05-28,2024-05-30,2024-05-30,3.71,132.5,2,7.42,returned
1306,639,770,2024-05-09,2024-05-20,2024-05-19,3.52,128.0,10,35.2,returned
1307,207,491,2024-05-13,2024-05-28,2024-05-28,10.8,600.0,15,162.0,returned
1308,847,149,2024-05-16,2024-06-06,2024-06-04,7.92,495.0,19,150.48,returned
1309,847,140,2024-06-05,2024-06-27,2024-06-25,7.92,495.0,20,158.4,returned
1310,205,125,2024-05-19,2024-06-03,2024-06-01,2.77,153.75,13,36.01,returned
1311,205,744,2024-06-02,2024-06-17,2024-06-16,2.77,153.75,14,38.78,returned
1312,825,594,2024-05-25,2024-06-22,2024-06-21,5.42,338.75,27,146.34,returned
1313,1021,562,2024-05-15,2024-05-21,2024-05-21,6.4,295.5,6,38.4,returned
1314,121,504,2024-05-04,2024-05-18,2024-05-16,8.05,447.5,12,96.6,returned
1315,1635,583,2024-06-06,2024-06-20,2024-06-19,0.53,26.25,13,6.89,returned
1316,1145,239,2024-06-14,2024-06-16,,12.74,588.0,90,2410.0,not_returned
1317,601,609,2024-06-08,2024-06-20,2024-06-20,2.45,89.0,12,29.4,returned
1318,601,261,2024-06-21,2024-06-25,2024-07-07,2.45,89.0,16,129.2,returned
1319,4,583,2024-06-16,2024-06-26,2024-06-24,6.82,378.75,8,54.56,returned
1320,722,402,2024-06-06,2024-07-05,2024-07-06,11.14,696.25,30,341.7,returned
1321,1129,629,2024-06-26,2024-07-08,2024-07-07,5.17,238.5,11,56.87,returned
1322,810,730,2024-06-23,2024-07-11,2024-07-09,8.52,532.5,16,136.32,returned
1323,1154,758,2024-06-08,2024-06-20,2024-06-18,20.86,963.0,10,208.6,returned
1324,225,350,2024-06-10,2024-06-20,2024-06-19,5.6,311.25,9,50.4,returned
1325,1429,87,2024-06-13,2024-06-30,2024-06-28,1.73,74.25,15,25.95,returned
1326,582,97,2024-06-22,2024-06-30,2024-06-28,2.78,101.0,6,16.68,returned
1327,1222,108,2024-06-05,2024-06-24,2024-06-24,0.91,39.0,19,17.29,returned
1328,637,187,2024-06-11,2024-06-25,2024-06-25,2.58,94.0,14,36.12,returned
1329,1470,621,2024-06-23,2024-07-07,2024-07-05,1.11,55.5,12,13.32,returned
1330,827,28,2024-06-10,2024-07-04,2024-07-03,4.7,293.75,23,108.1,returned
1331,827,263,2024-07-04,2024-07-25,2024-07-25,4.7,293.75,21,98.7,returned
1332,1290,63,2024-06-25,2024-08-05,2024-08-04,1.1,47.25,40,44.0,returned
1333,985,57,2024-06-14,2024-06-21,2024-06-21,18.3,844.5,7,128.1,returned
1334,700,659,2024-06-28,2024-07-20,2024-07-18,6.7,418.75,20,134.0,returned
1335,1842,764,2024-06-25,2024-06-27,2024-06-26,11.79,421.25,1,11.79,returned
1336,1751,209,2024-06-03,2024-06-06,2024-06-04,25.3,903.75,1,25.3,returned
1337,1363,348,2024-06-15,2024-07-16,2024-07-14,1.77,75.75,29,51.33,returned
1338,1806,242,2024-06-21,2024-06-25,2024-06-23,6.16,220.0,2,12.32,returned
1339,1806,729,2024-06-24,2024-06-25,2024-06-25,6.16,220.0,1,6.16,returned
1340,1495,290,2024-06-13,2024-06-28,2024-06-26,0.54,27.0,13,7.02,returned
1341,1070,726,2024-06-19,2024-06-27,2024-06-26,16.05,741.0,7,112.35,returned
1342,90,348,2024-06-19,2024-06-30,,2.41,133.75,90,1210.0,not_returned
1343,1431,730,2024-06-16,2024-07-10,2024-07-08,1.33,57.0,22,29.26,returned
1344,578,667,2024-06-16,2024-06-21,2024-06-19,2.64,96.0,3,7.92,returned
1345,1079,397,2024-06-26,2024-07-02,2024-07-02,17.16,792.0,6,102.96,returned
1346,1579,584,2024-06-01,2024-06-09,2024-06-11,0.56,27.75,10,15.6,returned
1347,315,599,2024-06-06,2024-06-11,2024-06-10,9.15,457.5,4,36.6,returned
1348,1289,96,2024-06-20,2024-08-16,2024-08-16,2.24,96.0,57,127.68,returned
1349,1059,362,2024-06-11,2024-06-13,2024-06-12,11.7,540.0,1,11.7,returned
1350,732,402,2024-06-09,2024-07-04,2024-07-17,7.7,481.25,38,390.1,returned
1351,321,288,2024-06-02,2024-06-08,2024-06-07,5.55,277.5,5,27.75,returned
1352,117,416,2024-06-21,2024-07-08,2024-07-06,4.84,268.75,15,72.6,returned
1353,1685,87,2024-06-17,2024-06-30,2024-06-28,0.66,33.0,11,7.26,returned
1354,891,18,2024-06-12,2024-07-09,2024-07-08,9.68,605.0,26,251.68,returned
1355,280,759,2024-06-06,2024-06-16,2024-06-15,5.22,290.0,9,46.98,returned
1356,1035,294,2024-06-21,2024-06-30,2024-06-28,15.37,709.5,7,107.59,returned
1357,916,611,2024-06-13,2024-07-09,2024-07-07,6.86,428.75,24,164.64,returned
1358,569,708,2024-06-20,2024-07-03,2024-07-01,2.8,102.0,11,30.8,returned
1359,476,741,2024-06-02,2024-06-14,,3.52,128.0,90,1315.0,not_returned
1360,261,513,2024-06-12,2024-06-23,2024-06-23,9.74,541.25,11,107.14,returned
1361,1674,666,2024-06-05,2024-06-14,2024-06-14,0.73,36.75,9,6.57,returned
1362,157,12,2024-06-28,2024-07-11,2024-07-15,10.91,606.25,17,215.47,returned
1363,1679,483,2024-06-08,2024-06-15,2024-06-14,0.9,45.0,6,5.4,returned
1364,1219,741,2024-06-22,2024-07-22,2024-07-21,2.42,103.5,29,70.18,returned
1365,1066,456,2024-06-07,2024-06-12,2024-06-10,4.88,225.0,3,14.64,returned
1366,834,668,2024-06-05,2024-07-01,2024-06-30,5.98,373.75,25,149.5,returned
1367,73,778,2024-06-16,2024-07-01,2024-07-01,5.38,298.75,15,80.7,returned
1368,73,333,2024-07-02,2024-07-11,2024-07-09,5.38,298.75,7,37.66,returned
1369,1661,160,2024-06-20,2024-06-27,2024-06-27,0.81,40.5,7,5.67,returned
1370,1456,638,2024-06-16,2024-07-01,2024-06-29,0.49,21.0,13,6.37,returned
1371,1315,774,2024-06-28,2024-07-25,2024-07-24,2.89,123.75,26,75.14,returned
1372,1272,65,2024-06-20,2024-08-07,2024-08-06,2.22,95.25,47,104.34,returned
1373,1481,321,2024-06-23,2024-07-05,,0.66,33.0,90,670.0,not_returned
1374,1873,300,2024-06-20,2024-06-23,2024-07-07,20.16,720.0,17,447.72,returned
1375,1126,412,2024-06-16,2024-06-23,2024-06-21,16.84,777.0,5,84.2,returned
1376,1712,401,2024-06-06,2024-06-10,2024-06-10,32.73,1168.75,4,130.92,returned
1377,165,504,2024-06-14,2024-07-01,2024-07-01,2.83,157.5,17,48.11,returned
1378,1800,595,2024-06-24,2024-06-26,2024-06-26,10.04,358.75,2,20.08,returned
1379,26,453,2024-06-07,2024-06-22,2024-06-20,8.68,482.5,13,112.84,returned
1380,26,156,2024-06-21,2024-07-01,2024-07-07,8.68,482.5,16,183.88,returned
1381,1172,363,2024-06-24,2024-07-01,2024-06-30,4.32,199.5,6,25.92,returned
1382,1220,580,2024-06-15,2024-07-14,2024-07-13,1.77,75.75,28,49.56,returned
1383,404,514,2024-06-22,2024-06-24,2024-06-23,2.28,114.0,1,2.28,returned
1384,862,572,2024-06-26,2024-07-14,2024-07-13,2.54,158.75,17,43.18,returned
1385,420,591,2024-06-24,2024-06-27,2024-06-25,9.36,468.0,1,9.36,returned
1386,873,68,2024-06-03,2024-06-24,2024-06-22,7.76,485.0,19,147.44,returned
1387,183,347,2024-06-20,2024-07-01,2024-06-30,4.75,263.75,10,47.5,returned
1388,1121,558,2024-06-04,2024-06-09,2024-06-16,21.32,984.0,12,290.84,returned
1389,349,682,2024-06-15,2024-06-19,2024-06-17,8.61,430.5,2,17.22,returned
1390,1094,247,2024-06-08,2024-06-16,2024-06-16,22.65,1045.5,8,181.2,returned
1391,1094,198,2024-06-17,2024-06-27,2024-06-26,22.65,1045.5,9,203.85,returned
1392,1094,695,2024-06-27,2024-07-03,2024-07-03,22.65,1045.5,6,135.9,returned
1393,1527,677,2024-06-13,2024-07-03,2024-07-03,0.24,12.0,20,4.8,returned
1394,185,137,2024-06-04,2024-06-26,2024-06-27,11.18,621.25,23,264.64,returned
1395,1523,598,2024-06-03,2024-06-14,2024-06-14,0.18,9.0,11,1.98,returned
1396,1720,12,2024-06-28,2024-07-01,2024-06-29,32.09,1146.25,1,32.09,returned
1397,70,165,2024-06-02,2024-06-17,2024-07-01,4.21,233.75,29,227.09,returned
1398,70,703,2024-07-02,2024-07-09,2024-07-07,4.21,233.75,5,21.05,returned
1399,1792,513,2024-06-25,2024-06-27,2024-07-10,14.11,503.75,15,309.15,returned
1400,1432,117,2024-06-23,2024-07-09,2024-07-07,1.4,60.0,14,19.6,returned
1401,717,365,2024-06-21,2024-07-07,2024-07-06,11.84,740.0,15,177.6,returned
1402,717,297,2024-07-07,2024-07-28,2024-07-26,11.84,740.0,19,224.96,returned
1403,717,543,2024-07-27,2024-08-12,2024-08-18,11.84,740.0,22,305.48,returned
1404,69,349,2024-07-13,2024-07-31,2024-07-30,9.4,522.5,17,159.8,returned
1405,69,152,2024-07-31,2024-08-19,2024-08-17,9.4,522.5,17,159.8,returned
1406,1044,443,2024-07-23,2024-07-28,2024-08-05,10.04,463.5,13,170.52,returned
1407,1777,136,2024-07-20,2024-07-22,2024-07-21,34.41,1228.75,1,34.41,returned
1408,541,575,2024-07-06,2024-07-12,,3.66,133.0,90,1340.0,not_returned
1409,561,637,2024-07-01,2024-07-13,2024-07-13,1.54,56.0,12,18.48,returned
1410,803,632,2024-07-07,2024-07-27,2024-08-10,10.1,631.25,34,448.4,returned
1411,1406,456,2024-07-05,2024-07-29,2024-07-27,3.1,132.75,22,68.2,returned
1412,614,242,2024-07-27,2024-08-14,2024-08-14,2.61,95.0,18,46.98,returned
1413,313,597,2024-07-08,2024-07-14,2024-07-12,11.31,565.5,4,45.24,returned
1414,712,631,2024-07-12,2024-07-26,2024-07-26,3.78,236.25,14,52.92,returned
1415,7,499,2024-07-24,2024-08-04,2024-08-04,10.01,556.25,11,110.11,returned
1416,7,12,2024-08-05,2024-08-24,2024-08-22,10.01,556.25,17,170.17,returned
1417,656,610,2024-07-19,2024-07-29,2024-07-28,1.48,54.0,9,13.32,returned
1418,656,226,2024-07-29,2024-08-09,2024-08-08,1.48,54.0,10,14.8,returned
1419,1755,531,2024-07-20,2024-07-24,2024-07-24,33.08,1181.25,4,132.32,returned
1420,770,334,2024-07-12,2024-08-06,2024-08-18,2.64,165.0,37,187.68,returned
1421,896,380,2024-07-18,2024-08-04,2024-08-04,11.18,698.75,17,190.06,returned
1422,896,581,2024-08-05,2024-08-20,2024-08-18,11.18,698.75,13,145.34,returned
1423,101,789,2024-07-05,2024-07-17,2024-07-15,5.6,311.25,10,56.0,returned
1424,110,344,2024-07-26,2024-08-03,2024-08-03,3.37,187.5,8,26.96,returned
1425,619,49,2024-07-15,2024-07-27,2024-07-26,1.73,63.0,11,19.03,returned
1426,203,380,2024-07-24,2024-08-02,2024-08-08,1.89,105.0,15,73.35,returned
1427,605,272,2024-07-20,2024-07-29,2024-07-28,2.17,79.0,8,17.36,returned
1428,1825,409,2024-07-06,2024-07-09,2024-07-07,3.96,141.25,1,3.96,returned
1429,245,214,2024-07-24,2024-08-01,2024-07-31,1.44,80.0,7,10.08,returned
1430,245,310,2024-08-01,2024-08-17,2024-08-16,1.44,80.0,15,21.6,returned
1431,932,575,2024-07-17,2024-08-05,2024-08-05,9.98,623.75,19,189.62,returned
1432,932,643,2024-08-06,2024-08-26,,9.98,623.75,90,3170.0,not_returned
1433,1014,515,2024-07-12,2024-07-20,2024-07-20,4.68,216.0,8,37.44,returned
1434,1724,489,2024-07-16,2024-07-20,2024-07-18,3.46,123.75,2,6.92,returned
1435,1779,377,2024-07-12,2024-07-15,2024-07-27,22.16,791.25,15,422.4,returned
1436,504,153,2024-07-18,2024-07-24,2024-07-24,3.35,122.0,6,20.1,returned
1437,504,590,2024-07-25,2024-08-01,2024-07-30,3.35,122.0,5,16.75,returned
1438,1851,358,2024-07-18,2024-07-22,2024-08-05,26.81,957.5,18,587.58,returned
1439,1851,107,2024-08-06,2024-08-08,2024-08-07,26.81,957.5,1,26.81,returned
1440,1235,794,2024-07-19,2024-08-11,2024-08-09,0.35,15.0,21,7.35,returned
1441,1747,357,2024-07-24,2024-07-26,2024-07-25,14.56,520.0,1,14.56,returned
1442,1850,358,2024-07-27,2024-07-28,2024-07-28,29.71,1061.25,1,29.71,returned
1443,1850,441,2024-07-29,2024-07-31,2024-07-31,29.71,1061.25,2,59.42,returned
1444,1850,137,2024-08-01,2024-08-02,2024-08-02,29.71,1061.25,1,29.71,returned
1445,1105,439,2024-07-14,2024-07-22,,11.31,522.0,90,2190.0,not_returned
1446,1253,62,2024-07-07,2024-08-17,,1.59,68.25,90,725.0,not_returned
1447,10,684,2024-07-05,2024-07-14,2024-07-12,8.77,487.5,7,61.39,returned
1448,1090,425,2024-07-06,2024-07-11,2024-07-09,19.27,889.5,3,57.81,returned
1449,179,100,2024-07-12,2024-07-18,2024-07-18,11.14,618.75,6,66.84,returned
1450,798,639,2024-07-07,2024-07-30,2024-07-28,3.54,221.25,21,74.34,returned
1451,994,163,2024-07-10,2024-07-22,,20.61,951.0,90,3620.0,not_returned
1452,1839,456,2024-07-02,2024-07-05,2024-07-05,26.95,962.5,3,80.85,returned
1453,377,234,2024-07-10,2024-07-19,2024-07-17,10.26,513.0,7,71.82,returned
1454,1011,622,2024-07-16,2024-07-24,2024-07-23,10.04,463.5,7,70.28,returned
1455,829,72,2024-07-16,2024-07-26,2024-08-06,8.82,551.25,21,267.72,returned
1456,207,116,2024-07-06,2024-07-29,2024-07-28,10.8,600.0,22,237.6,returned
1457,1515,332,2024-07-19,2024-08-02,2024-08-02,0.61,30.75,14,8.54,returned
1458,201,457,2024-07-18,2024-07-30,2024-08-05,6.55,363.75,18,162.9,returned
1459,1217,133,2024-07-20,2024-08-21,2024-08-20,2.71,116.25,31,84.01,returned
1460,1738,340,2024-07-24,2024-07-28,2024-07-27,3.6,128.75,3,10.8,returned
1461,1738,269,2024-07-28,2024-07-31,2024-07-29,3.6,128.75,1,3.6,returned
1462,1738,522,2024-07-30,2024-08-01,2024-07-31,3.6,128.75,1,3.6,returned
1463,667,389,2024-07-20,2024-07-28,2024-07-27,11.36,710.0,7,79.52,returned
1464,1106,382,2024-07-28,2024-07-30,2024-07-30,13.91,642.0,2,27.82,returned
1465,734,548,2024-07-26,2024-08-09,2024-08-07,11.62,726.25,12,139.44,returned
1466,734,600,2024-08-08,2024-09-03,2024-09-01,11.62,726.25,24,278.88,returned
1467,734,354,2024-09-02,2024-09-19,2024-09-18,11.62,726.25,16,185.92,returned
1468,884,659,2024-07-19,2024-07-20,2024-07-20,9.84,615.0,1,9.84,returned
1469,1752,539,2024-07-16,2024-07-17,2024-07-17,7.67,273.75,1,7.67,returned
1470,595,41,2024-07-21,2024-07-28,2024-07-28,3.46,126.0,7,24.22,returned
1471,595,114,2024-07-29,2024-08-11,2024-08-10,3.46,126.0,12,41.52,returned
1472,143,62,2024-07-27,2024-08-14,2024-08-12,8.91,495.0,16,142.56,returned
1473,570,172,2024-07-18,2024-07-30,2024-08-13,1.79,65.0,26,151.54,returned
1474,66,649,2024-07-11,2024-07-28,2024-07-26,2.81,156.25,15,42.15,returned
1475,1319,332,2024-07-18,2024-08-08,2024-08-12,0.79,33.75,25,31.75,returned
1476,103,615,2024-08-27,2024-09-15,2024-09-13,1.93,107.5,17,32.81,returned
1477,1340,790,2024-08-02,2024-08-06,2024-08-06,0.44,18.75,4,1.76,returned
1478,888,249,2024-08-12,2024-09-08,2024-09-07,3.36,210.0,26,87.36,returned
1479,1370,515,2024-08-18,2024-09-17,2024-09-17,0.89,38.25,30,26.7,returned
1480,1195,278,2024-08-19,2024-08-23,2024-08-23,4.42,204.0,4,17.68,returned
1481,864,11,2024-08-10,2024-09-03,2024-09-01,4.16,260.0,22,91.52,returned
1482,239,742,2024-08-16,2024-09-03,2024-09-03,6.23,346.25,18,112.14,returned
1483,908,304,2024-08-08,2024-08-26,2024-08-26,6.8,425.0,18,122.4,returned
1484,916,753,2024-08-25,2024-09-02,2024-09-02,6.86,428.75,8,54.88,returned
1485,916,435,2024-09-03,2024-09-21,2024-09-19,6.86,428.75,16,109.76,returned
1486,1085,710,2024-08-16,2024-08-22,2024-08-20,8.68,400.5,4,34.72,returned
1487,1804,557,2024-08-01,2024-08-03,2024-08-03,18.83,672.5,2,37.66,returned
1488,185,710,2024-08-24,2024-09-10,2024-09-08,11.18,621.25,15,167.7,returned
1489,1850,796,2024-08-03,2024-08-05,2024-08-04,29.71,1061.25,1,29.71,returned
1490,530,322,2024-08-21,2024-08-30,2024-08-29,3.57,130.0,8,28.56,returned
1491,1172,132,2024-08-28,2024-08-31,2024-08-29,4.32,199.5,1,4.32,returned
1492,1121,282,2024-08-07,2024-08-14,2024-08-13,21.32,984.0,6,127.92,returned
1493,1063,647,2024-08-16,2024-08-28,2024-08-26,8.74,403.5,10,87.4,returned
1494,890,156,2024-08-17,2024-09-10,2024-09-09,10.1,631.25,23,232.3,returned
1495,1011,330,2024-08-14,2024-08-21,2024-08-20,10.04,463.5,6,60.24,returned
1496,1855,530,2024-08-16,2024-08-17,2024-08-17,17.61,628.75,1,17.61,returned
1497,1855,627,2024-08-18,2024-08-20,2024-09-02,17.61,628.75,15,361.65,returned
1498,729,302,2024-08-21,2024-09-18,2024-09-17,9.02,563.75,27,243.54,returned
1499,214,445,2024-08-23,2024-09-11,2024-09-10,10.73,596.25,18,193.14,returned
1500,1755,597,2024-08-20,2024-08-23,2024-09-04,33.08,1181.25,15,586.2,returned
1501,1755,583,2024-09-05,2024-09-08,2024-09-07,33.08,1181.25,2,66.16,returned
1502,770,511,2024-08-23,2024-08-30,2024-08-30,2.64,165.0,7,18.48,returned
1503,673,252,2024-08-05,2024-08-28,2024-08-28,4.38,273.75,23,100.74,returned
1504,924,9,2024-08-13,2024-09-07,2024-09-06,6.6,412.5,24,158.4,returned
1505,924,560,2024-09-07,2024-09-23,2024-09-22,6.6,412.5,15,99.0,returned
1506,871,208,2024-08-04,2024-09-01,2024-08-31,9.86,616.25,27,266.22,returned
1507,871,156,2024-09-01,2024-09-19,2024-09-17,9.86,616.25,16,157.76,returned
1508,1842,699,2024-08-21,2024-08-24,2024-08-24,11.79,421.25,3,35.37,returned
1509,743,306,2024-08-19,2024-09-18,2024-10-02,9.82,613.75,44,537.08,returned
1510,1204,777,2024-08-22,2024-09-29,2024-09-27,2.31,99.0,36,83.16,returned
1511,1678,449,2024-08-10,2024-08-28,2024-08-27,0.56,27.75,17,9.52,returned
1512,1678,527,2024-08-28,2024-09-08,2024-09-06,0.56,27.75,9,5.04,returned
1513,76,440,2024-08-12,2024-08-24,2024-08-23,4.63,257.5,11,50.93,returned
1514,1719,691,2024-08-21,2024-08-24,2024-08-23,2.94,105.0,2,5.88,returned
1515,1266,446,2024-08-28,2024-09-26,2024-09-25,0.77,33.0,28,21.56,returned
1516,1840,411,2024-08-15,2024-08-18,2024-08-18,29.23,1043.75,3,87.69,returned
1517,1840,357,2024-08-26,2024-08-29,2024-08-29,29.23,1043.75,3,87.69,returned
1518,1840,417,2024-08-30,2024-09-01,2024-09-01,29.23,1043.75,2,58.46,returned
1519,1843,497,2024-08-18,2024-08-21,2024-08-20,17.54,626.25,2,35.08,returned
1520,1843,486,2024-08-21,2024-08-23,2024-08-23,17.54,626.25,2,35.08,returned
1521,1843,298,2024-08-24,2024-08-28,2024-08-26,17.54,626.25,2,35.08,returned
1522,1290,764,2024-08-27,2024-09-19,2024-09-19,1.1,47.25,23,25.3,returned
1523,483,293,2024-08-24,2024-09-08,2024-09-07,3.08,112.0,14,43.12,returned
1524,1271,416,2024-08-16,2024-09-02,2024-09-02,2.85,122.25,17,48.45,returned
1525,853,76,2024-08-14,2024-08-26,2024-08-24,9.6,600.0,10,96.0,returned
1526,1014,721,2024-08-17,2024-08-23,2024-08-23,4.68,216.0,6,28.08,returned
1527,1014,143,2024-08-24,2024-08-28,2024-08-26,4.68,216.0,2,9.36,returned
1528,775,245,2024-08-28,2024-09-15,2024-09-13,3.76,235.0,16,60.16,returned
1529,1703,710,2024-08-14,2024-08-18,2024-08-18,4.17,148.75,4,16.68,returned
1530,1140,750,2024-08-14,2024-08-15,2024-08-15,10.07,465.0,1,10.07,returned
1531,1140,333,2024-08-16,2024-08-23,2024-08-22,10.07,465.0,6,60.42,returned
1532,1140,547,2024-08-23,2024-08-28,2024-08-28,10.07,465.0,5,50.35,returned
1533,845,271,2024-08-25,2024-09-09,2024-09-14,11.3,706.25,20,263.5,returned
1534,554,444,2024-08-24,2024-09-11,2024-09-22,3.16,115.0,29,174.14,returned
1535,1337,408,2024-08-16,2024-09-02,2024-09-05,2.24,96.0,20,53.8,returned
1536,1029,16,2024-08-10,2024-08-13,2024-08-12,20.77,958.5,2,41.54,returned
1537,821,521,2024-08-26,2024-09-10,2024-09-08,10.92,682.5,13,141.96,returned
1538,1675,285,2024-08-18,2024-08-31,2024-08-29,0.1,5.25,11,1.1,returned
1539,697,560,2024-08-11,2024-09-09,2024-09-18,8.14,508.75,38,376.82,returned
1540,1087,785,2024-08-07,2024-08-14,2024-08-12,18.39,849.0,5,91.95,returned
1541,1825,64,2024-08-12,2024-08-14,2024-08-25,3.96,141.25,13,133.98,returned
1542,498,363,2024-08-17,2024-08-25,2024-08-24,2.03,74.0,7,14.21,returned
1543,650,390,2024-08-12,2024-08-19,2024-08-18,3.49,127.0,6,20.94,returned
1544,1784,503,2024-08-25,2024-08-27,2024-08-27,20.41,728.75,2,40.82,returned
1545,1301,227,2024-08-13,2024-09-14,2024-09-12,1.51,64.5,30,45.3,returned
1546,1114,253,2024-08-25,2024-09-06,2024-09-06,4.16,192.0,12,49.92,returned
1547,1114,528,2024-09-07,2024-09-14,2024-09-13,4.16,192.0,6,24.96,returned
1548,1200,175,2024-08-01,2024-08-07,2024-08-06,22.39,1033.5,5,111.95,returned
1549,1846,528,2024-08-12,2024-08-15,2024-08-15,32.2,1150.0,3,96.6,returned
1550,1846,37,2024-08-16,2024-08-18,2024-08-17,32.2,1150.0,1,32.2,returned
1551,1875,370,2024-08-18,2024-08-22,2024-08-22,9.31,332.5,4,37.24,returned
1552,1488,196,2024-08-01,2024-08-20,2024-08-18,1.05,52.5,17,17.85,returned
1553,1170,125,2024-08-02,2024-08-06,,7.21,333.0,90,1560.0,not_returned
1554,701,461,2024-08-13,2024-09-13,2024-09-12,2.78,173.75,30,83.4,returned
1555,1454,537,2024-08-11,2024-09-11,2024-09-10,3.03,129.75,30,90.9,returned
1556,1135,291,2024-08-28,2024-09-03,2024-09-17,11.83,546.0,20,306.6,returned
1557,799,26,2024-08-02,2024-08-08,,2.2,137.5,90,1225.0,not_returned
1558,1831,751,2024-08-26,2024-08-30,2024-08-30,20.89,746.25,4,83.56,returned
1559,817,33,2024-08-13,2024-09-23,2024-09-23,11.8,737.5,41,483.8,returned
1560,1169,633,2024-08-10,2024-08-13,2024-08-11,21.61,997.5,1,21.61,returned
1561,1118,604,2024-08-04,2024-08-13,2024-08-11,8.71,402.0,7,60.97,returned
1562,1693,332,2024-09-12,2024-09-19,2024-09-18,0.95,47.25,6,5.7,returned
1563,1843,328,2024-09-22,2024-09-26,2024-09-25,17.54,626.25,3,52.62,returned
1564,692,153,2024-09-28,2024-10-24,2024-11-04,5.46,341.25,37,284.52,returned
1565,477,686,2024-09-14,2024-09-28,2024-09-28,2.92,106.0,14,40.88,returned
1566,1783,771,2024-09-02,2024-09-05,2024-09-17,2.91,103.75,15,133.65,returned
1567,200,308,2024-09-12,2024-09-23,2024-09-21,6.82,378.75,9,61.38,returned
1568,693,167,2024-09-09,2024-09-19,2024-09-17,10.84,677.5,8,86.72,returned
1569,573,651,2024-09-25,2024-10-06,2024-10-04,2.47,90.0,9,22.23,returned
1570,683,10,2024-09-21,2024-10-11,2024-10-10,7.34,458.75,19,139.46,returned
1571,683,697,2024-10-11,2024-11-17,2024-11-16,7.34,458.75,36,264.24,returned
1572,595,115,2024-09-15,2024-09-25,2024-09-23,3.46,126.0,8,27.68,returned
1573,167,355,2024-09-15,2024-09-25,2024-09-24,4.12,228.75,9,37.08,returned
1574,167,437,2024-09-25,2024-10-10,2024-10-10,4.12,228.75,15,61.8,returned
1575,21,751,2024-09-14,2024-09-19,,7.09,393.75,90,2250.0,not_returned
1576,1300,292,2024-09-18,2024-10-03,2024-10-03,2.8,120.0,15,42.0,returned
1577,1677,217,2024-09-10,2024-09-21,2024-09-21,0.15,7.5,11,1.65,returned
1578,855,11,2024-09-18,2024-10-13,2024-10-13,10.78,673.75,25,269.5,returned
1579,211,750,2024-09-09,2024-09-27,2024-09-26,7.24,402.5,17,123.08,returned
1580,684,313,2024-09-12,2024-10-08,2024-10-08,11.86,741.25,26,308.36,returned
1581,499,121,2024-09-12,2024-09-22,2024-09-22,1.43,52.0,10,14.3,returned
1582,213,27,2024-09-13,2024-09-19,2024-09-18,4.32,240.0,5,21.6,returned
1583,1164,756,2024-09-25,2024-10-05,2024-10-18,9.78,451.5,23,289.94,returned
1584,1447,423,2024-09-19,2024-10-29,2024-10-28,0.49,21.0,39,19.11,returned
1585,238,653,2024-09-21,2024-10-13,2024-10-12,4.59,255.0,21,96.39,returned
1586,238,222,2024-10-13,2024-10-28,2024-10-28,4.59,255.0,15,68.85,returned
1587,1154,274,2024-09-21,2024-09-29,2024-09-28,20.86,963.0,7,146.02,returned
1588,844,157,2024-09-08,2024-09-27,2024-09-27,9.18,573.75,19,174.42,returned
1589,865,325,2024-09-25,2024-10-17,2024-10-16,11.04,690.0,21,231.84,returned
1590,854,246,2024-09-09,2024-09-26,2024-09-26,10.04,627.5,17,170.68,returned
1591,1060,508,2024-09-25,2024-10-02,2024-10-02,14.4,664.5,7,100.8,returned
1592,716,167,2024-09-11,2024-09-23,2024-09-22,10.0,625.0,11,110.0,returned
1593,1409,427,2024-09-04,2024-09-28,2024-09-27,1.98,84.75,23,45.54,returned
1594,462,691,2024-09-12,2024-09-16,2024-09-14,2.31,84.0,2,4.62,returned
1595,520,717,2024-09-05,2024-09-12,2024-09-11,2.78,101.0,6,16.68,returned
1596,791,572,2024-09-10,2024-09-28,2024-09-27,6.68,417.5,17,113.56,returned
1597,1185,743,2024-09-22,2024-09-24,2024-09-23,1.62,75.0,1,1.62,returned
1598,1185,587,2024-09-24,2024-10-09,2024-10-21,1.62,75.0,27,103.74,returned
1599,111,423,2024-09-18,2024-09-27,2024-09-25,5.11,283.75,7,35.77,returned
1600,111,272,2024-09-27,2024-10-03,2024-10-03,5.11,283.75,6,30.66,returned
1601,1800,321,2024-09-26,2024-09-29,2024-09-29,10.04,358.75,3,30.12,returned
1602,1800,380,2024-09-30,2024-10-02,2024-10-01,10.04,358.75,1,10.04,returned
1603,1647,643,2024-09-27,2024-10-09,2024-10-08,0.45,22.5,11,4.95,returned
1604,1515,250,2024-09-26,2024-10-06,2024-10-04,0.61,30.75,8,4.88,returned
1605,1027,434,2024-09-10,2024-09-17,2024-09-16,7.73,357.0,6,46.38,returned
1606,513,565,2024-09-06,2024-09-23,2024-09-23,1.68,61.0,17,28.56,returned
1607,875,199,2024-09-07,2024-09-27,2024-09-26,11.24,702.5,19,213.56,returned
1608,475,632,2024-09-13,2024-09-22,2024-09-22,2.67,97.0,9,24.03,returned
1609,1180,530,2024-09-24,2024-10-04,2024-10-04,19.4,895.5,10,194.0,returned
1610,254,128,2024-09-09,2024-09-23,,8.59,477.5,90,2585.0,not_returned
1611,88,764,2024-09-23,2024-10-04,2024-10-04,9.56,531.25,11,105.16,returned
1612,699,240,2024-09-19,2024-10-11,2024-10-10,11.6,725.0,21,243.6,returned
1613,1044,736,2024-09-28,2024-10-05,,10.04,463.5,90,1995.0,not_returned
1614,1574,608,2024-09-12,2024-09-30,2024-10-14,0.47,23.25,32,85.04,returned
1615,1741,412,2024-09-01,2024-09-03,2024-09-02,8.02,286.25,1,8.02,returned
1616,634,475,2024-09-02,2024-09-12,2024-09-11,3.55,129.0,9,31.95,returned
1617,634,210,2024-09-17,2024-09-28,,3.55,129.0,90,1320.0,not_returned
1618,255,431,2024-09-23,2024-10-03,2024-10-03,6.41,356.25,10,64.1,returned
1619,1583,298,2024-09-05,2024-09-21,2024-09-21,0.09,4.5,16,1.44,returned
1620,251,317,2024-09-23,2024-10-08,2024-10-06,4.09,227.5,13,53.17,returned
1621,939,573,2024-09-16,2024-10-19,2024-10-19,11.18,698.75,33,368.94,returned
1622,1412,24,2024-09-08,2024-10-02,2024-10-01,2.22,95.25,23,51.06,returned
1623,1392,293,2024-09-08,2024-10-11,2024-10-10,0.98,42.0,32,31.36,returned
1624,1210,682,2024-09-15,2024-10-08,2024-10-15,0.33,14.25,30,30.9,returned
1625,1434,481,2024-09-20,2024-10-19,2024-10-17,0.28,12.0,27,7.56,returned
1626,818,451,2024-09-28,2024-10-28,2024-10-26,4.7,293.75,28,131.6,returned
1627,906,267,2024-09-25,2024-10-14,2024-10-13,1.72,107.5,18,30.96,returned
1628,906,337,2024-10-14,2024-11-18,2024-11-28,1.72,107.5,45,152.4,returned
1629,906,275,2024-11-29,2024-12-26,2024-12-24,1.72,107.5,25,43.0,returned
1630,369,407,2024-09-03,2024-09-05,2024-09-04,10.26,513.0,1,10.26,returned
1631,32,427,2024-09-16,2024-09-30,2024-09-28,5.29,293.75,12,63.48,returned
1632,32,630,2024-09-29,2024-10-12,2024-10-11,5.29,293.75,12,63.48,returned
1633,737,612,2024-09-20,2024-10-05,,3.62,226.25,90,1580.0,not_returned
1634,1440,1,2024-09-01,2024-09-27,2024-10-03,1.38,59.25,32,62.16,returned
1635,261,425,2024-09-21,2024-10-10,2024-10-09,9.74,541.25,18,175.32,returned
1636,1842,327,2024-09-07,2024-09-09,2024-09-10,11.79,421.25,3,42.87,returned
1637,746,486,2024-09-13,2024-10-03,2024-10-01,10.84,677.5,18,195.12,returned
1638,746,790,2024-10-02,2024-11-02,2024-11-10,10.84,677.5,39,482.76,returned
1639,1414,222,2024-09-01,2024-09-28,2024-09-27,2.5,107.25,26,65.0,returned
1640,1414,315,2024-09-28,2024-10-26,2024-10-24,2.5,107.25,26,65.0,returned
1641,1414,785,2024-10-25,2024-11-07,2024-11-06,2.5,107.25,12,30.0,returned
1642,1091,704,2024-09-22,2024-09-28,,18.23,841.5,90,3255.0,not_returned
1643,417,799,2024-09-24,2024-09-25,2024-09-25,2.52,126.0,1,2.52,returned
1644,531,707,2024-09-13,2024-09-26,2024-09-26,1.76,64.0,13,22.88,returned
1645,1840,167,2024-09-14,2024-09-16,2024-09-16,29.23,1043.75,2,58.46,returned
1646,1840,150,2024-09-28,2024-10-01,2024-09-29,29.23,1043.75,1,29.23,returned
1647,349,253,2024-09-23,2024-10-02,2024-09-30,8.61,430.5,7,60.27,returned
1648,801,392,2024-09-12,2024-09-27,,2.24,140.0,90,1235.0,not_returned
1649,1813,491,2024-09-09,2024-09-11,2024-09-22,34.79,1242.5,13,534.77,returned
1650,185,454,2024-09-19,2024-10-05,2024-10-05,11.18,621.25,16,178.88,returned
1651,185,397,2024-10-06,2024-10-15,2024-10-15,11.18,621.25,9,100.62,returned
1652,848,493,2024-09-19,2024-10-11,2024-10-12,5.28,330.0,23,128.94,returned
1653,848,232,2024-10-13,2024-10-30,2024-10-28,5.28,330.0,15,79.2,returned
1654,413,685,2024-09-06,2024-09-11,2024-09-10,6.66,333.0,4,26.64,returned
1655,1503,488,2024-09-10,2024-09-22,2024-09-22,0.14,6.75,12,1.68,returned
1656,1169,512,2024-09-21,2024-10-02,2024-10-02,21.61,997.5,11,237.71,returned
1657,375,82,2024-09-16,2024-09-17,2024-09-17,3.84,192.0,1,3.84,returned
1658,674,537,2024-09-11,2024-10-09,2024-10-07,9.72,607.5,26,252.72,returned
1659,674,753,2024-10-08,2024-10-26,,9.72,607.5,90,3105.0,not_returned
1660,655,524,2024-09-26,2024-10-05,2024-10-11,2.53,92.0,15,82.95,returned
1661,655,77,2024-10-12,2024-10-21,2024-10-21,2.53,92.0,9,22.77,returned
1662,571,771,2024-09-02,2024-09-14,2024-09-13,2.89,105.0,11,31.79,returned
1663,1475,310,2024-09-19,2024-10-01,2024-09-29,0.9,45.0,10,9.0,returned
1664,1475,601,2024-09-30,2024-10-16,2024-10-14,0.9,45.0,14,12.6,returned
1665,852,551,2024-10-20,2024-11-02,2024-11-01,6.08,380.0,12,72.96,returned
1666,852,283,2024-11-02,2024-11-20,2024-11-19,6.08,380.0,17,103.36,returned
1667,321,224,2024-10-14,2024-10-18,2024-10-17,5.55,277.5,3,16.65,returned
1668,1006,250,2024-10-26,2024-11-03,2024-11-03,8.78,405.0,8,70.24,returned
1669,73,205,2024-10-02,2024-10-21,2024-10-21,5.38,298.75,19,102.22,returned
1670,214,667,2024-10-07,2024-10-29,2024-10-27,10.73,596.25,20,214.6,returned
1671,91,359,2024-10-07,2024-10-22,2024-10-22,1.8,100.0,15,27.0,returned
1672,91,80,2024-10-23,2024-10-30,2024-11-02,1.8,100.0,10,40.5,returned
1673,1870,468,2024-10-02,2024-10-03,2024-10-03,10.15,362.5,1,10.15,returned
1674,1870,529,2024-10-06,2024-10-09,2024-10-09,10.15,362.5,3,30.45,returned
1675,1870,199,2024-10-21,2024-10-25,2024-10-23,10.15,362.5,2,20.3,returned
1676,601,308,2024-10-11,2024-10-17,2024-10-25,2.45,89.0,14,94.3,returned
1677,498,744,2024-10-23,2024-10-28,2024-10-26,2.03,74.0,3,6.09,returned
1678,498,115,2024-10-27,2024-11-02,2024-11-01,2.03,74.0,5,10.15,returned
1679,498,374,2024-11-02,2024-11-04,2024-11-07,2.03,74.0,5,32.65,returned
1680,498,483,2024-11-08,2024-11-12,2024-11-15,2.03,74.0,7,36.71,returned
1681,1380,752,2024-10-15,2024-11-08,2024-11-08,2.98,127.5,24,71.52,returned
1682,314,283,2024-10-10,2024-10-14,2024-10-12,11.25,562.5,2,22.5,returned
1683,1585,339,2024-10-22,2024-11-04,,0.93,46.5,90,760.0,not_returned
1684,1868,593,2024-10-10,2024-10-13,2024-10-12,15.37,548.75,2,30.74,returned
1685,1868,481,2024-10-21,2024-10-24,2024-10-22,15.37,548.75,1,15.37,returned
1686,1602,84,2024-10-10,2024-10-24,2024-10-23,1.03,51.75,13,13.39,returned
1687,610,261,2024-10-02,2024-10-14,2024-10-12,1.48,54.0,10,14.8,returned
1688,1455,653,2024-10-19,2024-11-04,2024-11-03,3.03,129.75,15,45.45,returned
1689,1859,16,2024-10-07,2024-10-10,2024-10-08,4.55,162.5,1,4.55,returned
1690,733,164,2024-10-08,2024-10-09,2024-10-09,11.76,735.0,1,11.76,returned
1691,1417,478,2024-10-21,2024-11-15,2024-11-13,0.77,33.0,23,17.71,returned
1692,1298,14,2024-10-27,2024-11-21,2024-11-30,2.98,127.5,34,128.32,returned
1693,1271,581,2024-10-16,2024-11-19,2024-11-19,2.85,122.25,34,96.9,returned
1694,1271,656,2024-11-20,2024-12-25,2024-12-25,2.85,122.25,35,99.75,returned
1695,522,598,2024-10-02,2024-10-21,2024-10-21,2.01,73.0,19,38.19,returned
1696,1135,476,2024-10-05,2024-10-07,2024-10-07,11.83,546.0,2,23.66,returned
1697,1062,124,2024-10-25,2024-10-28,2024-10-26,3.7,171.0,1,3.7,returned
1698,1865,508,2024-10-01,2024-10-04,2024-10-04,22.89,817.5,3,68.67,returned
1699,1865,267,2024-10-26,2024-10-29,2024-11-09,22.89,817.5,14,402.96,returned
1700,850,370,2024-10-14,2024-10-28,2024-10-28,3.86,241.25,14,54.04,returned
1701,850,581,2024-10-29,2024-11-17,2024-11-17,3.86,241.25,19,73.34,returned
1702,869,573,2024-10-22,2024-11-14,2024-11-14,5.94,371.25,23,136.62,returned
1703,80,304,2024-10-01,2024-10-13,2024-10-20,7.6,422.5,19,196.9,returned
1704,1393,250,2024-10-06,2024-10-12,2024-10-19,1.21,51.75,13,36.73,returned
1705,1159,545,2024-10-19,2024-10-26,2024-10-25,19.76,912.0,6,118.56,returned
1706,1159,191,2024-10-26,2024-10-31,2024-11-07,19.76,912.0,12,272.12,returned
1707,961,603,2024-10-08,2024-11-05,2024-11-04,9.12,570.0,27,246.24,returned
1708,276,346,2024-10-02,2024-10-15,2024-10-18,6.21,345.0,16,121.86,returned
1709,276,703,2024-10-19,2024-10-28,2024-10-28,6.21,345.0,9,55.89,returned
1710,57,20,2024-10-04,2024-10-18,2024-10-16,4.39,243.75,12,52.68,returned
1711,1849,737,2024-10-15,2024-10-18,,12.36,441.25,90,2440.0,not_returned
1712,1779,169,2024-10-09,2024-10-12,2024-10-12,22.16,791.25,3,66.48,returned
1713,977,529,2024-10-21,2024-11-13,2024-11-13,3.08,192.5,23,70.84,returned
1714,977,14,2024-11-14,2024-12-08,2024-12-09,3.08,192.5,25,84.5,returned
1715,542,176,2024-10-27,2024-11-02,2024-11-08,1.48,54.0,12,62.76,returned
1716,542,146,2024-11-09,2024-11-18,2024-11-22,1.48,54.0,13,49.24,returned
1717,857,11,2024-10-06,2024-10-20,2024-10-24,4.98,311.25,18,119.64,returned
1718,619,60,2024-10-12,2024-10-24,2024-10-23,1.73,63.0,11,19.03,returned
1719,1377,657,2024-10-06,2024-10-16,2024-10-16,2.08,89.25,10,20.8,returned
1720,502,620,2024-10-01,2024-10-16,2024-10-16,2.01,73.0,15,30.15,returned
1721,1804,402,2024-10-26,2024-10-29,2024-11-06,18.83,672.5,11,267.13,returned
1722,1804,728,2024-11-07,2024-11-08,2024-11-08,18.83,672.5,1,18.83,returned
1723,470,652,2024-10-10,2024-10-18,2024-10-18,2.78,101.0,8,22.24,returned
1724,1082,41,2024-10-15,2024-10-22,2024-10-21,5.69,262.5,6,34.14,returned
1725,1082,492,2024-10-22,2024-10-27,2024-10-26,5.69,262.5,4,22.76,returned
1726,1082,447,2024-10-27,2024-10-28,2024-10-28,5.69,262.5,1,5.69,returned
1727,1608,556,2024-10-16,2024-10-30,2024-11-09,0.15,7.5,24,53.6,returned
1728,745,731,2024-10-28,2024-11-21,2024-12-03,8.24,515.0,36,386.64,returned
1729,167,654,2024-10-12,2024-10-19,2024-10-19,4.12,228.75,7,28.84,returned
1730,454,564,2024-10-17,2024-10-18,2024-10-18,4.83,241.5,1,4.83,returned
1731,904,752,2024-10-23,2024-11-16,2024-11-14,10.2,637.5,22,224.4,returned
1732,1690,372,2024-10-08,2024-10-20,2024-10-20,0.96,48.0,12,11.52,returned
1733,812,369,2024-10-04,2024-10-11,2024-10-10,2.8,175.0,6,16.8,returned
1734,812,245,2024-10-11,2024-11-05,2024-11-04,2.8,175.0,24,67.2,returned
1735,825,713,2024-10-17,2024-11-09,2024-11-08,5.42,338.75,22,119.24,returned
1736,280,316,2024-10-14,2024-10-27,2024-10-27,5.22,290.0,13,67.86,returned
1737,1839,472,2024-10-07,2024-10-10,2024-10-08,26.95,962.5,1,26.95,returned
1738,1825,178,2024-10-27,2024-10-30,2024-11-04,3.96,141.25,8,69.18,returned
1739,1327,246,2024-10-01,2024-11-14,2024-11-13,2.29,98.25,43,98.47,returned
1740,1327,449,2024-11-14,2024-12-18,2024-12-24,2.29,98.25,40,109.6,returned
1741,889,610,2024-10-18,2024-11-20,2024-11-18,10.92,682.5,31,338.52,returned
1742,1860,189,2024-10-07,2024-10-09,2024-10-09,23.94,855.0,2,47.88,returned
1743,348,727,2024-10-26,2024-10-29,2024-10-28,9.6,480.0,2,19.2,returned
1744,348,344,2024-10-29,2024-11-04,2024-11-03,9.6,480.0,5,48.0,returned
1745,592,681,2024-10-21,2024-11-01,2024-11-03,1.73,63.0,13,37.49,returned
1746,315,45,2024-10-05,2024-10-09,2024-10-07,9.15,457.5,2,18.3,returned
1747,315,132,2024-10-08,2024-10-10,2024-10-09,9.15,457.5,1,9.15,returned
1748,1464,55,2024-10-21,2024-11-08,2024-11-08,0.83,41.25,18,14.94,returned
1749,1464,492,2024-11-09,2024-11-15,,0.83,41.25,90,725.0,not_returned
1750,333,168,2024-10-16,2024-10-23,2024-10-22,3.42,171.0,6,20.52,returned
1751,710,747,2024-10-03,2024-10-20,2024-10-18,7.46,466.25,15,111.9,returned
1752,710,342,2024-10-21,2024-11-11,,7.46,466.25,90,2540.0,not_returned
1753,19,551,2024-10-10,2024-10-24,2024-11-06,7.81,433.75,27,308.37,returned
1754,19,321,2024-11-07,2024-11-26,2024-11-25,7.81,433.75,18,140.58,returned
1755,980,382,2024-10-05,2024-10-24,2024-10-26,4.76,297.5,21,114.96,returned
1756,1750,235,2024-10-28,2024-11-01,2024-10-31,29.96,1070.0,3,89.88,returned
1757,1750,753,2024-11-01,2024-11-04,2024-11-02,29.96,1070.0,1,29.96,returned
1758,1750,613,2024-11-03,2024-11-07,2024-11-07,29.96,1070.0,4,119.84,returned
1759,1344,357,2024-10-16,2024-11-21,2024-11-20,1.61,69.0,35,56.35,returned
1760,446,491,2024-10-14,2024-10-17,2024-10-15,9.57,478.5,1,9.57,returned
1761,446,523,2024-10-16,2024-10-22,,9.57,478.5,90,2045.0,not_returned
1762,890,577,2024-10-02,2024-10-27,2024-10-26,10.1,631.25,24,242.4,returned
1763,1245,49,2024-10-14,2024-11-15,,3.04,130.5,90,1140.0,not_returned
1764,749,416,2024-10-13,2024-10-28,2024-10-26,10.98,686.25,13,142.74,returned
1765,1830,120,2024-10-20,2024-10-21,2024-10-23,28.84,1030.0,3,101.52,returned
1766,736,645,2024-10-11,2024-10-19,2024-10-19,3.52,220.0,8,28.16,returned
1767,673,504,2024-10-13,2024-11-01,2024-11-01,4.38,273.75,19,83.22,returned
1768,1651,6,2024-10-16,2024-11-04,2024-11-03,0.23,11.25,18,4.14,returned
1769,1312,614,2024-10-25,2024-12-09,,0.3,12.75,90,355.0,not_returned
1770,843,367,2024-10-04,2024-10-21,,11.5,718.75,90,3550.0,not_returned
1771,45,220,2024-10-25,2024-11-06,2024-11-16,9.83,546.25,22,291.26,returned
1772,405,566,2024-10-01,2024-10-05,2024-10-04,2.46,123.0,3,7.38,returned
1773,405,270,2024-10-10,2024-10-16,2024-10-14,2.46,123.0,4,9.84,returned
1774,1366,129,2024-10-16,2024-11-12,,1.24,53.25,90,625.0,not_returned
1775,190,399,2024-11-08,2024-11-21,2024-11-20,10.66,592.5,12,127.92,returned
1776,977,300,2024-12-10,2024-12-29,2025-01-02,3.08,192.5,23,100.84,returned
1777,1875,509,2024-11-25,2024-11-27,2024-11-26,9.31,332.5,1,9.31,returned
1778,1500,385,2024-11-28,2024-12-16,2024-12-14,0.95,47.25,16,15.2,returned
1779,72,684,2024-11-14,2024-11-29,2024-11-27,2.63,146.25,13,34.19,returned
1780,1177,650,2024-11-15,2024-11-22,2024-11-22,2.86,132.0,7,20.02,returned
1781,949,784,2024-11-26,2024-12-20,2024-12-24,2.66,166.25,28,104.48,returned
1782,949,206,2024-12-25,2025-01-02,2025-01-01,2.66,166.25,7,18.62,returned
1783,1712,399,2024-11-16,2024-11-19,2024-11-18,32.73,1168.75,2,65.46,returned
1784,1712,634,2024-11-19,2024-11-20,2024-11-20,32.73,1168.75,1,32.73,returned
1785,717,240,2024-11-16,2024-11-21,2024-11-19,11.84,740.0,3,35.52,returned
1786,1255,373,2024-11-04,2024-11-25,2024-11-23,0.21,9.0,19,3.99,returned
1787,1290,8,2024-11-05,2024-12-07,2024-12-13,1.1,47.25,38,59.8,returned
1788,1085,133,2024-11-03,2024-11-11,2024-11-09,8.68,400.5,6,52.08,returned
1789,1527,634,2024-11-28,2024-12-14,2024-12-13,0.24,12.0,15,3.6,returned
1790,1407,553,2024-11-01,2024-12-03,2024-12-01,0.47,20.25,30,14.1,returned
1791,564,227,2024-11-20,2024-12-07,2024-12-05,3.68,134.0,15,55.2,returned
1792,1042,273,2024-11-09,2024-11-10,2024-11-10,22.26,1027.5,1,22.26,returned
1793,792,58,2024-11-06,2024-11-28,2024-11-27,9.62,601.25,21,202.02,returned
1794,792,96,2024-11-28,2024-12-25,,9.62,601.25,90,3080.0,not_returned
1795,544,739,2024-11-20,2024-11-28,2024-11-26,1.79,65.0,6,10.74,returned
1796,349,786,2024-11-03,2024-11-04,2024-11-04,8.61,430.5,1,8.61,returned
1797,931,695,2024-11-13,2024-12-13,2024-12-13,2.52,157.5,30,75.6,returned
1798,1059,163,2024-11-07,2024-11-19,2024-11-17,11.7,540.0,10,117.0,returned
1799,87,690,2024-11-06,2024-11-23,2024-11-22,8.59,477.5,16,137.44,returned
1800,274,636,2024-11-28,2024-12-11,2024-12-09,3.98,221.25,11,43.78,returned
1801,806,528,2024-11-21,2024-11-25,2024-12-08,8.64,540.0,17,244.38,returned
1802,1855,210,2024-11-24,2024-11-25,2024-11-25,17.61,628.75,1,17.61,returned
1803,140,703,2024-11-20,2024-12-02,2024-11-30,4.59,255.0,10,45.9,returned
1804,750,254,2024-11-02,2024-11-25,2024-11-25,2.34,146.25,23,53.82,returned
1805,1067,660,2024-11-04,2024-11-11,2024-11-09,8.45,390.0,5,42.25,returned
1806,73,707,2024-11-15,2024-11-23,,5.38,298.75,90,1870.0,not_returned
1807,1711,497,2024-11-11,2024-11-14,2024-11-12,16.34,583.75,1,16.34,returned
1808,1065,522,2024-11-27,2024-12-02,2024-12-06,20.86,963.0,9,207.74,returned
1809,1012,292,2024-11-03,2024-11-08,2024-11-07,20.61,951.0,4,82.44,returned
1810,91,286,2024-11-05,2024-11-16,2024-11-14,1.8,100.0,9,16.2,returned
1811,1007,162,2024-11-07,2024-11-15,2024-11-14,11.5,531.0,7,80.5,returned
1812,1007,759,2024-11-15,2024-11-21,2024-11-19,11.5,531.0,4,46.0,returned
1813,1231,541,2024-11-09,2024-11-28,2024-11-27,1.93,82.5,18,34.74,returned
1814,1231,562,2024-11-28,2025-01-18,2025-01-17,1.93,82.5,50,96.5,returned
1815,1834,627,2024-11-07,2024-11-09,2024-11-08,28.11,1003.75,1,28.11,returned
1816,234,311,2024-11-16,2024-12-02,2024-12-05,9.02,501.25,19,193.88,returned
1817,885,772,2024-11-04,2024-11-17,2024-11-16,10.88,680.0,12,130.56,returned
1818,1268,776,2024-11-06,2024-12-24,2024-12-22,0.91,39.0,46,41.86,returned
1819,394,161,2024-11-16,2024-11-19,2024-11-18,9.42,471.0,2,18.84,returned
1820,465,104,2024-11-15,2024-11-29,2024-11-27,3.22,117.0,12,38.64,returned
1821,465,184,2024-11-28,2024-12-09,2024-12-07,3.22,117.0,9,28.98,returned
1822,596,474,2024-11-19,2024-11-24,2024-11-23,3.41,124.0,4,13.64,returned
1823,1480,722,2024-11-28,2024-12-06,2024-12-19,0.12,6.0,21,67.52,returned
1824,1609,269,2024-11-28,2024-12-14,2024-12-20,0.35,17.25,22,37.7,returned
1825,1358,659,2024-11-28,2024-12-16,2024-12-14,1.96,84.0,16,31.36,returned
1826,1150,739,2024-11-20,2024-11-28,2024-12-10,16.22,748.5,20,384.4,returned
1827,1150,9,2024-12-11,2024-12-16,2024-12-16,16.22,748.5,5,81.1,returned
1828,716,583,2024-11-15,2024-12-09,2024-12-08,10.0,625.0,23,230.0,returned
1829,716,646,2024-12-09,2025-01-05,2025-01-05,10.0,625.0,27,270.0,returned
1830,640,540,2024-11-22,2024-11-29,2024-12-01,1.48,54.0,9,28.32,returned
1831,640,84,2024-12-02,2024-12-15,2024-12-14,1.48,54.0,12,17.76,returned
1832,482,480,2024-11-22,2024-12-05,2024-12-07,3.24,118.0,15,63.6,returned
1833,520,557,2024-11-07,2024-11-16,2024-11-16,2.78,101.0,9,25.02,returned
1834,876,386,2024-11-07,2024-11-25,2024-11-23,11.7,731.25,16,187.2,returned
1835,43,574,2024-11-28,2024-12-03,2024-12-01,4.18,232.5,3,12.54,returned
1836,1339,292,2024-11-17,2024-12-09,2024-12-23,2.22,95.25,36,121.92,returned
1837,1853,777,2024-11-24,2024-11-27,2024-11-30,15.96,570.0,6,118.26,returned
1838,908,592,2024-11-27,2024-12-15,2024-12-15,6.8,425.0,18,122.4,returned
1839,845,479,2024-11-06,2024-11-15,2024-11-24,11.3,706.25,18,270.9,returned
1840,845,466,2024-11-25,2024-12-10,2024-12-09,11.3,706.25,14,158.2,returned
1841,1729,609,2024-11-28,2024-11-30,2024-12-01,6.16,220.0,3,25.98,returned
1842,266,430,2024-11-10,2024-11-14,2024-11-14,9.63,535.0,4,38.52,returned
1843,834,464,2024-11-01,2024-12-09,,5.98,373.75,90,2170.0,not_returned
1844,1705,52,2024-11-12,2024-11-14,2024-11-13,15.02,536.25,1,15.02,returned
1845,1543,159,2024-11-04,2024-11-25,2024-11-25,0.69,34.5,21,14.49,returned
1846,1815,280,2024-11-24,2024-11-26,2024-11-26,34.79,1242.5,2,69.58,returned
1847,1642,743,2024-11-02,2024-11-03,2024-11-03,0.78,39.0,1,0.78,returned
1848,1137,36,2024-11-15,2024-11-17,2024-11-17,17.81,822.0,2,35.62,returned
1849,1137,213,2024-11-18,2024-11-26,,17.81,822.0,90,3190.0,not_returned
1850,1806,21,2024-11-27,2024-11-28,2024-11-28,6.16,220.0,1,6.16,returned
1851,1806,391,2024-11-29,2024-12-01,2024-12-01,6.16,220.0,2,12.32,returned
1852,690,420,2024-12-21,2025-01-02,2024-12-31,10.58,661.25,10,105.8,returned
1853,690,608,2025-01-01,2025-02-02,2025-02-11,10.58,661.25,41,501.28,returned
1854,690,415,2025-02-12,2025-03-07,2025-03-15,10.58,661.25,31,387.98,returned
1855,385,165,2024-12-09,2024-12-10,2024-12-10,7.05,352.5,1,7.05,returned
1856,385,399,2024-12-27,2025-01-01,2024-12-31,7.05,352.5,4,28.2,returned
1857,473,668,2024-12-16,2024-12-26,2024-12-27,3.3,120.0,11,43.8,returned
1858,922,40,2024-12-08,2024-12-15,2024-12-21,2.46,153.75,13,76.98,returned
1859,1743,679,2024-12-17,2024-12-20,2024-12-20,30.45,1087.5,3,91.35,returned
1860,1086,183,2024-12-18,2024-12-19,2024-12-19,13.32,615.0,1,13.32,returned
1861,1086,444,2024-12-20,2024-12-25,2024-12-23,13.32,615.0,3,39.96,returned
1862,916,791,2024-12-19,2025-01-10,2025-01-10,6.86,428.75,22,150.92,returned
1863,1288,442,2024-12-11,2025-01-05,2025-01-05,2.85,122.25,25,71.25,returned
1864,844,429,2024-12-18,2025-01-19,2025-01-18,9.18,573.75,31,284.58,returned
1865,883,404,2024-12-06,2024-12-18,,2.74,171.25,90,1360.0,not_returned
1866,472,344,2024-12-17,2024-12-30,2024-12-29,1.79,65.0,12,21.48,returned
1867,1722,28,2024-12-03,2024-12-06,,17.89,638.75,90,3230.0,not_returned
1868,1216,652,2024-12-14,2025-01-12,2025-01-14,2.26,96.75,31,76.06,returned
1869,1620,456,2024-12-28,2025-01-11,2025-01-15,0.41,20.25,18,27.38,returned
1870,50,79,2024-12-02,2024-12-20,2024-12-20,5.94,330.0,18,106.92,returned
1871,323,246,2024-12-14,2024-12-18,2024-12-17,7.29,364.5,3,21.87,returned
1872,82,541,2024-12-22,2024-12-30,2024-12-30,3.04,168.75,8,24.32,returned
1873,940,706,2024-12-08,2024-12-29,2024-12-27,8.38,523.75,19,159.22,returned
1874,1865,645,2024-12-03,2024-12-05,2024-12-04,22.89,817.5,1,22.89,returned
1875,1210,353,2024-12-04,2024-12-28,,0.33,14.25,90,365.0,not_returned
1876,1489,538,2024-12-19,2025-01-03,2025-01-01,0.96,48.0,13,12.48,returned
1877,347,447,2024-12-20,2024-12-22,2024-12-22,7.86,393.0,2,15.72,returned
1878,1167,425,2024-12-27,2025-01-03,2025-01-01,16.67,769.5,5,83.35,returned
1879,186,729,2024-12-16,2025-01-07,2025-01-07,9.49,527.5,22,208.78,returned
1880,1043,3,2024-12-16,2024-12-21,2024-12-19,12.15,561.0,3,36.45,returned
1881,1075,336,2024-12-14,2024-12-22,2024-12-20,6.27,289.5,6,37.62,returned
1882,413,626,2024-12-02,2024-12-05,2024-12-10,6.66,333.0,8,78.28,returned
1883,934,293,2024-12-16,2025-01-14,2025-01-14,10.74,671.25,29,311.46,returned
1884,881,500,2024-12-27,2025-01-17,2025-01-15,3.3,206.25,19,62.7,returned
1885,854,735,2024-12-10,2024-12-25,2024-12-24,10.04,627.5,14,140.56,returned
1886,1516,316,2024-12-26,2025-01-04,,1.14,57.0,90,830.0,not_returned
1887,1869,599,2024-12-02,2024-12-04,2024-12-10,25.59,913.75,8,249.72,returned
1888,1869,731,2024-12-19,2024-12-22,2024-12-22,25.59,913.75,3,76.77,returned
1889,563,773,2024-12-08,2024-12-11,2024-12-10,2.28,83.0,2,4.56,returned
1890,1063,226,2024-12-04,2024-12-08,2024-12-07,8.74,403.5,3,26.22,returned
1891,631,150,2024-12-02,2024-12-17,2024-12-16,2.86,104.0,14,40.04,returned
1892,631,170,2024-12-22,2024-12-31,,2.86,104.0,90,1195.0,not_returned
1893,1171,736,2024-12-01,2024-12-07,2024-12-13,13.94,643.5,12,197.28,returned
1894,26,6,2024-12-23,2025-01-01,2024-12-30,8.68,482.5,7,60.76,returned
1895,997,668,2024-12-20,2024-12-29,2025-01-11,7.96,367.5,22,240.12,returned
1896,1777,589,2024-12-24,2024-12-28,2024-12-27,34.41,1228.75,3,103.23,returned
1897,60,658,2024-12-23,2025-01-08,2025-01-06,1.8,100.0,14,25.2,returned
1898,1119,409,2024-12-18,2024-12-25,2025-01-08,15.31,706.5,21,391.51,returned
1899,1119,124,2025-01-09,2025-01-12,2025-01-12,15.31,706.5,3,45.93,returned
1900,522,120,2024-12-11,2024-12-18,2024-12-16,2.01,73.0,5,10.05,returned
1901,522,364,2024-12-17,2024-12-24,,2.01,73.0,90,1040.0,not_returned
1902,1872,673,2024-12-12,2024-12-14,,10.5,375.0,90,2175.0,not_returned
1903,106,470,2024-12-14,2024-12-24,2024-12-23,1.39,77.5,9,12.51,returned
1904,106,462,2024-12-26,2025-01-17,2025-01-17,1.39,77.5,22,30.58,returned
1905,1588,601,2024-12-21,2024-12-29,2024-12-28,0.35,17.25,7,2.45,returned
1906,1061,669,2024-12-20,2024-12-22,2024-12-22,5.17,238.5,2,10.34,returned
1907,1188,570,2024-12-01,2024-12-05,2024-12-04,4.68,216.0,3,14.04,returned
1908,1188,342,2024-12-05,2024-12-12,2024-12-12,4.68,216.0,7,32.76,returned
1909,1877,754,2024-12-21,2024-12-24,2024-12-23,33.95,1212.5,2,67.9,returned
1910,159,505,2024-12-01,2024-12-14,2024-12-13,6.82,378.75,12,81.84,returned
1911,825,327,2024-12-09,2025-01-01,,5.42,338.75,90,2030.0,not_returned
1912,575,667,2024-12-12,2024-12-19,2024-12-18,2.56,93.0,6,15.36,returned
1913,1031,626,2024-12-02,2024-12-09,2024-12-08,7.31,337.5,6,43.86,returned
1914,1031,338,2024-12-10,2024-12-17,2024-12-16,7.31,337.5,6,43.86,returned
1915,927,180,2024-12-09,2025-01-05,2025-01-04,9.36,585.0,26,243.36,returned
1916,1172,524,2024-12-07,2024-12-12,2024-12-10,4.32,199.5,3,12.96,returned
1917,391,591,2024-12-12,2024-12-16,2024-12-15,1.8,90.0,3,5.4,returned
1918,1019,121,2024-12-18,2024-12-25,2024-12-25,18.69,862.5,7,130.83,returned
1919,499,422,2024-12-13,2024-12-24,2024-12-23,1.43,52.0,10,14.3,returned
1920,521,72,2024-12-02,2024-12-18,2024-12-18,1.7,62.0,16,27.2,returned
1921,969,45,2024-12-23,2025-01-15,2025-01-14,10.9,681.25,22,239.8,returned
1922,969,544,2025-01-15,2025-02-02,,10.9,681.25,81,882.9,overdue
1923,75,56,2024-12-04,2024-12-24,2024-12-24,3.98,221.25,20,79.6,returned
1924,764,452,2024-12-13,2024-12-27,2024-12-25,5.66,353.75,12,67.92,returned
1925,1807,430,2024-12-02,2024-12-04,2024-12-04,14.56,520.0,2,29.12,returned
1926,1807,304,2024-12-11,2024-12-15,2024-12-14,14.56,520.0,3,43.68,returned
1927,483,606,2024-12-11,2024-12-19,,3.08,112.0,90,1235.0,not_returned
1928,327,711,2024-12-15,2024-12-20,2025-01-03,7.68,384.0,19,215.92,returned
1929,758,9,2024-12-16,2025-01-12,2025-01-10,2.68,167.5,25,67.0,returned
1930,1142,559,2024-12-09,2024-12-13,2024-12-12,21.06,972.0,3,63.18,returned
1931,1822,511,2024-12-24,2024-12-26,2024-12-26,7.53,268.75,2,15.06,returned
1932,1082,410,2024-12-27,2025-01-02,2025-01-13,5.69,262.5,17,151.73,returned
1933,1052,377,2024-12-08,2024-12-15,2024-12-18,20.15,930.0,10,216.5,returned
1934,1052,236,2024-12-19,2024-12-27,2024-12-26,20.15,930.0,7,141.05,returned
1935,553,548,2024-12-06,2024-12-16,2024-12-15,2.8,102.0,9,25.2,returned
