condition_id,rental_id,assessed_condition,damage_charge,deposit_returned,inspector_notes
1,1,damaged,672.64,0,Assessed after return on 2022-02-08
2,2,good,0.0,1,Assessed after return on 2022-02-24
3,4,good,0.0,1,Assessed after return on 2022-03-01
4,5,good,0.0,1,Assessed after return on 2022-03-12
5,6,damaged,28.58,1,Assessed after return on 2022-03-27
6,7,pristine,0.0,1,Assessed after return on 2022-04-05
7,8,fair,0.0,1,Assessed after return on 2022-02-22
8,9,pristine,0.0,1,Assessed after return on 2022-02-28
9,10,pristine,0.0,1,Assessed after return on 2022-02-26
10,11,good,0.0,1,Assessed after return on 2022-03-20
11,12,good,0.0,1,Assessed after return on 2022-03-24
12,14,fair,0.0,1,Assessed after return on 2022-03-20
13,15,pristine,0.0,1,Assessed after return on 2022-04-02
14,16,fair,0.0,1,Assessed after return on 2022-03-28
15,17,damaged,108.1,1,Assessed after return on 2022-03-11
16,18,fair,0.0,1,Assessed after return on 2022-04-07
17,19,pristine,0.0,1,Assessed after return on 2022-03-21
18,20,fair,0.0,1,Assessed after return on 2022-03-23
19,21,good,0.0,1,Assessed after return on 2022-03-26
20,22,fair,0.0,1,Assessed after return on 2022-03-26
21,23,good,0.0,1,Assessed after return on 2022-05-02
22,24,fair,0.0,1,Assessed after return on 2022-05-11
23,25,fair,0.0,1,Assessed after return on 2022-05-21
24,26,good,0.0,1,Assessed after return on 2022-05-01
25,27,good,0.0,1,Assessed after return on 2022-04-18
26,28,pristine,0.0,1,Assessed after return on 2022-04-11
27,29,fair,0.0,1,Assessed after return on 2022-05-09
28,30,good,0.0,1,Assessed after return on 2022-04-15
29,31,good,0.0,1,Assessed after return on 2022-05-02
30,32,pristine,0.0,1,Assessed after return on 2022-06-05
31,33,fair,0.0,1,Assessed after return on 2022-04-17
32,34,good,0.0,1,Assessed after return on 2022-04-26
33,35,good,0.0,1,Assessed after return on 2022-04-30
34,36,good,0.0,1,Assessed after return on 2022-05-07
35,37,good,0.0,1,Assessed after return on 2022-06-13
36,38,fair,0.0,1,Assessed after return on 2022-06-08
37,40,good,0.0,1,Assessed after return on 2022-05-14
38,41,pristine,0.0,1,Assessed after return on 2022-06-06
39,42,good,0.0,1,Assessed after return on 2022-06-03
40,43,good,0.0,1,Assessed after return on 2022-05-21
41,44,pristine,0.0,1,Assessed after return on 2022-06-05
42,45,pristine,0.0,1,Assessed after return on 2022-06-08
43,46,pristine,0.0,1,Assessed after return on 2022-06-01
44,47,pristine,0.0,1,Assessed after return on 2022-05-27
45,48,good,0.0,1,Assessed after return on 2022-05-21
46,50,good,0.0,1,Assessed after return on 2022-06-15
47,51,fair,0.0,1,Assessed after return on 2022-07-03
48,52,good,0.0,1,Assessed after return on 2022-07-12
49,53,good,0.0,1,Assessed after return on 2022-07-21
50,54,good,0.0,1,Assessed after return on 2022-06-17
51,55,good,0.0,1,Assessed after return on 2022-06-14
52,56,good,0.0,1,Assessed after return on 2022-06-04
53,57,pristine,0.0,1,Assessed after return on 2022-06-16
54,58,good,0.0,1,Assessed after return on 2022-07-22
55,59,pristine,0.0,1,Assessed after return on 2022-07-30
56,60,good,0.0,1,Assessed after return on 2022-06-28
57,61,good,0.0,1,Assessed after return on 2022-07-09
58,62,pristine,0.0,1,Assessed after return on 2022-06-15
59,63,pristine,0.0,1,Assessed after return on 2022-07-11
60,64,pristine,0.0,1,Assessed after return on 2022-06-27
61,65,good,0.0,1,Assessed after return on 2022-07-04
62,66,pristine,0.0,1,Assessed after return on 2022-07-16
63,67,pristine,0.0,1,Assessed after return on 2022-07-06
64,68,good,0.0,1,Assessed after return on 2022-06-30
65,69,damaged,52.58,1,Assessed after return on 2022-06-27
66,70,good,0.0,1,Assessed after return on 2022-06-10
67,71,good,0.0,1,Assessed after return on 2022-07-11
68,72,pristine,0.0,1,Assessed after return on 2022-08-02
69,73,fair,0.0,1,Assessed after return on 2022-06-14
70,74,fair,0.0,1,Assessed after return on 2022-07-01
71,75,good,0.0,1,Assessed after return on 2022-07-23
72,77,fair,0.0,1,Assessed after return on 2022-08-06
73,78,destroyed,468.33,0,Assessed after return on 2022-08-18
74,79,pristine,0.0,1,Assessed after return on 2022-07-04
75,80,pristine,0.0,1,Assessed after return on 2022-07-10
76,81,good,0.0,1,Assessed after return on 2022-07-14
77,82,damaged,119.56,0,Assessed after return on 2022-08-05
78,83,good,0.0,1,Assessed after return on 2022-07-10
79,84,good,0.0,1,Assessed after return on 2022-08-11
80,85,good,0.0,1,Assessed after return on 2022-08-01
81,86,fair,0.0,1,Assessed after return on 2022-07-26
82,87,fair,0.0,1,Assessed after return on 2022-07-26
83,88,pristine,0.0,1,Assessed after return on 2022-07-09
84,89,good,0.0,1,Assessed after return on 2022-08-20
85,90,pristine,0.0,1,Assessed after return on 2022-09-15
86,91,pristine,0.0,1,Assessed after return on 2022-07-30
87,92,good,0.0,1,Assessed after return on 2022-07-31
88,93,pristine,0.0,1,Assessed after return on 2022-07-18
89,94,good,0.0,1,Assessed after return on 2022-07-31
90,95,good,0.0,1,Assessed after return on 2022-08-15
91,96,pristine,0.0,1,Assessed after return on 2022-08-24
92,97,pristine,0.0,1,Assessed after return on 2022-08-26
93,98,pristine,0.0,1,Assessed after return on 2022-10-13
94,100,fair,0.0,1,Assessed after return on 2022-09-07
95,101,good,0.0,1,Assessed after return on 2022-08-31
96,102,pristine,0.0,1,Assessed after return on 2022-09-17
97,103,pristine,0.0,1,Assessed after return on 2022-08-27
98,104,good,0.0,1,Assessed after return on 2022-09-22
99,105,good,0.0,1,Assessed after return on 2022-08-10
100,107,good,0.0,1,Assessed after return on 2022-09-05
101,108,pristine,0.0,1,Assessed after return on 2022-09-02
102,109,pristine,0.0,1,Assessed after return on 2022-08-30
103,110,fair,0.0,1,Assessed after return on 2022-09-15
104,111,fair,0.0,1,Assessed after return on 2022-08-10
105,112,good,0.0,1,Assessed after return on 2022-09-23
106,114,pristine,0.0,1,Assessed after return on 2022-08-13
107,115,damaged,616.17,0,Assessed after return on 2022-08-15
108,116,fair,0.0,1,Assessed after return on 2022-08-17
109,117,pristine,0.0,1,Assessed after return on 2022-08-20
110,118,good,0.0,1,Assessed after return on 2022-08-22
111,119,fair,0.0,1,Assessed after return on 2022-08-16
112,120,good,0.0,1,Assessed after return on 2022-08-09
113,121,good,0.0,1,Assessed after return on 2022-08-20
114,122,good,0.0,1,Assessed after return on 2022-09-24
115,123,fair,0.0,1,Assessed after return on 2022-10-20
116,124,good,0.0,1,Assessed after return on 2022-09-30
117,125,good,0.0,1,Assessed after return on 2022-10-21
118,126,fair,0.0,1,Assessed after return on 2022-10-11
119,127,good,0.0,1,Assessed after return on 2022-09-16
120,129,good,0.0,1,Assessed after return on 2022-09-25
121,130,pristine,0.0,1,Assessed after return on 2022-10-04
122,131,good,0.0,1,Assessed after return on 2022-09-12
123,132,good,0.0,1,Assessed after return on 2022-10-02
124,133,good,0.0,1,Assessed after return on 2022-09-12
125,135,good,0.0,1,Assessed after return on 2022-09-13
126,136,damaged,351.14,0,Assessed after return on 2022-09-13
127,137,damaged,52.01,0,Assessed after return on 2022-09-26
128,138,fair,0.0,1,Assessed after return on 2022-09-05
129,139,pristine,0.0,1,Assessed after return on 2022-09-08
130,140,damaged,34.04,1,Assessed after return on 2022-10-16
131,141,good,0.0,1,Assessed after return on 2022-10-05
132,142,fair,0.0,1,Assessed after return on 2022-10-13
133,143,good,0.0,1,Assessed after return on 2022-10-06
134,144,fair,0.0,1,Assessed after return on 2022-10-02
135,145,fair,0.0,1,Assessed after return on 2022-09-15
136,146,good,0.0,1,Assessed after return on 2022-09-23
137,147,damaged,93.22,0,Assessed after return on 2022-09-21
138,149,pristine,0.0,1,Assessed after return on 2022-09-26
139,151,good,0.0,1,Assessed after return on 2022-09-09
140,152,pristine,0.0,1,Assessed after return on 2022-09-13
141,153,good,0.0,1,Assessed after return on 2022-09-08
142,154,pristine,0.0,1,Assessed after return on 2022-09-24
143,155,pristine,0.0,1,Assessed after return on 2022-09-22
144,156,fair,0.0,1,Assessed after return on 2022-09-28
145,157,good,0.0,1,Assessed after return on 2022-10-04
146,158,pristine,0.0,1,Assessed after return on 2022-10-25
147,159,pristine,0.0,1,Assessed after return on 2022-11-07
148,160,pristine,0.0,1,Assessed after return on 2022-10-01
149,161,pristine,0.0,1,Assessed after return on 2022-10-01
150,162,fair,0.0,1,Assessed after return on 2022-10-17
151,163,pristine,0.0,1,Assessed after return on 2022-09-28
152,164,good,0.0,1,Assessed after return on 2022-10-24
153,165,good,0.0,1,Assessed after return on 2022-10-11
154,166,good,0.0,1,Assessed after return on 2022-11-03
155,167,good,0.0,1,Assessed after return on 2022-11-09
156,168,fair,0.0,1,Assessed after return on 2022-12-01
157,169,fair,0.0,1,Assessed after return on 2022-10-20
158,171,fair,0.0,1,Assessed after return on 2022-10-27
159,172,fair,0.0,1,Assessed after return on 2022-10-25
160,173,good,0.0,1,Assessed after return on 2022-10-15
161,174,good,0.0,1,Assessed after return on 2022-11-18
162,175,good,0.0,1,Assessed after return on 2022-11-28
163,176,pristine,0.0,1,Assessed after return on 2022-11-06
164,177,pristine,0.0,1,Assessed after return on 2022-10-30
165,178,good,0.0,1,Assessed after return on 2022-12-11
166,179,fair,0.0,1,Assessed after return on 2022-10-18
167,180,good,0.0,1,Assessed after return on 2022-10-28
168,181,good,0.0,1,Assessed after return on 2022-10-31
169,182,fair,0.0,1,Assessed after return on 2022-10-31
170,183,pristine,0.0,1,Assessed after return on 2022-11-05
171,184,good,0.0,1,Assessed after return on 2022-12-14
172,185,damaged,186.49,0,Assessed after return on 2022-12-02
173,186,good,0.0,1,Assessed after return on 2022-11-20
174,187,fair,0.0,1,Assessed after return on 2022-11-16
175,189,pristine,0.0,1,Assessed after return on 2022-11-14
176,190,good,0.0,1,Assessed after return on 2022-12-15
177,191,good,0.0,1,Assessed after return on 2022-12-29
178,193,fair,0.0,1,Assessed after return on 2022-12-11
179,195,pristine,0.0,1,Assessed after return on 2022-12-03
180,196,pristine,0.0,1,Assessed after return on 2022-12-11
181,197,good,0.0,1,Assessed after return on 2022-11-13
182,199,good,0.0,1,Assessed after return on 2022-12-09
183,200,pristine,0.0,1,Assessed after return on 2022-11-19
184,201,fair,0.0,1,Assessed after return on 2022-12-01
185,203,good,0.0,1,Assessed after return on 2022-12-05
186,204,pristine,0.0,1,Assessed after return on 2022-11-09
187,205,pristine,0.0,1,Assessed after return on 2022-12-24
188,206,fair,0.0,1,Assessed after return on 2023-01-14
189,207,pristine,0.0,1,Assessed after return on 2022-12-27
190,208,pristine,0.0,1,Assessed after return on 2023-01-09
191,209,pristine,0.0,1,Assessed after return on 2022-12-15
192,210,fair,0.0,1,Assessed after return on 2023-01-04
193,211,pristine,0.0,1,Assessed after return on 2023-01-06
194,212,good,0.0,1,Assessed after return on 2023-01-09
195,213,pristine,0.0,1,Assessed after return on 2022-12-29
196,214,pristine,0.0,1,Assessed after return on 2023-01-15
197,216,good,0.0,1,Assessed after return on 2022-12-22
198,217,fair,0.0,1,Assessed after return on 2022-12-28
199,218,pristine,0.0,1,Assessed after return on 2023-01-31
200,219,fair,0.0,1,Assessed after return on 2023-01-18
201,220,good,0.0,1,Assessed after return on 2022-12-29
202,221,pristine,0.0,1,Assessed after return on 2022-12-15
203,222,good,0.0,1,Assessed after return on 2023-01-03
204,223,good,0.0,1,Assessed after return on 2022-12-13
205,224,good,0.0,1,Assessed after return on 2022-12-19
206,226,good,0.0,1,Assessed after return on 2022-12-20
207,228,good,0.0,1,Assessed after return on 2022-12-31
208,229,good,0.0,1,Assessed after return on 2022-12-29
209,230,pristine,0.0,1,Assessed after return on 2022-12-24
210,231,fair,0.0,1,Assessed after return on 2023-01-05
211,232,good,0.0,1,Assessed after return on 2023-01-13
212,233,fair,0.0,1,Assessed after return on 2023-01-20
213,234,fair,0.0,1,Assessed after return on 2022-12-27
214,235,good,0.0,1,Assessed after return on 2022-12-07
215,236,pristine,0.0,1,Assessed after return on 2022-12-19
216,237,good,0.0,1,Assessed after return on 2023-01-24
217,238,good,0.0,1,Assessed after return on 2023-01-09
218,239,good,0.0,1,Assessed after return on 2022-12-07
219,240,pristine,0.0,1,Assessed after return on 2022-12-17
220,241,fair,0.0,1,Assessed after return on 2022-12-28
221,242,good,0.0,1,Assessed after return on 2023-01-02
222,244,pristine,0.0,1,Assessed after return on 2022-12-14
223,245,fair,0.0,1,Assessed after return on 2022-12-26
224,246,fair,0.0,1,Assessed after return on 2022-12-31
225,247,pristine,0.0,1,Assessed after return on 2023-01-13
226,249,good,0.0,1,Assessed after return on 2023-01-20
227,250,pristine,0.0,1,Assessed after return on 2023-01-25
228,251,good,0.0,1,Assessed after return on 2023-01-21
229,252,pristine,0.0,1,Assessed after return on 2023-01-06
230,253,good,0.0,1,Assessed after return on 2023-01-16
231,254,damaged,206.04,1,Assessed after return on 2023-01-29
232,256,good,0.0,1,Assessed after return on 2023-01-29
233,257,good,0.0,1,Assessed after return on 2023-02-01
234,258,good,0.0,1,Assessed after return on 2023-01-25
235,259,pristine,0.0,1,Assessed after return on 2023-01-28
236,260,good,0.0,1,Assessed after return on 2023-02-06
237,261,pristine,0.0,1,Assessed after return on 2023-02-04
238,262,damaged,57.64,0,Assessed after return on 2023-02-21
239,263,good,0.0,1,Assessed after return on 2023-02-28
240,264,good,0.0,1,Assessed after return on 2023-03-22
241,265,good,0.0,1,Assessed after return on 2023-04-05
242,266,pristine,0.0,1,Assessed after return on 2023-02-04
243,267,pristine,0.0,1,Assessed after return on 2023-02-06
244,268,damaged,161.66,1,Assessed after return on 2023-01-27
245,269,good,0.0,1,Assessed after return on 2023-02-22
246,270,good,0.0,1,Assessed after return on 2023-01-28
247,271,fair,0.0,1,Assessed after return on 2023-02-03
248,273,pristine,0.0,1,Assessed after return on 2023-01-23
249,274,fair,0.0,1,Assessed after return on 2023-02-02
250,275,good,0.0,1,Assessed after return on 2023-01-12
251,276,fair,0.0,1,Assessed after return on 2023-03-06
252,277,pristine,0.0,1,Assessed after return on 2023-01-20
253,279,good,0.0,1,Assessed after return on 2023-01-24
254,280,pristine,0.0,1,Assessed after return on 2023-02-07
255,281,damaged,311.46,0,Assessed after return on 2023-01-29
256,282,pristine,0.0,1,Assessed after return on 2023-01-27
257,283,pristine,0.0,1,Assessed after return on 2023-02-12
258,284,fair,0.0,1,Assessed after return on 2023-02-21
259,285,good,0.0,1,Assessed after return on 2023-02-05
260,286,damaged,432.59,1,Assessed after return on 2023-03-02
261,287,pristine,0.0,1,Assessed after return on 2023-01-22
262,288,good,0.0,1,Assessed after return on 2023-03-04
263,289,pristine,0.0,1,Assessed after return on 2023-03-07
264,290,fair,0.0,1,Assessed after return on 2023-03-06
265,291,good,0.0,1,Assessed after return on 2023-03-04
266,292,good,0.0,1,Assessed after return on 2023-02-14
267,293,pristine,0.0,1,Assessed after return on 2023-03-02
268,294,good,0.0,1,Assessed after return on 2023-02-25
269,295,damaged,87.56,0,Assessed after return on 2023-03-03
270,296,good,0.0,1,Assessed after return on 2023-02-28
271,297,damaged,665.45,0,Assessed after return on 2023-02-10
272,298,damaged,79.7,0,Assessed after return on 2023-03-07
273,299,good,0.0,1,Assessed after return on 2023-03-07
274,300,good,0.0,1,Assessed after return on 2023-02-25
275,301,fair,0.0,1,Assessed after return on 2023-02-25
276,302,good,0.0,1,Assessed after return on 2023-02-15
277,303,good,0.0,1,Assessed after return on 2023-03-06
278,304,pristine,0.0,1,Assessed after return on 2023-03-14
279,306,pristine,0.0,1,Assessed after return on 2023-02-13
280,307,fair,0.0,1,Assessed after return on 2023-02-27
281,308,fair,0.0,1,Assessed after return on 2023-02-11
282,310,fair,0.0,1,Assessed after return on 2023-03-01
283,311,good,0.0,1,Assessed after return on 2023-03-19
284,312,pristine,0.0,1,Assessed after return on 2023-03-17
285,314,good,0.0,1,Assessed after return on 2023-02-16
286,315,fair,0.0,1,Assessed after return on 2023-02-15
287,316,good,0.0,1,Assessed after return on 2023-03-10
288,317,pristine,0.0,1,Assessed after return on 2023-02-13
289,318,good,0.0,1,Assessed after return on 2023-03-03
290,319,pristine,0.0,1,Assessed after return on 2023-03-02
291,320,good,0.0,1,Assessed after return on 2023-03-06
292,321,pristine,0.0,1,Assessed after return on 2023-02-14
293,322,good,0.0,1,Assessed after return on 2023-02-22
294,323,good,0.0,1,Assessed after return on 2023-03-04
295,326,good,0.0,1,Assessed after return on 2023-02-16
296,327,pristine,0.0,1,Assessed after return on 2023-02-18
297,328,good,0.0,1,Assessed after return on 2023-02-19
298,330,fair,0.0,1,Assessed after return on 2023-02-20
299,332,pristine,0.0,1,Assessed after return on 2023-02-15
300,334,good,0.0,1,Assessed after return on 2023-03-06
301,335,pristine,0.0,1,Assessed after return on 2023-03-10
302,336,good,0.0,1,Assessed after return on 2023-04-02
303,337,good,0.0,1,Assessed after return on 2023-04-11
304,338,good,0.0,1,Assessed after return on 2023-03-22
305,339,fair,0.0,1,Assessed after return on 2023-03-08
306,340,fair,0.0,1,Assessed after return on 2023-04-04
307,341,pristine,0.0,1,Assessed after return on 2023-03-31
308,342,pristine,0.0,1,Assessed after return on 2023-03-23
309,343,good,0.0,1,Assessed after return on 2023-03-30
310,344,good,0.0,1,Assessed after return on 2023-03-10
311,345,good,0.0,1,Assessed after return on 2023-04-16
312,346,pristine,0.0,1,Assessed after return on 2023-05-11
313,348,pristine,0.0,1,Assessed after return on 2023-04-06
314,349,fair,0.0,1,Assessed after return on 2023-04-20
315,350,good,0.0,1,Assessed after return on 2023-03-20
316,351,pristine,0.0,1,Assessed after return on 2023-03-27
317,352,good,0.0,1,Assessed after return on 2023-04-03
318,353,good,0.0,1,Assessed after return on 2023-05-08
319,354,fair,0.0,1,Assessed after return on 2023-03-20
320,355,fair,0.0,1,Assessed after return on 2023-04-03
321,356,fair,0.0,1,Assessed after return on 2023-04-10
322,357,pristine,0.0,1,Assessed after return on 2023-03-15
323,358,good,0.0,1,Assessed after return on 2023-03-28
324,359,good,0.0,1,Assessed after return on 2023-03-15
325,360,pristine,0.0,1,Assessed after return on 2023-03-31
326,361,good,0.0,1,Assessed after return on 2023-04-20
327,362,good,0.0,1,Assessed after return on 2023-04-17
328,363,pristine,0.0,1,Assessed after return on 2023-03-13
329,364,fair,0.0,1,Assessed after return on 2023-04-11
330,365,good,0.0,1,Assessed after return on 2023-03-30
331,366,good,0.0,1,Assessed after return on 2023-03-27
332,368,pristine,0.0,1,Assessed after return on 2023-04-03
333,369,good,0.0,1,Assessed after return on 2023-04-09
334,370,fair,0.0,1,Assessed after return on 2023-04-21
335,371,good,0.0,1,Assessed after return on 2023-03-06
336,372,good,0.0,1,Assessed after return on 2023-03-29
337,373,fair,0.0,1,Assessed after return on 2023-04-22
338,374,good,0.0,1,Assessed after return on 2023-03-22
339,375,fair,0.0,1,Assessed after return on 2023-03-22
340,376,fair,0.0,1,Assessed after return on 2023-04-03
341,378,good,0.0,1,Assessed after return on 2023-04-08
342,379,good,0.0,1,Assessed after return on 2023-03-19
343,380,good,0.0,1,Assessed after return on 2023-04-08
344,381,fair,0.0,1,Assessed after return on 2023-04-23
345,382,good,0.0,1,Assessed after return on 2023-03-23
346,383,pristine,0.0,1,Assessed after return on 2023-04-22
347,384,good,0.0,1,Assessed after return on 2023-03-26
348,385,pristine,0.0,1,Assessed after return on 2023-03-15
349,386,fair,0.0,1,Assessed after return on 2023-04-15
350,387,pristine,0.0,1,Assessed after return on 2023-04-30
351,388,pristine,0.0,1,Assessed after return on 2023-04-06
352,389,pristine,0.0,1,Assessed after return on 2023-05-01
353,390,pristine,0.0,1,Assessed after return on 2023-04-26
354,391,good,0.0,1,Assessed after return on 2023-04-15
355,392,fair,0.0,1,Assessed after return on 2023-05-04
356,393,good,0.0,1,Assessed after return on 2023-05-09
357,394,good,0.0,1,Assessed after return on 2023-04-14
358,395,pristine,0.0,1,Assessed after return on 2023-05-02
359,396,good,0.0,1,Assessed after return on 2023-04-08
360,397,damaged,85.3,1,Assessed after return on 2023-04-18
361,398,damaged,200.52,1,Assessed after return on 2023-04-27
362,399,good,0.0,1,Assessed after return on 2023-04-18
363,400,good,0.0,1,Assessed after return on 2023-04-20
364,404,good,0.0,1,Assessed after return on 2023-04-23
365,405,good,0.0,1,Assessed after return on 2023-04-26
366,406,good,0.0,1,Assessed after return on 2023-05-03
367,407,fair,0.0,1,Assessed after return on 2023-04-23
368,408,fair,0.0,1,Assessed after return on 2023-05-01
369,409,good,0.0,1,Assessed after return on 2023-04-27
370,410,fair,0.0,1,Assessed after return on 2023-04-18
371,411,damaged,45.85,0,Assessed after return on 2023-05-07
372,412,fair,0.0,1,Assessed after return on 2023-04-24
373,413,fair,0.0,1,Assessed after return on 2023-04-08
374,414,fair,0.0,1,Assessed after return on 2023-05-09
375,415,fair,0.0,1,Assessed after return on 2023-05-09
376,416,good,0.0,1,Assessed after return on 2023-04-21
377,417,good,0.0,1,Assessed after return on 2023-05-06
378,418,good,0.0,1,Assessed after return on 2023-05-04
379,419,fair,0.0,1,Assessed after return on 2023-05-24
380,420,pristine,0.0,1,Assessed after return on 2023-05-25
381,421,good,0.0,1,Assessed after return on 2023-04-04
382,422,pristine,0.0,1,Assessed after return on 2023-05-20
383,423,pristine,0.0,1,Assessed after return on 2023-05-05
384,424,good,0.0,1,Assessed after return on 2023-05-10
385,425,pristine,0.0,1,Assessed after return on 2023-05-12
386,426,good,0.0,1,Assessed after return on 2023-06-05
387,427,good,0.0,1,Assessed after return on 2023-04-20
388,428,good,0.0,1,Assessed after return on 2023-04-21
389,429,fair,0.0,1,Assessed after return on 2023-04-19
390,430,damaged,284.96,1,Assessed after return on 2023-05-04
391,432,pristine,0.0,1,Assessed after return on 2023-05-24
392,433,pristine,0.0,1,Assessed after return on 2023-05-28
393,434,good,0.0,1,Assessed after return on 2023-06-19
394,435,fair,0.0,1,Assessed after return on 2023-07-11
395,436,pristine,0.0,1,Assessed after return on 2023-05-17
396,437,good,0.0,1,Assessed after return on 2023-05-28
397,439,pristine,0.0,1,Assessed after return on 2023-05-19
398,440,good,0.0,1,Assessed after return on 2023-05-24
399,441,pristine,0.0,1,Assessed after return on 2023-05-24
400,442,good,0.0,1,Assessed after return on 2023-06-17
401,443,good,0.0,1,Assessed after return on 2023-07-08
402,444,good,0.0,1,Assessed after return on 2023-05-25
403,445,fair,0.0,1,Assessed after return on 2023-06-23
404,446,pristine,0.0,1,Assessed after return on 2023-05-24
405,447,good,0.0,1,Assessed after return on 2023-05-19
406,448,good,0.0,1,Assessed after return on 2023-05-24
407,449,pristine,0.0,1,Assessed after return on 2023-06-20
408,450,fair,0.0,1,Assessed after return on 2023-05-06
409,451,good,0.0,1,Assessed after return on 2023-06-04
410,452,good,0.0,1,Assessed after return on 2023-05-27
411,453,good,0.0,1,Assessed after return on 2023-06-13
412,455,good,0.0,1,Assessed after return on 2023-05-10
413,456,pristine,0.0,1,Assessed after return on 2023-06-05
414,457,good,0.0,1,Assessed after return on 2023-06-13
415,458,good,0.0,1,Assessed after return on 2023-05-17
416,459,pristine,0.0,1,Assessed after return on 2023-05-25
417,460,fair,0.0,1,Assessed after return on 2023-06-05
418,461,pristine,0.0,1,Assessed after return on 2023-06-28
419,462,pristine,0.0,1,Assessed after return on 2023-06-09
420,463,pristine,0.0,1,Assessed after return on 2023-05-08
421,464,good,0.0,1,Assessed after return on 2023-05-17
422,465,good,0.0,1,Assessed after return on 2023-05-28
423,466,pristine,0.0,1,Assessed after return on 2023-05-30
424,467,pristine,0.0,1,Assessed after return on 2023-05-21
425,468,fair,0.0,1,Assessed after return on 2023-05-27
426,469,damaged,72.68,1,Assessed after return on 2023-05-23
427,470,damaged,178.81,0,Assessed after return on 2023-05-20
428,471,good,0.0,1,Assessed after return on 2023-06-28
429,472,good,0.0,1,Assessed after return on 2023-05-20
430,473,good,0.0,1,Assessed after return on 2023-06-01
431,474,fair,0.0,1,Assessed after return on 2023-05-25
432,475,good,0.0,1,Assessed after return on 2023-05-27
433,476,good,0.0,1,Assessed after return on 2023-05-30
434,477,good,0.0,1,Assessed after return on 2023-05-30
435,479,good,0.0,1,Assessed after return on 2023-06-17
436,480,good,0.0,1,Assessed after return on 2023-05-17
437,481,pristine,0.0,1,Assessed after return on 2023-06-10
438,483,good,0.0,1,Assessed after return on 2023-06-07
439,484,pristine,0.0,1,Assessed after return on 2023-05-26
440,485,good,0.0,1,Assessed after return on 2023-05-29
441,486,good,0.0,1,Assessed after return on 2023-06-08
442,488,pristine,0.0,1,Assessed after return on 2023-05-24
443,489,pristine,0.0,1,Assessed after return on 2023-05-25
444,490,pristine,0.0,1,Assessed after return on 2023-06-10
445,491,good,0.0,1,Assessed after return on 2023-06-10
446,492,pristine,0.0,1,Assessed after return on 2023-06-29
447,493,good,0.0,1,Assessed after return on 2023-07-04
448,494,fair,0.0,1,Assessed after return on 2023-07-02
449,495,fair,0.0,1,Assessed after return on 2023-07-06
450,496,good,0.0,1,Assessed after return on 2023-06-14
451,497,damaged,292.82,1,Assessed after return on 2023-07-01
452,498,good,0.0,1,Assessed after return on 2023-07-18
453,499,good,0.0,1,Assessed after return on 2023-06-02
454,500,pristine,0.0,1,Assessed after return on 2023-07-02
455,501,good,0.0,1,Assessed after return on 2023-07-03
456,502,good,0.0,1,Assessed after return on 2023-07-19
457,503,damaged,17.81,0,Assessed after return on 2023-07-09
458,504,good,0.0,1,Assessed after return on 2023-06-15
459,505,good,0.0,1,Assessed after return on 2023-06-02
460,506,good,0.0,1,Assessed after return on 2023-07-01
461,507,good,0.0,1,Assessed after return on 2023-06-25
462,508,good,0.0,1,Assessed after return on 2023-06-22
463,509,good,0.0,1,Assessed after return on 2023-07-16
464,510,pristine,0.0,1,Assessed after return on 2023-06-23
465,511,pristine,0.0,1,Assessed after return on 2023-08-14
466,512,fair,0.0,1,Assessed after return on 2023-07-08
467,513,pristine,0.0,1,Assessed after return on 2023-06-28
468,514,good,0.0,1,Assessed after return on 2023-06-19
469,515,pristine,0.0,1,Assessed after return on 2023-06-29
470,516,pristine,0.0,1,Assessed after return on 2023-07-01
471,517,good,0.0,1,Assessed after return on 2023-06-26
472,518,fair,0.0,1,Assessed after return on 2023-07-25
473,519,good,0.0,1,Assessed after return on 2023-06-28
474,522,pristine,0.0,1,Assessed after return on 2023-07-08
475,523,fair,0.0,1,Assessed after return on 2023-07-24
476,524,good,0.0,1,Assessed after return on 2023-06-20
477,525,pristine,0.0,1,Assessed after return on 2023-06-13
478,526,damaged,150.79,1,Assessed after return on 2023-06-30
479,527,good,0.0,1,Assessed after return on 2023-07-28
480,528,pristine,0.0,1,Assessed after return on 2023-07-23
481,529,fair,0.0,1,Assessed after return on 2023-06-22
482,530,good,0.0,1,Assessed after return on 2023-07-01
483,531,good,0.0,1,Assessed after return on 2023-07-01
484,532,pristine,0.0,1,Assessed after return on 2023-07-08
485,533,damaged,28.04,0,Assessed after return on 2023-07-21
486,534,pristine,0.0,1,Assessed after return on 2023-06-06
487,535,good,0.0,1,Assessed after return on 2023-07-02
488,536,fair,0.0,1,Assessed after return on 2023-06-15
489,537,good,0.0,1,Assessed after return on 2023-06-18
490,538,pristine,0.0,1,Assessed after return on 2023-06-25
491,539,fair,0.0,1,Assessed after return on 2023-06-15
492,540,pristine,0.0,1,Assessed after return on 2023-06-07
493,542,good,0.0,1,Assessed after return on 2023-07-07
494,543,good,0.0,1,Assessed after return on 2023-06-21
495,544,good,0.0,1,Assessed after return on 2023-08-01
496,545,good,0.0,1,Assessed after return on 2023-08-03
497,548,destroyed,169.5,0,Assessed after return on 2023-07-25
498,549,fair,0.0,1,Assessed after return on 2023-07-27
499,550,good,0.0,1,Assessed after return on 2023-07-20
500,551,damaged,24.54,1,Assessed after return on 2023-07-27
501,552,good,0.0,1,Assessed after return on 2023-08-02
502,554,good,0.0,1,Assessed after return on 2023-08-02
503,555,damaged,107.81,1,Assessed after return on 2023-08-11
504,556,fair,0.0,1,Assessed after return on 2023-07-22
505,557,good,0.0,1,Assessed after return on 2023-07-24
506,558,fair,0.0,1,Assessed after return on 2023-08-11
507,559,pristine,0.0,1,Assessed after return on 2023-07-17
508,560,fair,0.0,1,Assessed after return on 2023-08-01
509,561,fair,0.0,1,Assessed after return on 2023-07-07
510,562,good,0.0,1,Assessed after return on 2023-07-05
511,563,pristine,0.0,1,Assessed after return on 2023-07-29
512,564,fair,0.0,1,Assessed after return on 2023-07-23
513,565,pristine,0.0,1,Assessed after return on 2023-07-27
514,567,good,0.0,1,Assessed after return on 2023-08-12
515,568,pristine,0.0,1,Assessed after return on 2023-07-22
516,569,pristine,0.0,1,Assessed after return on 2023-08-16
517,570,pristine,0.0,1,Assessed after return on 2023-08-13
518,571,pristine,0.0,1,Assessed after return on 2023-07-23
519,572,damaged,22.64,1,Assessed after return on 2023-07-29
520,573,fair,0.0,1,Assessed after return on 2023-08-01
521,574,good,0.0,1,Assessed after return on 2023-07-28
522,575,good,0.0,1,Assessed after return on 2023-07-02
523,576,good,0.0,1,Assessed after return on 2023-08-21
524,577,pristine,0.0,1,Assessed after return on 2023-08-04
525,578,good,0.0,1,Assessed after return on 2023-07-22
526,579,destroyed,689.05,0,Assessed after return on 2023-08-09
527,580,fair,0.0,1,Assessed after return on 2023-08-22
528,581,fair,0.0,1,Assessed after return on 2023-07-22
529,582,good,0.0,1,Assessed after return on 2023-07-28
530,583,pristine,0.0,1,Assessed after return on 2023-08-13
531,584,good,0.0,1,Assessed after return on 2023-08-21
532,585,fair,0.0,1,Assessed after return on 2023-08-08
533,586,pristine,0.0,1,Assessed after return on 2023-07-24
534,587,pristine,0.0,1,Assessed after return on 2023-08-22
535,588,good,0.0,1,Assessed after return on 2023-08-07
536,589,pristine,0.0,1,Assessed after return on 2023-07-23
537,590,good,0.0,1,Assessed after return on 2023-07-29
538,591,damaged,368.46,1,Assessed after return on 2023-09-08
539,592,pristine,0.0,1,Assessed after return on 2023-07-17
540,593,good,0.0,1,Assessed after return on 2023-08-13
541,594,good,0.0,1,Assessed after return on 2023-08-20
542,595,fair,0.0,1,Assessed after return on 2023-07-25
543,596,good,0.0,1,Assessed after return on 2023-08-16
544,597,good,0.0,1,Assessed after return on 2023-09-07
545,599,pristine,0.0,1,Assessed after return on 2023-08-05
546,601,good,0.0,1,Assessed after return on 2023-10-06
547,602,good,0.0,1,Assessed after return on 2023-10-08
548,603,pristine,0.0,1,Assessed after return on 2023-08-23
549,604,pristine,0.0,1,Assessed after return on 2023-08-28
550,605,good,0.0,1,Assessed after return on 2023-09-05
551,606,fair,0.0,1,Assessed after return on 2023-08-26
552,607,pristine,0.0,1,Assessed after return on 2023-09-05
553,608,damaged,165.98,0,Assessed after return on 2023-09-08
554,609,pristine,0.0,1,Assessed after return on 2023-09-05
555,610,pristine,0.0,1,Assessed after return on 2023-09-26
556,611,pristine,0.0,1,Assessed after return on 2023-08-22
557,612,good,0.0,1,Assessed after return on 2023-08-22
558,613,good,0.0,1,Assessed after return on 2023-08-09
559,615,pristine,0.0,1,Assessed after return on 2023-09-19
560,616,fair,0.0,1,Assessed after return on 2023-09-04
561,617,fair,0.0,1,Assessed after return on 2023-08-26
562,618,pristine,0.0,1,Assessed after return on 2023-08-15
563,619,pristine,0.0,1,Assessed after return on 2023-08-18
564,620,fair,0.0,1,Assessed after return on 2023-09-07
565,621,pristine,0.0,1,Assessed after return on 2023-08-17
566,622,pristine,0.0,1,Assessed after return on 2023-08-21
567,623,good,0.0,1,Assessed after return on 2023-10-01
568,624,good,0.0,1,Assessed after return on 2023-08-04
569,625,good,0.0,1,Assessed after return on 2023-08-18
570,627,damaged,45.23,0,Assessed after return on 2023-08-14
571,628,pristine,0.0,1,Assessed after return on 2023-08-30
572,629,pristine,0.0,1,Assessed after return on 2023-08-14
573,630,fair,0.0,1,Assessed after return on 2023-09-22
574,631,pristine,0.0,1,Assessed after return on 2023-11-01
575,632,good,0.0,1,Assessed after return on 2023-09-06
576,633,good,0.0,1,Assessed after return on 2023-08-21
577,634,good,0.0,1,Assessed after return on 2023-08-07
578,635,fair,0.0,1,Assessed after return on 2023-09-01
579,637,damaged,43.03,0,Assessed after return on 2023-08-08
580,639,pristine,0.0,1,Assessed after return on 2023-08-15
581,640,good,0.0,1,Assessed after return on 2023-09-06
582,641,fair,0.0,1,Assessed after return on 2023-08-11
583,642,pristine,0.0,1,Assessed after return on 2023-08-14
584,643,pristine,0.0,1,Assessed after return on 2023-08-10
585,644,fair,0.0,1,Assessed after return on 2023-08-19
586,645,good,0.0,1,Assessed after return on 2023-08-26
587,647,pristine,0.0,1,Assessed after return on 2023-08-14
588,648,good,0.0,1,Assessed after return on 2023-09-04
589,649,pristine,0.0,1,Assessed after return on 2023-09-13
590,650,fair,0.0,1,Assessed after return on 2023-09-18
591,652,good,0.0,1,Assessed after return on 2023-08-30
592,653,fair,0.0,1,Assessed after return on 2023-09-06
593,654,fair,0.0,1,Assessed after return on 2023-08-19
594,655,pristine,0.0,1,Assessed after return on 2023-09-02
595,656,damaged,722.03,0,Assessed after return on 2023-08-09
596,657,fair,0.0,1,Assessed after return on 2023-08-18
597,658,pristine,0.0,1,Assessed after return on 2023-09-26
598,659,good,0.0,1,Assessed after return on 2023-09-10
599,660,good,0.0,1,Assessed after return on 2023-08-11
600,661,good,0.0,1,Assessed after return on 2023-08-28
601,662,good,0.0,1,Assessed after return on 2023-09-11
602,663,good,0.0,1,Assessed after return on 2023-09-29
603,664,good,0.0,1,Assessed after return on 2023-09-17
604,665,pristine,0.0,1,Assessed after return on 2023-10-02
605,666,good,0.0,1,Assessed after return on 2023-10-01
606,667,good,0.0,1,Assessed after return on 2023-09-25
607,669,fair,0.0,1,Assessed after return on 2023-09-27
608,670,good,0.0,1,Assessed after return on 2023-10-07
609,672,good,0.0,1,Assessed after return on 2023-10-04
610,674,pristine,0.0,1,Assessed after return on 2023-09-25
611,675,pristine,0.0,1,Assessed after return on 2023-09-24
612,676,good,0.0,1,Assessed after return on 2023-10-18
613,677,fair,0.0,1,Assessed after return on 2023-09-14
614,678,pristine,0.0,1,Assessed after return on 2023-10-04
615,679,pristine,0.0,1,Assessed after return on 2023-09-15
616,680,good,0.0,1,Assessed after return on 2023-10-08
617,681,pristine,0.0,1,Assessed after return on 2023-10-17
618,682,pristine,0.0,1,Assessed after return on 2023-10-15
619,683,good,0.0,1,Assessed after return on 2023-09-19
620,684,good,0.0,1,Assessed after return on 2023-10-19
621,685,good,0.0,1,Assessed after return on 2023-11-11
622,686,good,0.0,1,Assessed after return on 2023-09-24
623,687,pristine,0.0,1,Assessed after return on 2023-09-26
624,688,good,0.0,1,Assessed after return on 2023-09-30
625,689,good,0.0,1,Assessed after return on 2023-10-14
626,690,pristine,0.0,1,Assessed after return on 2023-09-10
627,691,pristine,0.0,1,Assessed after return on 2023-09-14
628,692,good,0.0,1,Assessed after return on 2023-09-21
629,693,fair,0.0,1,Assessed after return on 2023-10-12
630,694,pristine,0.0,1,Assessed after return on 2023-10-28
631,695,good,0.0,1,Assessed after return on 2023-09-10
632,696,fair,0.0,1,Assessed after return on 2023-09-29
633,697,damaged,141.7,0,Assessed after return on 2023-10-06
634,698,good,0.0,1,Assessed after return on 2023-09-29
635,699,pristine,0.0,1,Assessed after return on 2023-10-11
636,700,pristine,0.0,1,Assessed after return on 2023-09-28
637,701,pristine,0.0,1,Assessed after return on 2023-09-03
638,702,good,0.0,1,Assessed after return on 2023-09-07
639,703,good,0.0,1,Assessed after return on 2023-10-01
640,704,good,0.0,1,Assessed after return on 2023-10-06
641,705,damaged,222.59,0,Assessed after return on 2023-11-09
642,706,pristine,0.0,1,Assessed after return on 2023-11-28
643,707,fair,0.0,1,Assessed after return on 2023-09-19
644,709,fair,0.0,1,Assessed after return on 2023-10-20
645,710,good,0.0,1,Assessed after return on 2023-09-21
646,711,fair,0.0,1,Assessed after return on 2023-09-22
647,712,pristine,0.0,1,Assessed after return on 2023-10-01
648,713,damaged,598.08,1,Assessed after return on 2023-09-09
649,714,good,0.0,1,Assessed after return on 2023-10-01
650,715,fair,0.0,1,Assessed after return on 2023-09-26
651,716,good,0.0,1,Assessed after return on 2023-10-14
652,717,pristine,0.0,1,Assessed after return on 2023-10-07
653,718,good,0.0,1,Assessed after return on 2023-10-19
654,719,good,0.0,1,Assessed after return on 2023-09-07
655,720,good,0.0,1,Assessed after return on 2023-11-01
656,721,good,0.0,1,Assessed after return on 2023-09-27
657,722,pristine,0.0,1,Assessed after return on 2023-10-24
658,723,good,0.0,1,Assessed after return on 2023-09-21
659,724,good,0.0,1,Assessed after return on 2023-09-12
660,725,good,0.0,1,Assessed after return on 2023-09-22
661,726,good,0.0,1,Assessed after return on 2023-09-10
662,727,good,0.0,1,Assessed after return on 2023-09-29
663,728,good,0.0,1,Assessed after return on 2023-09-25
664,729,pristine,0.0,1,Assessed after return on 2023-09-06
665,730,pristine,0.0,1,Assessed after return on 2023-09-10
666,731,pristine,0.0,1,Assessed after return on 2023-09-25
667,732,good,0.0,1,Assessed after return on 2023-10-11
668,733,pristine,0.0,1,Assessed after return on 2023-11-18
669,734,destroyed,956.02,0,Assessed after return on 2023-09-11
670,735,good,0.0,1,Assessed after return on 2023-09-19
671,736,pristine,0.0,1,Assessed after return on 2023-09-11
672,737,good,0.0,1,Assessed after return on 2023-10-21
673,739,good,0.0,1,Assessed after return on 2023-11-14
674,740,good,0.0,1,Assessed after return on 2023-11-02
675,741,fair,0.0,1,Assessed after return on 2023-10-11
676,742,good,0.0,1,Assessed after return on 2023-10-16
677,743,pristine,0.0,1,Assessed after return on 2023-11-06
678,744,pristine,0.0,1,Assessed after return on 2023-12-07
679,745,pristine,0.0,1,Assessed after return on 2023-10-11
680,747,damaged,84.08,0,Assessed after return on 2023-10-17
681,748,good,0.0,1,Assessed after return on 2023-10-16
682,749,good,0.0,1,Assessed after return on 2023-10-24
683,750,pristine,0.0,1,Assessed after return on 2023-11-07
684,751,fair,0.0,1,Assessed after return on 2023-11-05
685,752,fair,0.0,1,Assessed after return on 2023-10-25
686,753,pristine,0.0,1,Assessed after return on 2023-10-29
687,754,pristine,0.0,1,Assessed after return on 2023-10-23
688,755,good,0.0,1,Assessed after return on 2023-11-01
689,756,pristine,0.0,1,Assessed after return on 2023-10-30
690,757,good,0.0,1,Assessed after return on 2023-10-21
691,758,good,0.0,1,Assessed after return on 2023-11-19
692,759,good,0.0,1,Assessed after return on 2023-10-18
693,760,good,0.0,1,Assessed after return on 2023-10-10
694,761,good,0.0,1,Assessed after return on 2023-10-28
695,762,destroyed,1541.15,0,Assessed after return on 2023-10-24
696,763,good,0.0,1,Assessed after return on 2023-10-11
697,764,damaged,431.46,0,Assessed after return on 2023-10-15
698,765,good,0.0,1,Assessed after return on 2023-10-11
699,766,good,0.0,1,Assessed after return on 2023-11-01
700,767,fair,0.0,1,Assessed after return on 2023-11-03
701,768,pristine,0.0,1,Assessed after return on 2023-10-23
702,769,good,0.0,1,Assessed after return on 2023-12-19
703,770,pristine,0.0,1,Assessed after return on 2024-01-13
704,771,good,0.0,1,Assessed after return on 2023-10-22
705,772,good,0.0,1,Assessed after return on 2023-11-07
706,773,fair,0.0,1,Assessed after return on 2023-10-28
707,774,good,0.0,1,Assessed after return on 2023-10-20
708,775,good,0.0,1,Assessed after return on 2023-10-04
709,776,good,0.0,1,Assessed after return on 2023-10-22
710,778,pristine,0.0,1,Assessed after return on 2023-10-13
711,780,good,0.0,1,Assessed after return on 2023-10-29
712,781,pristine,0.0,1,Assessed after return on 2023-11-05
713,782,good,0.0,1,Assessed after return on 2023-10-31
714,783,good,0.0,1,Assessed after return on 2023-11-28
715,784,good,0.0,1,Assessed after return on 2023-10-14
716,787,pristine,0.0,1,Assessed after return on 2023-10-26
717,788,pristine,0.0,1,Assessed after return on 2023-11-04
718,789,pristine,0.0,1,Assessed after return on 2023-10-28
719,790,fair,0.0,1,Assessed after return on 2023-11-04
720,791,fair,0.0,1,Assessed after return on 2023-10-20
721,792,pristine,0.0,1,Assessed after return on 2023-10-23
722,793,good,0.0,1,Assessed after return on 2023-11-16
723,794,good,0.0,1,Assessed after return on 2023-12-10
724,795,good,0.0,1,Assessed after return on 2023-11-07
725,796,pristine,0.0,1,Assessed after return on 2023-11-26
726,797,fair,0.0,1,Assessed after return on 2023-12-17
727,798,fair,0.0,1,Assessed after return on 2023-11-04
728,799,good,0.0,1,Assessed after return on 2023-11-09
729,801,good,0.0,1,Assessed after return on 2023-10-09
730,802,good,0.0,1,Assessed after return on 2023-10-26
731,803,good,0.0,1,Assessed after return on 2023-12-21
732,804,good,0.0,1,Assessed after return on 2023-11-13
733,806,pristine,0.0,1,Assessed after return on 2023-11-22
734,807,good,0.0,1,Assessed after return on 2023-12-22
735,808,good,0.0,1,Assessed after return on 2023-11-30
736,809,pristine,0.0,1,Assessed after return on 2023-12-16
737,810,pristine,0.0,1,Assessed after return on 2023-11-15
738,811,good,0.0,1,Assessed after return on 2023-12-26
739,812,pristine,0.0,1,Assessed after return on 2023-11-16
740,813,fair,0.0,1,Assessed after return on 2023-11-08
741,814,fair,0.0,1,Assessed after return on 2023-12-11
742,815,good,0.0,1,Assessed after return on 2023-11-17
743,816,good,0.0,1,Assessed after return on 2023-11-27
744,817,good,0.0,1,Assessed after return on 2023-11-25
745,818,good,0.0,1,Assessed after return on 2023-11-15
746,819,pristine,0.0,1,Assessed after return on 2023-11-20
747,820,pristine,0.0,1,Assessed after return on 2023-12-14
748,821,damaged,44.68,0,Assessed after return on 2023-12-31
749,822,pristine,0.0,1,Assessed after return on 2024-01-01
750,823,fair,0.0,1,Assessed after return on 2023-11-16
751,824,fair,0.0,1,Assessed after return on 2023-11-04
752,825,good,0.0,1,Assessed after return on 2023-11-23
753,826,pristine,0.0,1,Assessed after return on 2023-12-09
754,827,pristine,0.0,1,Assessed after return on 2024-01-06
755,828,pristine,0.0,1,Assessed after return on 2023-11-30
756,829,good,0.0,1,Assessed after return on 2023-12-05
757,830,fair,0.0,1,Assessed after return on 2023-11-28
758,831,pristine,0.0,1,Assessed after return on 2023-11-23
759,832,damaged,38.75,1,Assessed after return on 2023-12-12
760,833,fair,0.0,1,Assessed after return on 2023-11-19
761,834,good,0.0,1,Assessed after return on 2023-12-03
762,835,pristine,0.0,1,Assessed after return on 2023-11-22
763,836,good,0.0,1,Assessed after return on 2023-11-27
764,837,pristine,0.0,1,Assessed after return on 2023-11-19
765,838,pristine,0.0,1,Assessed after return on 2023-12-06
766,839,pristine,0.0,1,Assessed after return on 2024-01-08
767,840,good,0.0,1,Assessed after return on 2023-12-01
768,841,damaged,168.85,1,Assessed after return on 2023-12-14
769,842,damaged,73.35,1,Assessed after return on 2023-11-29
770,843,good,0.0,1,Assessed after return on 2023-11-11
771,844,pristine,0.0,1,Assessed after return on 2023-11-19
772,845,good,0.0,1,Assessed after return on 2023-12-10
773,846,good,0.0,1,Assessed after return on 2023-12-22
774,847,pristine,0.0,1,Assessed after return on 2023-11-17
775,849,good,0.0,1,Assessed after return on 2023-12-07
776,850,good,0.0,1,Assessed after return on 2023-12-17
777,851,good,0.0,1,Assessed after return on 2023-11-12
778,853,good,0.0,1,Assessed after return on 2023-12-22
779,854,good,0.0,1,Assessed after return on 2023-11-20
780,855,good,0.0,1,Assessed after return on 2023-11-28
781,856,good,0.0,1,Assessed after return on 2023-11-25
782,857,fair,0.0,1,Assessed after return on 2023-11-25
783,858,pristine,0.0,1,Assessed after return on 2023-11-23
784,859,good,0.0,1,Assessed after return on 2023-11-16
785,860,good,0.0,1,Assessed after return on 2023-12-01
786,861,fair,0.0,1,Assessed after return on 2023-12-01
787,862,good,0.0,1,Assessed after return on 2023-12-21
788,863,good,0.0,1,Assessed after return on 2023-12-14
789,864,fair,0.0,1,Assessed after return on 2023-12-19
790,865,pristine,0.0,1,Assessed after return on 2023-12-26
791,866,pristine,0.0,1,Assessed after return on 2024-01-03
792,867,pristine,0.0,1,Assessed after return on 2023-12-16
793,868,pristine,0.0,1,Assessed after return on 2023-12-21
794,870,fair,0.0,1,Assessed after return on 2024-01-16
795,871,good,0.0,1,Assessed after return on 2024-01-08
796,872,fair,0.0,1,Assessed after return on 2023-12-30
797,873,fair,0.0,1,Assessed after return on 2024-01-09
798,874,good,0.0,1,Assessed after return on 2023-12-28
799,875,fair,0.0,1,Assessed after return on 2024-01-26
800,876,fair,0.0,1,Assessed after return on 2023-12-22
801,877,fair,0.0,1,Assessed after return on 2023-12-10
802,878,good,0.0,1,Assessed after return on 2023-12-28
803,880,fair,0.0,1,Assessed after return on 2023-12-08
804,881,good,0.0,1,Assessed after return on 2024-01-11
805,882,good,0.0,1,Assessed after return on 2024-01-07
806,884,fair,0.0,1,Assessed after return on 2023-12-30
807,885,good,0.0,1,Assessed after return on 2023-12-17
808,886,good,0.0,1,Assessed after return on 2024-01-05
809,887,fair,0.0,1,Assessed after return on 2023-12-19
810,888,good,0.0,1,Assessed after return on 2024-01-09
811,889,pristine,0.0,1,Assessed after return on 2023-12-27
812,890,fair,0.0,1,Assessed after return on 2024-01-10
813,891,pristine,0.0,1,Assessed after return on 2024-01-09
814,892,good,0.0,1,Assessed after return on 2023-12-05
815,893,damaged,363.89,1,Assessed after return on 2023-12-27
816,894,pristine,0.0,1,Assessed after return on 2023-12-28
817,895,good,0.0,1,Assessed after return on 2023-12-24
818,896,pristine,0.0,1,Assessed after return on 2024-01-02
819,897,good,0.0,1,Assessed after return on 2024-01-17
820,898,fair,0.0,1,Assessed after return on 2023-12-13
821,899,good,0.0,1,Assessed after return on 2024-01-01
822,900,fair,0.0,1,Assessed after return on 2023-12-08
823,901,good,0.0,1,Assessed after return on 2023-12-22
824,902,damaged,205.98,0,Assessed after return on 2024-01-29
825,903,good,0.0,1,Assessed after return on 2024-02-19
826,905,good,0.0,1,Assessed after return on 2023-12-25
827,906,pristine,0.0,1,Assessed after return on 2024-01-04
828,907,pristine,0.0,1,Assessed after return on 2024-01-02
829,908,fair,0.0,1,Assessed after return on 2024-01-01
830,909,damaged,370.59,1,Assessed after return on 2023-12-18
831,910,good,0.0,1,Assessed after return on 2024-01-15
832,911,fair,0.0,1,Assessed after return on 2024-01-10
833,912,good,0.0,1,Assessed after return on 2023-12-18
834,913,pristine,0.0,1,Assessed after return on 2023-12-30
835,914,good,0.0,1,Assessed after return on 2024-01-03
836,915,pristine,0.0,1,Assessed after return on 2024-01-06
837,916,pristine,0.0,1,Assessed after return on 2023-12-28
838,917,pristine,0.0,1,Assessed after return on 2023-12-27
839,918,fair,0.0,1,Assessed after return on 2024-01-09
840,920,pristine,0.0,1,Assessed after return on 2023-12-22
841,921,good,0.0,1,Assessed after return on 2023-12-30
842,922,pristine,0.0,1,Assessed after return on 2023-12-09
843,923,good,0.0,1,Assessed after return on 2024-01-07
844,924,pristine,0.0,1,Assessed after return on 2023-12-29
845,925,good,0.0,1,Assessed after return on 2023-12-11
846,926,good,0.0,1,Assessed after return on 2023-12-28
847,927,pristine,0.0,1,Assessed after return on 2023-12-27
848,928,good,0.0,1,Assessed after return on 2023-12-30
849,929,fair,0.0,1,Assessed after return on 2023-12-21
850,930,fair,0.0,1,Assessed after return on 2023-12-25
851,931,good,0.0,1,Assessed after return on 2024-01-31
852,932,destroyed,2895.87,0,Assessed after return on 2024-01-16
853,933,good,0.0,1,Assessed after return on 2024-01-29
854,934,fair,0.0,1,Assessed after return on 2024-02-06
855,935,pristine,0.0,1,Assessed after return on 2024-02-10
856,937,pristine,0.0,1,Assessed after return on 2024-01-26
857,938,pristine,0.0,1,Assessed after return on 2024-01-26
858,939,pristine,0.0,1,Assessed after return on 2024-01-17
859,940,pristine,0.0,1,Assessed after return on 2024-02-04
860,941,good,0.0,1,Assessed after return on 2024-02-14
861,942,pristine,0.0,1,Assessed after return on 2024-02-24
862,943,pristine,0.0,1,Assessed after return on 2024-01-15
863,944,good,0.0,1,Assessed after return on 2024-01-22
864,945,pristine,0.0,1,Assessed after return on 2024-01-15
865,946,good,0.0,1,Assessed after return on 2024-01-29
866,947,good,0.0,1,Assessed after return on 2024-02-23
867,948,fair,0.0,1,Assessed after return on 2024-02-07
868,949,fair,0.0,1,Assessed after return on 2024-02-26
869,950,good,0.0,1,Assessed after return on 2024-01-31
870,951,pristine,0.0,1,Assessed after return on 2024-02-02
871,952,pristine,0.0,1,Assessed after return on 2024-01-23
872,953,pristine,0.0,1,Assessed after return on 2024-02-16
873,954,pristine,0.0,1,Assessed after return on 2024-04-04
874,955,good,0.0,1,Assessed after return on 2024-01-07
875,956,fair,0.0,1,Assessed after return on 2024-01-19
876,957,pristine,0.0,1,Assessed after return on 2024-01-17
877,959,good,0.0,1,Assessed after return on 2024-02-01
878,960,fair,0.0,1,Assessed after return on 2024-01-20
879,961,damaged,371.11,1,Assessed after return on 2024-01-14
880,962,damaged,401.79,1,Assessed after return on 2024-01-30
881,964,good,0.0,1,Assessed after return on 2024-02-09
882,965,fair,0.0,1,Assessed after return on 2024-01-13
883,966,fair,0.0,1,Assessed after return on 2024-02-05
884,967,pristine,0.0,1,Assessed after return on 2024-02-01
885,968,good,0.0,1,Assessed after return on 2024-01-22
886,969,good,0.0,1,Assessed after return on 2024-01-13
887,970,pristine,0.0,1,Assessed after return on 2024-02-05
888,971,good,0.0,1,Assessed after return on 2024-01-26
889,972,pristine,0.0,1,Assessed after return on 2024-02-14
890,973,fair,0.0,1,Assessed after return on 2024-01-22
891,974,pristine,0.0,1,Assessed after return on 2024-01-31
892,975,fair,0.0,1,Assessed after return on 2024-01-23
893,976,fair,0.0,1,Assessed after return on 2024-01-08
894,977,good,0.0,1,Assessed after return on 2024-02-25
895,978,good,0.0,1,Assessed after return on 2024-03-14
896,979,good,0.0,1,Assessed after return on 2024-01-21
897,980,pristine,0.0,1,Assessed after return on 2024-02-05
898,981,fair,0.0,1,Assessed after return on 2024-01-24
899,982,destroyed,1534.65,0,Assessed after return on 2024-01-16
900,983,pristine,0.0,1,Assessed after return on 2024-01-21
901,984,fair,0.0,1,Assessed after return on 2024-02-13
902,986,good,0.0,1,Assessed after return on 2024-02-12
903,988,fair,0.0,1,Assessed after return on 2024-01-10
904,989,pristine,0.0,1,Assessed after return on 2024-02-08
905,990,good,0.0,1,Assessed after return on 2024-01-26
906,991,pristine,0.0,1,Assessed after return on 2024-02-11
907,992,fair,0.0,1,Assessed after return on 2024-02-04
908,993,good,0.0,1,Assessed after return on 2024-02-05
909,994,damaged,505.24,1,Assessed after return on 2024-02-13
910,995,pristine,0.0,1,Assessed after return on 2024-01-11
911,997,good,0.0,1,Assessed after return on 2024-01-29
912,998,fair,0.0,1,Assessed after return on 2024-02-01
913,999,pristine,0.0,1,Assessed after return on 2024-02-20
914,1000,fair,0.0,1,Assessed after return on 2024-02-26
915,1001,pristine,0.0,1,Assessed after return on 2024-02-10
916,1002,pristine,0.0,1,Assessed after return on 2024-02-15
917,1003,good,0.0,1,Assessed after return on 2024-02-17
918,1004,pristine,0.0,1,Assessed after return on 2024-03-05
919,1005,damaged,101.43,0,Assessed after return on 2024-03-21
920,1006,good,0.0,1,Assessed after return on 2024-03-17
921,1007,pristine,0.0,1,Assessed after return on 2024-02-24
922,1008,good,0.0,1,Assessed after return on 2024-02-29
923,1009,fair,0.0,1,Assessed after return on 2024-02-26
924,1010,pristine,0.0,1,Assessed after return on 2024-02-13
925,1011,good,0.0,1,Assessed after return on 2024-02-18
926,1012,pristine,0.0,1,Assessed after return on 2024-03-30
927,1013,good,0.0,1,Assessed after return on 2024-02-08
928,1014,good,0.0,1,Assessed after return on 2024-02-13
929,1015,pristine,0.0,1,Assessed after return on 2024-02-18
930,1016,pristine,0.0,1,Assessed after return on 2024-02-14
931,1017,pristine,0.0,1,Assessed after return on 2024-03-02
932,1018,damaged,119.95,1,Assessed after return on 2024-02-22
933,1020,good,0.0,1,Assessed after return on 2024-02-17
934,1021,good,0.0,1,Assessed after return on 2024-03-16
935,1022,good,0.0,1,Assessed after return on 2024-03-01
936,1023,good,0.0,1,Assessed after return on 2024-02-14
937,1026,pristine,0.0,1,Assessed after return on 2024-02-03
938,1027,good,0.0,1,Assessed after return on 2024-02-15
939,1029,good,0.0,1,Assessed after return on 2024-03-23
940,1030,good,0.0,1,Assessed after return on 2024-03-11
941,1031,pristine,0.0,1,Assessed after return on 2024-03-01
942,1032,good,0.0,1,Assessed after return on 2024-02-22
943,1033,pristine,0.0,1,Assessed after return on 2024-03-06
944,1034,good,0.0,1,Assessed after return on 2024-02-16
945,1035,pristine,0.0,1,Assessed after return on 2024-03-15
946,1036,good,0.0,1,Assessed after return on 2024-04-14
947,1037,pristine,0.0,1,Assessed after return on 2024-02-05
948,1038,fair,0.0,1,Assessed after return on 2024-03-04
949,1039,good,0.0,1,Assessed after return on 2024-03-03
950,1040,pristine,0.0,1,Assessed after return on 2024-03-07
951,1041,good,0.0,1,Assessed after return on 2024-03-07
952,1042,fair,0.0,1,Assessed after return on 2024-02-27
953,1043,fair,0.0,1,Assessed after return on 2024-02-18
954,1044,pristine,0.0,1,Assessed after return on 2024-02-15
955,1045,pristine,0.0,1,Assessed after return on 2024-02-18
956,1046,good,0.0,1,Assessed after return on 2024-02-21
957,1047,good,0.0,1,Assessed after return on 2024-03-01
958,1048,good,0.0,1,Assessed after return on 2024-03-03
959,1049,pristine,0.0,1,Assessed after return on 2024-03-07
960,1050,pristine,0.0,1,Assessed after return on 2024-02-25
961,1051,pristine,0.0,1,Assessed after return on 2024-03-05
962,1052,good,0.0,1,Assessed after return on 2024-02-13
963,1053,pristine,0.0,1,Assessed after return on 2024-02-27
964,1054,good,0.0,1,Assessed after return on 2024-03-05
965,1055,good,0.0,1,Assessed after return on 2024-02-21
966,1056,pristine,0.0,1,Assessed after return on 2024-02-21
967,1057,good,0.0,1,Assessed after return on 2024-02-24
968,1058,good,0.0,1,Assessed after return on 2024-02-29
969,1059,good,0.0,1,Assessed after return on 2024-02-26
970,1060,fair,0.0,1,Assessed after return on 2024-03-08
971,1061,pristine,0.0,1,Assessed after return on 2024-03-09
972,1062,good,0.0,1,Assessed after return on 2024-03-17
973,1064,good,0.0,1,Assessed after return on 2024-03-12
974,1066,pristine,0.0,1,Assessed after return on 2024-04-27
975,1067,pristine,0.0,1,Assessed after return on 2024-04-02
976,1068,pristine,0.0,1,Assessed after return on 2024-04-01
977,1069,fair,0.0,1,Assessed after return on 2024-04-22
978,1070,pristine,0.0,1,Assessed after return on 2024-03-22
979,1071,good,0.0,1,Assessed after return on 2024-04-01
980,1072,good,0.0,1,Assessed after return on 2024-03-15
981,1073,fair,0.0,1,Assessed after return on 2024-04-09
982,1074,pristine,0.0,1,Assessed after return on 2024-04-20
983,1075,pristine,0.0,1,Assessed after return on 2024-03-02
984,1076,good,0.0,1,Assessed after return on 2024-03-09
985,1077,pristine,0.0,1,Assessed after return on 2024-03-30
986,1078,damaged,288.78,0,Assessed after return on 2024-04-04
987,1079,good,0.0,1,Assessed after return on 2024-03-27
988,1080,pristine,0.0,1,Assessed after return on 2024-03-12
989,1081,good,0.0,1,Assessed after return on 2024-03-16
990,1082,good,0.0,1,Assessed after return on 2024-03-19
991,1083,pristine,0.0,1,Assessed after return on 2024-03-10
992,1084,pristine,0.0,1,Assessed after return on 2024-03-30
993,1085,pristine,0.0,1,Assessed after return on 2024-03-11
994,1086,good,0.0,1,Assessed after return on 2024-04-06
995,1087,good,0.0,1,Assessed after return on 2024-04-12
996,1089,good,0.0,1,Assessed after return on 2024-03-16
997,1090,good,0.0,1,Assessed after return on 2024-03-26
998,1091,pristine,0.0,1,Assessed after return on 2024-04-01
999,1092,good,0.0,1,Assessed after return on 2024-03-27
1000,1093,pristine,0.0,1,Assessed after return on 2024-03-18
1001,1094,good,0.0,1,Assessed after return on 2024-04-07
1002,1095,fair,0.0,1,Assessed after return on 2024-03-25
1003,1096,damaged,86.27,0,Assessed after return on 2024-04-20
1004,1097,pristine,0.0,1,Assessed after return on 2024-05-25
1005,1098,fair,0.0,1,Assessed after return on 2024-06-08
1006,1099,good,0.0,1,Assessed after return on 2024-03-17
1007,1100,good,0.0,1,Assessed after return on 2024-04-05
1008,1101,pristine,0.0,1,Assessed after return on 2024-03-24
1009,1102,good,0.0,1,Assessed after return on 2024-03-25
1010,1103,pristine,0.0,1,Assessed after return on 2024-05-08
1011,1104,fair,0.0,1,Assessed after return on 2024-03-21
1012,1105,pristine,0.0,1,Assessed after return on 2024-03-15
1013,1106,fair,0.0,1,Assessed after return on 2024-03-04
1014,1107,pristine,0.0,1,Assessed after return on 2024-04-14
1015,1108,pristine,0.0,1,Assessed after return on 2024-04-02
1016,1109,pristine,0.0,1,Assessed after return on 2024-04-07
1017,1110,good,0.0,1,Assessed after return on 2024-05-20
1018,1111,pristine,0.0,1,Assessed after return on 2024-03-10
1019,1112,good,0.0,1,Assessed after return on 2024-03-14
1020,1113,pristine,0.0,1,Assessed after return on 2024-03-31
1021,1114,good,0.0,1,Assessed after return on 2024-04-07
1022,1115,damaged,55.55,1,Assessed after return on 2024-04-12
1023,1116,good,0.0,1,Assessed after return on 2024-04-11
1024,1117,good,0.0,1,Assessed after return on 2024-04-13
1025,1119,fair,0.0,1,Assessed after return on 2024-03-14
1026,1120,pristine,0.0,1,Assessed after return on 2024-03-09
1027,1121,good,0.0,1,Assessed after return on 2024-03-19
1028,1122,fair,0.0,1,Assessed after return on 2024-04-27
1029,1123,fair,0.0,1,Assessed after return on 2024-04-04
1030,1124,good,0.0,1,Assessed after return on 2024-04-16
1031,1125,pristine,0.0,1,Assessed after return on 2024-04-27
1032,1126,fair,0.0,1,Assessed after return on 2024-05-17
1033,1127,good,0.0,1,Assessed after return on 2024-03-26
1034,1128,good,0.0,1,Assessed after return on 2024-04-18
1035,1129,good,0.0,1,Assessed after return on 2024-04-02
1036,1130,pristine,0.0,1,Assessed after return on 2024-03-17
1037,1131,pristine,0.0,1,Assessed after return on 2024-03-28
1038,1132,fair,0.0,1,Assessed after return on 2024-04-17
1039,1133,damaged,18.65,1,Assessed after return on 2024-04-30
1040,1134,good,0.0,1,Assessed after return on 2024-04-14
1041,1135,fair,0.0,1,Assessed after return on 2024-03-23
1042,1136,good,0.0,1,Assessed after return on 2024-03-29
1043,1137,good,0.0,1,Assessed after return on 2024-04-04
1044,1138,damaged,72.13,1,Assessed after return on 2024-04-16
1045,1139,pristine,0.0,1,Assessed after return on 2024-03-07
1046,1140,fair,0.0,1,Assessed after return on 2024-04-04
1047,1141,pristine,0.0,1,Assessed after return on 2024-04-03
1048,1142,good,0.0,1,Assessed after return on 2024-04-06
1049,1143,good,0.0,1,Assessed after return on 2024-03-29
1050,1144,pristine,0.0,1,Assessed after return on 2024-03-20
1051,1145,fair,0.0,1,Assessed after return on 2024-03-28
1052,1146,pristine,0.0,1,Assessed after return on 2024-03-11
1053,1147,good,0.0,1,Assessed after return on 2024-03-28
1054,1148,good,0.0,1,Assessed after return on 2024-04-11
1055,1149,pristine,0.0,1,Assessed after return on 2024-04-14
1056,1150,good,0.0,1,Assessed after return on 2024-04-15
1057,1151,good,0.0,1,Assessed after return on 2024-04-26
1058,1152,good,0.0,1,Assessed after return on 2024-05-03
1059,1153,fair,0.0,1,Assessed after return on 2024-05-14
1060,1154,good,0.0,1,Assessed after return on 2024-04-06
1061,1156,pristine,0.0,1,Assessed after return on 2024-05-02
1062,1157,fair,0.0,1,Assessed after return on 2024-04-25
1063,1158,good,0.0,1,Assessed after return on 2024-04-19
1064,1159,good,0.0,1,Assessed after return on 2024-06-05
1065,1160,fair,0.0,1,Assessed after return on 2024-07-04
1066,1164,fair,0.0,1,Assessed after return on 2024-04-19
1067,1165,good,0.0,1,Assessed after return on 2024-04-21
1068,1166,good,0.0,1,Assessed after return on 2024-04-11
1069,1167,good,0.0,1,Assessed after return on 2024-05-10
1070,1168,good,0.0,1,Assessed after return on 2024-04-22
1071,1169,pristine,0.0,1,Assessed after return on 2024-04-26
1072,1170,pristine,0.0,1,Assessed after return on 2024-05-10
1073,1171,pristine,0.0,1,Assessed after return on 2024-05-02
1074,1172,good,0.0,1,Assessed after return on 2024-04-07
1075,1173,good,0.0,1,Assessed after return on 2024-04-26
1076,1175,fair,0.0,1,Assessed after return on 2024-04-16
1077,1177,good,0.0,1,Assessed after return on 2024-05-03
1078,1179,pristine,0.0,1,Assessed after return on 2024-04-14
1079,1180,good,0.0,1,Assessed after return on 2024-05-02
1080,1181,good,0.0,1,Assessed after return on 2024-04-06
1081,1182,good,0.0,1,Assessed after return on 2024-04-22
1082,1183,fair,0.0,1,Assessed after return on 2024-05-06
1083,1184,good,0.0,1,Assessed after return on 2024-05-05
1084,1186,good,0.0,1,Assessed after return on 2024-04-14
1085,1187,pristine,0.0,1,Assessed after return on 2024-05-01
1086,1188,pristine,0.0,1,Assessed after return on 2024-04-26
1087,1189,damaged,21.28,1,Assessed after return on 2024-04-19
1088,1190,good,0.0,1,Assessed after return on 2024-04-11
1089,1191,good,0.0,1,Assessed after return on 2024-04-30
1090,1192,good,0.0,1,Assessed after return on 2024-05-19
1091,1193,pristine,0.0,1,Assessed after return on 2024-04-19
1092,1194,pristine,0.0,1,Assessed after return on 2024-04-25
1093,1195,pristine,0.0,1,Assessed after return on 2024-04-29
1094,1196,good,0.0,1,Assessed after return on 2024-05-01
1095,1198,pristine,0.0,1,Assessed after return on 2024-04-21
1096,1199,good,0.0,1,Assessed after return on 2024-05-14
1097,1200,damaged,129.35,0,Assessed after return on 2024-05-07
1098,1201,good,0.0,1,Assessed after return on 2024-05-02
1099,1202,pristine,0.0,1,Assessed after return on 2024-04-05
1100,1203,damaged,113.99,1,Assessed after return on 2024-05-10
1101,1204,pristine,0.0,1,Assessed after return on 2024-04-18
1102,1205,damaged,551.96,0,Assessed after return on 2024-05-17
1103,1206,pristine,0.0,1,Assessed after return on 2024-04-16
1104,1207,good,0.0,1,Assessed after return on 2024-04-07
1105,1208,damaged,20.65,1,Assessed after return on 2024-05-07
1106,1209,pristine,0.0,1,Assessed after return on 2024-05-17
1107,1210,pristine,0.0,1,Assessed after return on 2024-05-25
1108,1211,fair,0.0,1,Assessed after return on 2024-05-07
1109,1212,good,0.0,1,Assessed after return on 2024-05-22
1110,1213,good,0.0,1,Assessed after return on 2024-04-24
1111,1214,pristine,0.0,1,Assessed after return on 2024-05-10
1112,1215,good,0.0,1,Assessed after return on 2024-06-02
1113,1216,good,0.0,1,Assessed after return on 2024-04-28
1114,1217,fair,0.0,1,Assessed after return on 2024-05-21
1115,1218,pristine,0.0,1,Assessed after return on 2024-04-22
1116,1219,pristine,0.0,1,Assessed after return on 2024-04-25
1117,1220,good,0.0,1,Assessed after return on 2024-04-18
1118,1221,fair,0.0,1,Assessed after return on 2024-04-09
1119,1222,good,0.0,1,Assessed after return on 2024-04-30
1120,1224,pristine,0.0,1,Assessed after return on 2024-04-27
1121,1225,good,0.0,1,Assessed after return on 2024-04-20
1122,1226,pristine,0.0,1,Assessed after return on 2024-05-03
1123,1227,fair,0.0,1,Assessed after return on 2024-05-22
1124,1228,fair,0.0,1,Assessed after return on 2024-04-09
1125,1229,pristine,0.0,1,Assessed after return on 2024-04-28
1126,1231,pristine,0.0,1,Assessed after return on 2024-05-20
1127,1232,good,0.0,1,Assessed after return on 2024-05-31
1128,1233,good,0.0,1,Assessed after return on 2024-05-19
1129,1234,fair,0.0,1,Assessed after return on 2024-05-28
1130,1235,good,0.0,1,Assessed after return on 2024-05-27
1131,1236,pristine,0.0,1,Assessed after return on 2024-07-06
1132,1237,fair,0.0,1,Assessed after return on 2024-05-21
1133,1238,pristine,0.0,1,Assessed after return on 2024-05-27
1134,1239,good,0.0,1,Assessed after return on 2024-06-10
1135,1240,good,0.0,1,Assessed after return on 2024-06-20
1136,1241,pristine,0.0,1,Assessed after return on 2024-05-20
1137,1242,fair,0.0,1,Assessed after return on 2024-05-23
1138,1244,good,0.0,1,Assessed after return on 2024-05-26
1139,1245,pristine,0.0,1,Assessed after return on 2024-05-12
1140,1246,good,0.0,1,Assessed after return on 2024-05-22
1141,1247,good,0.0,1,Assessed after return on 2024-06-07
1142,1248,pristine,0.0,1,Assessed after return on 2024-05-11
1143,1249,good,0.0,1,Assessed after return on 2024-06-14
1144,1251,fair,0.0,1,Assessed after return on 2024-05-07
1145,1252,pristine,0.0,1,Assessed after return on 2024-06-06
1146,1253,good,0.0,1,Assessed after return on 2024-06-21
1147,1254,fair,0.0,1,Assessed after return on 2024-06-08
1148,1255,good,0.0,1,Assessed after return on 2024-05-18
1149,1256,fair,0.0,1,Assessed after return on 2024-06-01
1150,1257,fair,0.0,1,Assessed after return on 2024-06-17
1151,1258,fair,0.0,1,Assessed after return on 2024-06-21
1152,1259,pristine,0.0,1,Assessed after return on 2024-06-04
1153,1260,fair,0.0,1,Assessed after return on 2024-05-11
1154,1261,damaged,165.3,1,Assessed after return on 2024-06-01
1155,1262,good,0.0,1,Assessed after return on 2024-06-20
1156,1263,good,0.0,1,Assessed after return on 2024-07-15
1157,1264,good,0.0,1,Assessed after return on 2024-05-18
1158,1265,fair,0.0,1,Assessed after return on 2024-06-06
1159,1266,pristine,0.0,1,Assessed after return on 2024-05-20
1160,1267,pristine,0.0,1,Assessed after return on 2024-05-24
1161,1268,good,0.0,1,Assessed after return on 2024-05-17
1162,1269,fair,0.0,1,Assessed after return on 2024-05-26
1163,1270,pristine,0.0,1,Assessed after return on 2024-06-02
1164,1272,fair,0.0,1,Assessed after return on 2024-06-14
1165,1273,good,0.0,1,Assessed after return on 2024-05-16
1166,1274,good,0.0,1,Assessed after return on 2024-05-12
1167,1276,good,0.0,1,Assessed after return on 2024-05-14
1168,1277,good,0.0,1,Assessed after return on 2024-05-22
1169,1278,pristine,0.0,1,Assessed after return on 2024-06-18
1170,1279,pristine,0.0,1,Assessed after return on 2024-05-12
1171,1281,good,0.0,1,Assessed after return on 2024-05-10
1172,1282,pristine,0.0,1,Assessed after return on 2024-05-14
1173,1283,good,0.0,1,Assessed after return on 2024-05-20
1174,1284,good,0.0,1,Assessed after return on 2024-05-28
1175,1285,damaged,541.84,0,Assessed after return on 2024-05-22
1176,1286,pristine,0.0,1,Assessed after return on 2024-05-17
1177,1287,fair,0.0,1,Assessed after return on 2024-06-02
1178,1288,good,0.0,1,Assessed after return on 2024-05-12
1179,1289,damaged,533.85,0,Assessed after return on 2024-06-29
1180,1290,damaged,34.17,1,Assessed after return on 2024-06-18
1181,1291,pristine,0.0,1,Assessed after return on 2024-06-02
1182,1292,good,0.0,1,Assessed after return on 2024-06-13
1183,1293,pristine,0.0,1,Assessed after return on 2024-06-30
1184,1294,fair,0.0,1,Assessed after return on 2024-05-22
1185,1295,fair,0.0,1,Assessed after return on 2024-05-27
1186,1296,destroyed,1549.31,0,Assessed after return on 2024-05-27
1187,1297,pristine,0.0,1,Assessed after return on 2024-05-11
1188,1298,good,0.0,1,Assessed after return on 2024-06-10
1189,1299,fair,0.0,1,Assessed after return on 2024-06-02
1190,1300,fair,0.0,1,Assessed after return on 2024-06-13
1191,1301,good,0.0,1,Assessed after return on 2024-05-23
1192,1303,good,0.0,1,Assessed after return on 2024-05-12
1193,1304,pristine,0.0,1,Assessed after return on 2024-06-20
1194,1305,good,0.0,1,Assessed after return on 2024-05-30
1195,1306,fair,0.0,1,Assessed after return on 2024-05-19
1196,1307,good,0.0,1,Assessed after return on 2024-05-28
1197,1308,fair,0.0,1,Assessed after return on 2024-06-04
1198,1309,damaged,101.78,0,Assessed after return on 2024-06-25
1199,1310,pristine,0.0,1,Assessed after return on 2024-06-01
1200,1311,good,0.0,1,Assessed after return on 2024-06-16
1201,1312,pristine,0.0,1,Assessed after return on 2024-06-21
1202,1313,pristine,0.0,1,Assessed after return on 2024-05-21
1203,1314,good,0.0,1,Assessed after return on 2024-05-16
1204,1315,good,0.0,1,Assessed after return on 2024-06-19
1205,1317,good,0.0,1,Assessed after return on 2024-06-20
1206,1318,fair,0.0,1,Assessed after return on 2024-07-07
1207,1319,fair,0.0,1,Assessed after return on 2024-06-24
1208,1320,fair,0.0,1,Assessed after return on 2024-07-06
1209,1321,good,0.0,1,Assessed after return on 2024-07-07
1210,1322,fair,0.0,1,Assessed after return on 2024-07-09
1211,1323,fair,0.0,1,Assessed after return on 2024-06-18
1212,1324,pristine,0.0,1,Assessed after return on 2024-06-19
1213,1325,fair,0.0,1,Assessed after return on 2024-06-28
1214,1326,good,0.0,1,Assessed after return on 2024-06-28
1215,1327,pristine,0.0,1,Assessed after return on 2024-06-24
1216,1328,fair,0.0,1,Assessed after return on 2024-06-25
1217,1329,good,0.0,1,Assessed after return on 2024-07-05
1218,1330,good,0.0,1,Assessed after return on 2024-07-03
1219,1331,good,0.0,1,Assessed after return on 2024-07-25
1220,1332,pristine,0.0,1,Assessed after return on 2024-08-04
1221,1333,fair,0.0,1,Assessed after return on 2024-06-21
1222,1334,good,0.0,1,Assessed after return on 2024-07-18
1223,1335,pristine,0.0,1,Assessed after return on 2024-06-26
1224,1336,good,0.0,1,Assessed after return on 2024-06-04
1225,1337,good,0.0,1,Assessed after return on 2024-07-14
1226,1338,pristine,0.0,1,Assessed after return on 2024-06-23
1227,1339,good,0.0,1,Assessed after return on 2024-06-25
1228,1340,fair,0.0,1,Assessed after return on 2024-06-26
1229,1341,pristine,0.0,1,Assessed after return on 2024-06-26
1230,1343,pristine,0.0,1,Assessed after return on 2024-07-08
1231,1344,pristine,0.0,1,Assessed after return on 2024-06-19
1232,1345,good,0.0,1,Assessed after return on 2024-07-02
1233,1346,good,0.0,1,Assessed after return on 2024-06-11
1234,1347,good,0.0,1,Assessed after return on 2024-06-10
1235,1348,good,0.0,1,Assessed after return on 2024-08-16
1236,1349,good,0.0,1,Assessed after return on 2024-06-12
1237,1350,fair,0.0,1,Assessed after return on 2024-07-17
1238,1351,good,0.0,1,Assessed after return on 2024-06-07
1239,1352,destroyed,545.04,0,Assessed after return on 2024-07-06
1240,1353,pristine,0.0,1,Assessed after return on 2024-06-28
1241,1354,fair,0.0,1,Assessed after return on 2024-07-08
1242,1355,fair,0.0,1,Assessed after return on 2024-06-15
1243,1356,good,0.0,1,Assessed after return on 2024-06-28
1244,1357,good,0.0,1,Assessed after return on 2024-07-07
1245,1358,pristine,0.0,1,Assessed after return on 2024-07-01
1246,1360,good,0.0,1,Assessed after return on 2024-06-23
1247,1361,pristine,0.0,1,Assessed after return on 2024-06-14
1248,1362,fair,0.0,1,Assessed after return on 2024-07-15
1249,1363,good,0.0,1,Assessed after return on 2024-06-14
1250,1364,good,0.0,1,Assessed after return on 2024-07-21
1251,1365,fair,0.0,1,Assessed after return on 2024-06-10
1252,1366,good,0.0,1,Assessed after return on 2024-06-30
1253,1367,good,0.0,1,Assessed after return on 2024-07-01
1254,1368,good,0.0,1,Assessed after return on 2024-07-09
1255,1369,good,0.0,1,Assessed after return on 2024-06-27
1256,1370,good,0.0,1,Assessed after return on 2024-06-29
1257,1371,pristine,0.0,1,Assessed after return on 2024-07-24
1258,1372,destroyed,442.29,0,Assessed after return on 2024-08-06
1259,1374,good,0.0,1,Assessed after return on 2024-07-07
1260,1375,pristine,0.0,1,Assessed after return on 2024-06-21
1261,1376,good,0.0,1,Assessed after return on 2024-06-10
1262,1377,fair,0.0,1,Assessed after return on 2024-07-01
1263,1378,good,0.0,1,Assessed after return on 2024-06-26
1264,1379,good,0.0,1,Assessed after return on 2024-06-20
1265,1380,good,0.0,1,Assessed after return on 2024-07-07
1266,1381,good,0.0,1,Assessed after return on 2024-06-30
1267,1382,damaged,119.84,1,Assessed after return on 2024-07-13
1268,1383,good,0.0,1,Assessed after return on 2024-06-23
1269,1384,pristine,0.0,1,Assessed after return on 2024-07-13
1270,1385,damaged,52.25,1,Assessed after return on 2024-06-25
1271,1386,good,0.0,1,Assessed after return on 2024-06-22
1272,1387,good,0.0,1,Assessed after return on 2024-06-30
1273,1388,pristine,0.0,1,Assessed after return on 2024-06-16
1274,1389,pristine,0.0,1,Assessed after return on 2024-06-17
1275,1390,good,0.0,1,Assessed after return on 2024-06-16
1276,1391,good,0.0,1,Assessed after return on 2024-06-26
1277,1392,pristine,0.0,1,Assessed after return on 2024-07-03
1278,1393,good,0.0,1,Assessed after return on 2024-07-03
1279,1394,good,0.0,1,Assessed after return on 2024-06-27
1280,1395,good,0.0,1,Assessed after return on 2024-06-14
1281,1396,fair,0.0,1,Assessed after return on 2024-06-29
1282,1397,fair,0.0,1,Assessed after return on 2024-07-01
1283,1398,good,0.0,1,Assessed after return on 2024-07-07
1284,1399,pristine,0.0,1,Assessed after return on 2024-07-10
1285,1400,good,0.0,1,Assessed after return on 2024-07-07
1286,1401,good,0.0,1,Assessed after return on 2024-07-06
1287,1402,fair,0.0,1,Assessed after return on 2024-07-26
1288,1403,good,0.0,1,Assessed after return on 2024-08-18
1289,1404,good,0.0,1,Assessed after return on 2024-07-30
1290,1405,good,0.0,1,Assessed after return on 2024-08-17
1291,1406,pristine,0.0,1,Assessed after return on 2024-08-05
1292,1407,damaged,493.67,1,Assessed after return on 2024-07-21
1293,1409,good,0.0,1,Assessed after return on 2024-07-13
1294,1410,pristine,0.0,1,Assessed after return on 2024-08-10
1295,1411,pristine,0.0,1,Assessed after return on 2024-07-27
1296,1412,pristine,0.0,1,Assessed after return on 2024-08-14
1297,1413,fair,0.0,1,Assessed after return on 2024-07-12
1298,1414,good,0.0,1,Assessed after return on 2024-07-26
1299,1415,good,0.0,1,Assessed after return on 2024-08-04
1300,1416,good,0.0,1,Assessed after return on 2024-08-22
1301,1417,fair,0.0,1,Assessed after return on 2024-07-28
1302,1418,good,0.0,1,Assessed after return on 2024-08-08
1303,1419,good,0.0,1,Assessed after return on 2024-07-24
1304,1420,good,0.0,1,Assessed after return on 2024-08-18
1305,1421,fair,0.0,1,Assessed after return on 2024-08-04
1306,1422,pristine,0.0,1,Assessed after return on 2024-08-18
1307,1423,pristine,0.0,1,Assessed after return on 2024-07-15
1308,1424,good,0.0,1,Assessed after return on 2024-08-03
1309,1425,pristine,0.0,1,Assessed after return on 2024-07-26
1310,1426,fair,0.0,1,Assessed after return on 2024-08-08
1311,1427,good,0.0,1,Assessed after return on 2024-07-28
1312,1428,good,0.0,1,Assessed after return on 2024-07-07
1313,1429,pristine,0.0,1,Assessed after return on 2024-07-31
1314,1430,good,0.0,1,Assessed after return on 2024-08-16
1315,1431,fair,0.0,1,Assessed after return on 2024-08-05
1316,1433,good,0.0,1,Assessed after return on 2024-07-20
1317,1434,good,0.0,1,Assessed after return on 2024-07-18
1318,1435,good,0.0,1,Assessed after return on 2024-07-27
1319,1436,good,0.0,1,Assessed after return on 2024-07-24
1320,1437,fair,0.0,1,Assessed after return on 2024-07-30
1321,1438,good,0.0,1,Assessed after return on 2024-08-05
1322,1439,pristine,0.0,1,Assessed after return on 2024-08-07
1323,1440,fair,0.0,1,Assessed after return on 2024-08-09
1324,1441,good,0.0,1,Assessed after return on 2024-07-25
1325,1442,pristine,0.0,1,Assessed after return on 2024-07-28
1326,1443,pristine,0.0,1,Assessed after return on 2024-07-31
1327,1444,good,0.0,1,Assessed after return on 2024-08-02
1328,1447,good,0.0,1,Assessed after return on 2024-07-12
1329,1448,fair,0.0,1,Assessed after return on 2024-07-09
1330,1449,good,0.0,1,Assessed after return on 2024-07-18
1331,1450,good,0.0,1,Assessed after return on 2024-07-28
1332,1452,pristine,0.0,1,Assessed after return on 2024-07-05
1333,1453,pristine,0.0,1,Assessed after return on 2024-07-17
1334,1454,pristine,0.0,1,Assessed after return on 2024-07-23
1335,1455,good,0.0,1,Assessed after return on 2024-08-06
1336,1456,good,0.0,1,Assessed after return on 2024-07-28
1337,1457,damaged,37.0,0,Assessed after return on 2024-08-02
1338,1458,good,0.0,1,Assessed after return on 2024-08-05
1339,1459,fair,0.0,1,Assessed after return on 2024-08-20
1340,1460,good,0.0,1,Assessed after return on 2024-07-27
1341,1461,good,0.0,1,Assessed after return on 2024-07-29
1342,1462,good,0.0,1,Assessed after return on 2024-07-31
1343,1463,fair,0.0,1,Assessed after return on 2024-07-27
1344,1464,pristine,0.0,1,Assessed after return on 2024-07-30
1345,1465,pristine,0.0,1,Assessed after return on 2024-08-07
1346,1466,good,0.0,1,Assessed after return on 2024-09-01
1347,1467,pristine,0.0,1,Assessed after return on 2024-09-18
1348,1468,good,0.0,1,Assessed after return on 2024-07-20
1349,1469,pristine,0.0,1,Assessed after return on 2024-07-17
1350,1470,pristine,0.0,1,Assessed after return on 2024-07-28
1351,1471,good,0.0,1,Assessed after return on 2024-08-10
1352,1472,pristine,0.0,1,Assessed after return on 2024-08-12
1353,1473,good,0.0,1,Assessed after return on 2024-08-13
1354,1474,fair,0.0,1,Assessed after return on 2024-07-26
1355,1475,pristine,0.0,1,Assessed after return on 2024-08-12
1356,1476,fair,0.0,1,Assessed after return on 2024-09-13
1357,1477,good,0.0,1,Assessed after return on 2024-08-06
1358,1478,pristine,0.0,1,Assessed after return on 2024-09-07
1359,1479,good,0.0,1,Assessed after return on 2024-09-17
1360,1480,pristine,0.0,1,Assessed after return on 2024-08-23
1361,1481,good,0.0,1,Assessed after return on 2024-09-01
1362,1482,pristine,0.0,1,Assessed after return on 2024-09-03
1363,1483,fair,0.0,1,Assessed after return on 2024-08-26
1364,1484,pristine,0.0,1,Assessed after return on 2024-09-02
1365,1485,good,0.0,1,Assessed after return on 2024-09-19
1366,1486,good,0.0,1,Assessed after return on 2024-08-20
1367,1487,good,0.0,1,Assessed after return on 2024-08-03
1368,1488,good,0.0,1,Assessed after return on 2024-09-08
1369,1489,good,0.0,1,Assessed after return on 2024-08-04
1370,1490,good,0.0,1,Assessed after return on 2024-08-29
1371,1491,fair,0.0,1,Assessed after return on 2024-08-29
1372,1492,pristine,0.0,1,Assessed after return on 2024-08-13
1373,1493,good,0.0,1,Assessed after return on 2024-08-26
1374,1494,fair,0.0,1,Assessed after return on 2024-09-09
1375,1495,good,0.0,1,Assessed after return on 2024-08-20
1376,1496,fair,0.0,1,Assessed after return on 2024-08-17
1377,1497,pristine,0.0,1,Assessed after return on 2024-09-02
1378,1498,good,0.0,1,Assessed after return on 2024-09-17
1379,1499,pristine,0.0,1,Assessed after return on 2024-09-10
1380,1500,damaged,1100.81,0,Assessed after return on 2024-09-04
1381,1501,good,0.0,1,Assessed after return on 2024-09-07
1382,1502,good,0.0,1,Assessed after return on 2024-08-30
1383,1503,good,0.0,1,Assessed after return on 2024-08-28
1384,1504,good,0.0,1,Assessed after return on 2024-09-06
1385,1505,good,0.0,1,Assessed after return on 2024-09-22
1386,1506,good,0.0,1,Assessed after return on 2024-08-31
1387,1507,damaged,338.24,0,Assessed after return on 2024-09-17
1388,1508,good,0.0,1,Assessed after return on 2024-08-24
1389,1509,good,0.0,1,Assessed after return on 2024-10-02
1390,1510,good,0.0,1,Assessed after return on 2024-09-27
1391,1511,good,0.0,1,Assessed after return on 2024-08-27
1392,1512,fair,0.0,1,Assessed after return on 2024-09-06
1393,1513,good,0.0,1,Assessed after return on 2024-08-23
1394,1514,good,0.0,1,Assessed after return on 2024-08-23
1395,1515,pristine,0.0,1,Assessed after return on 2024-09-25
1396,1516,good,0.0,1,Assessed after return on 2024-08-18
1397,1517,good,0.0,1,Assessed after return on 2024-08-29
1398,1518,fair,0.0,1,Assessed after return on 2024-09-01
1399,1519,good,0.0,1,Assessed after return on 2024-08-20
1400,1520,fair,0.0,1,Assessed after return on 2024-08-23
1401,1521,damaged,184.14,1,Assessed after return on 2024-08-26
1402,1522,pristine,0.0,1,Assessed after return on 2024-09-19
1403,1523,pristine,0.0,1,Assessed after return on 2024-09-07
1404,1524,pristine,0.0,1,Assessed after return on 2024-09-02
1405,1525,pristine,0.0,1,Assessed after return on 2024-08-24
1406,1526,pristine,0.0,1,Assessed after return on 2024-08-23
1407,1527,pristine,0.0,1,Assessed after return on 2024-08-26
1408,1528,fair,0.0,1,Assessed after return on 2024-09-13
1409,1529,good,0.0,1,Assessed after return on 2024-08-18
1410,1530,pristine,0.0,1,Assessed after return on 2024-08-15
1411,1531,destroyed,1046.17,0,Assessed after return on 2024-08-22
1412,1532,good,0.0,1,Assessed after return on 2024-08-28
1413,1533,pristine,0.0,1,Assessed after return on 2024-09-14
1414,1534,fair,0.0,1,Assessed after return on 2024-09-22
1415,1535,good,0.0,1,Assessed after return on 2024-09-05
1416,1536,good,0.0,1,Assessed after return on 2024-08-12
1417,1537,good,0.0,1,Assessed after return on 2024-09-08
1418,1538,good,0.0,1,Assessed after return on 2024-08-29
1419,1539,good,0.0,1,Assessed after return on 2024-09-18
1420,1540,pristine,0.0,1,Assessed after return on 2024-08-12
1421,1541,pristine,0.0,1,Assessed after return on 2024-08-25
1422,1542,damaged,21.49,0,Assessed after return on 2024-08-24
1423,1543,good,0.0,1,Assessed after return on 2024-08-18
1424,1544,pristine,0.0,1,Assessed after return on 2024-08-27
1425,1545,pristine,0.0,1,Assessed after return on 2024-09-12
1426,1546,pristine,0.0,1,Assessed after return on 2024-09-06
1427,1547,damaged,35.37,1,Assessed after return on 2024-09-13
1428,1548,good,0.0,1,Assessed after return on 2024-08-06
1429,1549,fair,0.0,1,Assessed after return on 2024-08-15
1430,1550,pristine,0.0,1,Assessed after return on 2024-08-17
1431,1551,good,0.0,1,Assessed after return on 2024-08-22
1432,1552,good,0.0,1,Assessed after return on 2024-08-18
1433,1554,good,0.0,1,Assessed after return on 2024-09-12
1434,1555,good,0.0,1,Assessed after return on 2024-09-10
1435,1556,good,0.0,1,Assessed after return on 2024-09-17
1436,1558,good,0.0,1,Assessed after return on 2024-08-30
1437,1559,fair,0.0,1,Assessed after return on 2024-09-23
1438,1560,fair,0.0,1,Assessed after return on 2024-08-11
1439,1561,good,0.0,1,Assessed after return on 2024-08-11
1440,1562,fair,0.0,1,Assessed after return on 2024-09-18
1441,1563,good,0.0,1,Assessed after return on 2024-09-25
1442,1564,fair,0.0,1,Assessed after return on 2024-11-04
1443,1565,good,0.0,1,Assessed after return on 2024-09-28
1444,1566,pristine,0.0,1,Assessed after return on 2024-09-17
1445,1567,good,0.0,1,Assessed after return on 2024-09-21
1446,1568,good,0.0,1,Assessed after return on 2024-09-17
1447,1569,good,0.0,1,Assessed after return on 2024-10-04
1448,1570,pristine,0.0,1,Assessed after return on 2024-10-10
1449,1571,pristine,0.0,1,Assessed after return on 2024-11-16
1450,1572,good,0.0,1,Assessed after return on 2024-09-23
1451,1573,fair,0.0,1,Assessed after return on 2024-09-24
1452,1574,fair,0.0,1,Assessed after return on 2024-10-10
1453,1576,pristine,0.0,1,Assessed after return on 2024-10-03
1454,1577,good,0.0,1,Assessed after return on 2024-09-21
1455,1578,pristine,0.0,1,Assessed after return on 2024-10-13
1456,1579,good,0.0,1,Assessed after return on 2024-09-26
1457,1580,pristine,0.0,1,Assessed after return on 2024-10-08
1458,1581,pristine,0.0,1,Assessed after return on 2024-09-22
1459,1582,good,0.0,1,Assessed after return on 2024-09-18
1460,1583,fair,0.0,1,Assessed after return on 2024-10-18
1461,1584,fair,0.0,1,Assessed after return on 2024-10-28
1462,1585,good,0.0,1,Assessed after return on 2024-10-12
1463,1586,good,0.0,1,Assessed after return on 2024-10-28
1464,1587,pristine,0.0,1,Assessed after return on 2024-09-28
1465,1588,fair,0.0,1,Assessed after return on 2024-09-27
1466,1589,pristine,0.0,1,Assessed after return on 2024-10-16
1467,1590,pristine,0.0,1,Assessed after return on 2024-09-26
1468,1591,fair,0.0,1,Assessed after return on 2024-10-02
1469,1592,pristine,0.0,1,Assessed after return on 2024-09-22
1470,1593,pristine,0.0,1,Assessed after return on 2024-09-27
1471,1594,good,0.0,1,Assessed after return on 2024-09-14
1472,1595,good,0.0,1,Assessed after return on 2024-09-11
1473,1596,pristine,0.0,1,Assessed after return on 2024-09-27
1474,1597,fair,0.0,1,Assessed after return on 2024-09-23
1475,1598,fair,0.0,1,Assessed after return on 2024-10-21
1476,1599,good,0.0,1,Assessed after return on 2024-09-25
1477,1600,good,0.0,1,Assessed after return on 2024-10-03
1478,1601,good,0.0,1,Assessed after return on 2024-09-29
1479,1602,good,0.0,1,Assessed after return on 2024-10-01
1480,1603,pristine,0.0,1,Assessed after return on 2024-10-08
1481,1604,good,0.0,1,Assessed after return on 2024-10-04
1482,1605,pristine,0.0,1,Assessed after return on 2024-09-16
1483,1606,pristine,0.0,1,Assessed after return on 2024-09-23
1484,1607,good,0.0,1,Assessed after return on 2024-09-26
1485,1608,pristine,0.0,1,Assessed after return on 2024-09-22
1486,1609,pristine,0.0,1,Assessed after return on 2024-10-04
1487,1611,fair,0.0,1,Assessed after return on 2024-10-04
1488,1612,fair,0.0,1,Assessed after return on 2024-10-10
1489,1614,good,0.0,1,Assessed after return on 2024-10-14
1490,1615,good,0.0,1,Assessed after return on 2024-09-02
1491,1616,good,0.0,1,Assessed after return on 2024-09-11
1492,1618,good,0.0,1,Assessed after return on 2024-10-03
1493,1619,good,0.0,1,Assessed after return on 2024-09-21
1494,1620,good,0.0,1,Assessed after return on 2024-10-06
1495,1621,good,0.0,1,Assessed after return on 2024-10-19
1496,1622,pristine,0.0,1,Assessed after return on 2024-10-01
1497,1623,pristine,0.0,1,Assessed after return on 2024-10-10
1498,1624,good,0.0,1,Assessed after return on 2024-10-15
1499,1625,fair,0.0,1,Assessed after return on 2024-10-17
1500,1626,fair,0.0,1,Assessed after return on 2024-10-26
1501,1627,good,0.0,1,Assessed after return on 2024-10-13
1502,1628,good,0.0,1,Assessed after return on 2024-11-28
1503,1629,good,0.0,1,Assessed after return on 2024-12-24
1504,1630,good,0.0,1,Assessed after return on 2024-09-04
1505,1631,fair,0.0,1,Assessed after return on 2024-09-28
1506,1632,good,0.0,1,Assessed after return on 2024-10-11
1507,1634,pristine,0.0,1,Assessed after return on 2024-10-03
1508,1635,good,0.0,1,Assessed after return on 2024-10-09
1509,1636,pristine,0.0,1,Assessed after return on 2024-09-10
1510,1637,good,0.0,1,Assessed after return on 2024-10-01
1511,1638,good,0.0,1,Assessed after return on 2024-11-10
1512,1639,pristine,0.0,1,Assessed after return on 2024-09-27
1513,1640,pristine,0.0,1,Assessed after return on 2024-10-24
1514,1641,fair,0.0,1,Assessed after return on 2024-11-06
1515,1643,pristine,0.0,1,Assessed after return on 2024-09-25
1516,1644,pristine,0.0,1,Assessed after return on 2024-09-26
1517,1645,fair,0.0,1,Assessed after return on 2024-09-16
1518,1646,good,0.0,1,Assessed after return on 2024-09-29
1519,1647,good,0.0,1,Assessed after return on 2024-09-30
1520,1649,fair,0.0,1,Assessed after return on 2024-09-22
1521,1650,good,0.0,1,Assessed after return on 2024-10-05
1522,1651,fair,0.0,1,Assessed after return on 2024-10-15
1523,1652,good,0.0,1,Assessed after return on 2024-10-12
1524,1653,good,0.0,1,Assessed after return on 2024-10-28
1525,1654,good,0.0,1,Assessed after return on 2024-09-10
1526,1655,good,0.0,1,Assessed after return on 2024-09-22
1527,1656,good,0.0,1,Assessed after return on 2024-10-02
1528,1657,pristine,0.0,1,Assessed after return on 2024-09-17
1529,1658,destroyed,1392.9,0,Assessed after return on 2024-10-07
1530,1660,pristine,0.0,1,Assessed after return on 2024-10-11
1531,1661,good,0.0,1,Assessed after return on 2024-10-21
1532,1662,fair,0.0,1,Assessed after return on 2024-09-13
1533,1663,pristine,0.0,1,Assessed after return on 2024-09-29
1534,1664,pristine,0.0,1,Assessed after return on 2024-10-14
1535,1665,pristine,0.0,1,Assessed after return on 2024-11-01
1536,1666,damaged,41.63,1,Assessed after return on 2024-11-19
1537,1667,good,0.0,1,Assessed after return on 2024-10-17
1538,1668,pristine,0.0,1,Assessed after return on 2024-11-03
1539,1669,good,0.0,1,Assessed after return on 2024-10-21
1540,1670,damaged,77.56,0,Assessed after return on 2024-10-27
1541,1671,good,0.0,1,Assessed after return on 2024-10-22
1542,1672,pristine,0.0,1,Assessed after return on 2024-11-02
1543,1673,good,0.0,1,Assessed after return on 2024-10-03
1544,1674,good,0.0,1,Assessed after return on 2024-10-09
1545,1675,damaged,224.36,1,Assessed after return on 2024-10-23
1546,1676,good,0.0,1,Assessed after return on 2024-10-25
1547,1677,good,0.0,1,Assessed after return on 2024-10-26
1548,1678,pristine,0.0,1,Assessed after return on 2024-11-01
1549,1679,pristine,0.0,1,Assessed after return on 2024-11-07
1550,1680,pristine,0.0,1,Assessed after return on 2024-11-15
1551,1681,damaged,97.07,0,Assessed after return on 2024-11-08
1552,1682,pristine,0.0,1,Assessed after return on 2024-10-12
1553,1684,pristine,0.0,1,Assessed after return on 2024-10-12
1554,1685,good,0.0,1,Assessed after return on 2024-10-22
1555,1686,good,0.0,1,Assessed after return on 2024-10-23
1556,1687,fair,0.0,1,Assessed after return on 2024-10-12
1557,1688,fair,0.0,1,Assessed after return on 2024-11-03
1558,1689,fair,0.0,1,Assessed after return on 2024-10-08
1559,1690,good,0.0,1,Assessed after return on 2024-10-09
1560,1691,pristine,0.0,1,Assessed after return on 2024-11-13
1561,1692,pristine,0.0,1,Assessed after return on 2024-11-30
1562,1693,fair,0.0,1,Assessed after return on 2024-11-19
1563,1694,good,0.0,1,Assessed after return on 2024-12-25
1564,1695,good,0.0,1,Assessed after return on 2024-10-21
1565,1696,fair,0.0,1,Assessed after return on 2024-10-07
1566,1697,good,0.0,1,Assessed after return on 2024-10-26
1567,1698,pristine,0.0,1,Assessed after return on 2024-10-04
1568,1699,good,0.0,1,Assessed after return on 2024-11-09
1569,1700,pristine,0.0,1,Assessed after return on 2024-10-28
1570,1701,fair,0.0,1,Assessed after return on 2024-11-17
1571,1702,good,0.0,1,Assessed after return on 2024-11-14
1572,1703,pristine,0.0,1,Assessed after return on 2024-10-20
1573,1704,pristine,0.0,1,Assessed after return on 2024-10-19
1574,1705,good,0.0,1,Assessed after return on 2024-10-25
1575,1706,fair,0.0,1,Assessed after return on 2024-11-07
1576,1707,pristine,0.0,1,Assessed after return on 2024-11-04
1577,1708,pristine,0.0,1,Assessed after return on 2024-10-18
1578,1709,good,0.0,1,Assessed after return on 2024-10-28
1579,1710,pristine,0.0,1,Assessed after return on 2024-10-16
1580,1712,good,0.0,1,Assessed after return on 2024-10-12
1581,1713,good,0.0,1,Assessed after return on 2024-11-13
1582,1714,pristine,0.0,1,Assessed after return on 2024-12-09
1583,1715,good,0.0,1,Assessed after return on 2024-11-08
1584,1716,good,0.0,1,Assessed after return on 2024-11-22
1585,1717,good,0.0,1,Assessed after return on 2024-10-24
1586,1718,pristine,0.0,1,Assessed after return on 2024-10-23
1587,1719,good,0.0,1,Assessed after return on 2024-10-16
1588,1720,fair,0.0,1,Assessed after return on 2024-10-16
1589,1721,destroyed,1418.06,0,Assessed after return on 2024-11-06
1590,1722,pristine,0.0,1,Assessed after return on 2024-11-08
1591,1723,good,0.0,1,Assessed after return on 2024-10-18
1592,1724,pristine,0.0,1,Assessed after return on 2024-10-21
1593,1725,good,0.0,1,Assessed after return on 2024-10-26
1594,1726,pristine,0.0,1,Assessed after return on 2024-10-28
1595,1727,fair,0.0,1,Assessed after return on 2024-11-09
1596,1728,fair,0.0,1,Assessed after return on 2024-12-03
1597,1729,good,0.0,1,Assessed after return on 2024-10-19
1598,1730,good,0.0,1,Assessed after return on 2024-10-18
1599,1731,good,0.0,1,Assessed after return on 2024-11-14
1600,1732,good,0.0,1,Assessed after return on 2024-10-20
1601,1733,pristine,0.0,1,Assessed after return on 2024-10-10
1602,1734,good,0.0,1,Assessed after return on 2024-11-04
1603,1735,fair,0.0,1,Assessed after return on 2024-11-08
1604,1736,fair,0.0,1,Assessed after return on 2024-10-27
1605,1737,good,0.0,1,Assessed after return on 2024-10-08
1606,1738,pristine,0.0,1,Assessed after return on 2024-11-04
1607,1739,good,0.0,1,Assessed after return on 2024-11-13
1608,1740,good,0.0,1,Assessed after return on 2024-12-24
1609,1741,fair,0.0,1,Assessed after return on 2024-11-18
1610,1742,good,0.0,1,Assessed after return on 2024-10-09
1611,1743,good,0.0,1,Assessed after return on 2024-10-28
1612,1744,pristine,0.0,1,Assessed after return on 2024-11-03
1613,1745,pristine,0.0,1,Assessed after return on 2024-11-03
1614,1746,pristine,0.0,1,Assessed after return on 2024-10-07
1615,1747,good,0.0,1,Assessed after return on 2024-10-09
1616,1748,pristine,0.0,1,Assessed after return on 2024-11-08
1617,1750,damaged,83.71,0,Assessed after return on 2024-10-22
1618,1751,fair,0.0,1,Assessed after return on 2024-10-18
1619,1753,good,0.0,1,Assessed after return on 2024-11-06
1620,1754,good,0.0,1,Assessed after return on 2024-11-25
1621,1755,pristine,0.0,1,Assessed after return on 2024-10-26
1622,1756,fair,0.0,1,Assessed after return on 2024-10-31
1623,1757,good,0.0,1,Assessed after return on 2024-11-02
1624,1758,pristine,0.0,1,Assessed after return on 2024-11-07
1625,1759,good,0.0,1,Assessed after return on 2024-11-20
1626,1760,pristine,0.0,1,Assessed after return on 2024-10-15
1627,1762,pristine,0.0,1,Assessed after return on 2024-10-26
1628,1764,fair,0.0,1,Assessed after return on 2024-10-26
1629,1765,good,0.0,1,Assessed after return on 2024-10-23
1630,1766,pristine,0.0,1,Assessed after return on 2024-10-19
1631,1767,fair,0.0,1,Assessed after return on 2024-11-01
1632,1768,good,0.0,1,Assessed after return on 2024-11-03
1633,1771,fair,0.0,1,Assessed after return on 2024-11-16
1634,1772,good,0.0,1,Assessed after return on 2024-10-04
1635,1773,fair,0.0,1,Assessed after return on 2024-10-14
1636,1775,good,0.0,1,Assessed after return on 2024-11-20
1637,1776,good,0.0,1,Assessed after return on 2025-01-02
1638,1777,good,0.0,1,Assessed after return on 2024-11-26
1639,1778,good,0.0,1,Assessed after return on 2024-12-14
1640,1779,good,0.0,1,Assessed after return on 2024-11-27
1641,1780,pristine,0.0,1,Assessed after return on 2024-11-22
1642,1781,damaged,69.23,1,Assessed after return on 2024-12-24
1643,1782,good,0.0,1,Assessed after return on 2025-01-01
1644,1783,pristine,0.0,1,Assessed after return on 2024-11-18
1645,1784,damaged,1167.17,1,Assessed after return on 2024-11-20
1646,1785,good,0.0,1,Assessed after return on 2024-11-19
1647,1786,fair,0.0,1,Assessed after return on 2024-11-23
1648,1787,fair,0.0,1,Assessed after return on 2024-12-13
1649,1788,good,0.0,1,Assessed after return on 2024-11-09
1650,1789,damaged,23.18,0,Assessed after return on 2024-12-13
1651,1790,pristine,0.0,1,Assessed after return on 2024-12-01
1652,1791,good,0.0,1,Assessed after return on 2024-12-05
1653,1792,good,0.0,1,Assessed after return on 2024-11-10
1654,1793,good,0.0,1,Assessed after return on 2024-11-27
1655,1795,pristine,0.0,1,Assessed after return on 2024-11-26
1656,1796,good,0.0,1,Assessed after return on 2024-11-04
1657,1797,good,0.0,1,Assessed after return on 2024-12-13
1658,1798,good,0.0,1,Assessed after return on 2024-11-17
1659,1799,damaged,72.45,1,Assessed after return on 2024-11-22
1660,1800,good,0.0,1,Assessed after return on 2024-12-09
1661,1801,good,0.0,1,Assessed after return on 2024-12-08
1662,1802,fair,0.0,1,Assessed after return on 2024-11-25
1663,1803,destroyed,890.02,0,Assessed after return on 2024-11-30
1664,1804,pristine,0.0,1,Assessed after return on 2024-11-25
1665,1805,fair,0.0,1,Assessed after return on 2024-11-09
1666,1807,pristine,0.0,1,Assessed after return on 2024-11-12
1667,1808,pristine,0.0,1,Assessed after return on 2024-12-06
1668,1809,good,0.0,1,Assessed after return on 2024-11-07
1669,1810,good,0.0,1,Assessed after return on 2024-11-14
1670,1811,damaged,475.77,0,Assessed after return on 2024-11-14
1671,1812,pristine,0.0,1,Assessed after return on 2024-11-19
1672,1813,fair,0.0,1,Assessed after return on 2024-11-27
1673,1814,pristine,0.0,1,Assessed after return on 2025-01-17
1674,1815,pristine,0.0,1,Assessed after return on 2024-11-08
1675,1816,fair,0.0,1,Assessed after return on 2024-12-05
1676,1817,good,0.0,1,Assessed after return on 2024-11-16
1677,1818,pristine,0.0,1,Assessed after return on 2024-12-22
1678,1819,good,0.0,1,Assessed after return on 2024-11-18
1679,1820,good,0.0,1,Assessed after return on 2024-11-27
1680,1821,good,0.0,1,Assessed after return on 2024-12-07
1681,1822,pristine,0.0,1,Assessed after return on 2024-11-23
1682,1823,fair,0.0,1,Assessed after return on 2024-12-19
1683,1824,good,0.0,1,Assessed after return on 2024-12-20
1684,1825,good,0.0,1,Assessed after return on 2024-12-14
1685,1826,good,0.0,1,Assessed after return on 2024-12-10
1686,1827,good,0.0,1,Assessed after return on 2024-12-16
1687,1828,pristine,0.0,1,Assessed after return on 2024-12-08
1688,1829,good,0.0,1,Assessed after return on 2025-01-05
1689,1830,pristine,0.0,1,Assessed after return on 2024-12-01
1690,1831,pristine,0.0,1,Assessed after return on 2024-12-14
1691,1832,pristine,0.0,1,Assessed after return on 2024-12-07
1692,1833,good,0.0,1,Assessed after return on 2024-11-16
1693,1834,pristine,0.0,1,Assessed after return on 2024-11-23
1694,1835,pristine,0.0,1,Assessed after return on 2024-12-01
1695,1836,pristine,0.0,1,Assessed after return on 2024-12-23
1696,1837,pristine,0.0,1,Assessed after return on 2024-11-30
1697,1838,pristine,0.0,1,Assessed after return on 2024-12-15
1698,1839,good,0.0,1,Assessed after return on 2024-11-24
1699,1840,fair,0.0,1,Assessed after return on 2024-12-09
1700,1841,damaged,204.68,1,Assessed after return on 2024-12-01
1701,1842,pristine,0.0,1,Assessed after return on 2024-11-14
1702,1844,damaged,147.88,1,Assessed after return on 2024-11-13
1703,1845,good,0.0,1,Assessed after return on 2024-11-25
1704,1846,good,0.0,1,Assessed after return on 2024-11-26
1705,1847,destroyed,207.49,0,Assessed after return on 2024-11-03
1706,1848,good,0.0,1,Assessed after return on 2024-11-17
1707,1850,good,0.0,1,Assessed after return on 2024-11-28
1708,1851,good,0.0,1,Assessed after return on 2024-12-01
1709,1852,good,0.0,1,Assessed after return on 2024-12-31
1710,1853,pristine,0.0,1,Assessed after return on 2025-02-11
1711,1854,pristine,0.0,1,Assessed after return on 2025-03-15
1712,1855,pristine,0.0,1,Assessed after return on 2024-12-10
1713,1856,pristine,0.0,1,Assessed after return on 2024-12-31
1714,1857,pristine,0.0,1,Assessed after return on 2024-12-27
1715,1858,good,0.0,1,Assessed after return on 2024-12-21
1716,1859,fair,0.0,1,Assessed after return on 2024-12-20
1717,1860,pristine,0.0,1,Assessed after return on 2024-12-19
1718,1861,fair,0.0,1,Assessed after return on 2024-12-23
1719,1862,good,0.0,1,Assessed after return on 2025-01-10
1720,1863,good,0.0,1,Assessed after return on 2025-01-05
1721,1864,good,0.0,1,Assessed after return on 2025-01-18
1722,1866,pristine,0.0,1,Assessed after return on 2024-12-29
1723,1868,good,0.0,1,Assessed after return on 2025-01-14
1724,1869,pristine,0.0,1,Assessed after return on 2025-01-15
1725,1870,good,0.0,1,Assessed after return on 2024-12-20
1726,1871,pristine,0.0,1,Assessed after return on 2024-12-17
1727,1872,fair,0.0,1,Assessed after return on 2024-12-30
1728,1873,fair,0.0,1,Assessed after return on 2024-12-27
1729,1874,pristine,0.0,1,Assessed after return on 2024-12-04
1730,1876,pristine,0.0,1,Assessed after return on 2025-01-01
1731,1877,good,0.0,1,Assessed after return on 2024-12-22
1732,1878,pristine,0.0,1,Assessed after return on 2025-01-01
1733,1879,damaged,25.16,1,Assessed after return on 2025-01-07
1734,1880,pristine,0.0,1,Assessed after return on 2024-12-19
1735,1881,good,0.0,1,Assessed after return on 2024-12-20
1736,1882,damaged,136.14,0,Assessed after return on 2024-12-10
1737,1883,good,0.0,1,Assessed after return on 2025-01-14
1738,1884,pristine,0.0,1,Assessed after return on 2025-01-15
1739,1885,damaged,198.73,0,Assessed after return on 2024-12-24
1740,1887,fair,0.0,1,Assessed after return on 2024-12-10
1741,1888,good,0.0,1,Assessed after return on 2024-12-22
1742,1889,good,0.0,1,Assessed after return on 2024-12-10
1743,1890,damaged,367.65,1,Assessed after return on 2024-12-07
1744,1891,good,0.0,1,Assessed after return on 2024-12-16
1745,1893,good,0.0,1,Assessed after return on 2024-12-13
1746,1894,pristine,0.0,1,Assessed after return on 2024-12-30
1747,1895,damaged,164.01,1,Assessed after return on 2025-01-11
1748,1896,good,0.0,1,Assessed after return on 2024-12-27
1749,1897,good,0.0,1,Assessed after return on 2025-01-06
1750,1898,good,0.0,1,Assessed after return on 2025-01-08
1751,1899,pristine,0.0,1,Assessed after return on 2025-01-12
1752,1900,good,0.0,1,Assessed after return on 2024-12-16
1753,1903,pristine,0.0,1,Assessed after return on 2024-12-23
1754,1904,good,0.0,1,Assessed after return on 2025-01-17
1755,1905,good,0.0,1,Assessed after return on 2024-12-28
1756,1906,fair,0.0,1,Assessed after return on 2024-12-22
1757,1907,fair,0.0,1,Assessed after return on 2024-12-04
1758,1908,good,0.0,1,Assessed after return on 2024-12-12
1759,1909,good,0.0,1,Assessed after return on 2024-12-23
1760,1910,fair,0.0,1,Assessed after return on 2024-12-13
1761,1912,pristine,0.0,1,Assessed after return on 2024-12-18
1762,1913,pristine,0.0,1,Assessed after return on 2024-12-08
1763,1914,fair,0.0,1,Assessed after return on 2024-12-16
1764,1915,good,0.0,1,Assessed after return on 2025-01-04
1765,1916,fair,0.0,1,Assessed after return on 2024-12-10
1766,1917,pristine,0.0,1,Assessed after return on 2024-12-15
1767,1918,fair,0.0,1,Assessed after return on 2024-12-25
1768,1919,good,0.0,1,Assessed after return on 2024-12-23
1769,1920,good,0.0,1,Assessed after return on 2024-12-18
1770,1921,good,0.0,1,Assessed after return on 2025-01-14
1771,1923,fair,0.0,1,Assessed after return on 2024-12-24
1772,1924,good,0.0,1,Assessed after return on 2024-12-25
1773,1925,good,0.0,1,Assessed after return on 2024-12-04
1774,1926,pristine,0.0,1,Assessed after return on 2024-12-14
1775,1928,pristine,0.0,1,Assessed after return on 2025-01-03
1776,1929,good,0.0,1,Assessed after return on 2025-01-10
1777,1930,fair,0.0,1,Assessed after return on 2024-12-12
1778,1931,fair,0.0,1,Assessed after return on 2024-12-26
1779,1932,pristine,0.0,1,Assessed after return on 2025-01-13
1780,1933,good,0.0,1,Assessed after return on 2024-12-18
1781,1934,good,0.0,1,Assessed after return on 2024-12-26
1782,1935,pristine,0.0,1,Assessed after return on 2024-12-15
